#name,PAAC_1,PAAC_2,PAAC_3,PAAC_4,PAAC_5,PAAC_6,PAAC_7,PAAC_8,PAAC_9,PAAC_10,PAAC_11,PAAC_12,PAAC_13,PAAC_14,PAAC_15,PAAC_16,PAAC_17,PAAC_18,PAAC_19,PAAC_20,PAAC_21,PAAC_22
pote.txt_11703,0,0,1.451,1.451,1.451,1.451,3.387,0,1.451,0.484,0,0.968,0.484,0,1.935,0.968,0,0,0,2.419,7.964,10.523
pote.txt_4689,0,0,0,0,0,3.272,0,0,6.545,0,0,3.272,0,0,0,0,0,0,4.909,0,8.28,10.108
pote.txt_8139,2.201,0,0,0,1.468,2.201,2.935,2.935,1.468,1.468,0,0,0.734,0,2.201,0,0,0,0.734,0,8.16,9.877
pote.txt_803,0.726,0,0,0,0.726,0.726,0,0,5.082,3.63,0,0,0,0,0.726,0.726,0,0,0,0.726,9.683,15.134
pote.txt_9839,2.497,0,0,0,0,4.994,0,1.249,2.497,6.243,0,1.249,0,0,0,1.249,0,1.249,0,0,7.869,7.603
pote.txt_133,5.661,0,0,0,0,1.258,0,0.629,3.774,0.629,0,0.629,0,0,0,1.258,1.258,2.516,0.629,0,8.714,9.426
pote.txt_4497,0,4.416,0,0,0,1.472,0,0,1.472,0,0,1.472,0,0,2.944,0,0,2.944,0,0,9.059,13.25
pote.txt_11441,0,0,0,5.371,0,0,0,1.79,1.79,0,0,0,1.79,0,0,0,1.79,1.79,0,3.58,8.123,10.364
pote.txt_359,0,3.346,0,1.115,0.558,0.558,0.558,0,2.23,0.558,0.558,1.673,0,0.558,1.673,2.788,2.23,1.115,0.558,0.558,8.732,7.224
pote.txt_4837,1.489,0,0,0,0,0,0,0,5.957,0,0,0,0,0,0,0,0,1.489,2.978,0,16.197,10.66
pote.txt_4847,0.925,0,0,0,0,0,0,0.925,0,3.7,0.925,0,0,0,2.775,0,0,0.925,0,0,16.367,14.136
pote.txt_9417,1.678,0.839,0.419,0,1.258,2.097,0,0.839,2.097,1.678,0,0.419,0,0.419,0.839,1.678,0,1.258,0,0,9.908,11.333
pote.txt_12081,0,0,0,0,0,0,2.103,0,10.516,4.206,0,0,0,2.103,0,0,0,0,0,0,9.644,7.824
pote.txt_9371,1.195,0,0,0,0,2.391,0,0,1.195,2.391,1.195,1.195,1.195,0,1.195,0,2.391,0,0,2.391,9.46,10.302
pote.txt_6249,1.112,0,0,0,1.112,2.224,0,1.112,3.337,4.449,0,1.112,0,0,0,0,1.112,0,1.112,0,8.916,10.904
pote.txt_3887,0,0,0,0,0,0,0,0,0,0,0,0,0,0,4.302,0,0,0,5.736,0,14.011,16.813
pote.txt_11671,1.535,1.024,0.512,0,1.535,2.559,0,0.512,2.559,1.024,0,3.071,0,2.047,0.512,0.512,0,0.512,0,0.512,8.229,9.726
pote.txt_7917,2.898,1.932,0,0,1.932,0.966,0,0.966,3.863,5.795,0.966,0.966,1.932,0,0,0,0.966,0,0,0,5.902,8.128
pote.txt_6303,0,0,0,2.223,0,0,1.112,2.223,1.112,4.446,0,1.112,0,1.112,2.223,1.112,0,0,0,0,8.401,11.432
pote.txt_11001,3.016,0,0.431,0.431,0.431,2.154,0.431,1.293,2.154,0.862,0,0.431,0,1.724,0.862,0,1.293,1.293,0.431,0,8.868,10.33
pote.txt_4949,1.28,0,0,0,1.28,1.28,3.84,0,1.28,0,0,0,0,2.56,2.56,0,0,0,0,1.28,8.829,12.619
pote.txt_7485,0,0,0,0,0,2.458,0,0,0,0,0,0,0.614,0,4.301,0,0,0,1.843,0.614,14.903,16.418
pote.txt_4097,0,0,0,2.461,0,0,2.461,2.461,0,2.461,0,0,0,2.461,4.922,2.461,0,2.461,0,0,6.955,7.812
pote.txt_6951,0,0,0,0,0.942,0.942,0,0,4.71,8.477,0,0,0.942,0,0,0,0,0,0,0.942,10.926,8.584
pote.txt_4901,0,1.617,0,1.617,0,0,1.617,1.617,0,1.617,0,0,0,1.617,4.852,3.234,0,1.617,0,0,8.621,8.401
pote.txt_9627,0,0,0.54,0,0.54,0,0,1.08,1.08,1.08,0,0,1.08,0.54,2.159,0,0.54,2.159,1.619,0,12.983,12.954
pote.txt_5661,5.647,0,0,0,0,0,0,1.412,1.412,1.412,0,0,4.235,0,2.823,0,0,0,1.412,0,8.414,9.615
pote.txt_7237,0,0,0,0,0,0.848,0.848,0.848,0.848,0,0,0,5.091,0,3.394,0.848,1.697,0.848,0,0.848,12.488,7.999
pote.txt_1211,1.091,2.183,0,0,1.091,5.457,0,2.183,2.183,3.274,0,0,0,0,0,2.183,1.091,2.183,0,0,6.567,7.644
pote.txt_2589,0,0,0,0,0,0,0,1.885,0,0,0,0,0,0,5.654,0,0,2.827,0.942,0,15.831,12.211
pote.txt_8955,2.65,2.65,0.883,0,0.442,2.208,0.883,0.442,0.442,1.766,0,0.442,0.442,0,2.208,0.442,0.442,0.883,0.442,0,8.919,9.817
pote.txt_4713,1.152,0,0,0,0,0,0,1.152,2.305,3.457,0,0,0,0,0,0,1.152,0,3.457,0,11.506,13.976
pote.txt_7623,1.602,0,0,0,1.602,2.403,2.403,4.006,0.801,1.602,0,0,0,0,1.602,0.801,0,0,0,0,7.974,11.686
pote.txt_11425,0,2.587,1.293,3.234,0,0,0.647,0,0.647,0.647,0,0,1.293,6.467,5.174,0,0,0,0,0.647,7.955,6.458
pote.txt_4183,2.873,0,0,0,0,2.873,0,0,5.745,5.745,0,0,2.873,0,2.873,0,0,2.873,0,0,5.794,6.556
pote.txt_7529,3.403,0,1.134,0,1.134,0,1.134,4.537,1.134,3.403,0,0,2.269,1.134,0,1.134,0,1.134,0,1.134,6.144,8.233
pote.txt_4161,0,0,2.127,4.255,2.127,0,0,0,2.127,2.127,0,0,0,0,2.127,0,0,0,0,0,8.895,13.177
pote.txt_7555,0,0,0,0,0.718,0.718,0,0,0,1.437,0,0,7.185,0,4.311,0,0,0,0,0,13.1,9.707
pote.txt_3805,0,0,0,0,0,0,0,0,0,0,0,0,0,0,4.418,0,0,0,3.314,0,16.94,20.331
pote.txt_2345,9.286,0,0,0,0,4.643,0,4.643,0,0,0,0,4.643,4.643,0,4.643,0,9.286,0,0,2.736,3.556
pote.txt_9555,1.621,0,0,0,0.81,1.621,0.81,3.241,3.241,1.621,0.81,0,1.621,0,0,0,0,0.81,0,0.81,7.979,11.463
pote.txt_8153,6.536,0,0,0.934,0.934,4.669,0.934,0.934,1.867,4.669,0,0.934,0,0,0,0.934,0,0,0,0,7.007,6.912
pote.txt_3945,0,0,0,0,0,2.603,0,0,2.603,5.207,0,0,0,0,2.603,0,0,0,0,0,22.101,2.801
pote.txt_11219,0.815,3.259,0,0.815,1.63,2.037,1.222,0,0.408,0,0,1.63,0,0.408,2.852,1.63,1.222,1.222,0,0,8.266,8.994
pote.txt_1293,2.753,1.377,0.688,0.688,1.377,0.688,0.688,0.688,2.753,4.129,0,1.377,0,0.688,0,2.753,2.065,0,0,0,6.552,7.806
pote.txt_2869,0,0,0,0,0,3.629,1.814,0,6.35,1.814,0,2.721,0,0,0,0,0,0,0.907,0,10.545,8.654
pote.txt_2785,0.97,0,0,0.97,0.97,0.97,0,0,4.849,1.94,0,0.97,0,0.97,0.97,1.94,0,0,0.97,0,10.841,9.206
pote.txt_2951,0,0,0,1.02,1.02,1.02,6.117,0,4.078,0,0,0,0,0,3.059,1.02,0,0,0,1.02,7.525,10.505
pote.txt_10641,3.001,0,0,0,1,0,0,0,4.002,3.001,0,0,0,0,0,0,0,0,1,0,12.339,14.348
pote.txt_6751,3.037,0,3.037,1.518,0,4.555,0,0,1.518,0,0,3.037,4.555,0,0,3.037,1.518,0,0,1.518,5.834,5.706
pote.txt_10935,1.322,0,0,0,0,7.934,0,2.645,0,9.256,0,3.967,0,0,0,5.289,0,0,0,0,3.894,6.17
pote.txt_4001,2.301,0,0,0,2.301,0,0,0,0,2.301,0,0,2.301,0,2.301,0,0,4.602,0,2.301,10.958,7.017
pote.txt_2385,2.116,0,0.529,2.116,0,0.529,0.529,0,0.529,2.116,0,0.529,2.116,0.529,2.116,1.587,0.529,0.529,0,2.646,8.43,8.926
pote.txt_7057,1.983,0,0,0,0,0.992,0,0.992,3.967,3.967,0.992,0,0.992,0,0,0.992,0,2.975,0,0,8.732,9.808
pote.txt_6141,0,0,0,0,1.857,0.929,0,0.929,0.929,0,0,0,5.571,0,3.714,0,0,0,0,0,13.268,10.191
pote.txt_5873,1.637,0,0,0,1.637,1.637,1.637,1.637,3.273,4.91,0,1.637,0,0,0,0,1.637,1.637,0,0,6.03,9.404
pote.txt_4807,0,0,0,0,1.434,0,0,1.434,1.434,5.735,0,0,0,0,1.434,2.867,1.434,0,0,0,7.149,13.772
pote.txt_919,0.935,0,0,0,2.805,3.74,2.805,3.74,1.87,1.87,0.935,0,0,0,0,0,0,0.935,0,0,7.487,9.329
pote.txt_5315,0,0,0,0,3.595,3.595,0,1.798,1.798,7.191,0,0,1.798,0,0,1.798,0,1.798,0,0,5.704,8.197
pote.txt_753,0.452,3.612,0.452,0.452,1.354,1.354,0.452,0.903,3.16,1.354,0.452,0,1.354,1.354,0.903,1.806,1.354,0,0,0.452,6.584,8.896
pote.txt_10801,0,3.224,0,0.806,0,0.806,0,0,0.806,0.806,0,0,0,0.806,4.03,0,0.806,0.806,0,1.612,12.309,10.297
pote.txt_4907,2.035,0,0,0,1.018,0,0,2.035,0,1.018,0,0,0,0,4.07,0,0,0,0,1.018,17.716,10.558
pote.txt_11571,0.688,0,0,0,0.688,0.688,0,2.064,4.129,2.752,0,0,0,0,0.688,0.688,0,0,0,0.688,11.812,12.997
pote.txt_7269,1.625,0,0.813,0,0,3.251,0,0,3.251,0,0,0,0,0.813,2.438,1.625,0.813,0.813,0,0,15.807,5.534
pote.txt_10437,0,0,0,0,0,0,0,0,0,5.905,0,0,0,0,5.905,0,0,0,0,0,27.053,0
pote.txt_11623,0,2.261,0,0,0,2.261,0,0,0,0,0,0,0.565,0,2.826,0,0,0.565,1.695,0.565,13.933,15.303
pote.txt_7111,0,0,0.732,0,0,0.732,0.732,0.732,1.464,3.661,0,0.732,0,0.732,1.464,0,0,0.732,1.464,0,11.478,13.155
pote.txt_1481,0,1.881,0,0,0.941,5.644,0,1.881,2.822,2.822,0.941,0,0,0,0,0.941,0,1.881,0,0,7.217,9.491
pote.txt_10431,0,0,0,0,0,0,0,0,8.887,8.887,0,0,0,0,0,0,0,0,0,0,18.62,0
pote.txt_4709,1.11,0,0,0,2.221,0,0,0,6.662,1.11,0,0,0,0,1.11,0,0,0,0,0,11.862,14.441
pote.txt_3847,0,0,0,0,0,0,0,0,0,0,0,0,0,0,3.425,0,0,0,8.563,0,14.843,11.875
pote.txt_1121,0.401,2.408,0,0.401,0.803,1.605,0.401,0.803,0,1.605,0,0,0,0,3.211,0,0,0.803,0,0.401,12.68,12.515
pote.txt_589,2.88,0,0.72,0.72,0,0.72,0,1.44,2.16,2.88,0,2.88,0,1.44,0,0,0,0.72,0.72,0,7.41,11.743
pote.txt_8865,0.761,4.563,0,0.761,1.521,3.802,0.761,0.761,0.761,0.761,0,3.042,1.521,1.521,0.761,3.802,0.761,0.761,0,1.521,5.586,5.541
pote.txt_7995,2.258,0,0.753,0.753,2.258,2.258,0,0.753,3.011,1.506,0,0.753,0,0,0,1.506,1.506,0.753,0,0,8.797,9.52
pote.txt_5189,2.472,1.236,0,0,1.236,0,0,0,4.944,1.236,1.236,0,0,0,1.236,0,0,1.236,0,0,10.723,11.432
pote.txt_12027,0,0,0,0,0,0,0,1.337,6.684,4.011,0,0,0,0,0,0,0,0,0,1.337,10.212,14.117
pote.txt_8743,1.002,0,1.502,2.003,1.002,1.002,0,0,4.507,3.005,0,0,0,0.501,0,0.501,1.002,0.501,0,0.501,10.873,8.557
pote.txt_5383,0,0,0,0,2.919,0,0,0.973,0.973,1.946,0,0,0.973,0,0.973,0.973,0,0.973,1.946,0,11.037,14.489
pote.txt_1315,3.447,2.298,0,0,3.447,0,1.149,1.149,2.298,0,0,1.149,1.149,0,1.149,0,0,2.298,0,0,11.301,5.605
pote.txt_6513,0,0,0,0,0,0,0,0,2.83,0,0,0,0,0,2.122,0,0,0,6.367,0,14.162,13.856
pote.txt_5547,0,0,0,0,0.845,0.845,0,0,1.689,0,0,0,0.845,0,0.845,0,0.845,0.845,4.223,0,14.232,14.485
pote.txt_11753,0,0,0,0,0,2.387,1.193,1.193,2.387,2.387,1.193,0,0,0,1.193,1.193,0,0,1.193,0,9.393,13.485
pote.txt_7693,4.376,0,0,0,2.188,1.094,1.094,0,2.188,2.188,0,0,0,4.376,0,1.094,2.188,1.094,0,1.094,5.656,8.518
pote.txt_1225,0.703,2.11,0.703,0,1.407,2.11,0,1.407,0,0,2.11,0,1.407,0.352,2.462,0.352,0.703,0.352,0,0.703,9.355,10.24
pote.txt_2529,2.457,4.914,2.457,0,2.457,4.914,0,2.457,0,1.229,0,0,0,0,0,1.229,0,1.229,1.229,1.229,6.331,6.05
pote.txt_6717,0,0,0,0,0,0,0,0.781,0,0.781,0,0,5.464,0,6.245,0,0,0,0,0,16.658,7.831
pote.txt_2361,9.229,9.229,0,0,0,0,0,0,0,9.229,0,0,0,0,0,9.229,9.229,0,0,0,3.187,2.103
pote.txt_251,1.513,3.026,0.757,0.757,1.513,0,3.026,0,2.27,1.513,2.27,0,0.757,3.026,0,3.783,0,0,0,0.757,6.299,6.574
pote.txt_7487,0,0,0,0,0,2.764,0,0,0,0,0,0,0.691,0,4.837,0,0,0,1.382,0.691,14.236,15.827
pote.txt_8617,0,3.214,0.536,0.536,1.071,1.607,0,0.536,0.536,1.071,0,0.536,0.536,1.071,2.142,0.536,1.071,0.536,0,1.071,9.29,10.623
pote.txt_1633,0.695,0.695,0.695,0.695,1.391,0.695,0,1.391,2.086,3.477,0,1.391,2.086,0,0.695,0,3.477,1.391,0,0,7.981,7.787
pote.txt_7213,0,0,0.646,0.646,1.291,0,0,1.291,1.937,1.291,0,0.646,0,0.646,1.937,0,0,1.291,0,0,11.407,16.009
pote.txt_1645,2.661,1.33,0,0,0.665,3.326,0,1.33,3.326,3.326,0,0.665,0,0.665,0,1.33,0.665,0.665,0,0,8.055,8.476
pote.txt_5439,0,0,1.219,0,1.219,2.437,0,2.437,1.219,2.437,0,0,0,1.219,0,0,1.219,1.219,1.219,0,8.812,12.018
pote.txt_9669,0,0,0,0,4.019,2.009,0,0,2.009,10.048,2.009,0,2.009,0,0,0,2.009,2.009,0,0,5.145,7.051
pote.txt_8229,0.797,0,0,0.797,1.593,3.187,3.187,0.797,1.593,2.39,0.797,0.797,0,0,2.39,1.593,0,0.797,0,0,6.847,9.042
pote.txt_10407,4.906,0,0,0,0,0,0,0,14.717,0,0,0,0,0,0,0,0,0,0,0,8.567,8.259
pote.txt_607,1.936,0,0,0,0,1.936,0.645,0.645,3.226,1.29,0,0,0,0.645,0.645,0,0,0,1.29,0,11.2,15.018
pote.txt_8115,2.952,0,0,0,1.476,2.214,0.738,3.69,0.738,1.476,0,0,0,0,4.428,0.738,0,0,0,0,6.623,11.309
pote.txt_2493,0,0,0,0,0,0,0,0.921,2.762,0.921,0,0,0.921,0,1.841,0,0,0,4.603,0,16.982,9.771
pote.txt_6325,0,0,0,0,3.08,4.619,0,1.54,1.54,7.699,0,0,1.54,0,0,3.08,0,1.54,0,0,5.559,7.519
pote.txt_6247,1.032,2.063,0,0,2.063,0,0,2.063,3.095,1.032,0,1.032,1.032,0,1.032,0,1.032,0,0,0,8.724,12.573
pote.txt_11653,0,0,0,0,9.808,0,0,9.808,0,0,0,0,19.616,0,0,0,0,0,0,0,5.847,1.126
pote.txt_5213,0,0,0,1.196,0,2.393,1.196,0,1.196,2.393,1.196,0,0,0,1.196,0,0,2.393,0,1.196,9.126,13.699
pote.txt_715,0,2.274,0,0,0,1.705,0,0,0.568,0,0,0.568,0.568,0.568,2.842,0,0,0,1.137,1.137,11.72,16.2
pote.txt_6731,0,2.134,0,0,1.067,3.2,0,1.067,3.2,1.067,0,0,3.2,0,0,1.067,1.067,0,1.067,0,8.273,9.974
pote.txt_3827,0,0,0,0,0,0,0,0,0,0,0,0,0,0,6.065,0,0,0,4.549,0,23.798,5.71
pote.txt_10867,2.81,0,0.402,0.803,1.204,0.803,0,0.803,3.212,1.204,0,1.606,0.803,0,0,2.007,0.402,0.402,0.803,0,8.641,10.528
pote.txt_9369,1.217,1.217,0,0,0,2.434,0,0,1.217,2.434,1.217,1.217,0,0,1.217,0,2.434,0,0,2.434,9.795,9.622
pote.txt_3913,0,0,0,0,0,0,0,0,0,0,0,0,0,0,0,0,0,0,95.238,0,0,0
pote.txt_3091,1.871,0,0,0,0.935,0,0,0.935,2.806,2.806,0,0,0,0.935,1.871,0,0.935,0.935,0.935,0,9.828,12.142
pote.txt_5273,0,0,0.945,0,0,0,0,0,0,0,0,0,1.889,0,3.778,0,0,0,3.778,0,20.612,9.396
pote.txt_10985,0,0,0,0.854,0,2.561,0.854,0.854,0.854,0.854,0,0.854,1.707,0.854,0.854,1.707,0,2.561,0.854,0.854,7.97,11.408
pote.txt_6181,0,2.865,0,1.433,0,1.433,1.433,2.865,1.433,1.433,1.433,0,1.433,0,1.433,1.433,2.865,0,0,0,8.859,6.41
pote.txt_8903,0.851,3.405,0,0,0.851,2.979,0.851,0.426,0.426,0.426,0,0.851,0.426,0.426,1.702,0.426,0.426,0,0.426,1.702,10.687,9.233
pote.txt_10295,0.656,1.313,0,0,0.656,0.656,0,0.656,0.656,0,0,0,0,0,3.282,0.656,0,0.656,0.656,1.313,15.474,12.869
pote.txt_5447,1.328,0,1.328,1.328,2.656,0,0,2.656,2.656,1.328,0,0,0,0,0,1.328,0,0,0,0,10.801,11.665
pote.txt_5655,1.019,0,0,0,0,0,0,0,5.097,7.136,0,0,0,0,0,0,0,0,0,0,8.722,15.795
pote.txt_7935,0,0,0,0,0.61,0.61,1.219,0.61,3.048,1.829,1.219,0,0,0,1.829,1.219,1.219,0.61,0,0.61,9.974,12.464
pote.txt_8825,2.647,3.176,0.529,0.529,0,2.647,0,0,4.235,1.588,0,0,1.059,0,0,0,1.059,0.529,0.529,0,8.88,8.974
pote.txt_7317,3.752,0,0,0,1.251,2.501,0,3.752,2.501,5.003,0,1.251,1.251,0,0,1.251,0,1.251,0,0,5.557,8.079
pote.txt_2435,0,0,0,0,0,0,0,1.688,3.376,1.688,0,0,0,0,0,0,0,0,6.752,0,7.752,16.361
pote.txt_8023,0,0,0.744,1.487,0.744,1.487,5.206,0,2.975,0,0,0,0,0,2.231,1.487,0,0,0,1.487,8.353,10.19
pote.txt_9501,0.762,0.762,0.762,0.762,0.762,2.668,0,2.668,3.431,0.762,0.381,0.762,0.381,0,0.381,0,1.525,0.762,0,0,9.317,9.557
pote.txt_9617,1.002,0,0,0,3.007,0,0,1.002,1.002,3.007,0,0,2.005,0,1.002,3.007,0,1.002,0,1.002,9.118,10.299
pote.txt_4891,0,2.443,0,0,0,0,9.773,0,0,0,0,0,0,0,9.773,4.886,0,0,0,0,4.702,7.08
pote.txt_4635,1.941,0,0,0,0.971,0,0,1.941,0,0.971,0,0,0,0,4.854,0,0,0,0,0,13.629,15.737
pote.txt_10289,0.68,2.722,0,0,0.68,0.68,0,0.68,0.68,0,0,0,0,0,3.402,0,0,0.68,0.68,0.68,14.147,13.376
pote.txt_4377,0,0,0,0,0,0,0,0,4.307,4.307,0,0,0,0,0,0,0,0,2.153,0,10.865,18.309
pote.txt_8319,1.548,0,0,0,0,2.064,0.516,0.516,0.516,2.58,0,1.032,0,0.516,2.064,0,0.516,0,1.548,0,13.054,11.202
pote.txt_5569,2.682,0,0,0,2.682,5.364,0,5.364,0,10.728,0,0,2.682,0,0,2.682,0,2.682,0,0,2.97,5.363
pote.txt_6799,1.471,0,0.736,0,2.943,1.471,1.471,0.736,0,0.736,0,0,0,0,1.471,0,0.736,0.736,0.736,0,9.863,14.671
pote.txt_10537,3.747,0,0,0,0.937,0,0,0,4.684,4.684,0,0,0,0,0,0,0,0,0,0,11.213,12.061
pote.txt_1143,4.1,0,2.05,0,0,0,2.05,2.05,2.05,6.151,0,0,0,2.05,0,2.05,2.05,4.1,0,0,4.435,6.414
pote.txt_2237,1.393,0,0.929,0,0.464,0.929,0.464,0.464,3.25,0.929,0.464,0.464,0,0.929,1.857,1.393,0.464,1.393,0,1.857,8.928,9.83
pote.txt_8327,2.53,0,1.265,0.633,0,3.796,0,0,0.633,3.796,0.633,0,0,0,2.53,0,0,0,0.633,0,9.017,11.079
pote.txt_9821,0,0,0,0,2.736,1.368,1.368,0,2.736,0,0,1.368,9.577,1.368,0,0,1.368,2.736,0,1.368,6.132,6.137
pote.txt_3123,0,0,0,0,0,0,0,0,0,0,0,0,0,0,3.642,0,0,0,7.284,0,28.831,0
pote.txt_6285,0,1.304,0,0,2.607,0,0,1.304,2.607,0,0,2.607,0,1.304,1.304,3.911,1.304,0,0,1.304,7.347,9.541
pote.txt_2369,0,0,0,0,1.616,1.616,0,1.616,5.657,1.616,0,0.808,0,1.616,0,0,0,0,0,0,10.288,12.267
pote.txt_9031,0.918,2.755,0.918,1.378,0.459,2.755,0.459,0.459,0.918,0.918,0,1.837,0,0,0.918,1.378,1.378,0.918,0.918,0.918,7.423,8.892
pote.txt_7483,0,0,0,0,0,2.884,0,0,0,0,0,0,0.721,0,5.047,0,0,0,2.163,0,13.754,15.314
pote.txt_3993,10.193,0,0,0,5.097,5.097,0,0,0,0,0,0,5.097,0,0,0,5.097,5.097,0,0,4.592,3.466
pote.txt_7737,1.434,0,0,0,0.717,0.717,0,1.434,2.151,0.717,0,0.717,0.717,0,1.434,0,0.717,2.868,0.717,1.434,8.929,11.985
pote.txt_7905,0.718,1.435,0,0.718,0,0.718,0.718,0.718,3.588,0.718,0.718,1.435,0,0,2.87,0.718,0.718,0.718,0,0,9.097,10.932
pote.txt_6807,1.079,0,0,0,2.157,0,4.314,4.314,2.157,1.079,0,0,0,0,0,2.157,0,2.157,0,0,7.108,9.908
pote.txt_4479,0,0,0,0,1.625,0,0,0,8.127,0,0,0,0,0,0,0,0,6.502,0,0,13.007,7.318
pote.txt_8337,0,0,0,0.909,0.909,6.365,2.728,0,0,0,0,0,0,1.819,0.909,8.184,0,0,0.909,0,7.465,6.878
pote.txt_4781,0,0,0,0,3.02,0,0,0,9.061,0,0,0,0,0,0,0,0,4.53,0,0,12.523,7.381
pote.txt_8165,0.753,1.507,0,0,0.753,2.26,0,0.753,3.767,3.014,0.753,1.507,0,0.753,0,0.753,0,2.26,0,0,8.694,8.863
pote.txt_2523,0,9.806,0,0,2.451,3.677,0,1.226,2.451,0,0,0,1.226,0,1.226,0,1.226,2.451,0,0,8.04,4.375
pote.txt_1925,1.365,2.73,0.91,0.91,0.455,1.365,1.82,0.455,0.455,0,0.455,2.275,1.365,0.455,2.275,0.91,0,1.365,0.455,0.455,8.404,7.682
pote.txt_7561,0,0,0,0,1.416,0,0.708,1.416,2.832,0,0,0.708,0,1.416,2.832,0,0,0,2.124,0,13.114,11.082
pote.txt_1859,0.851,2.554,0,0.851,1.703,1.703,0,2.554,0.851,2.554,0,0,1.703,0,0.851,0.851,1.703,2.554,0,0,7.214,8.212
pote.txt_11003,3.372,0,0.422,0.422,0,2.108,0.422,2.108,1.686,0.422,0,0.422,0,1.686,1.265,0.422,0.843,0.843,0.422,0,9.401,10.217
pote.txt_1527,2.213,1.475,0.738,0.738,0,2.213,0,0.738,3.688,2.95,0.738,0.738,0,0,0,0.738,1.475,2.213,0,0,8.032,7.906
pote.txt_6685,0,1.279,0,0,0,0,0,0,4.476,0,0,0,0,0,1.279,0,0,1.279,2.558,0,12.945,16.004
pote.txt_9049,1.255,2.509,0.418,0.836,0.418,2.509,0.418,0.418,1.255,0.418,0,1.673,0,0,1.255,1.255,0.836,1.255,0.836,0.836,8.616,9.363
pote.txt_225,0,3.142,0,0,0.786,3.928,1.571,0.786,1.571,1.571,0,0,0.786,0,1.571,3.142,0.786,0,0,0,7.944,8.868
pote.txt_9025,3.84,2.194,0.549,0.549,0.549,2.194,1.097,1.097,1.646,1.646,0,1.646,0,0.549,1.097,1.646,0.549,2.743,0,0,6.913,6.839
pote.txt_5091,0,0,1.69,0,0,0,0,1.69,8.452,0,0,0,0,1.69,5.071,0,0,1.69,0,0,5.586,10.662
pote.txt_2595,0,0,0,0,0,0,0,2.683,1.342,0,0,0,0,0,2.683,0,0,1.342,2.683,0,17.802,11.444
pote.txt_3921,0,0,0,0,0,1.719,0,1.719,3.438,3.438,0,0,0,0,1.719,0,0,0,0,0,12.388,14.244
pote.txt_9975,0,0,0,0,0,0,0,0,6.501,5.056,0,0,0.722,0,0,0,0,0,0.722,0,9.752,15.176
pote.txt_473,0,2.954,0,0,1.477,2.954,0,4.431,1.477,4.431,1.477,0,0,1.477,1.477,0,2.954,0,0,0,5.285,7.504
pote.txt_11377,0.51,4.082,1.531,1.02,1.531,1.531,0.51,1.02,1.531,0.51,1.531,2.041,0.51,2.551,0.51,1.531,1.02,1.531,0.51,0,6.003,6.546
pote.txt_7941,2.626,0,0.657,0,0,1.313,0.657,2.626,3.283,0.657,0,0.657,0,0.657,0,0.657,0.657,0.657,0.657,0,8.242,12.694
pote.txt_11391,0.413,3.304,2.065,1.239,0.413,2.065,0.413,0.413,0.413,1.239,0,1.652,1.652,0,1.239,0.826,1.239,0.826,0,1.239,8.099,7.839
pote.txt_4719,0,0,0,0,0,0,0,3.463,0,8.658,0,0,0,0,1.732,3.463,1.732,0,0,0,8.397,8.959
pote.txt_2147,2.328,1.164,1.164,0,1.164,3.492,0,2.328,2.328,1.164,0,1.164,1.164,1.164,0,0,1.164,3.492,0,0,7.61,6.35
pote.txt_8999,2.065,0,0,0.413,0,2.891,0.826,0.826,1.239,0.826,0,2.065,0.413,0.413,2.065,0,0.413,2.478,0,0.413,9.1,9.978
pote.txt_12007,0,1.391,0,0,1.391,1.391,0,0,2.782,1.391,0,0,2.782,0,0,0,2.782,0,2.782,0,8.605,11.203
pote.txt_11345,3.408,0,1.136,1.136,3.408,0,0,2.272,0,1.136,0,0,0,2.272,1.136,3.408,2.272,1.136,0,0,7.614,6.74
pote.txt_845,0,1.616,0,0,0.808,0.808,0,0,1.616,0.808,0,0,2.424,0,1.616,0.808,0.808,1.616,0.808,0.808,10.602,11.954
pote.txt_7243,0,0,0,0,0,11.643,0,0,0,0,0,0,7.762,3.881,0,0,0,0,0,3.881,8.046,3.579
pote.txt_8167,3.063,0,0,0,0.766,2.297,0,0.766,3.063,3.063,0.766,0.766,0,0.766,0,1.531,0,2.297,0,0,8.166,9.101
pote.txt_5927,3.68,0,0,0,1.227,1.227,0,1.227,1.227,6.133,0,0,1.227,0,1.227,0,0,0,0,0,8.231,11.036
pote.txt_8495,0,0,0,0,0,0.615,0,0,0,0,0,0,2.462,0.615,9.231,2.462,1.231,1.231,0,0,7.661,10.883
pote.txt_3073,1.236,1.236,0.618,0,0.618,2.471,0,1.854,2.471,1.854,0,1.854,0,0,0.618,0.618,0,1.854,0.618,0,9.323,9.148
pote.txt_889,0,0,1.609,1.609,0,1.609,0,0,4.828,0,0,0,1.609,0,1.609,0,0,0,1.609,0,10.517,12.126
pote.txt_6771,2.988,0,0,0,4.483,1.494,0,2.988,1.494,5.977,0,1.494,1.494,0,0,4.483,0,0,0,0,5.704,6.066
pote.txt_7569,1.48,1.48,0,0,0.74,1.48,0,0,2.22,0.74,0,0,1.48,0,1.48,1.48,0.74,0,0.74,0.74,9.573,12.627
pote.txt_8889,0,2.285,0,0,0.914,2.742,0.457,1.371,0.914,0.457,0,0.457,1.371,0.457,2.285,0.914,0.914,0.914,0.457,0,9.87,9.689
pote.txt_19,1.151,0,1.151,0,1.151,3.454,0,3.454,2.302,2.302,0,0,0,0,0,1.151,0,2.302,0,0,7.326,10.636
pote.txt_8431,5.442,0,0,0.777,0,2.332,0,0,2.332,3.11,0.777,2.332,0,0.777,0,0.777,0,1.555,0.777,0,7.679,7.983
pote.txt_6623,1.608,0,0,0,0.804,0,0,1.608,4.02,2.412,0,0,0,0,2.412,0,0,0.804,0,0,22.048,1.808
pote.txt_1899,0,1.724,0,0,1.724,0.862,0,0,3.447,1.724,0,0,1.724,0,0,0.862,0.862,0,1.724,0.862,10.246,11.002
pote.txt_5297,0,0,0,0,0,1.625,0,1.625,2.437,0.812,0,0,0,0,0.812,0,0,0.812,1.625,0,13.866,17.662
pote.txt_4135,0,0,0,0,0,0,0,0,7.677,9.597,0,0,0,0,0,0,0,0,0,0,13.873,5.283
pote.txt_5153,0,1.17,0,0,1.17,0,0,0,1.17,0,1.17,1.17,0,2.34,3.509,0,0,1.17,1.17,0,12,11.295
pote.txt_1443,2.288,0,0,0,0,11.442,0,0,0,6.865,0,0,11.442,0,0,6.865,0,4.577,0,0,2.645,3.238
pote.txt_7451,0,0,0,0,1.471,1.471,0,0.736,0.736,0,0,0,5.149,0,2.942,1.471,0,0,0.736,0,12.545,9.776
pote.txt_601,1.183,0,0.591,0,0.591,2.366,0.591,0,2.957,1.183,0,0.591,0,0,0.591,0,0.591,1.774,1.183,0.591,9.898,12.321
pote.txt_9013,1.88,4.7,0.94,0,0.47,4.23,0,0,0.94,0.47,0,0.47,0.47,1.88,1.41,1.41,0,0,0,0.94,8.737,7.574
pote.txt_6561,0,0,0,0,0,0,0,1.268,1.268,0.634,0,0.634,0,0,1.268,0,0,0.634,4.438,0,15.325,15.252
pote.txt_4723,2.335,0,2.335,0,0,0,0,2.335,2.335,9.341,0,0,0,2.335,0,2.335,0,2.335,0,0,5.713,6.733
pote.txt_8117,3.007,0,0,0,1.503,2.255,2.255,2.255,0.752,1.503,0,0,0,0,4.51,0.752,0,0,0,0,6.621,10.976
pote.txt_11231,1.66,0,0.415,0.83,0.415,1.66,0,2.49,2.49,0.415,0.415,0.415,0.415,0,1.245,0.415,0,0.83,0.415,0,11.062,11.527
pote.txt_5403,0,0,0,0,1.719,1.719,0,1.719,3.438,8.595,0,0,1.719,0,0,1.719,0,1.719,0,0,6.088,8.534
pote.txt_2635,4.948,2.474,0,0,0,0,0,0,0,4.948,0,0,0,2.474,0,0,0,7.422,2.474,0,6.228,6.785
pote.txt_1713,2.894,0,0,0,0,0,0,2.894,4.34,4.34,0,0,0,0,0,1.447,1.447,2.894,0,0,6.342,9.93
pote.txt_5261,0,0,0,2.714,0,2.714,0,0,0,2.714,0,2.714,0,0,0,5.429,0,0,2.714,0,7.108,10.292
pote.txt_5461,1.29,0,1.29,1.29,2.579,1.29,0,3.869,1.29,1.29,0,0,0,0,0,0,0,0,0,0,11.366,11.708
pote.txt_11089,0,0,5.042,3.361,3.361,0,0,0,0,3.361,0,3.361,0,0,0,5.042,0,0,0,1.681,7.497,5.232
pote.txt_5701,3.103,0,0,0,1.034,1.034,0,1.034,2.068,2.068,0,0,0,0,0,0,1.034,0,2.068,0,11.789,12.419
pote.txt_7701,1.923,1.923,0,0,0,0,0,0,3.845,3.845,0,0,0,0,1.923,0,0,0,0,0,12.623,11.562
pote.txt_1495,1.628,1.086,0.543,0.543,0.543,2.714,0,2.171,2.714,1.086,0,1.086,0,0,0.543,0,1.086,0.543,0.543,0,8.934,10.722
pote.txt_10373,2.542,0,0,0,2.542,0,0,0,5.084,0,0,0,0,0,0,0,0,0,0,0,14.025,16.495
pote.txt_10805,1.827,0,0,5.481,0,0,0,1.827,1.827,0,0,0,1.827,0,0,0,1.827,0,0,3.654,7.923,10.187
pote.txt_9591,0,1.593,0,0,0,0,0,0,1.593,0,0,0,0,0,3.186,0,0,0,3.186,0,9.629,22.372
pote.txt_2973,1.218,0,0,0,1.218,1.218,4.872,0,2.436,0,0,0,0,0,2.436,0,0,0,0,1.218,9.138,13.318
pote.txt_12109,0,0,0,0,0,0,0,0,1.618,2.157,0,0,0,0,4.314,0,0,0,0,2.157,10.955,19.381
pote.txt_11035,0,0,0,0,1.033,1.033,0,3.099,4.132,2.066,0,0,0,0,0,0,0,0,1.033,0,11.985,13.987
pote.txt_8503,1.812,0,0.604,0.604,1.208,1.812,0.604,1.208,4.832,3.02,0,0,0.604,0,0,0.604,0,0,0,0.604,7.482,11.412
pote.txt_7709,2.468,0,0.822,0,1.645,2.468,0,0,3.29,2.468,0.822,1.645,0.822,0,0,0,0,1.645,0,0,7.693,10.594
pote.txt_2871,0,0,0,0,0,3.606,1.803,0,6.311,2.705,0,2.705,0,0,0,0,0,0,0.902,0,10.096,8.258
pote.txt_10717,0,0,0.798,0,1.595,0,0,1.595,1.595,1.595,0,0,0,0.798,2.393,0,0,0,0,0,12.989,17.064
pote.txt_11659,0,0,0,0,0,0,0,0,19.332,0,0,0,0,0,0,0,0,11.599,0,0,2.953,6.888
pote.txt_4415,0,0,0,4.709,0,0,0,0,0,0,0,0,2.355,2.355,0,0,2.355,4.709,0,4.709,7.744,7.757
pote.txt_339,0.428,2.567,0,0,0.428,2.567,0,1.284,1.284,0.428,0.428,0.856,0.856,1.712,2.996,1.284,0.856,1.284,0,0,8.18,8.98
pote.txt_9619,0,0,0,0,0,0,0,0,0,1.37,0,0,0,0,4.111,0,0,0,2.055,0,16.043,21.881
pote.txt_9425,2.822,1.411,0.705,0,1.411,0.705,0,0.705,2.822,3.528,0,0.705,0,0.705,0,4.233,2.822,0.705,0,0,6.659,7.3
pote.txt_11687,0,3.521,0,0.587,0.587,4.694,0,0.587,0.587,0.587,0,2.347,1.76,1.174,1.76,0.587,0,0.587,0,1.76,8.622,6.933
pote.txt_1497,2.958,1.972,0,0,1.972,0,0,0.986,3.944,2.958,0,0.986,0.986,0,0,0.986,2.958,2.958,0,0,6.14,7.564
pote.txt_423,6.912,0,0,1.728,0,0,5.184,1.728,3.456,1.728,0,0,0,0,0,0,1.728,1.728,0,1.728,5.704,6.607
pote.txt_4103,2.116,0,0,0,0,0,0,0,2.116,4.231,0,0,2.116,0,4.231,0,0,4.231,0,0,8.14,9.222
pote.txt_12077,0,0,0,0,0,0,2.131,0,10.653,4.261,0,0,0,2.131,0,0,0,0,0,0,9.671,7.565
pote.txt_10581,2.141,0,0,0,1.07,0,0,0,6.422,3.211,0,0,0,0,0,0,0,0,0,0,10.114,15.081
pote.txt_7079,0.921,0,0,0,0.46,0,0,0,0,2.302,0,0,0,0,3.683,0,0,0.46,0.46,0,13.861,21.657
pote.txt_11269,1.322,0,0.441,0.441,0.881,2.203,0.441,1.322,1.322,0.441,0,0.881,0,0,1.322,0,0.441,2.644,0,0,11.743,11.458
pote.txt_9799,0,2.385,0,0,0,7.155,0,2.385,2.385,5.963,0,0,0,0,0,2.385,0,2.385,0,0,5.204,7.623
pote.txt_1317,0.676,0.676,0.676,0.338,0.676,2.703,0,1.689,2.703,0.338,0.676,0.676,0,0,0.676,0.676,0.338,2.027,0,0,10.203,11.007
pote.txt_7173,2.152,0,0,0,2.152,2.152,0,2.152,2.152,4.304,0,0,1.076,0,0,2.152,1.076,0,1.076,0,7.772,8.342
pote.txt_8091,2.779,1.853,0.926,0,0,0.926,0,0.926,1.853,1.853,0,0,3.705,1.853,0.926,1.853,0.926,1.853,0,0.926,7.525,6.52
pote.txt_8847,3.083,1.028,0,0.514,1.028,2.055,0.514,1.028,3.083,2.055,0,1.541,0,1.028,0,0.514,0.514,1.028,0,0,7.476,9.913
pote.txt_8199,0.624,1.249,0,1.249,0.624,0.624,0,0.624,2.498,0,0.624,0,1.249,0.624,2.498,0.624,0.624,1.249,0.624,0,10.593,10.53
pote.txt_4461,1.313,0,0,0,0,0,0,0,3.938,3.938,0,0,0,0,0,0,1.313,1.313,1.313,0,9.199,15.522
pote.txt_6595,1.131,0,1.131,0,1.131,4.526,0,2.263,2.263,2.263,0,0,0,0,0,1.131,0,3.394,0,0,6.684,10.497
pote.txt_4983,0,0,0,0,0,2.94,0,2.94,2.94,7.35,0,0,0,0,0,1.47,0,0,0,0,8.071,10.691
pote.txt_7679,1.314,1.314,0,0,0,0.657,0,0,0,0.657,0,0,0,0,3.284,0,0,3.284,1.314,1.97,12.653,11.011
pote.txt_2037,0,0,0,0,2.519,1.259,0,2.519,4.198,0,0,0,0.42,0,1.259,0,0.84,0,0,0,10.209,14.699
pote.txt_7195,4.143,0,0,0,2.762,0,1.381,5.524,1.381,4.143,0,1.381,1.381,0,0,4.143,0,0,0,0,4.96,7.17
pote.txt_4729,4.928,0,0,0,3.286,1.643,0,1.643,3.286,1.643,1.643,0,0,0,0,0,0,0,0,0,8.185,10.129
pote.txt_11065,1.324,3.531,0,0.441,0.883,1.766,0.883,0.883,1.766,0.883,0,2.648,1.324,0.883,0.883,1.324,0.441,0.883,0.441,0.883,6.784,8.041
pote.txt_12121,0.794,2.381,0.794,0,0,0,0,0.794,2.381,0.794,0,0.794,1.587,0,3.174,0.794,0,1.587,0,0.794,10.817,9.026
pote.txt_11785,1.133,6.797,0,1.133,2.266,4.532,0,1.133,1.133,2.266,0,1.133,1.133,0,0,1.133,3.399,1.133,0,1.133,5.701,4.793
pote.txt_2719,0,0,0,3.546,0,0,0,0,0,0,10.637,0,1.773,5.319,3.546,0,0,0,0,0,7.189,5.775
pote.txt_977,5.026,2.513,0,0,1.257,1.257,0,5.026,3.77,1.257,1.257,0,1.257,0,0,0,1.257,1.257,0,0,5.369,7.405
pote.txt_11999,0,0,0,0,0,0,0,6.066,3.033,0,0,0,0,0,3.033,0,0,0,0,0,25.238,1.214
pote.txt_2331,2.486,0,0,0,0.829,0.829,1.657,0,0.829,2.486,0,0,3.315,0,4.143,0,0,0,0,0,9.894,10.054
pote.txt_4353,1.62,0,1.62,1.62,1.62,1.62,0,1.62,1.62,0,0,0,0,0,0,1.62,1.62,1.62,0,0,8.232,12.16
pote.txt_2441,1.903,3.171,1.268,1.268,0.634,2.537,0,0.634,1.268,0.634,0,2.537,1.268,0,1.268,1.268,1.268,0,0,1.268,7.111,7.619
pote.txt_3683,0,0,0,0,0,0,0,0,0,0,0,0,0,0,6.98,0,0,0,2.792,0,9.255,22.212
pote.txt_8923,0.851,2.553,0.425,1.276,0.425,1.276,0,0.851,1.276,0.851,0,0.425,0.425,0.425,2.979,0.425,0.851,0,0,1.276,11.539,8.384
pote.txt_1881,1.418,0,0.473,0.473,0.473,3.31,0.473,1.418,2.364,0.473,0.473,0,0.473,0.473,0.946,0.946,0,2.364,0,0,9.003,10.975
pote.txt_10959,3.537,0,0.442,0.442,0,2.211,0.442,2.211,1.769,0.442,0,0.442,0,1.769,1.326,0.442,0.884,1.326,0,0,8.694,10.019
pote.txt_3241,10.441,0,0,0,0,0,0,0,0,0,0,0,0,0,3.48,0,0,0,0,0,9.387,14.082
pote.txt_9663,0,0,0,0,4.023,0,0,0,0,0,0,0,0,0,4.023,0,0,0,0,0,11.537,24.724
pote.txt_10241,2.395,0,0,0,2.395,2.395,0,3.592,2.395,2.395,1.197,1.197,1.197,0,0,2.395,0,1.197,0,0,5.997,8.332
pote.txt_10305,0.773,3.093,0,0,0.773,0.773,0,0.773,0.773,0,0,0,0,0,3.867,0,0,0,0.773,1.547,11.628,13.059
pote.txt_3825,0,0,0,0,0,0,0,0,0,0,0,0,0,0,3.789,0,0,0,5.052,0,17.847,16.063
pote.txt_1167,2.65,1.06,0,1.06,0.53,2.12,0,1.59,3.18,2.12,0.53,0.53,0,0.53,0,0.53,2.12,1.06,0,0,7.447,9.389
pote.txt_7439,0,2.872,0,0,0,1.436,0,0,0.718,0.718,0,0,1.436,0.718,3.59,0,0.718,0.718,0,1.436,10.23,12.588
pote.txt_4633,2.039,0,1.02,0,1.02,0,0,2.039,0,1.02,0,0,0,0,4.078,0,0,0,0,0,14.982,13.249
pote.txt_4721,0,0,0,0,0,0,0,1.496,1.496,7.481,0,0,0,0,1.496,2.992,1.496,0,0,0,7.121,12.963
pote.txt_3793,0,0,0,0,0,0,0,0,0,0,0,0,0,0,6.635,0,0,0,4.976,0,9.8,17.637
pote.txt_535,0,0,0.621,1.242,3.105,0,0.621,0,0.621,2.484,0,0,1.863,1.863,3.105,0.621,0,0,0.621,0,8.97,10.757
pote.txt_4771,0,0,0,1.934,1.934,1.934,3.869,0,1.934,3.869,0,0,1.934,0,0,1.934,0,0,0,1.934,8.584,6.85
pote.txt_7699,0,0,0,0,1.154,0.577,0.577,0.577,2.884,0.577,0,0.577,0,0.577,1.73,0,0.577,0.577,1.73,0,12.211,14.276
pote.txt_9729,1.393,0,0,0,0,1.393,1.393,2.786,4.179,2.786,0,1.393,0,0,0,0,0,0,1.393,0,11.727,8.058
pote.txt_10333,1.732,0,0,0,0.433,1.732,0,0.433,0.433,1.299,0,0,0,0,2.165,0.433,0,0,0.433,0.433,14.586,17.493
pote.txt_6693,4.469,2.235,1.117,0,1.117,3.352,1.117,0,0,1.117,0,1.117,0,0,2.235,1.117,0,0,0,0,9.25,8.156
pote.txt_43,1.316,0,0,0,0,6.579,0,1.316,2.632,9.211,0,0,1.316,0,0,1.316,0,2.632,0,0,5.029,7.059
pote.txt_2565,0,0,0,0,1.618,0,0,1.618,4.044,0.809,0,0,0,0,0.809,0,0,0,0.809,0,11.687,19.946
pote.txt_1229,1.337,3.566,0.446,0.891,0.446,2.229,0.891,0.446,0.891,0.446,0,0.891,0.891,0.891,1.337,2.674,0.891,0.891,0.446,1.783,6.75,7.915
pote.txt_9043,1.313,2.625,0.438,0.875,0.438,2.625,0.438,0.438,1.313,0.438,0,2.188,0,0,1.313,1.313,0.438,1.313,0.875,0.875,7.836,9.327
pote.txt_2847,1.883,2.824,0.471,0,0.941,1.883,0.941,0,2.353,2.353,0,1.412,0,0,1.412,0.941,0.471,1.412,0,0.471,7.622,9.076
pote.txt_3929,0,0,0,0,0,0,5.898,0,0,0,0,5.898,5.898,11.796,5.898,0,5.898,0,0,0,3.35,3.069
pote.txt_2573,1.802,0,0,0,0,0,0,1.802,0,0,0,0,0,0,4.506,0,0,2.703,0,0,15.154,13.919
pote.txt_1331,1.03,1.03,0,1.03,0.515,3.091,0,1.545,3.091,2.576,0.515,0,0,1.03,0,0,2.576,1.03,0,0,7.571,9.774
pote.txt_4335,1.946,1.946,3.892,1.946,0,0,0,0,1.946,1.946,0,1.946,0,0,0,0,1.946,0,0,1.946,6.576,10.399
pote.txt_11951,5.312,0,0,0,0,0,0,0,5.312,0,0,0,5.312,0,0,0,0,0,0,0,4.963,15.75
pote.txt_10249,1.375,0,0.688,1.375,0,0.688,0,1.375,1.375,1.375,0,0.688,0,0,1.375,1.375,0,2.751,0.688,0,9.922,11.831
pote.txt_3405,0,0,0,0,2.174,0,2.174,2.174,0,0,0,0,0,0,2.174,0,0,0,4.348,0,14.183,10.677
pote.txt_1625,1.823,1.216,0.608,1.216,0.608,1.216,0,1.823,3.039,1.216,0,1.216,1.216,0,0,1.216,0.608,1.216,0.608,0,8.439,9.111
pote.txt_9989,2.214,1.476,1.476,0,0,2.214,0,0.738,2.952,2.952,1.476,1.476,0,0.738,0,0,2.214,0.738,0,0,7.428,8.5
pote.txt_987,0,0,0,0,0,0.848,0,2.545,4.241,0.848,0,0.848,0,0,0,0,0,2.545,0.848,0,11.459,13.939
pote.txt_10175,0,1.326,0,0,1.326,0,1.326,0,6.629,1.326,0,0,1.326,0,1.326,0,0,0,0,2.652,9.926,9.272
pote.txt_9317,0,0,0,0,2.741,0,0,0,8.222,0,0,0,0,0,0,0,0,4.111,0,0,12.222,9.604
pote.txt_5003,2.769,0,0,0,1.384,0,0,1.384,1.384,1.384,0,1.384,0,0,0,2.769,1.384,0,2.769,0,7.966,11.935
pote.txt_7025,0,0,1.078,1.078,2.156,0,2.156,0,4.312,0,1.078,2.156,0,1.078,2.156,0,0,2.156,0,0,7.405,9.621
pote.txt_9643,1.984,0,1.323,0,0.661,3.307,0,0.661,2.646,2.646,0,0,0,1.323,0,0.661,1.323,1.984,0,0,7.832,10.029
pote.txt_4871,0,0,0,0,0,0,0,1.768,1.768,0.884,0.884,0,0,0,3.536,0,0,0,0,0.884,10.789,20.795
pote.txt_7253,0,0,0,5.063,0,7.594,0,0,0,0,0,0,0,5.063,0,0,0,0,0,2.531,9.628,6.648
pote.txt_7381,1.229,4.916,0,0,1.229,3.687,1.229,0,1.229,3.687,0,0,0,0,0,3.687,0,0,0,3.687,5.778,7.333
pote.txt_10833,0,0,0,0,1.196,0,0,0,2.393,0,0,0,2.393,0,0,1.196,2.393,1.196,3.589,0,10.117,12.71
pote.txt_8561,0.862,0,0,0,0.431,2.587,0.431,0.862,2.156,0.862,0,0.431,0,0,1.294,0,0,1.725,0.862,0.431,10.588,14.449
pote.txt_3697,0,0,0,0,0,0,0,0,0,0,0,0,0,0,4.933,0,0,0,3.7,0,13.268,21.229
pote.txt_12053,1.189,0,0,0,1.189,1.189,1.189,1.189,4.757,1.189,0,0,1.189,0,0,1.189,0,2.379,0,0,8.791,11.067
pote.txt_10539,3.964,0,0,0,0.991,0,0,0,4.955,3.964,0,0,0,0,0,0,0,0,0,0,9.343,14.198
pote.txt_11143,0.37,2.222,0.37,0,1.111,2.222,0.741,1.111,0.741,1.481,0,0.741,2.962,0.37,1.852,0.741,0.37,0.741,0,0.37,9.297,8.57
pote.txt_6819,1.196,0,0,0,1.196,1.196,1.196,0,4.784,3.588,0,0,1.196,0,0,3.588,0,1.196,0,0,7.131,10.142
pote.txt_9143,3.808,4.443,1.904,0.635,0.635,2.539,0.635,1.904,2.539,0.635,0,1.904,2.539,0.635,0,1.269,2.539,0,0,0.635,5.944,4.67
pote.txt_1941,0,0,1.218,0.406,1.625,0.406,0,1.625,0.812,0.812,0,0.812,0,0,3.655,0.406,0,0,0,0,15.441,11.673
pote.txt_4067,0,0,0,0,0,3.862,0,0,0,0,0,11.586,0,0,0,7.724,0,0,0,3.862,5.607,6.089
pote.txt_1395,0.731,0,0.731,0.731,0.731,1.462,0,2.193,2.193,1.462,0,1.462,0,0.731,0.731,0.731,0.731,0,0.731,0,10.422,11.039
pote.txt_11055,0.732,2.928,0.366,0.366,0.732,2.562,0,0.732,1.464,0,0.366,1.098,0.732,1.464,2.196,0.732,0,0.366,0.366,0,8.678,10.56
pote.txt_9221,1.413,3.768,0.471,0.942,0.471,2.355,0.942,0.471,0.942,0.471,0,0.942,0.942,0.942,0.942,2.826,0.942,0.942,0.471,1.884,6.455,7.645
pote.txt_2445,0.425,2.127,0.425,0.851,1.702,1.276,0,0.425,0.851,2.127,0.425,1.276,0.425,0.425,1.276,2.127,0.425,1.276,0.851,0.425,8.514,8.749
pote.txt_2485,0,0,0,0,1.091,0,0,1.091,1.091,1.091,0,0,3.273,0,2.182,0,0,0,4.364,0,12.696,10.384
pote.txt_879,0,2.775,0,0,2.775,0,0,1.387,1.387,1.387,1.387,0,1.387,0,2.775,2.775,0,0,0,0,9.386,8.961
pote.txt_10313,0,2.743,0,0,0.686,1.372,0,0,0.686,0,0,0,0,0,3.429,0,0,0.686,0.686,1.372,13.662,13.684
pote.txt_9453,0,1.832,0,0.916,0.916,0.916,0,0,1.832,1.832,0.916,0.916,0.916,0.916,1.832,0.916,0,0,0,0.916,11.028,10.142
pote.txt_1213,1.707,1.707,0,0,0.853,1.707,0,0.853,0.853,2.56,0,0.853,1.707,0,1.707,0,1.707,4.266,0,0,6.881,9.202
pote.txt_8057,0,1.187,0,0,1.187,1.78,0,0,2.374,0.594,0.594,0,0.594,0.594,1.187,0,0.594,1.187,0.594,1.78,11.324,11.667
pote.txt_6565,0,0,0,0,0,0,0,1.353,1.353,2.03,0,0.677,0,0,1.353,0,0,0.677,3.383,0,15.45,13.595
pote.txt_1071,0,3.725,0,0.621,0.621,4.345,0,0,1.242,0,0.621,0,1.242,0.621,1.242,1.242,0,1.242,0,1.242,10.222,8.162
pote.txt_1869,1.032,0.688,0.688,0.688,1.032,3.097,0,1.72,2.753,1.032,0.688,0.344,0,0,0.344,0.344,0.688,0.688,0,0,9.993,10.856
pote.txt_7827,1.291,0,0,0.645,0,1.291,0.645,0,3.226,3.226,0,0,0,0,0.645,0,1.291,1.291,0.645,0.645,11.005,11.137
pote.txt_4137,0,0,0,0,0,0,0,0,1.32,0,0,1.32,0,0,3.96,0,0,1.32,3.96,0,12.328,14.594
pote.txt_841,0.908,1.817,0,0,0,1.817,0,0,2.725,0.908,0,0,2.725,0,0.908,0.908,0.908,0,0.908,0.908,9.868,11.469
pote.txt_3021,0,0,0,0,1.483,1.483,0.742,0.742,2.967,0.742,0,0,0,0.742,0.742,0,0.742,0.742,0.742,1.483,11.993,12.364
pote.txt_5583,1.877,0,0,0,1.877,1.877,0,3.754,1.877,9.386,0,0,1.877,0,0,1.877,0,0,0,0,5.423,7.801
pote.txt_7217,0.546,0,0,0,1.639,0,0,0,3.278,1.092,0,0,0,0,2.185,0.546,0,1.092,0,0,11.786,18.247
pote.txt_7843,0,0,0,0,2.091,4.182,6.272,5.227,1.045,2.091,0,0,0,0,0,2.091,0,1.045,0,0,5.872,7.581
pote.txt_7691,0,0,0,0,0,0.642,0,1.283,4.491,1.925,0,0,0,0,3.208,0,0.642,0.642,0.642,0,12.304,11.861
pote.txt_4659,0,0,0,0,1.057,0,0,1.057,4.229,3.172,0,0,0,0,0,0,0,0,1.057,1.057,11.856,15.544
pote.txt_9405,0,0,0,0,0.668,0.668,0.668,2.003,0.668,0.668,0,0,2.67,0,2.67,2.003,0.668,0,0,0.668,10.102,13.223
pote.txt_201,0.425,2.548,0,0.425,0.425,1.699,0,0.425,0,0.849,0,0,0,0,3.398,0.849,0.849,0.425,0,1.274,12.593,11.384
pote.txt_1681,3.445,0,0.689,0,0,1.378,0,2.067,4.824,2.756,0.689,0,0.689,0,0,1.378,1.378,0.689,0,0,8.136,8.37
pote.txt_8043,1.328,0,0,0,0.664,1.328,1.328,1.992,3.321,1.992,0,1.328,0,1.328,0,0,0,1.328,0,0,8.817,11.893
pote.txt_10701,0,0,0,0,0,0,0,0,0,0,0,0,0,0.937,3.746,0,0,0,3.746,0,15.366,19.728
pote.txt_4787,0,0,0,0,0,0,0,0,4.684,3.123,0,0,3.123,0,0,0,0,3.123,0,3.123,12.708,6.556
pote.txt_9067,0,0.659,1.978,6.593,1.319,0.659,0,1.978,2.637,3.956,1.978,0.659,0,1.319,1.319,2.637,0,1.319,0,0,4.809,5.894
pote.txt_893,6.049,2.42,0,1.21,1.21,0,1.21,1.21,2.42,0,2.42,0,1.21,1.21,0,2.42,0,4.839,0,1.21,4.479,6.211
pote.txt_745,0.414,3.315,0.414,1.243,0.829,0.829,0.414,1.657,2.486,0.829,0,0.414,1.657,0,1.657,1.243,2.072,0,0,0,7.116,9.844
pote.txt_4495,0,0,0,0,2.071,0,0,0,0,2.071,0,2.071,2.071,2.071,0,0,0,2.071,6.212,0,7.23,10.52
pote.txt_2073,3.48,0,0,0,1.491,0.994,0.497,0,0.994,0.497,0,0.497,0,0,1.491,0,0,0,0.994,0,13.028,15.783
pote.txt_10785,2.666,5.333,1.333,0,2.666,5.333,0,1.333,0,1.333,0,1.333,0,0,0,1.333,0,2.666,1.333,1.333,5.914,5.284
pote.txt_231,1.779,5.336,0,0.889,0,2.668,0,2.668,1.779,0.889,0,1.779,1.779,0,0.889,2.668,0,1.779,0.889,0.889,6.238,5.648
pote.txt_4953,1.378,0,1.378,0,0,1.378,4.134,0,2.756,0,0,0,0,0,2.756,1.378,0,0,0,1.378,8.697,11.293
pote.txt_11235,0.583,3.497,0,0.583,0.583,4.079,0,0,0.583,0,0.583,0.583,1.166,0,1.166,1.166,0,0.583,0,2.331,10.223,8.707
pote.txt_5913,0,0,0,0,1.808,1.808,0,1.808,4.52,1.808,0,0,0,0,0,0,0,0,0.904,0,12.897,12.621
pote.txt_3727,0,0,0,0,0,0,0,0,0,0,0,0,0,0,7.37,0,0,0,2.948,0,18.857,11.316
pote.txt_4853,0,0,0,0,0,0,0,0,5.889,4.417,0,0,0,1.472,0,0,1.472,2.944,0,0,10.925,9.473
pote.txt_3181,0,0,0,0,0,0,0,0,11.85,5.925,0,0,0,0,0,0,0,0,0,0,18.62,0
pote.txt_1647,2.212,0,0,0,1.475,1.475,0.737,0.737,2.212,3.687,0.737,0,1.475,1.475,0.737,2.212,0.737,0,0,0,7.379,9.194
pote.txt_4637,1.89,0,0,0,0.945,0,0,1.89,0,0.945,0,0,0,0,3.779,0,0,0,0.945,0,19.176,10.825
pote.txt_9777,0,0,0,0,1.845,1.845,0,3.689,1.845,9.224,0,1.845,1.845,0,0,0,1.845,0,0,0,5.484,8.01
pote.txt_8595,0.604,3.627,0,0,0,1.209,0,0,3.023,0.604,0,0,0,1.209,1.814,1.814,1.814,1.209,0,1.209,8.196,10.052
pote.txt_9659,4.254,0,0,0,0,0,0,0,0,0,0,0,0,0,4.254,0,0,0,0,0,10.894,23.97
pote.txt_4531,3.745,3.745,0,0,0,0,3.745,0,3.745,0,3.745,0,0,0,0,7.491,7.491,3.745,0,0,4.662,2.831
pote.txt_7933,1.47,0,0.735,0.735,0,0.735,0.735,1.47,1.47,5.145,0,0.735,0,2.205,1.47,0.735,0,0,0,0,8.384,10.378
pote.txt_3545,0,0,0,0,0,0,0,0,0,0,0,0,0,0,4.96,0,0,0,9.919,0,6.311,15.78
pote.txt_11611,1.889,0,0,0,1.889,0,0,0,0,0,0,0,0,0,3.778,0,0,0,0,0,14.373,23.486
pote.txt_3033,0,0,0,0,2.367,2.367,1.183,0,1.183,1.183,0,0,0,0,1.183,0,1.183,1.183,0,2.367,12.931,10.122
pote.txt_8779,1.312,1.312,0.656,0.656,0,1.969,0,1.312,3.937,4.593,0,1.969,0,0,0,2.625,1.312,1.312,0,0,6.059,8.119
pote.txt_1959,2.017,0,0,0,0,0,0,4.034,4.034,0,1.008,2.017,0,0,0,1.008,0,0,1.008,0,10.727,11.029
pote.txt_11959,0,0.508,0,0.508,0,0.508,0,0,0,0,0,0,2.033,1.525,8.134,3.05,1.017,1.017,0,0,7.881,10.199
pote.txt_3155,0,0,0,0,0,0,0,0,0,0,0,6.952,0,0,13.903,0,0,0,0,0,5.256,10.516
pote.txt_1977,2.525,1.262,1.894,0,1.262,2.525,0,0.631,3.156,3.156,0,0.631,0,0,0,1.262,0.631,1.894,0,0,7.823,7.97
pote.txt_3777,0,0,0,0,0,0,0,0,0,0,0,0,0,0,2.868,0,0,0,7.17,0,14.011,16.813
pote.txt_11869,1.437,3.831,0,0,0,3.352,0,0,0,0.958,0,0.479,0,2.395,1.916,2.874,0.479,0,0.479,0.958,8.717,8.535
pote.txt_5023,4.953,0,0,1.651,0,1.651,1.651,0,1.651,1.651,0,0,0,4.953,1.651,0,0,0,0,0,7.697,8.959
pote.txt_4439,3.489,3.489,0,0,0,0,0,0,6.978,0,3.489,0,0,0,0,0,13.957,3.489,0,0,3.782,4.543
pote.txt_7435,4.435,0,0,0,0,0,0,1.478,4.435,2.956,0,0,0,0,0,0,0,1.478,0,0,11.379,10.846
pote.txt_5765,0,2.685,2.685,2.685,0,0,4.028,0,0,0,0,0,0,1.343,2.685,0,0,1.343,0,1.343,8.999,8.595
pote.txt_5419,2.424,0,1.212,1.212,2.424,1.212,0,3.636,1.212,1.212,0,0,0,0,0,1.212,0,0,0,0,9.63,11.31
pote.txt_11587,0,0,0,0,0,0,0,1.617,0,0,0,0,0,0,3.235,0,0,0,1.617,0,18.093,23.778
pote.txt_6971,0,0,0,0,0.612,0.612,0,1.224,3.673,1.837,0,0.612,0,0,0,0,0,0.612,1.837,0,10.805,17.828
pote.txt_5633,0,0,0,0,0,0,0,0.757,0.757,0.757,0,0,0,0,3.785,0,0,0,3.785,0,20.023,11.274
pote.txt_8699,1.056,0,1.056,0,1.585,0.528,0,0.528,2.641,1.056,1.585,1.056,0.528,2.113,1.056,0.528,1.056,0,0.528,0.528,11.042,7.943
pote.txt_9069,1.319,2.639,0.879,0.879,0.44,2.639,0.44,0.44,1.319,0.44,0,1.759,0,0,0.879,1.319,0.879,1.319,0.879,0.879,8.077,8.997
pote.txt_11029,0,0,0,1.17,1.17,2.341,0,3.511,2.341,3.511,0,0,0,0,0,1.17,0,0,0,0,9.216,12.421
pote.txt_6047,0,0,0,0,0,0.944,0,1.887,4.717,0.944,0,0.944,0,0,0,1.887,0,1.887,0.944,0,10.866,12.258
pote.txt_9529,2.157,0,0,0,0,2.157,0,1.079,3.236,6.471,0,1.079,1.079,0,0,1.079,0,1.079,0,0,7.751,9.265
pote.txt_5017,2.021,0,0,0,0,1.01,0,0,0,3.031,0,0,0,0,3.031,0,0,1.01,1.01,1.01,13.649,12.814
pote.txt_3987,7.215,0,0,0,3.608,3.608,0,0,3.608,0,0,0,3.608,0,0,0,0,3.608,0,0,5.596,7.106
pote.txt_11025,0.489,0,0.978,1.956,0.489,1.467,0,1.467,0.489,1.467,0,0.978,2.934,0,3.424,0.978,0.978,0,0,0,9.834,8.453
pote.txt_3631,4.626,0,0,0,0,4.626,0,0,4.626,0,0,4.626,0,4.626,0,0,4.626,0,0,0,3.738,7.582
pote.txt_4821,0,0,0,0,1.121,1.121,0,2.242,4.485,3.364,0,0,0,0,0,0,0,0,0,0,10.988,15.097
pote.txt_1525,2.018,1.345,1.345,0,0,2.018,0,0.673,2.69,3.363,0.673,1.345,0,0.673,0.673,0,1.345,0.673,0,0,8.537,9.023
pote.txt_283,4.083,0,1.021,0,0,1.021,0,0,6.125,0,0,0,3.062,0,0,1.021,2.042,1.021,0,0,6.861,10.172
pote.txt_7343,1.244,0,0,0,0,4.976,0,3.732,2.488,6.22,0,1.244,1.244,0,0,1.244,0,2.488,0,0,5.494,7.432
pote.txt_8041,1.556,0,0,0.778,0,1.556,1.556,1.556,3.89,2.334,0,2.334,0,1.556,0,0,0,1.556,0,0,8.768,8.945
pote.txt_7801,0,0,0,0,0,8.392,4.196,0,0,1.049,0,0,0,1.049,2.098,6.294,0,0,0,0,8.165,5.936
pote.txt_3937,0,8.165,0,0,4.083,8.165,0,0,0,0,0,0,4.083,0,0,4.083,0,0,0,0,4.521,6.388
pote.txt_9097,0.407,3.252,2.033,0.813,0.813,1.22,0.813,0,1.626,0.813,0,0.813,0.407,0,1.626,0.813,2.033,0,0.407,0.407,9.047,9.039
pote.txt_11335,2.184,4.367,0,1.092,0,4.367,0,0,0,1.092,0,2.184,1.092,3.275,1.092,1.092,1.092,0,0,2.184,5.791,6.995
pote.txt_11251,1.471,1.471,0,0.736,0,0,0,2.207,2.207,2.207,0,0.736,0.736,1.471,0.736,0.736,2.943,0,0.736,0.736,8.169,9.112
pote.txt_3955,0,0,0,0,0,2.673,0,0,0,2.673,0,0,0,0,5.346,0,0,0,0,0,26.549,2.784
pote.txt_11773,0,5.612,0,0.935,0,2.806,0,1.87,0,1.87,0,0,2.806,0.935,1.87,0,2.806,1.87,0,1.87,6.739,5.962
pote.txt_3131,0,0,0,0,0,6.431,0,0,12.863,0,0,0,0,0,0,0,0,0,0,0,17.126,0
pote.txt_8465,0.463,0.927,0,0,1.39,0,0,0.463,3.244,0.927,0,0,1.39,0,1.39,0.927,0.463,0.927,0.463,0,9.904,15.069
pote.txt_167,0,11.136,0,0,1.392,2.784,1.392,2.784,2.784,0,1.392,0,0,0,1.392,1.392,1.392,0,0,0,6.002,5.275
pote.txt_9107,1.694,0,0.339,0.677,0.677,2.371,0,1.016,1.016,0.339,0,0.339,1.016,2.032,1.355,0,0.339,1.355,0.677,0,9.953,11.646
pote.txt_4527,0,0,0,0,1.502,1.502,0,0,0,1.502,0,0,7.509,0,3.003,0,0,0,0,0,10.5,11.402
pote.txt_9767,1.705,0,0,0,5.114,0,0,3.41,1.705,6.819,0,0,1.705,0,0,3.41,0,0,0,0,5.22,8.349
pote.txt_4581,1.995,0,1.995,1.995,0,0,0,1.995,1.995,5.986,0,0,1.995,0,0,1.995,0,0,0,0,8.797,7.737
pote.txt_5577,1.408,0,0,0,1.408,2.816,0,2.816,0,5.632,0,0,0,0,1.408,1.408,0,1.408,0,0,7.852,10.224
pote.txt_4233,0,0,0,0,1.056,1.056,0,0,1.056,0,1.056,0,0,0,2.112,0,0,0,3.168,0,16.181,15.96
pote.txt_5813,0,3.453,0,1.727,0,0,3.453,1.727,1.727,0,0,0,3.453,0,3.453,1.727,0,3.453,0,0,6.224,7.147
pote.txt_3475,0,0,0,0,0,0,0,0,0,0,0,0,0,0,6.43,0,0,0,3.215,0,11.055,20.728
pote.txt_7989,1.454,0,0,0,0.727,0.727,1.454,2.181,3.635,1.454,0,2.181,0.727,1.454,0,0,0,1.454,0,0,7.67,11.296
pote.txt_2979,1.022,0,0,0,1.022,1.022,3.067,0,3.067,0,0,0,0,0,2.045,0,0,0,1.022,1.022,10.338,14.116
pote.txt_5325,0,0,0,0,0,0,0,0,6.074,4.049,0,0,1.012,0,0,0,0,0,1.012,1.012,12.727,11.94
pote.txt_11449,0,0,0,0,3.24,1.62,0,0.81,3.24,4.05,0,0,0.81,0.81,0.81,4.05,0,0.81,0,0,7.125,9.151
pote.txt_471,1.828,0,0.914,0,0.914,1.828,0.914,3.657,1.828,1.828,0.914,0,1.828,0,0,0.914,0,0.914,0,0.914,7.467,9.748
pote.txt_5511,0,0,0,2.63,2.63,5.261,0,5.261,0,0,0,0,0,0,0,7.891,0,0,0,0,9.001,4.695
pote.txt_11555,1.39,2.779,0,0,0,0.695,0,0.695,0,0,0,0,0,0,3.474,0,0,0.695,0.695,1.39,13.474,13.576
pote.txt_9999,0,0,0,1.235,1.235,2.47,2.47,1.235,6.174,0,0,0,1.235,1.235,0,3.704,0,0,0,0,6.861,8.801
pote.txt_9337,3.071,0,0,0,4.607,1.536,0,4.607,1.536,4.607,0,0,1.536,0,0,6.142,0,0,0,0,5.477,5.902
pote.txt_10937,1.326,0,0,0,0,7.956,0,2.652,0,9.282,0,3.978,0,0,0,3.978,1.326,0,0,0,3.896,6.132
pote.txt_3995,0,0,0,0,1.858,1.858,0,0,0,0,1.858,0,3.717,0,1.858,0,0,0,1.858,0,10.696,14.221
pote.txt_7385,0.749,0,0,0,0,0.749,0,2.248,2.248,4.496,0,0.749,0,0,1.499,0,0,0,0,2.248,9.98,11.962
pote.txt_4569,2.873,0,0,0,0,0,0,0,0,0,0,0,0,0,4.309,0,0,1.436,2.873,0,13.268,14.407
pote.txt_1419,1.266,0,0,0,1.266,2.531,0,0,3.797,5.062,1.266,0,0,0,0,0,0,1.266,0,0,10.097,9.993
pote.txt_4023,0,0,0,0,1.37,0,0,1.37,5.48,1.37,0,0,0,0,0,0,0,0,1.37,0,15.089,13.671
pote.txt_5281,0,0,0,0,0.862,0,0,0,3.449,0.862,0.862,0,0,0,2.587,0,0,0.862,0.862,0,13.406,16.698
pote.txt_4397,0,4.917,0,1.639,1.639,0,0,0,4.917,0,0,0,0,0,1.639,0,0,1.639,0,0,6.698,13.465
pote.txt_9707,1.175,0,0,0,1.175,5.876,1.175,0,2.35,4.701,1.175,1.175,1.175,0,0,2.35,0,3.525,0,0,6.359,5.991
pote.txt_7137,15.028,0,0,0,1.67,1.67,0,0,0,3.339,0,0,1.67,5.009,0,1.67,0,1.67,0,0,4.534,4.977
pote.txt_7617,0,0,0,0,0,0.632,0,0.632,5.054,5.054,0,0,0.632,0.632,0,0,0,0,0.632,0,9.789,14.705
pote.txt_7921,0.773,0,0,0.773,0.773,1.545,1.545,1.545,2.318,3.09,0,2.318,0,1.545,0,0,0.773,1.545,0,0,7.575,10.266
pote.txt_8817,0,0.569,0.569,1.137,0,2.274,0,1.137,0.569,5.117,0,1.705,1.705,1.137,0.569,0.569,0.569,2.843,0,0,7.275,8.819
pote.txt_10091,0,0,0,0,3.035,0,0,0,6.071,0,0,0,0,0,0,0,0,4.553,1.518,0,10.874,10.815
pote.txt_4425,0,0,0,0,0,1.378,0,2.756,4.133,5.511,0,0,0,0,0,0,0,0,0,0,8.948,14.74
pote.txt_8549,0,3.306,0,0,1.653,0.551,0,1.102,0,0.551,0,0.551,0.551,0.551,3.306,0,2.755,0.551,0,1.102,9.36,10.636
pote.txt_2885,0,0,0,0,0,4.724,5.905,3.543,7.085,0,0,2.362,0,0,0,0,0,0,0,0,8.381,5.353
pote.txt_7135,0,0,0,0,1.255,3.764,0,3.764,2.509,6.273,0,1.255,2.509,0,0,0,0,2.509,0,0,5.876,7.712
pote.txt_2507,2.28,0,0,0,0,0,0,0,2.85,2.28,0,0,0,0.57,1.71,0,0,0,0.57,0,12.276,18.033
pote.txt_7533,0,0,0,1.342,1.342,0.671,0,0,2.013,1.342,0.671,0.671,0,0,2.013,0.671,0,1.342,0,1.342,9.936,14.307
pote.txt_10413,0,0,0,0,3.965,0,0,0,7.93,0,0,0,0,0,0,0,0,0,0,0,14.044,12.849
pote.txt_5935,0,4.756,0,0,0,1.585,0,3.17,3.17,0,0,0,0,1.585,1.585,1.585,3.17,0,0,1.585,5.559,9.175
pote.txt_7103,0.76,0,0.76,0.76,0,0.76,0.76,0.76,0.76,3.039,0,0.76,0,0.76,1.519,0,0,0.76,1.519,0,10.189,13.658
pote.txt_1729,0,0,2.908,2.908,0,0,0,0,0,11.633,0,0,0,0,0,0,0,2.908,0,0,7.271,8.914
pote.txt_8031,3.73,1.865,0,0,1.865,0.933,0,2.798,1.865,4.663,0,0.933,1.865,0,0.933,0,0.933,0,0,0,5.914,8.681
pote.txt_10843,2.552,1.276,0.638,0.638,0.638,3.19,0,0,2.552,3.828,0.638,1.276,0,0.638,0,0.638,0,0.638,0,0,8.451,8.815
pote.txt_207,1.285,0,0.964,0.643,0.643,0.643,0.643,0.321,1.606,1.928,0,0.964,0.643,0,1.606,1.928,0.321,0.321,0.321,0.321,9.452,12.338
pote.txt_5591,0,0,0,0,2.716,0,0,0,10.863,0,0,0,0,0,0,0,0,4.074,0,0,10.583,8.166
pote.txt_10609,4.148,0,0,0,0.83,0,0,0,4.977,3.318,0,0,0,0,0,0,0,0,0,0,9.995,14.488
pote.txt_11409,0.439,3.509,2.193,0.877,0,0.439,1.316,1.316,2.193,0.877,0.877,1.316,0.877,0,1.316,1.754,0.877,0,0,0.877,8.861,6.751
pote.txt_1129,0,4.575,0,0,0,1.525,0,1.525,0,1.525,0,0,0,0,3.05,0,0,1.525,0,0,8.98,14.789
pote.txt_6071,0,0,0,0,0,18.91,0,2.101,0,0,0,0,0,0,2.101,8.404,0,0,0,0,4.335,5.261
pote.txt_11915,0.913,1.826,0.913,0.913,0,1.826,0,0.913,1.826,0.913,0,0,0,0,3.652,0,0.913,0,0,0.913,11.094,10.145
pote.txt_8729,1.195,1.195,0,0,1.793,2.989,0.598,0.598,3.586,1.195,0,1.195,0,0,1.195,1.793,1.793,0.598,0,0,9.084,7.652
pote.txt_5689,3.041,2.027,1.014,0,0,2.027,0,0,1.014,0,0,0,0,2.027,2.027,0,0,0,0,0,11.899,12.74
pote.txt_673,0,4.122,0,0,1.374,1.374,0,0,0,0,0,0,0,0,3.435,0,0.687,1.374,0,0,10.482,15.545
pote.txt_9273,2.015,0,2.015,2.015,0,0,0,2.015,4.029,0,0,0,0,0,2.015,4.029,0,0,0,0,7.28,10.971
pote.txt_11719,5.408,0,0,0,1.352,0,0,0,4.056,6.76,0,0,0,0,0,0,0,0,0,0,8.149,10.682
pote.txt_9837,5.337,0,0,0,0,2.668,0,0,3.558,2.668,0.889,0,0,0,0,1.779,0,2.668,0,0,8.217,8.658
pote.txt_4941,0,0,0,0,0,0,0,1.656,1.656,0,0,0,0,0,4.139,0,0,1.656,0.828,0,20.55,10.525
pote.txt_1669,0,0,0,0,0,0,0,3.649,2.432,4.865,0,0,1.216,0,1.216,1.216,0,0,0,0,8.941,13.545
pote.txt_3979,8.299,0,0,0,0,0,0,4.149,0,0,0,0,0,4.149,0,0,0,0,0,4.149,5.107,10.753
pote.txt_10277,0.835,3.338,0,0,0.835,0.835,0,0.835,0.835,0,0,0,0,0,3.338,0,0,0.835,0.835,1.669,11.812,11.259
pote.txt_9701,0,0,0,0,0,1.248,1.248,1.248,3.745,3.745,1.248,0,0,0,0,0,1.248,0,1.248,0,9.284,12.671
pote.txt_1245,5.445,2.178,0,1.089,1.089,1.089,1.089,1.089,3.267,1.089,2.178,0,1.089,0,0,1.089,0,3.267,0,1.089,5.032,7.157
pote.txt_3249,0,0,0,0,0,0,0,2.851,2.851,0,0,0,0,2.851,2.851,0,0,0,0,0,11.346,16.504
pote.txt_6499,0,0,0,0,2.131,0,0,0,4.263,1.421,0,0,0,0,1.421,0.71,0,1.421,0,0,10.707,17.213
pote.txt_6149,2.503,0,0,0,1.252,1.252,0,0,3.755,5.007,2.503,0,0,0,0,0,2.503,0,0,0,7.11,10.504
pote.txt_12039,0,0,0,0,1.203,0,0,1.203,6.013,2.405,0,0,0,0,0,0,0,0,0,1.203,10.001,16.647
pote.txt_5111,0,0,1.046,0,0,0,0,2.092,3.138,1.046,0,0,0,1.046,3.138,0,0,1.046,0,0,13.103,12.598
pote.txt_421,2.537,1.269,1.269,0,0,2.537,0,1.269,3.171,3.805,0.634,0.634,0,0.634,0,1.903,0.634,0.634,0,0,7.906,7.805
pote.txt_9481,0.957,2.87,0.478,0,1.913,2.391,0.957,0,1.435,0.957,0,0,0.957,0,0.957,0.478,0.478,1.435,0.957,0,9.981,9.237
pote.txt_11221,0.438,3.507,0.877,0.877,1.315,1.753,0.438,0,0,1.315,0,2.192,0.877,0,2.63,2.63,1.315,0.438,0,0,7.478,8.503
pote.txt_5097,0.871,0,0,0,0.871,0,0,1.741,2.612,0.871,0,0,0,0,2.612,0,0,0.871,0,0,13.453,16.423
pote.txt_2683,0,0,0.639,0.319,1.596,0.958,0,0.319,0.639,0.958,0,0.639,0.958,0,4.151,0,0,0,0.319,0,13.324,14.344
pote.txt_11859,0,0,0,0,0,0.986,0,0.986,4.932,0.986,0,0.986,0,0,0,0,0,2.959,0.986,0,13.197,12.034
pote.txt_9949,0.439,2.633,0.439,0,1.317,2.633,0.878,0.439,1.756,0.439,0,0,0.439,0.439,1.756,0.439,0.439,0.439,0,1.317,8.503,11.841
pote.txt_9927,1.867,0,0,0,0,3.735,0,3.735,1.867,11.204,0,1.867,1.867,0,0,3.735,0,1.867,0,0,4.077,5.425
pote.txt_2749,0,2.082,0,0,0,1.041,0,2.082,2.082,0,1.041,1.041,2.082,1.041,3.124,0,1.041,1.041,0,1.041,7.445,10.203
pote.txt_6043,1.418,0,0,0,1.418,4.253,0,2.835,2.835,4.253,1.418,0,0,0,0,1.418,1.418,0,0,0,6.519,8.925
pote.txt_4199,0,0,0,0,4.798,0,0,0,0,0,0,0,0,0,3.838,0,0,0,0,0,12.706,21.783
pote.txt_11039,0,0,0,0,0,5.726,0,3.436,2.29,5.726,0,1.145,1.145,0,0,0,1.145,2.29,0,0,5.486,8.736
pote.txt_3571,0,1.482,0,0,0,0,0,0,0,0,0,0,0,0,4.445,0,0,0,2.963,0,11.027,22.746
pote.txt_9241,3.573,0,0,0,0,0,0,0,4.466,3.573,0,0,0,0,0,0,0.893,0.893,0.893,0,8.887,14.032
pote.txt_1875,0.316,0,0.316,0,1.266,1.582,0,1.582,0,0.949,0,0.316,0.316,0.316,3.481,0.316,0,0,0,0,18.145,11.046
pote.txt_7759,0.91,0,0,1.82,0,0,0,0,6.371,2.73,0,5.461,0,0,0.91,0.91,0,0.91,0,0,8.273,8.198
pote.txt_2069,2.317,0,1.159,0,2.317,1.159,0,3.476,2.317,2.317,1.159,0,1.159,0,0,2.317,1.159,1.159,0,0,6.521,8.343
pote.txt_3909,0,0,0,0,0,0,0,0,0,0,0,0,0,0,2.66,0,0,0,15.959,0,11.106,6.661
pote.txt_2497,0,0,0,0,1.787,0,0,0.893,2.68,0,0,0,0,0,1.787,0,0,0,3.573,0,20.231,9.046
pote.txt_10179,0,0,0,0,1.3,2.601,0,2.601,1.3,3.901,0,1.3,0,0,0,1.3,1.3,0,1.3,0,7.874,11.695
pote.txt_333,0.367,2.204,0.735,0,0.735,1.469,0.735,1.469,0.367,0.735,0,0,2.204,0,2.204,1.836,0.735,0.367,0,1.102,9.465,9.704
pote.txt_3267,0,0,0,0,0,0,0,0,25.907,0,0,0,0,0,25.907,0,0,0,0,0,1.054,3.161
pote.txt_10907,2.755,0,1.181,0.394,0.394,0.787,0,0.787,3.543,1.181,0,1.574,0.394,0.394,0,0.787,0.787,1.574,0.787,0,8.542,10.565
pote.txt_509,0,0,0.44,1.32,0.88,0.44,0,1.32,2.64,0.88,0,0.44,0.44,0.44,2.2,0.88,0.44,0.88,0,0,10.399,13.5
pote.txt_659,1.697,0,0.424,0,0.424,2.122,0.849,3.395,4.244,0.424,0,0.849,0.849,0.849,0.424,0.849,0.424,0.424,0,0,8.883,9.251
pote.txt_10679,0.805,0,0.805,0,0.805,0,0,1.61,1.61,0.805,0,0,0,0.805,2.415,0,0,0.805,0,0,12.644,17.191
pote.txt_1125,2.13,3.195,0,0.533,1.598,1.598,0,0.533,0,0.533,0,0,0.533,0,2.13,0,0.533,0.533,0.533,1.598,9.687,10.976
pote.txt_10651,0,0,0,0,2.486,0.829,0,0.829,1.658,1.658,0,0,0,0,0.829,0.829,0,0.829,0.829,0,12.224,16.932
pote.txt_3673,0,0,0,0,0,0,0,0,0,0,0,0,0,0,10.13,0,0,0,7.597,0,5.49,13.18
pote.txt_5733,0,0,0,0,0,1.262,0,0,5.047,0,0,0,0,0,5.047,5.047,1.262,0,0,0,9.248,9.488
pote.txt_853,2.474,0,0.495,0.495,0.495,1.979,0,2.474,2.474,0,0,0.495,0.495,0.99,0.99,0,0.495,2.474,0.495,0,9.287,9.82
pote.txt_11803,0.832,2.496,0.832,0.416,0.416,2.912,0.416,0.416,0.832,1.248,0,1.664,0,0,0.832,1.248,0.832,1.248,0.832,0.832,9.011,9.069
pote.txt_317,1.365,0,0.341,1.365,0.682,2.047,0,0,3.753,2.388,0.341,0,0.341,0.341,0.341,1.023,0,0.341,0.341,0.341,10.878,10.58
pote.txt_7705,0,1.804,0.902,0,0.902,0,3.608,0,0,0,0,0.902,0,1.804,5.412,3.608,0,0,0,0,8.453,9.002
pote.txt_1341,0,2.42,0,0,0,7.261,0,1.21,2.42,6.051,0,0,0,0,0,2.42,0,3.63,0,0,5.161,7.446
pote.txt_4133,0,0,0,0,0,0,0,1.171,1.171,0,0,0,0,0,3.513,0,0,2.342,2.342,0,15.683,13.988
pote.txt_6907,1.698,0,0,0.849,0.849,0,0.849,2.548,3.397,2.548,0,0.849,0,0.849,0,0,0,0.849,0,0,8.979,12.565
pote.txt_4559,0,0,0,0,3.271,0,3.271,0,4.907,0,0,0,0,0,0,0,0,4.907,0,0,12.703,7.501
pote.txt_10757,2.184,0.546,1.092,0,0.546,2.184,0,1.092,0.546,0.546,0,1.092,1.638,1.638,1.092,1.092,1.092,1.638,1.092,0.546,9.136,7.659
pote.txt_5529,0,0,0,0,2.556,0.852,0,0.852,0,1.704,0,0,0,0.852,1.704,0.852,0,0.852,0.852,0,11.887,16.63
pote.txt_5355,2.16,0,0,0,2.16,0,0,0,3.24,2.16,0,1.08,0,0,0,0,0,2.16,1.08,0,8.844,14.448
pote.txt_7449,0,0,0,0,3.595,0.899,0.899,0,1.797,3.595,0,0.899,1.797,0,0.899,0.899,0.899,0.899,0.899,0,9.109,9.305
pote.txt_3467,0,0,0,0,0,0,0,0,0,0,0,0,0,0,4.171,0,0,0,4.171,0,15.712,19.643
pote.txt_5363,0,0,0,1.054,1.054,1.054,0,3.163,2.108,3.163,0,0,0,0,0,1.054,0,0,1.054,0,10.119,13.682
pote.txt_11071,0.949,2.846,0.474,0.474,0,2.372,0,1.423,1.423,0.949,0,1.423,1.423,0,1.897,3.32,1.897,0,0,0.949,6.786,8.227
pote.txt_4263,0,0,0,0,0,0,0,1.376,1.376,0,0,0,0,0,2.752,0,1.376,2.752,2.752,0,21.598,4.399
pote.txt_10949,1.117,6.702,0,1.117,0,5.585,0,1.117,0,1.117,0,2.234,3.351,0,1.117,2.234,4.468,1.117,1.117,0,5.11,4.134
pote.txt_2977,0.633,0,0.633,0.633,0.633,1.266,4.43,0,2.532,0,0,0,0,0,1.899,1.266,0,0,0.633,1.266,9.644,11.211
pote.txt_7565,1.431,0,0.716,0,0.716,1.431,0,0,2.147,3.578,0,0.716,0,0,2.147,0,0.716,0,0.716,0,11.027,11.863
pote.txt_2223,1.699,0,1.133,0.566,0,1.699,0.566,1.133,3.964,0.566,0.566,1.133,0,0,0,0,0,1.699,1.133,0,8.651,12.159
pote.txt_7023,0,0,0,1.64,0,1.64,0.82,0,1.64,1.64,0.82,0.82,0,0,1.64,0.82,0,1.64,0,1.64,9.318,12.937
pote.txt_10531,3.887,0,0,0,0.972,0,0,0,4.858,4.858,0,0,0,0,0,0,0,0,0,0,8.791,13.723
pote.txt_1375,0.615,0.615,0.615,0.615,1.846,0,0,0.615,1.846,0.615,0,0,3.077,0,1.846,0.615,0.615,0.615,0.615,0,10.175,12.068
pote.txt_445,0.565,3.392,0.565,0,0.565,3.392,0.565,1.696,2.827,1.131,0,0,2.827,0.565,1.131,0.565,1.696,1.131,0,0.565,6.065,7.965
pote.txt_9247,0,0,0,0,2.878,0,0,0,0,1.439,0,0,2.878,0,2.878,0,0,0,4.317,0,11.85,10.927
pote.txt_9697,0,0,0,0,0,1.072,1.072,1.072,3.217,3.217,0,0,0,0,0,1.072,0,0,2.145,0,10.149,15.003
pote.txt_6455,1.822,0,0,0,0,2.733,0,0.911,3.644,2.733,0.911,0.911,0,0,0,0,0,0,0.911,0,9.892,12.619
pote.txt_441,0.513,0,1.026,0.513,0.513,1.026,3.59,0,2.051,0.513,0,1.026,0,0,2.051,1.538,0,0,0,2.051,9.128,11.013
pote.txt_11991,0,0,0,0,0,0,0,3.104,3.104,0,0,0,0,0,3.104,0,0,3.104,0,0,24.507,1.429
pote.txt_10195,0.734,0,0,0.734,0.734,2.201,0,0.734,3.669,0.734,0,0.734,0,0,0,0,0,0.734,1.468,0,10.658,15.175
pote.txt_2091,1.493,0,0,0,1.493,5.97,0,2.985,2.985,4.477,0,0,0,0,0,1.493,0,1.493,0,0,5.253,9.339
pote.txt_7657,6.465,0,0,0,0,2.771,0,0.924,3.694,2.771,0,0.924,0,0,0,0,0,0.924,0.924,0,7.426,9.608
pote.txt_11755,0,0,0,0,0,1.033,1.033,2.066,2.066,2.066,1.033,0,0,0,1.033,1.033,0,0,1.033,0,10.686,15.287
pote.txt_6625,0.991,0,0,0,2.972,0,0,1.982,3.963,2.972,0,0,0.991,0,0,1.982,0,0.991,0,0,8.233,11.404
pote.txt_5507,0,0,0,1.83,0,3.661,0,3.661,0,0,0,0,0,0,0,5.491,0,1.83,1.83,0,9.663,8.414
pote.txt_6371,3.828,2.552,0,0,0,1.276,1.276,1.276,0,0,0,1.276,1.276,0,1.276,0,3.828,1.276,1.276,0,7.703,8.433
pote.txt_475,0.59,1.18,0.59,0.59,0.59,4.131,0,0,2.951,3.541,0,0.59,0,0.59,0,1.18,0,2.951,0,0,8.184,8.777
pote.txt_11567,0,0,0,0,0,0,1.09,3.271,5.453,3.271,0,0,0,0,0,1.09,0,0,0,0,9.622,13.467
pote.txt_7141,0.8,0,0,3.202,0,3.202,0,0.8,0,1.601,0,0.8,0.8,1.601,2.401,0,0,0,0,0,10.805,10.84
pote.txt_4471,0,0,0,0,1.647,0,0,0,8.235,0,0,0,1.647,0,0,0,0,4.941,0,0,12.193,7.877
pote.txt_3595,0,7.091,0,0,0,0,0,0,10.636,0,0,0,0,0,3.545,0,0,0,0,0,6,9.437
pote.txt_7999,1.343,0,0,0,0,2.014,0,0,3.356,2.014,0,0.671,0,0.671,4.028,0.671,0,0.671,0.671,0,8.705,11.794
pote.txt_3613,0,2.245,0,0,0,0,0,0,2.245,0,0,0,0,0,4.49,0,0,0,2.245,2.245,21.741,2.427
pote.txt_9883,1.307,0,1.307,0,0,7.843,0,0,0,7.843,0,2.615,0,0,0,2.615,2.615,3.922,0,0,4.058,6.159
pote.txt_8947,0,0,0,0,1.65,2.2,3.3,0.55,1.1,0.55,0,1.1,5.499,1.65,1.1,0,0.55,1.1,0.55,1.1,7.742,7.137
pote.txt_8819,0,0.621,0.621,0,0,2.482,1.241,1.241,0.621,5.584,0,1.861,1.861,1.241,0.621,0.621,0.621,3.102,0,0,6.727,7.901
pote.txt_6865,0,3.111,0,0,0,0.778,0,0,0.778,0.778,0,0,0,0.778,4.666,0,0.778,0.778,0,1.555,12.9,10.455
pote.txt_6389,0.647,0,0,0,1.941,0,0,0,2.588,1.294,0,0,0,0,1.941,0.647,0,1.294,0,0,10.88,19.216
pote.txt_4893,0,2.854,0,0,0,0,4.281,0,0,0,0,0,0,0,5.709,2.854,0,0,0,0,11.216,9.795
pote.txt_5763,1.543,0,0,0,0,6.171,0,3.086,3.086,4.628,0,0,0,0,0,1.543,0,1.543,0,0,5.305,9.877
pote.txt_97,2.307,1.154,1.154,0.577,0.577,2.884,0,0.577,3.461,3.461,0,0,0.577,0,0,0,0.577,0.577,0,0,8.776,9.734
pote.txt_7815,0.823,0,0,1.646,0,0,0.823,0.823,0.823,2.469,0.823,1.646,0.823,0.823,2.469,0,1.646,0.823,0,2.469,8.212,9.256
pote.txt_6233,0,0,0,0,1.63,0,0,0.815,4.075,1.63,0,0.815,0,0,0.815,0.815,0,0,1.63,0,13.266,13.012
pote.txt_9433,0,0,0,0,2.234,4.468,0,2.234,0,13.405,0,4.468,2.234,0,0,0,0,0,0,0,4.452,6.234
pote.txt_321,1.818,0,0,0,0.909,2.727,0,0.909,5.455,4.545,0,0,0.909,0.909,0,1.818,0,1.818,0.909,0,6,8.347
pote.txt_9569,3.738,0,0,0,0,0,0,1.869,0,3.738,0,0,0,0,5.607,0,0,0,0,1.869,6.704,12.958
pote.txt_6381,0.952,1.905,0,0,0,0.952,0,0.952,2.857,0.952,0,0,2.857,0,0.952,0.952,0.952,0,0.952,0,9.83,11.778
pote.txt_6883,0,0,0,0.895,0.895,3.581,0,0.895,0,0,0,0,3.581,1.791,0.895,0,0,0.895,0,2.686,11.306,9.187
pote.txt_3389,0,0,0,0,6.162,0,0,0,0,0,0,0,0,0,3.081,0,0,0,6.162,0,8.974,12.413
pote.txt_1021,1.645,3.29,1.234,1.234,0.823,2.056,1.645,0,2.056,0.411,0.411,0.411,0,0.823,0.411,1.234,1.234,0.411,0.823,0.411,7.71,8.302
pote.txt_6813,0,0,0.73,0.73,0,0.73,0.73,0.73,1.46,2.92,0,0.73,0,0.73,1.46,0,0,0.73,1.46,0,10.896,13.806
pote.txt_7633,7.721,1.103,1.103,0,0,1.103,0,0,6.618,1.103,0,0,3.309,0,1.103,0,0,0,0,0,6.352,7.689
pote.txt_8891,0,2.355,0.393,0,0.393,2.747,0.785,0.393,1.177,0.785,0,0.393,0.393,0,1.962,0,0.393,0.393,0.785,1.57,12.228,9.815
pote.txt_5421,2.417,0,1.208,1.208,2.417,1.208,0,3.626,1.208,1.208,0,0,0,0,0,1.208,0,0,0,0,9.623,11.373
pote.txt_6679,0,0,0.977,0.977,0.977,0,0.977,0.977,0,0.977,0,0.977,0,0.977,2.931,2.931,0.977,0.977,0,0.977,11.449,8.458
pote.txt_6797,2.372,0,0,0,2.372,1.581,0,0,3.162,1.581,0,0,0,0.791,0.791,0.791,0,0.791,0,0,11.079,11.933
pote.txt_1053,0.399,3.192,0.399,0.399,1.197,1.995,0.399,0,2.394,0,0.399,1.596,1.596,0,1.197,0.798,1.596,1.197,0,1.197,8.505,8.029
pote.txt_3505,0,0,0,0,0,0,0,0,0,0,0,0,0,0,3.215,0,0,0,6.43,0,11.055,20.728
pote.txt_2503,2.26,0,0,0,0,0,0,1.13,4.521,5.651,0,1.13,0,0,0,0,0,1.13,0,0,9.549,11.306
pote.txt_6275,7.723,0,0,1.545,0,0,3.089,1.545,3.089,1.545,0,0,0,0,0,0,1.545,1.545,0,1.545,6.297,7.741
pote.txt_3789,0,0,0,0,0,0,0,0,0,0,0,0,0,0,10.216,0,0,0,4.086,0,10.412,12.493
pote.txt_2471,0,0,0,0,0,0,0,1.59,0.795,0.795,0,0,0,0,3.976,0,0,0,2.385,0,23.167,8.875
pote.txt_11905,0,0,0,0,0,0,0,0,9.878,4.939,0,0,0,0,0,0,0,0,0,0,9.712,12.464
pote.txt_1321,0.709,0.709,0.709,0.709,0.709,2.837,0,2.128,2.837,0.355,0.355,0.709,0,0,0.355,0.709,0.355,2.128,0,0,9.98,10.275
pote.txt_8849,0,0.498,0,0.498,0,0.498,0,0,0,0,0,0,1.991,1.493,7.965,3.485,0.996,0.996,0,0,7.695,10.267
pote.txt_5239,3.152,0,0,0,0,0,1.051,0,3.152,4.203,0,0,0,0,1.051,0,0,0,0,0,10.334,15.264
pote.txt_5503,0,0,0,1.873,0,3.746,0,1.873,0,0,0,0,0,0,0,5.619,0,3.746,1.873,0,9.457,8.201
pote.txt_4451,0,0,0,0,0,0,0,1.14,2.28,2.28,0,1.14,0,0,2.28,1.14,0,0,1.14,0,12.329,15.529
pote.txt_3841,0,0,0,0,0,0,0,0,0,0,0,0,0,0,2.526,0,0,0,6.314,0,17.847,16.063
pote.txt_4681,3.27,0,0,0,0,0,0,0,0,6.54,0,3.27,6.54,0,3.27,9.81,3.27,0,0,0,4.565,3.396
pote.txt_1269,2.389,1.593,1.593,0,0,3.186,0,0.796,2.389,4.778,0,1.593,0,0.796,0,2.389,2.389,2.389,0,0,6.007,6.1
pote.txt_7207,3.888,2.592,1.296,1.296,0,1.296,2.592,0,2.592,0,0,2.592,0,0,2.592,2.592,0,0,0,0,6.86,7.071
pote.txt_4499,0,5.332,0,0,0,1.777,0,0,1.777,0,0,1.777,0,0,1.777,0,0,3.555,0,1.777,7.727,10.893
pote.txt_3919,0,0,0,0,0,2.478,0,0,7.433,2.478,2.478,0,0,0,0,0,0,2.478,0,0,10.58,8.501
pote.txt_10269,0,0,0,0,0,0,0,0,5.521,7.362,0,0,0,0,0,0,0,0,0,0,11.422,13.705
pote.txt_7939,0.723,1.447,0,0,2.17,0.723,0,0,2.894,0,0.723,1.447,0.723,0,1.447,2.17,1.447,1.447,0,0,8.749,10.312
pote.txt_8541,0,0,0,0,0,6.34,2.818,0,0,0.704,0,0,0.704,0.704,2.113,6.34,0,0,0,0.704,8.87,7.255
pote.txt_4543,0,2.077,0,0,1.039,2.077,0,0,0,0,0,0,0,0,5.193,0,0,0,0,0,16.736,13.282
pote.txt_10447,1.727,1.727,0,1.727,0,0,0,1.727,1.727,1.727,0,0,0,1.727,3.455,0,0,1.727,0,0,9.495,9.661
pote.txt_4051,0,0,0,0,0,17.643,0,5.881,0,11.762,0,0,0,0,0,0,0,0,0,0,4.531,3.659
pote.txt_4247,0,0,0,0,0,0,0,2.89,0,2.89,1.445,0,0,0,4.336,0,0,1.445,0,0,20.478,4.441
pote.txt_7373,0,0,0,0,1.325,0,0,0.662,5.962,2.65,0,0,0,0,1.325,0,0,0,0,1.325,10.265,14.258
pote.txt_7777,0,0,0,0,1.875,0,0,1.25,0,0,0,0,6.249,0,3.749,0,0,0,0,0.625,12.035,11.699
pote.txt_2607,1.654,3.308,0.414,0.827,1.24,1.654,1.24,0,0.827,0,0,0.414,0.414,0.827,2.481,2.067,1.654,0.414,0,0,8.346,8.653
pote.txt_7305,2.805,0,0,0,1.87,0.935,0,1.87,4.676,1.87,0,0,0.935,0,0,0.935,0,1.87,0,0,9.183,9.443
pote.txt_11059,3.731,0,0,0,0,0,0,0,5.596,3.731,0,0,0,0,0,0,0,0,0,0,10.899,13.936
pote.txt_6991,0,0,0,0,0,0.958,0,0.958,4.791,8.624,0,0,0.958,0,0,0,0,0,0,0.958,10.789,8.397
pote.txt_8271,2.464,0,0.821,0.821,0.821,4.107,0.821,0.821,1.643,3.285,0,0.821,0,1.643,0,0,0.821,2.464,0,0,7.43,7.942
pote.txt_10037,0.967,0,0,0,0,3.867,0,4.834,1.934,2.9,0,0.967,0.967,0,0.967,1.934,0.967,0.967,0.967,0,7.387,7.314
pote.txt_7251,0,0,0,0,0,7.461,0,0,0,0,0,0,0,9.948,0,0,0,0,0,2.487,8.671,7.912
pote.txt_5199,0,0,0,0,10.238,0,0,0,0,20.475,0,0,10.238,0,0,0,0,0,0,0,3.758,2.749
pote.txt_9755,0.855,0,0,0,0,0.855,0,2.564,4.273,0.855,0,0.855,0,0,0,0,0,1.709,0.855,0,11.443,13.794
pote.txt_9157,1.05,4.202,1.05,0,0,4.202,0.525,0.525,2.626,0.525,0,0.525,3.151,0.525,0,2.101,0.525,0.525,0,2.101,6.31,7.068
pote.txt_8703,2.017,1.344,1.344,0,0,2.689,0,0.672,3.361,4.705,0,0,0,0.672,0,3.361,0.672,1.344,0,0,6.582,8.159
pote.txt_7613,0.475,0,0,0,0,0.95,0,0.475,0,3.326,0,0,0.475,0.475,3.326,0,0,0,0.475,0,12.636,18.334
pote.txt_2185,0,1.691,0.845,0,1.268,1.268,0.423,2.113,1.268,0,0,1.691,0.423,0.423,2.536,1.691,0.845,0.423,0.423,0.423,10.129,8.514
pote.txt_7479,0,0,0,0,0,2.258,0,0,0,0,0,0,0,0,3.952,0,0,0,1.694,0.565,18.388,16.59
pote.txt_1989,0,0,0,0,0,0,0,0,0,1.584,0,0,0,0,4.752,0,0,0,6.336,0,9.441,16.046
pote.txt_4083,4.272,0,0,2.136,0,2.136,2.136,0,2.136,0,0,0,0,2.136,2.136,0,0,0,0,0,8.765,10.596
pote.txt_9133,1.346,3.59,0.898,0.898,1.346,1.346,0,0,1.795,0.449,0.449,1.346,1.346,0.898,1.346,1.346,0.898,0.449,0.449,0.449,7.3,8.645
pote.txt_823,0.494,0,0,0.494,2.471,0.494,0,0.989,4.448,0.494,0,0,0.989,0,1.483,0.989,0,1.483,0,0,10.08,12.081
pote.txt_7611,0.496,0,0,0,0.496,0.992,0,0,0,3.471,0,0,0.496,0.496,3.471,0,0,0.496,0,0,12.026,17.931
pote.txt_8487,0,5.881,0,0.98,0,4.901,0,0,0,0.98,0,1.96,2.941,0,0.98,0.98,4.901,2.941,0.98,0,5.127,5.857
pote.txt_2881,0,0,0,0,0,4.808,6.01,0,7.212,3.606,0,2.404,0,0,0,0,0,0,0,0,8.321,5.136
pote.txt_3585,0,0,0,0,0,0,0,0,0,12.088,0,6.044,0,0,0,0,0,6.044,6.044,0,4.353,5.795
pote.txt_6965,1.74,0,0,0,0,2.611,0,0,4.351,0,0,0,0,0.87,2.611,1.74,0.87,0.87,0,0,14.522,6.533
pote.txt_1747,1.228,0,0,0,1.228,2.457,0,2.457,1.228,2.457,1.228,1.228,1.228,0,1.228,1.228,0,2.457,0,0,7.908,8.89
pote.txt_91,1.421,1.421,1.421,0,0,2.132,0.711,0.711,3.554,2.843,1.421,1.421,0,0,0,0,1.421,1.421,0,0,7.95,8.63
pote.txt_10749,2.815,5.63,0,0.938,0,1.877,0,3.753,1.877,0,0,0.938,1.877,0,0.938,2.815,0,1.877,0.938,0.938,6.02,5.582
pote.txt_2417,0,0,0,1.135,1.703,1.135,0.568,0.568,1.135,1.135,0,0,0,0,1.135,0,0,1.703,1.135,0,11.463,16.488
pote.txt_3997,0,0,0,0,0,0,0,1.203,2.407,0,0,0,0,0,2.407,0,0,0,2.407,0,14.73,20.379
pote.txt_6547,0,0,0,0,0,0.6,0,1.2,1.8,0.6,0,0.6,0,0,1.2,0,0,0.6,2.999,0,16.187,15.714
pote.txt_8099,1.493,0,0.747,1.493,1.493,2.24,0,1.493,0.747,0,1.493,0.747,1.493,0.747,0.747,0.747,0.747,1.493,0,0.747,8.352,9.368
pote.txt_6291,0,0,0,0,4.507,0,0,0,1.288,0,0,0,0.644,0,2.576,0,0,0,0.644,0,13.148,18.602
pote.txt_3185,0,0,0,0,0,0,0,0,0,0,0,0,0,0,95.238,0,0,0,0,0,0,0
pote.txt_9431,0,0,0,0,3.483,3.483,0,1.741,1.741,6.966,0,0,1.741,0,0,1.741,0,1.741,0,0,5.593,8.816
pote.txt_10319,1.426,0,0,0.713,0.713,1.426,1.426,2.14,2.853,1.426,0,2.14,0,1.426,0,0,0,1.426,0,0,7.865,11.463
pote.txt_6791,0,0,0,0,2.437,0,0,1.218,3.655,0,0,0,0,0,3.046,0,0,0,0,0.609,13.602,15.145
pote.txt_7461,0,0,0,0,0,2.348,0,0,0,0,0,0,0.587,0,2.935,0,0,0.587,1.761,0.587,16.316,17.695
pote.txt_1193,2.416,0,0,0,0.604,0.604,0,1.812,1.208,1.208,0,1.208,1.208,0,3.02,0,0.604,2.416,0.604,0.604,8.594,10.297
pote.txt_10015,2.226,1.484,1.484,0,0,2.968,0,0.742,3.71,4.451,0.742,1.484,0,0,0,0,1.484,1.484,0,0,7.631,7.055
pote.txt_7785,2.394,2.394,2.394,0,1.197,0,1.197,0,2.394,4.789,2.394,3.591,1.197,0,0,0,1.197,1.197,0,0,6.177,5.9
pote.txt_11987,0,0,1.154,0,1.154,1.154,0,3.462,1.154,2.308,0,2.308,0,1.154,0,0,0,0,1.154,0,8.023,13.898
pote.txt_757,0.79,3.159,0.395,0.79,0.79,0.79,0,1.185,3.159,1.185,0,0.395,1.579,0,1.185,1.579,1.579,0,0,0.395,7.682,9.762
pote.txt_401,0.619,0,0,0,1.858,2.478,1.858,2.478,0,0.619,0,0,0,0,1.858,0.619,0.619,0.619,0,0,10.446,13.474
pote.txt_2415,0,0,0,0,0.989,0.989,0.989,1.977,1.977,3.955,1.977,1.977,0,0,0.989,0,0.989,0.989,0,0,8.686,9.911
pote.txt_3263,0,0,0,0,0,0,0,0,46.875,0,0,0,0,0,15.625,0,0,0,0,0,1.071,1.606
pote.txt_11715,1.949,0,0,0,0,0,0,1.949,0,0.974,0,0,0,0,3.898,0,0,2.923,0,0,15.752,11.526
pote.txt_5085,0,0,0,0,2.731,0,0,0,9.558,0,0,0,0,0,0,0,0,4.096,0,0,11.344,8.825
pote.txt_3849,0,0,0,0,0,0,0,0,0,0,0,0,0,0,2.66,0,0,0,15.959,0,11.106,6.661
pote.txt_1531,3.912,1.956,0,0,1.956,0.978,0,1.956,3.912,3.912,0,0,1.956,0,0,0,0.978,1.956,0,0,5.717,8.113
pote.txt_5491,0,0,0,0,7.523,0,0,5.015,0,0,0,0,0,0,0,10.03,0,2.508,0,0,6.749,6.06
pote.txt_10145,0,0,0,0,0,0,0,0,0,0,0,0,3.347,1.116,12.274,4.463,1.116,0,0,0,5.459,9.184
pote.txt_10371,5.277,0,0,0,0.754,0,0,0,6.031,3.769,0,0,0,0,0,0,0,0,0,0,11.295,9.55
pote.txt_10877,0.813,0,0,0,1.627,3.253,0,0.813,0,0,0.813,1.627,1.627,0,1.627,0.813,0.813,0,0,2.44,9.555,10.758
pote.txt_8445,2.239,1.493,0.746,0.746,0,2.239,0,2.239,3.732,2.239,0.746,0.746,0,0,0,0,2.239,1.493,0,0,7.933,7.803
pote.txt_4649,0,0,0,0,1.14,0,0,1.14,5.698,3.419,0,0,0,0,0,0,0,1.14,0,0,9.299,16.426
pote.txt_1389,2.296,0,0,0,0,3.444,0,4.592,1.148,4.592,0,1.148,1.148,0,1.148,3.444,1.148,1.148,1.148,0,5.792,6.245
pote.txt_10795,0.862,2.587,0.862,0.862,0.431,3.019,0.431,0.431,0.862,1.294,0,1.725,0,0,0.431,1.294,0.862,1.294,0.862,0.862,8.497,8.927
pote.txt_2781,0,0,0,0,0,16.607,7.265,0,0,0,0,0,0,0,0,0,0,0,0,0,7.442,6.124
pote.txt_7753,2.361,0,1.18,0,2.361,3.541,0,1.18,1.18,1.18,0,1.18,2.361,2.361,0,0,4.721,1.18,0,1.18,5.881,6.403
pote.txt_8375,3.726,0,0,0.745,0,3.726,0,0.745,2.981,3.726,0,0.745,0,0,0,0.745,0.745,1.49,0,0.745,7.416,8.972
pote.txt_3501,0,0,0,0,0,0,0,0,0,0,0,0,0,0,4.317,0,0,0,4.317,0,21.229,13.268
pote.txt_7245,0,0,0,3.128,0,9.384,0,0,0,0,0,0,0,3.128,0,0,0,0,0,3.128,13.312,4.308
pote.txt_11307,1.17,0,3.511,0,1.17,2.341,0,2.341,0,1.17,0,1.17,1.17,0,1.17,1.17,0,1.17,0,0,9.567,9.283
pote.txt_7619,0,0,0,0,0,0.633,0,0.633,5.064,0,0,0,0.633,0.633,0,0,0,5.064,0.633,0,9.806,14.645
pote.txt_5279,0,0,0,0,0.887,0,0,0,3.549,0.887,0.887,0,0,0,2.662,0,0,0.887,0.887,0,14.233,15.2
pote.txt_10727,0,2.645,0,0.882,0.882,2.645,0.882,0,2.645,0.882,0,1.763,1.763,0,0.882,0.882,0.882,0,0.882,0,7.404,10.464
pote.txt_11749,7.003,1,2.001,4.002,0,3.001,1,0,1,0,0,2.001,4.002,1,0,3.001,0,0,0,1,4.739,5.502
pote.txt_9503,1.136,0.757,0.757,0.757,0.757,2.271,0,3.407,3.407,0,0.379,0.757,0,0,0.379,0.379,1.514,0.757,0,0,9.533,9.472
pote.txt_7043,0,0,0,0,0,0.744,0,0,0.744,0.744,0,0,0,0,3.723,2.978,0.744,0.744,0.744,1.489,15.24,10.275
pote.txt_3443,0,0,0,0,0,0,0,0,0,0,0,0,0,0,6.43,0,0,0,3.215,0,11.055,20.728
pote.txt_4701,0.849,0,0,0,0,0,0,0.849,0.849,1.698,0,0,0,0,3.396,0,0,0,1.698,0,14.286,18.278
pote.txt_4979,0,0,0,0,0,3.729,0,1.865,3.729,9.324,0,0,0,0,0,1.865,1.865,0,0,0,5.431,9.168
pote.txt_7,1.08,0,1.08,1.08,2.16,1.08,0,3.24,2.16,1.08,0,0,0,0,0,1.08,0,0,0,0,9.408,13.884
pote.txt_8977,1.818,2.727,0.909,0,0.454,1.818,0.454,0.454,1.363,0.909,0,0,0.909,0.454,1.363,2.727,0.909,0.909,0.454,0,9.298,8.455
pote.txt_6653,0,2.429,0,0,2.429,2.429,0,0,0,0,0,0.81,0,0,4.049,0,1.62,0,0,0,9.957,13.748
pote.txt_4931,1.82,0,0,0,0,0,0,1.82,0,0.91,0,0,0,0,2.729,0,0,2.729,0.91,0,16.919,11.932
pote.txt_9325,0,0,0,0,0,0,0,0,2.932,0,1.466,0,0,1.466,4.398,0,0,0,2.932,0,15.055,9.556
pote.txt_10085,0.836,3.346,0.836,0.836,0,1.673,0,0.836,1.673,0.836,0,0,0,0,3.346,0,0.836,0,0,0.836,12.032,8.735
pote.txt_2851,1.61,4.292,1.61,0.537,1.61,1.073,2.146,0.537,1.073,1.073,0,2.146,0.537,1.073,1.073,1.073,2.683,0,0,0.537,6.213,6.839
pote.txt_6211,1.372,1.372,1.372,1.372,0,1.372,0,1.372,2.745,2.745,0,0,0,0,0,1.372,1.372,4.117,0,0,10.072,5.922
pote.txt_10895,0.669,1.339,1.339,0,0,3.347,0,2.008,3.347,3.347,0.669,0.669,0,0.669,0,0.669,0.669,0,0,0,8.894,8.754
pote.txt_6889,0,3.5,0,0,0,1.167,0,0,2.333,1.167,0,2.333,0,1.167,3.5,4.667,1.167,0,0,0,7.777,7.878
pote.txt_3143,0,0,0,0,0,2.643,0,0,0,0,0,0,0,0,5.287,0,0,0,0,0,12.208,24.42
pote.txt_2085,0.603,0.603,0.301,0.904,0.603,3.919,0,2.11,3.014,0.301,0,0,0,0,0.301,0.603,0.301,0.904,0.301,0,10.564,11.676
pote.txt_9083,0,2.081,0.52,3.121,0,0,0.52,0.52,2.081,0,0.52,0,1.04,6.242,5.202,0,0.52,0,0,1.04,6.442,7.433
pote.txt_4845,3.353,0,0,0,1.676,0,0,0,0,0,0,0,0,0,5.029,0,0,1.676,3.353,0,7.913,13.895
pote.txt_6593,0.904,0,0,0,2.713,0.904,0,0,3.617,0.904,0,0,0,0,0.904,0,0,2.713,0.904,0.904,10.533,12.134
pote.txt_5345,1.75,0,0,0,0,0,0,0,2.626,3.501,0.875,0,0,0,1.75,0.875,0,0,0,0,11.41,16.489
pote.txt_6691,1.765,0,0,0,0.883,0.883,0,0.883,4.413,1.765,0,0.883,0,0,0,0,0,3.53,0,0,8.71,13.211
pote.txt_11259,1.4,0,0,0.7,2.1,2.8,0.7,1.4,2.8,0.7,0.7,0.7,0,0,0,1.4,0,0.7,0,0,9.205,11.307
pote.txt_5067,1.834,0,0,0,0,0.917,0,0,1.834,0,0,0,0,0,1.834,0,0.917,1.834,1.834,0,10.947,17.717
pote.txt_8309,0.61,4.876,0,0,1.219,1.829,0,0.61,0,0,0.61,0,1.219,0.61,3.657,0.61,0,0,0,0,12.969,7.854
pote.txt_4921,2.114,0,0,0,0,0,0,2.114,0,1.057,0,0,0,0,4.227,0,0,3.171,0,0,13.438,12.033
pote.txt_2041,1.088,0,0,0,0.725,1.813,0,0.725,0,0.725,0,0,0,0,3.264,0.363,0.363,0.363,0.725,0.363,14.945,14.776
pote.txt_11371,1.314,3.505,0.876,0.876,1.752,3.067,1.314,2.191,1.752,0.876,0.876,0.438,0.876,0,0,0.876,0.438,0,0,0.876,6.885,8.063
pote.txt_5143,1.014,0,1.014,0,1.014,0,0,2.029,2.029,1.014,0,0,0,1.014,2.029,0,0,1.014,0,0,10.705,15.674
pote.txt_10209,0,0,0,0,0,0,0,1.063,2.127,0,0,0,0,0,2.127,0,0,0,4.253,0,10.895,21.078
pote.txt_5409,2.167,0,1.083,1.083,2.167,1.083,0,3.25,2.167,0,0,0,0,0,0,1.083,0,0,0,0,9.627,13.6
pote.txt_10883,4.013,0,0,0.803,1.605,4.815,0.803,0.803,2.408,3.21,0,0,0,0,0,1.605,0,0,0,0,7.78,8.657
pote.txt_1147,0.858,3.003,0,0.858,0.429,2.145,0.858,1.287,0.858,0.858,0,2.574,0.429,0.858,1.287,1.716,0.429,0.429,0.429,1.287,7.099,8.889
pote.txt_7067,2.883,0,0,0.961,0.961,4.805,0.961,0,0,0.961,0,1.922,0,0,0.961,0.961,0,0.961,0.961,0,9.434,9.696
pote.txt_5967,1.177,0,0,0,0,2.354,0,0,4.708,7.063,0,0,0,0,0,0,0,1.177,0,0,8.15,11.907
pote.txt_3229,0,0,0,0,0,0,0,0,6.255,0,0,0,0,0,0,0,0,0,6.255,0,25.772,0
pote.txt_10987,0,0,0,0.917,0,1.833,0.917,0.917,0.917,0.917,0,0.917,0.917,0.917,0.917,1.833,0,2.75,0.917,0.917,8.204,11.831
pote.txt_8821,2.165,0,0,0.866,0.433,2.165,0,1.732,3.031,0.866,0.433,0.866,0.433,0,0.866,0,0,1.299,0.433,0,10.913,10.235
pote.txt_8519,2.573,0,0.643,0,0,1.287,0,1.93,5.147,1.93,0.643,0.643,0.643,0,0,0.643,0.643,1.93,0,0,8.688,9.042
pote.txt_27,1.15,1.15,0,0,1.15,0.575,0,0.575,1.724,0.575,0.575,0,0.575,0.575,2.874,0.575,0.575,0.575,1.15,0,11.733,11.073
pote.txt_7145,0.836,0,0,0,2.509,1.673,2.509,0.836,1.673,1.673,0,0,0.836,0,1.673,0,0,1.673,0,0,11.679,9.088
pote.txt_727,0.756,3.024,0.756,0.378,0.378,3.024,0,0.378,1.134,0.756,1.134,0.756,0,1.89,1.512,0.378,0,1.134,0.378,0,8.89,9.74
pote.txt_4173,0,0,0,0,3.892,0,3.892,7.784,0,3.892,0,0,7.784,0,0,3.892,0,3.892,0,0,4.32,3.958
pote.txt_3115,0,0,0,0,0,0,0,0,0,0,0,0,0,0,5.049,0,0,0,2.525,0,12.599,25.198
pote.txt_9447,1.041,1.041,0.521,1.041,1.041,1.041,0,1.562,0.521,1.562,0,1.562,1.562,0,2.083,0,0.521,0,0.521,0.521,9.489,10.972
pote.txt_6311,1.135,2.269,0,0,2.269,0,0,2.269,4.539,1.135,0,0,1.135,0,0,0,1.135,0,1.135,0,9.221,10.216
pote.txt_1895,2.376,0.475,0.475,0,0.475,2.376,0.475,0,1.426,0.475,0,0.475,0,0,1.901,0.475,0.475,1.426,0.95,0,9.694,13.279
pote.txt_8379,2.022,0,0,0.674,2.022,2.696,0,1.348,2.696,2.696,0,0,0,0.674,0,0.674,1.348,0.674,0,0.674,8.231,9.953
pote.txt_9933,0,0,0,0,0,0,0,0,6.255,0,0,0,0,0,0,0,0,0,6.255,0,25.772,0
pote.txt_7149,5.444,0,0,0,2.722,0,2.722,4.083,1.361,2.722,0,1.361,1.361,0,0,2.722,0,1.361,0,0,5.281,7.065
pote.txt_11517,0.631,3.784,1.892,0,0,4.415,0,1.261,0.631,0.631,0,0.631,1.261,0.631,2.523,1.892,0,0.631,0,0.631,7.415,7.885
pote.txt_5663,9.043,0,0,0,0,0,0,1.809,1.809,1.809,0,0,5.426,0,3.617,0,0,0,0,0,6.443,7.361
pote.txt_7119,1.171,0,0,0,1.756,0.585,0.585,0.585,1.171,0.585,0,0,0,0.585,1.756,0,0,0,0.585,1.171,12.866,16.811
pote.txt_9775,2.723,1.815,0,0,1.815,0.908,0,1.815,2.723,1.815,0.908,0,1.815,0,0.908,0,0.908,3.631,0,0,6.359,8.679
pote.txt_1777,1.005,2.009,0,0,1.005,3.014,0,3.014,4.019,3.014,0,0,1.005,0,0,1.005,2.009,3.014,0,0,6.222,7.187
pote.txt_627,0,0,0,1.037,1.037,1.037,4.147,0,2.073,0,0,0,0,0,3.11,1.037,0,0,0,1.037,9.896,12.705
pote.txt_4349,0,0,0,0,4.292,2.146,0,2.146,2.146,4.292,0,0,2.146,0,0,2.146,0,2.146,0,0,6.51,8.78
pote.txt_9513,1.475,1.475,0.738,0,0.738,2.95,0,0.738,2.212,2.212,0,1.475,0,0,0.738,1.475,3.687,2.95,0,0,7.383,6.868
pote.txt_2925,0,0,0,0,2.66,3.546,1.773,0,6.206,0,0,2.66,0,0,0,0,0,0,0.887,0,9.878,8.788
pote.txt_4279,0,0,0,0,9.285,0,0,9.285,0,18.57,0,0,0,0,0,0,9.285,9.285,0,0,1.731,1.861
pote.txt_1889,1.102,0,0.551,0,0,2.204,0,0,0.551,1.102,0,1.653,0.551,0,2.755,0,1.653,1.653,1.102,0,11.273,10.818
pote.txt_453,2.012,3.018,1.006,1.006,2.012,1.006,0,0,1.006,1.006,0,2.012,1.006,0,1.006,1.006,3.018,0,0,0,7.722,8.666
pote.txt_5425,2.415,0,1.208,0,2.415,1.208,0,3.623,2.415,1.208,0,0,0,0,0,1.208,0,0,0,0,8.333,12.678
pote.txt_12161,4.042,2.695,0,0,0,0,0,1.347,4.042,6.736,0,1.347,0,0,0,0,0,1.347,0,0,6.825,8.39
pote.txt_11133,0.979,0,1.468,0.489,1.468,0,0,0.489,2.447,1.468,0.979,2.447,0.489,1.468,1.468,0,0.979,0,0.489,0,10.276,9.037
pote.txt_6549,0,0,0,0,0,0.648,0,1.296,1.944,0.648,0,0.648,0,0,1.296,0,0,0.648,3.241,0,14.654,15.399
pote.txt_8347,6.17,0,0,0,0,0.771,0,0,3.085,4.628,0.771,1.542,0,0,0,0,0.771,2.314,0.771,0,6.479,9.317
pote.txt_10511,0.914,0,0,0,0,0.914,0,0,1.829,0,0,0,0,0,2.743,0,0.914,1.829,1.829,0,12.218,16.519
pote.txt_5753,2.09,0,0,0,0,1.045,0,2.09,4.181,1.045,1.045,1.045,0,0,0,0,0,1.045,1.045,0,9.153,13.28
pote.txt_4573,0,0,0.94,0,0,0,0,0,0,0,0,0,0,0,3.762,0,0,0,3.762,0,19.204,15.785
pote.txt_1137,0,2.668,0,1.334,0,4.002,0,2.668,0,2.668,0,0,4.002,4.002,0,1.334,4.002,2.668,0,1.334,5.075,4.872
pote.txt_4565,0,0,0,0,1.302,0,0,1.302,6.512,1.302,0,0,0,1.302,0,0,0,1.302,0,0,9.651,15.24
pote.txt_5379,0,0,0,0,3.111,0,0,1.037,1.037,2.074,0,0,1.037,0,1.037,1.037,0,1.037,1.037,0,11.002,14.889
pote.txt_6529,1.053,2.106,0,0,2.106,0,0,2.106,5.265,1.053,0,0,1.053,0,0,0,1.053,0,1.053,0,8.583,11.047
pote.txt_3165,0,0,0,0,0,0,0,0,0,0,0,0,0,0,5.273,0,0,2.637,0,0,12.231,24.462
pote.txt_10813,0,0,0,0,3.384,1.692,0,0,3.384,4.23,0,0,0.846,0.846,0.846,3.384,0.846,0.846,0,0,7.28,8.951
pote.txt_387,3.614,2.409,0,0,1.205,1.205,0,1.205,3.614,6.023,2.409,0,2.409,0,0,1.205,1.205,2.409,0,0,4.146,6.604
pote.txt_3653,0,0,0,0,0,0,15.762,0,0,21.016,0,0,0,0,0,0,0,0,0,0,3.503,4.2
pote.txt_3729,0,0,0,0,0,0,0,0,0,0,0,0,0,0,5.736,0,0,0,4.302,0,14.011,16.813
pote.txt_5001,0,1.147,1.147,0,0,1.147,1.147,0,0,2.294,0,1.147,1.147,1.147,2.294,0,0,0,1.147,0,12.058,11.653
pote.txt_5729,0,0,0,1.716,0,1.716,0,5.147,1.716,6.863,0,0,1.716,0,0,3.432,1.716,0,0,0,5.252,8.216
pote.txt_7541,2.392,0,0,0,1.196,0.598,0,0,2.392,1.794,0,0,0,0,2.392,0.598,0,0.598,0,0,11.145,15.627
pote.txt_3269,0,0,0,0,9.749,0,0,0,0,0,0,0,9.749,0,0,0,0,0,0,9.749,8.798,1.793
pote.txt_3645,2.767,0,2.767,0,0,2.767,0,2.767,0,2.767,0,0,0,0,2.767,0,0,2.767,0,0,11.363,5.694
pote.txt_7711,7.306,0,0,0,0,4.175,0,1.044,3.131,2.087,1.044,0,0,0,0,0,2.087,2.087,0,0,7.033,7.149
pote.txt_635,0.629,3.775,0,0,0,4.404,0.629,0.629,1.887,0,0,2.517,1.258,1.887,1.258,1.258,0,0.629,0.629,1.258,6.728,7.674
pote.txt_6267,0,0,0,0,0,0.935,0,0,1.87,0,0,0,0.935,1.87,2.805,0,0,5.611,0,0,12.221,11.089
pote.txt_1771,0,0,0,0,1.306,3.918,0,1.306,2.612,6.531,0,0,1.306,0,0,0,0,3.918,0,0,6.914,8.822
pote.txt_2609,1.191,3.177,0.397,0.794,1.588,1.588,1.191,0,0.794,0,0,0.397,0.397,0.794,2.383,1.985,1.588,0.397,0,0,8.849,8.874
pote.txt_11853,1.329,0,0,0,1.329,1.329,1.329,0,5.318,3.988,0,0,1.329,0,0,1.329,0,0,0,0,8.829,10.317
pote.txt_4065,0,0,0,0,0,0,0,0,0,0,0,0,0,0,0,0,0,0,0,95.238,0,0
pote.txt_10975,0,0.441,0,0,0.441,2.207,0,1.766,3.09,1.766,0,0,1.324,0,2.648,0.441,0.441,0.883,0.441,0,11.104,9.666
pote.txt_6745,0,0,0.994,0,0,3.975,0,0.994,2.981,4.968,0,0,0.994,0,0,0,0,2.981,0,0,7.64,10.863
pote.txt_5443,0,0,1.061,0,1.061,1.061,0,1.061,2.123,3.184,0,0,0,0,0,2.123,0,1.061,1.061,0,9.345,14.311
pote.txt_2939,0,0,0.466,0,1.399,0.466,0,1.399,0.466,0.933,0,0.466,4.663,0,3.73,0,0,0,0.933,0,9.781,12.252
pote.txt_407,3.875,0,0.484,0.484,0.969,1.453,1.453,0.969,2.906,0.484,0,0.484,0,0,0.969,0.969,1.937,2.906,0,0,6.838,9.361
pote.txt_6755,0,3.758,0,0,0,1.253,0,0,0,0,0,0,0,0,3.758,0,0,2.506,0,0,9.677,18.43
pote.txt_2901,0,0,0,0,1.226,4.902,6.128,0,7.353,0,0,2.451,0,0,0,0,0,0,0,0,9.194,5.638
pote.txt_2663,0,0,0,0,0,0,0,1.554,3.107,0.777,0,0,0,0,2.331,0,0,0.777,0.777,0,13.573,19.035
pote.txt_3879,0,0,0,0,0,0,0,0,0,0,0,0,0,0,2.868,0,0,0,7.17,0,14.011,16.813
pote.txt_2533,1.211,0,0,0.605,1.211,0.605,0,0,4.844,2.422,0.605,0,0.605,0,1.211,0,0,0,0.605,0,14.795,8.668
pote.txt_10169,0,0,0,0,5.022,0,0,0,0,0,0,5.022,0,0,0,0,0,0,5.022,0,6.132,15.707
pote.txt_11569,0,0,0,0,0,0,3.188,3.188,5.314,3.188,0,0,0,0,0,1.063,0,0,0,0,8.5,12.207
pote.txt_9173,0,0,0.815,0.815,1.222,1.222,1.63,0.407,0.815,1.222,1.63,0.815,0.407,1.63,2.444,1.222,1.222,0.407,0,1.222,6.896,10.367
pote.txt_5795,1.128,2.256,0,1.128,0,1.128,0,2.256,0,1.128,0,0,1.128,0,2.256,1.128,1.128,1.128,0,0,8.627,12.266
pote.txt_1685,1.342,0,0,0.671,1.342,2.013,0,2.684,2.684,2.013,0,0,0.671,0,0.671,2.013,0.671,1.342,0,0,9.465,8.803
pote.txt_10927,2.373,0,0.593,0.593,1.187,3.56,0,2.373,2.967,0.593,0,1.187,0,0,0,1.187,0.593,1.187,0,0,8.213,9.776
pote.txt_4089,0,0,0,0,0,5.144,0,0,0,20.576,0,0,0,0,0,10.288,5.144,0,0,0,2.47,3.985
pote.txt_11175,0,3.752,0,0,0,1.251,0,0,0,0,0,0,0,0,3.752,0,0,2.502,0,0,9.072,19.071
pote.txt_3441,0,0,0,0,0,0,0,0,0,0,0,0,0,0,8.4,0,0,0,4.2,0,18.079,7.535
pote.txt_5863,0,0,0,0,2.557,0,0,0,5.114,3.836,0,0,2.557,0,0,0,0,3.836,0,0,13.327,5.164
pote.txt_653,0,0,0,0,0,6.829,0,4.097,1.366,6.829,0,1.366,1.366,0,0,1.366,1.366,2.731,0,0,4.339,7.209
pote.txt_5975,1.151,0,0,0,0,0,0,2.301,5.753,3.452,0,1.151,0,0,0,1.151,0,0,0,0,10.872,11.11
pote.txt_5051,1.871,0,0,0,0,0.936,0,0,1.871,0,0,0,0,0,2.807,0,0.936,1.871,0.936,0,11.828,16.376
pote.txt_685,0.373,0,0.373,0.373,0,1.863,0,2.236,1.491,1.491,0,1.118,0.745,1.491,2.236,0,0,0.373,0,0,12.417,10.695
pote.txt_2089,4.219,0,0,0,0,0,0,1.406,4.219,7.032,0,1.406,0,0,0,0,0,1.406,0,0,7.537,9.231
pote.txt_7041,0,2.985,0,0,0,0.746,0,0,0.746,0.746,0,0,0,0,3.731,0,0.746,0.746,0.746,1.492,14.918,10.547
pote.txt_2427,0,0,0,0,0,0,0,0,4.532,0,0,0,0,0,0,0,0,4.532,1.511,0,12.913,16.68
pote.txt_9053,0.899,2.698,0.45,0.899,0.45,2.698,0.45,0.899,1.349,0.45,0,2.249,0,0,0.899,1.349,0.899,1.349,0.899,0.899,7.749,8.932
pote.txt_9543,3.262,0,0,0.816,0.816,3.262,0.816,1.631,2.447,2.447,0,0,0,0,0,1.631,0,1.631,0,0,7.669,9.963
pote.txt_6049,0,0,0,0,0,0.891,0,1.783,4.457,0.891,0,0,0,0,0,1.783,0,2.674,0.891,0,11.219,13.107
pote.txt_591,1.254,0,0.627,0.627,0,4.391,0.627,2.509,1.254,1.882,0,0,0,0,1.254,0,0,0,0.627,0,10.179,11.675
pote.txt_8939,1.264,5.054,0,0,0.632,2.527,1.264,0.632,1.264,2.527,0,0,0.632,0.632,0.632,3.791,0.632,0.632,0,3.159,5.81,6.88
pote.txt_2443,2.791,2.791,1.396,0,0,0,2.791,4.187,0,2.791,0,4.187,0,2.791,0,1.396,0,1.396,0,2.791,4.61,5.952
pote.txt_1233,1.35,0,0,0,4.049,1.35,0,2.7,2.7,2.7,0,1.35,1.35,0,0,1.35,0,0,0,0,6.266,11.233
pote.txt_11789,2.851,2.851,0.475,0.95,0.475,3.326,0.475,0,0.95,0,0,1.901,0,0,0.95,1.425,0.95,1.425,0.95,0.95,7.631,8.098
pote.txt_159,1.373,2.745,0,0.457,0.457,0.915,0.457,0.915,0,1.373,0,0,0.915,0,4.575,0,0,0.915,0,0,11.004,10.789
pote.txt_9189,0.42,3.357,0.42,1.259,0.839,1.259,0.42,1.259,2.098,1.259,0,0.42,1.678,0,1.678,0.839,2.517,0,0,0,7.169,9.571
pote.txt_7007,0,0,0,0,1.895,0,0,0,5.054,1.264,0,0,0,0,1.264,0.632,0,1.264,0,0,11.376,16.534
pote.txt_9039,1.264,2.528,0.421,0.843,0.421,2.528,0.421,0.421,1.264,0.421,0,1.685,0,0,1.264,1.264,0.843,1.264,0.843,0.843,8.811,9.033
pote.txt_7239,0,0,0,0,0,14.032,0,0,0,0,0,0,0,3.508,0,0,0,0,0,3.508,8.101,7.514
pote.txt_11805,1.716,2.573,0.858,0.858,0.429,2.573,0.429,0.429,0.858,1.287,0,1.287,0,0,0.429,1.287,0.858,1.287,0.858,0.858,8.285,9.237
pote.txt_4291,0,0,0,0,1.238,2.476,1.238,0,1.238,0,0,0,0,0,1.238,0,0,1.238,1.238,0,14.18,16.968
pote.txt_10439,0,0,0,0,0,0,0,0,0,5.905,0,0,0,0,5.905,0,0,0,0,0,27.053,0
pote.txt_2143,0.665,1.33,0.665,0.665,0.665,1.33,0.665,0,1.995,0.665,0,0.665,0.665,0,1.33,0.665,0,1.995,0,1.995,10.878,9.807
pote.txt_5465,2.085,0,0,0,2.085,0,0,0,1.042,2.085,0,1.042,0,0,1.042,1.042,0,2.085,1.042,0,10.186,13.852
pote.txt_59,2.554,1.702,0,0,2.554,0.851,0,1.702,2.554,4.256,0,0.851,1.702,0,0.851,0,0.851,0,0,0,6.626,9.499
pote.txt_723,0,3.263,2.039,0.816,0.408,1.224,0.816,0,1.224,1.224,0,1.224,0.408,0,2.039,0.816,2.039,0.816,0.408,0.408,8.603,8.636
pote.txt_4533,3.531,3.531,0,0,0,0,0,0,3.531,3.531,3.531,0,0,0,0,7.062,7.062,3.531,0,0,6.143,2.038
pote.txt_11637,0.641,2.566,0,0.321,0.321,1.603,1.603,0.321,1.283,0.641,0,0,0.641,0,2.245,0.962,0.321,0,0.321,1.924,10.149,10.844
pote.txt_10393,2.846,0,0,0,2.846,0,0,0,5.692,0,0,0,0,0,0,0,0,0,0,0,10.77,17.119
pote.txt_1513,1.572,0,0,0,6.288,1.572,0,0,1.572,6.288,3.144,0,3.144,0,0,3.144,0,0,0,0,4.958,6.906
pote.txt_833,0.338,2.028,0,0.676,1.014,1.69,0,0.676,2.366,1.352,0,0.676,0.338,0.338,2.366,0.676,0.338,0.338,0,0,9.759,11.886
pote.txt_4115,2.632,0,2.632,0,1.316,1.316,0,0,0,0,0,0,0,0,3.948,0,0,0,0,0,20.031,6.955
pote.txt_11793,0.842,2.527,0.842,0.421,0.421,2.948,0.421,0.421,1.263,0.421,0,1.684,0,0,1.263,1.263,0.842,1.263,0.842,0.842,8.638,9.217
pote.txt_8281,2.911,0.728,0,0,0.728,3.639,0,2.911,3.639,1.455,0,0,0,0,0,1.455,0,0,0.728,0.728,9.202,8.273
pote.txt_4325,0,0,0,0,1.141,0,0,0,3.423,0,0,0,0,0,2.282,0,0,0,3.423,0,18.9,11.385
pote.txt_10391,2.827,0,0,0,2.827,0,0,0,5.654,0,0,0,0,0,0,0,0,0,0,0,10.959,17.083
pote.txt_11263,1.067,2.49,1.423,0.356,0.356,1.423,0,0.711,3.912,0,0,0.356,0.356,0.356,0.356,0.711,0.711,0.711,0,2.134,9.948,9.041
pote.txt_3335,0,0,0,0,0,0,0,0,0,0,0,0,0,0,3.193,0,0,0,4.789,0,19.306,17.158
pote.txt_5617,0,0,0,0,1.529,3.058,0,0,1.529,1.529,0,1.529,3.058,3.058,1.529,1.529,0,0,0,1.529,7.99,8.611
pote.txt_3451,0,0,0,0,0,0,0,0,0,0,0,0,0,0,5.019,0,0,0,5.019,0,16.813,14.011
pote.txt_9909,0,0,4.032,4.032,0,0,0,0,4.032,0,0,0,4.032,0,0,4.032,4.032,4.032,0,0,7.745,3.339
pote.txt_4617,3.285,0,0,0,1.642,0,0,3.285,3.285,1.642,0,1.642,1.642,0,1.642,0,0,0,0,0,10.843,7.474
pote.txt_4463,0,0,0,0,1.647,0,1.647,1.647,0,3.294,0,0,0,1.647,3.294,1.647,0,1.647,0,0,7.682,12.386
pote.txt_12095,0,0,1.106,3.319,0,1.106,5.532,0,1.106,1.106,0,0,1.106,1.106,5.532,1.106,0,0,0,0,9.127,5.654
pote.txt_11867,0,0,0,0,0,0,0,2.925,7.313,0,0,1.463,1.463,0,0,0,0,2.925,0,0,12.072,8.456
pote.txt_1753,0.809,3.238,0.405,0.809,1.619,1.619,1.214,0,0.809,0,0,0.405,0.405,0.809,2.833,2.024,1.619,0.405,0,0,8.671,8.708
pote.txt_1891,1.314,0,0.438,0.438,0.876,2.191,0.438,1.753,1.314,0.438,0,0.876,0,0,1.314,0,0.438,2.191,0,0,11.794,11.525
pote.txt_12075,0,0,0,0,1.506,0,0,0,7.531,3.012,0,0,0,1.506,0,0,0,0,0,0,12.588,11.445
pote.txt_2201,4.498,0,0,0,1.499,1.499,2.999,2.999,1.499,4.498,1.499,0,1.499,0,0,2.999,0,2.999,0,0,4.403,6.549
pote.txt_1697,0,2.565,0,0,0.427,2.137,0,1.282,2.137,0.855,0,1.71,0.855,0.427,2.137,0.855,0.427,0.855,0.427,0,8.476,10.872
pote.txt_10869,1.219,0,0,1.219,2.437,7.311,1.219,2.437,0,0,0,0,2.437,0,0,1.219,1.219,2.437,0,2.437,5.836,6.667
pote.txt_4905,1.853,0,0,0,0.927,0.927,0,1.853,0,0.927,0,0,0,0,3.706,0,0,0,0,0,18.775,11.686
pote.txt_9087,1.8,0,0,0,1.35,0,0.45,1.8,2.7,0.9,0.45,2.25,1.8,1.8,0.9,1.35,1.35,0,0.9,0.45,8.494,7.782
pote.txt_10943,1.983,1.322,1.322,0,0,1.983,0,1.322,3.304,1.983,0.661,0,0,0,0,0.661,1.983,1.322,0.661,0,8.984,8.894
pote.txt_129,3.428,0,0,0.571,0,2.856,0,0.571,3.428,2.856,0.571,0.571,0,0,0,0.571,0,1.143,0.571,0,8.364,10.942
pote.txt_8667,0.361,0.361,0.722,0,0.722,2.166,0,1.444,1.444,0.722,0,0,0,0.722,2.166,0,0,0.722,0,0,12.073,15.485
pote.txt_10715,0,0,0,0,0.902,0,0,0.902,2.705,3.607,0,0,0,0.902,1.804,0,0,0.902,0,0,10.539,16.681
pote.txt_10021,1.688,0.844,1.688,0,0,1.688,0.844,1.688,1.688,2.532,0.844,0,4.22,0,0.844,0,1.688,0,0.844,0,7.936,7.636
pote.txt_4957,0,0,0,1.637,1.637,0,6.549,0,4.912,0,0,0,0,0,1.637,1.637,0,0,0,1.637,6.589,10.216
pote.txt_8901,0.361,2.165,1.082,0,0.722,1.804,0,0.361,1.804,1.082,0.361,0,0,0,2.165,1.082,0.361,0,0,0.722,12.811,10.431
pote.txt_7179,0.687,0,0,0.687,2.749,0,0,0.687,4.124,1.375,0,0.687,0,0,0.687,0.687,0,0.687,0,0,10.97,13.864
pote.txt_2585,1.907,0,0,0,0,0.953,0,1.907,0,0.953,0,0,0,0,2.86,0,0,2.86,0,0,13.355,14.42
pote.txt_4669,0,0,0,0,0,1.419,0,0,0,4.258,0,1.419,4.258,0,2.839,0,0,0,1.419,0,11,10.12
pote.txt_6055,0,0,0,0,0,0,0,2.538,6.344,0,0,1.269,1.269,0,0,5.076,0,2.538,0,0,8.54,8.829
pote.txt_4003,0,0,0,0,2.719,0,2.719,5.438,2.719,2.719,0,0,2.719,0,0,2.719,0,0,0,0,11.08,3.984
pote.txt_1127,0,4.976,0,0,0.829,1.659,0,2.488,0,0.829,0,0,0,0,2.488,0,0.829,0.829,0,0,9.93,12.094
pote.txt_5719,2.021,0,0,2.021,0,1.011,0,0,0,0,0,0,2.021,0,4.042,1.011,1.011,0,0,1.011,12.034,11.096
pote.txt_2171,0,0,0,0,1.672,4.18,2.508,2.508,0.836,2.508,0,0,0,0,0.836,0.836,0.836,1.672,0,0,8.246,9.743
pote.txt_11549,0.708,2.832,0,0,0.708,0,0,0.708,0.708,0,0,0,0,0,3.541,0,0,0.708,0.708,1.416,13.868,12.756
pote.txt_8289,2.196,0,0,0,0,3.295,0,4.393,2.196,4.393,0,0,1.098,2.196,2.196,1.098,2.196,2.196,1.098,0,4.935,5.986
pote.txt_3493,0,0,0,0,0,0,0,0,0,0,0,0,0,0,7.992,0,0,0,3.996,0,11.875,14.843
pote.txt_8809,2.025,0,1.518,1.012,0,0.506,0.506,1.012,0.506,1.518,0,1.012,2.025,0.506,2.025,1.012,0.506,0,0,2.531,8.344,9.817
pote.txt_1201,0,1.637,0,0,1.637,0,0,1.637,3.274,0.819,0,0,0.819,0,2.456,0.819,0,0,0.819,0,16.839,6.638
pote.txt_1639,1.732,0,0,0,1.732,3.464,0,3.464,1.732,5.195,1.732,0,0,0,0,1.732,1.732,0,0,0,5.656,8.845
pote.txt_9225,2.889,0,0,0.482,1.445,4.334,0.482,0.963,0,0,0,1.445,0.482,0.963,1.445,7.705,0.482,0,0,0.482,6.913,6.835
pote.txt_10177,1.305,0,0,0,0,2.611,0,3.916,1.305,3.916,0,0,0,0,0,2.611,0,0,1.305,0,7.821,11.673
pote.txt_7509,0,0,0,0,0,2.43,0,0,0,0,0,0,0.608,0,3.037,0,0,0,2.43,0.608,17.364,15.8
pote.txt_153,0.949,2.846,0,0.949,0,1.423,0,0.474,0,1.423,0,0,0,0,2.846,1.423,1.423,0.474,0,0.949,10.404,11.281
pote.txt_1189,0,0,0,0,0,5.688,0,4.551,2.275,4.551,0,1.138,1.138,0,0,0,1.138,2.275,0,0,5.522,8.807
pote.txt_5181,0,1.111,0,0,1.111,0,0,0,2.222,0,1.111,1.111,0,1.111,3.333,0,0,1.111,1.111,0,12.563,11.826
pote.txt_7491,0,0,0,0,0,2.339,0,0,0,0,0,0,0.585,0,3.508,0,0,0,2.339,0.585,14.643,17.878
pote.txt_4915,0,5.48,0,0,0,1.827,1.827,1.827,1.827,1.827,0,0,1.827,0,1.827,1.827,0,0,0,1.827,7.851,7.086
pote.txt_10575,3.014,0,0,0,1.005,0,0,0,5.023,4.018,0,0,0,0,0,0,0,0,0,0,9.4,15.432
pote.txt_12125,0,1.552,0,0.776,0.776,0,0,0.776,4.656,1.552,0,0.776,0.776,0,0,0.776,0,2.328,1.552,0.776,8.348,11.033
pote.txt_2145,0,1.231,0,0,1.231,1.231,0,0,1.846,1.231,0,0,0.616,0,1.846,1.846,0.616,0.616,1.231,1.231,13.74,8.499
pote.txt_6485,2.723,0,0,0,0,2.723,0,1.361,2.723,8.168,0,1.361,0,0,0,1.361,1.361,0,0,0,6.329,8.712
pote.txt_4351,0,0,4.175,0,0,20.877,0,0,0,0,0,0,12.526,0,0,0,4.175,0,0,0,5.453,0.848
pote.txt_3911,0,0,0,0,0,0,0,0,0,0,0,0,0,0,3.554,0,0,0,21.322,0,5.877,7.053
pote.txt_5147,1.018,0,1.018,0,1.018,0,0,2.035,2.035,1.018,0,0,0,1.018,2.035,0,0,1.018,0,0,11.839,14.466
pote.txt_10973,4.527,0,0,1.698,0,1.698,0,1.132,3.395,1.132,0,0.566,0,0,0,0.566,0.566,0.566,0.566,0,9.08,11.061
pote.txt_3347,0,0,0,0,0,0,0,0,0,0,0,0,0,0,3.03,0,0,0,4.544,0,12.599,25.198
pote.txt_4273,0,0,0,0,0,0,0,0,0.87,0.87,0,0,0,0,2.61,0,0,0.87,2.61,0,17.473,19.481
pote.txt_5183,0,1.267,0,0,1.267,0,0,0,1.267,0,1.267,0,0,2.534,3.801,0,0,1.267,1.267,0,13.94,9.508
pote.txt_8565,1.274,0,0,0.637,1.274,3.821,0.637,0.637,2.547,2.547,0.637,0,0.637,1.911,0,1.274,0.637,0.637,0,0,7.526,9.775
pote.txt_9261,0,0,0,0,0,0,12.706,0,0,0,0,0,0,0,12.706,0,0,0,0,0,12.607,0
pote.txt_9563,0,0,0,0,0,0,0,0,7.555,13.222,0,0,0,0,0,0,0,0,0,0,11.556,4.28
pote.txt_10771,0.893,5.36,0,1.787,1.787,1.787,0,2.68,1.787,0.893,0.893,1.787,0,0,0,4.467,0.893,1.787,0,0.893,6.241,5.111
pote.txt_6869,0,3.223,0,0,0,0.806,0,0,0.806,0,0,0,0,0.806,4.834,0,0.806,0.806,0,2.417,12.83,9.785
pote.txt_1343,0,1.856,0,0.928,0.928,4.64,0,1.856,2.784,2.784,0.928,0,0,0,0,0.928,0.928,0.928,0,0,7.45,9.497
pote.txt_10147,0,0,0,0,0,0,0,0,0,0,0,0,1.84,1.84,14.722,5.521,0,0,0,0,5.439,8.093
pote.txt_651,3.462,2.308,0,0,0,6.925,1.154,2.308,2.308,4.617,0,0,0,0,0,1.154,1.154,1.154,0,0,5.538,6.423
pote.txt_9741,1.188,0,0,0,3.563,1.188,1.188,0,2.375,2.375,0,1.188,0,0,0,0,0,0,1.188,0,10.167,12.812
pote.txt_9485,0.419,2.515,0,0.419,0.838,1.676,0.419,0.419,0,1.676,0,1.257,1.257,0.838,2.096,0.838,0.419,1.676,0.419,0.419,9.167,9.634
pote.txt_4033,0,0,0,0,0,0,0,6.008,3.004,0,0,0,0,0,3.004,0,0,0,0,0,25.455,1.21
pote.txt_9333,2.102,0,0,0,0,0,0,0,6.306,4.204,0,0,0,0,0,0,0,0,0,1.051,10.077,13.788
pote.txt_1965,0,0,0,0,2.348,3.914,2.348,2.348,0.783,2.348,0,0.783,0,0,0.783,0.783,0,0.783,0,0,8.575,10.639
pote.txt_6615,0,0,2.98,0,0,5.96,0,1.49,0,8.94,0,0,1.49,0,0,0,1.49,2.98,0,0,5.411,7.245
pote.txt_3853,0,0,0,0,0,0,0,0,0,0,0,0,0,0,6.635,0,0,0,4.976,0,9.8,17.637
pote.txt_11063,0.836,3.342,0,0.836,0.836,2.089,0.836,0.836,0.836,0.836,0,2.507,0.836,0.418,1.253,1.671,0.418,0.836,0.418,1.253,7.035,8.708
pote.txt_1113,0,2.672,0,0.445,1.336,1.336,0,0.891,0,0.445,0,0.891,0,0,3.562,1.781,0.445,0,0,0.445,11.98,11.002
pote.txt_9749,0,0,0.791,0,1.583,0,0,1.583,1.583,0.791,0,0,0,0.791,2.374,0,0,0.791,0,0,13.021,17.217
pote.txt_1123,0,2.878,0,0.48,0,1.439,0,0.959,0,0.959,0,0.959,0,0,3.837,2.398,0.48,0,0,0.959,11.494,9.967
pote.txt_3045,0,0,0.694,0.694,1.388,0.694,0.694,1.388,2.081,0.694,0,0,0,1.388,0.694,0,0.694,1.388,0.694,0,11.271,13.359
pote.txt_1313,0.707,0.707,0.707,0.707,0.707,2.83,0,2.122,2.83,0.354,0.354,0.707,0,0,0.354,0.707,0.354,2.122,0,0,9.974,10.332
pote.txt_8321,1.552,0,0.517,0,0.517,2.587,0,0,1.035,3.105,0.517,0,0,0,2.587,0,0,0,0.517,0.517,12.599,11.595
pote.txt_931,3.521,1.761,0,0,1.761,0.88,0,2.641,3.521,2.641,0,0.88,0.88,0,0,0,1.761,0.88,0,0,6.992,8.559
pote.txt_2579,1.55,0,0,0,0,0,0,1.55,0.775,0.775,0,0,0,0,3.1,0,0,1.55,0,0,17.628,15.039
pote.txt_8701,3.082,1.233,0.616,0.616,0.616,1.233,0,0.616,3.082,3.082,0.616,0,0,0.616,0,2.465,2.465,0,0,0,7.052,9.151
pote.txt_8239,2.476,0,0.619,0.619,0,0,0.619,1.238,0.619,1.857,0,0.619,0.619,0.619,2.476,0.619,0.619,0,0,2.476,9.529,10.992
pote.txt_7811,0,0,0,1.653,0,1.653,1.653,2.48,2.48,2.48,0,1.653,0,0.827,0,0.827,0.827,2.48,0,0,7.29,10.099
pote.txt_9571,0,0,0,0,0,1.046,0,1.046,0,3.138,0,0,0,0,4.183,0,0,0,0,0,13.755,18.618
pote.txt_821,1.24,0,0,0,1.24,1.24,1.24,0,2.479,0,1.24,0,4.958,2.479,1.24,0,0,1.24,1.24,0,7.711,8.928
pote.txt_937,3.092,3.092,0.515,0,0.515,2.577,0.515,0.515,0.515,1.031,0,1.031,0,0,2.061,2.061,0.515,1.546,0,1.031,7.756,8.214
pote.txt_5139,0.918,0,0.918,0,0.918,0,0,0.918,1.835,0.918,0,0,0,0.918,2.753,0,0,0.918,0,0,12.558,16.093
pote.txt_999,0,0,0,0,3.623,1.811,0,0,0,0,0,0,5.434,0,3.623,1.811,0,0,0,0,10.688,9.58
pote.txt_8883,3.255,1.085,0,0,0,2.17,2.17,0,2.17,5.426,0,2.17,0,0,0,0,0,1.085,1.085,0,7.508,8.458
pote.txt_9489,1.298,0,0,0,0,1.298,0,3.894,3.894,2.596,0,0,0,0,0,1.298,0,0,0,0,11.162,11.779
pote.txt_959,4.696,1.878,0,0,2.818,0.939,0,2.818,3.757,1.878,0,0,1.878,0,0,0.939,0,0.939,0,0,5.811,8.668
pote.txt_3567,0,12.905,0,0,0,0,12.905,12.905,0,0,0,0,0,0,0,0,0,0,0,0,2.146,4.974
pote.txt_4861,0,0,0,0,0.768,0,0,0,0.768,3.072,0,0,0,0,3.84,0,0,0,0,0,14.165,20.872
pote.txt_3111,0,0,0,0,0,0,0,0,5.13,0,0,0,0,0,5.13,0,0,0,0,5.13,18.815,2.594
pote.txt_2537,0,0,0.564,0,1.691,0,0,3.382,2.255,0,0,0,0,0,1.691,0,0,0,0.564,0.564,11.973,17.325
pote.txt_7973,0.691,0,0.691,0,0.691,1.381,4.835,0,2.763,0.691,0,0,0,0,2.072,1.381,0,0,0,1.381,9.751,10.191
pote.txt_10845,1.408,0.938,0.469,0.469,0.938,2.815,0,1.408,3.285,2.346,0.469,0.469,0,0,0,0.938,0.469,0.938,0,0,9.004,10.057
pote.txt_9105,1.346,0,0.336,0.336,0.336,2.356,0,0.673,0.673,1.01,0,0.336,1.01,2.356,1.682,0,0.336,1.682,0.673,0,9.709,12.026
pote.txt_11413,0,1.987,0.994,1.987,2.484,0.497,0.497,0.994,0.497,4.471,0,0,0.994,0.994,0,3.477,0.994,1.49,0.497,1.987,6.289,6.663
pote.txt_6931,0,1.7,0,0,0,0.85,0,0,0.85,0.85,0,0,0,0.85,4.251,1.7,0.85,0.85,0,1.7,12.416,10.271
pote.txt_4673,0,1.63,0,0,1.63,0,1.63,0,4.889,1.63,0,0,1.63,0,1.63,0,0,0,0,3.259,10.84,7.624
pote.txt_7455,1.795,0,0,0,0,0.598,0,0,0,3.589,0,0,0,1.196,2.991,0,1.795,0,0,0,12.15,14.611
pote.txt_4345,0,0,0,1.702,3.404,1.702,0,0,0,0,0,0,5.106,0,3.404,1.702,0,0,0,0,10.231,9.208
pote.txt_6397,32.482,0,0,0,0,0,0,0,5.414,0,0,0,5.414,0,0,0,0,0,0,0,1.571,4.351
pote.txt_35,0,2.124,0,0,0.708,2.124,0.354,1.062,0.354,0,0,0.354,1.062,0.708,2.832,0,1.062,1.416,0.354,0.354,11.302,10.804
pote.txt_6209,0,0,0,0,0,0,0,0,4.569,0,0,0,0,0,1.305,0,0,1.305,2.611,0,14.566,16.854
pote.txt_2697,2.854,0,1.427,0,1.427,1.427,0,0,2.854,5.708,0,0,0,0,0,1.427,0,2.854,0,0,7.322,9.188
pote.txt_961,3.906,1.953,0,0,1.953,0.977,0,3.906,3.906,1.953,0,0,1.953,0,0,0.977,0,1.953,0,0,5.776,8.08
pote.txt_6571,4.149,0,1.383,0,0,0,0,0,8.299,0,0,0,4.149,0,0,1.383,2.766,1.383,0,0,5.659,8.145
pote.txt_3503,0,0,0,0,0,0,0,0,0,0,0,0,0,0,3.568,0,0,0,3.568,0,14.747,24.579
pote.txt_7887,4.287,0,0,0.857,2.572,1.715,0.857,1.715,1.715,2.572,0.857,0.857,0,0,0,0.857,0,0.857,0,0,7.826,8.913
pote.txt_7957,1.945,0,1.297,0.648,0,0,0.648,1.297,0,1.945,0,0.648,0,0.648,2.594,0.648,0.648,0,0,2.594,9.923,11.263
pote.txt_6659,5.329,0,0,0,1.332,2.665,0,1.332,2.665,3.997,0,0,1.332,0,0,0,0,3.997,0,0,6.189,8.213
pote.txt_2725,4.8,0,0,0,1.2,0,0,2.4,3.6,4.8,0,0,1.2,0,0,3.6,0,1.2,0,0,5.935,8.36
pote.txt_3873,0,0,0,0,0,0,0,0,0,0,0,0,0,0,2.948,0,0,0,7.37,0,18.857,11.316
pote.txt_1529,3.954,1.977,0,0,1.977,0.989,0,2.966,3.954,2.966,0,0,1.977,0,0,0,0.989,1.977,0,0,5.599,8.064
pote.txt_241,0.742,0,0,0,2.969,2.227,2.227,1.485,0.742,1.485,0,0.742,0,0,0.742,0.742,0,2.227,0,0.742,10.195,9.183
pote.txt_8857,0,0,1.829,0.732,1.464,0.366,0,1.464,1.098,1.464,0,0.366,0,0.732,2.927,0.366,0,0,0,0.732,10.928,13.134
pote.txt_10685,0,0,0,0,1.484,0.742,0,1.484,1.484,2.226,0.742,1.484,0,0,1.484,0,0,1.484,0,0,10.056,15.536
pote.txt_829,1.084,4.337,1.084,0,0.542,3.795,0.542,0.542,2.711,0.542,0,0,3.253,0.542,0,1.626,0.542,0.542,0,2.169,6.607,6.97
pote.txt_1605,1.607,0,0,0.803,0,0,0,1.607,4.017,2.41,0.803,0.803,0.803,0.803,0.803,0.803,0,0.803,0,0.803,9.475,10.13
pote.txt_9017,0.408,3.262,0.408,1.631,0,2.039,0.408,0,1.223,0.816,0,0.408,0.816,0,1.631,2.039,0.408,0.816,0.816,0.408,9.244,9.63
pote.txt_7261,1.273,0,0,0,3.819,3.819,0,1.273,2.546,5.093,0,0,2.546,0,0,1.273,0,2.546,0,0,6.052,7.308
pote.txt_1235,4.737,1.895,0,0,1.895,0,0,1.895,1.895,1.895,0,0.947,1.895,0,0.947,0.947,0.947,2.842,0,0,6.42,7.919
pote.txt_4093,4.64,2.32,4.64,0,0,2.32,0,0,0,2.32,2.32,0,0,0,0,0,0,2.32,0,0,7.608,8.143
pote.txt_7579,1.967,0,0.984,0.984,0.984,2.951,0,2.951,0.984,0.984,0.984,1.967,0,0,0.984,2.951,0.984,0,0,0,6.7,9.235
pote.txt_11673,1.568,1.046,0.523,0,1.568,3.137,0,0.523,2.614,1.046,0,3.137,0,2.091,0.523,0.523,0,0.523,0,0,8.375,9.195
pote.txt_3007,1.83,2.746,0.458,0,0.458,2.288,0.458,0.458,1.373,0.915,0,0,0.915,0.458,1.373,3.203,0.915,0.915,0.458,0,9.051,8.144
pote.txt_12147,1.024,0,0,0,2.048,2.048,0,2.048,0,3.072,0,0,0,1.024,2.048,0,0,0,0,0,10.211,14.206
pote.txt_2297,0.413,0,0,0.413,1.24,2.066,0.413,2.893,2.066,1.24,0,0.413,0.826,0,1.653,0.413,0.413,0,0,0,10.261,12.411
pote.txt_7351,1.369,0,0,0,0,6.847,0,1.369,1.369,9.586,0,2.739,1.369,0,0,0,0,2.739,0,0,5,6.509
pote.txt_8787,0.515,3.088,0,0,0,2.059,0,1.544,1.544,0,0.515,1.029,1.544,0.515,2.059,1.029,0.515,2.573,0,0,8.987,8.868
pote.txt_3117,0,0,0,0,0,0,0,0,0,0,0,0,0,0,7.284,0,0,0,3.642,0,28.831,0
pote.txt_3139,0,0,0,10.515,0,0,0,0,0,0,0,0,0,0,21.031,0,0,0,0,0,3.196,6.388
pote.txt_4073,0,0,0,0,3.078,0,1.539,0,1.539,0,0,0,0,0,1.539,0,0,1.539,1.539,0,13.969,15.191
pote.txt_1791,3.071,1.024,0,0.512,1.024,2.048,0.512,1.024,3.071,2.559,0,1.536,0,1.024,0,0.512,0.512,0.512,0,0,7.536,9.922
pote.txt_5559,1.482,0,0,0,1.482,2.964,0,1.482,0,5.929,0,0,1.482,0,1.482,1.482,0,1.482,0,0,7.543,9.606
pote.txt_6597,0,0,1.188,2.377,2.377,1.188,0,1.188,1.188,0,1.188,2.377,0,0,0,4.753,0,1.188,1.188,0,8.51,7.808
pote.txt_993,2.102,4.203,0.841,0,0.42,3.783,0,0,0.841,0.42,0,0.42,0.42,1.681,1.681,1.261,0,0,0,0.841,8.916,8.565
pote.txt_1613,0,1.23,0,0,0.615,0,0,1.23,2.46,1.845,1.23,0,0.615,1.23,1.845,0,1.845,1.23,0,0.615,9.748,10.903
pote.txt_10587,5.546,0,0,0,1.109,0,0,0,4.437,3.328,0,0,0,0,0,0,0,0,0,0,9.469,13.266
pote.txt_10707,0,0,0.853,0,1.705,0,0,1.705,2.558,0.853,0,0,0,0.853,1.705,0,0,0.853,0,0,12.088,16.41
pote.txt_11033,0,0,0,0,0.95,1.899,0,2.849,2.849,1.899,0,0,0,0,0,0.95,0,0,0.95,0,10.746,15.319
pote.txt_887,1.257,0.629,1.257,0,0.629,1.886,0.629,1.886,1.257,1.886,0,0,2.515,0,1.886,0.629,0.629,0.629,0,0,10.852,7.949
pote.txt_7651,0.719,0,0,0,0.719,2.156,0,2.156,2.874,1.437,0.719,0.719,0,0.719,0,0.719,0.719,0.719,0.719,0,9.716,12.089
pote.txt_6735,4.482,0,0,0,2.988,5.976,0,2.988,1.494,5.976,0,0,1.494,0,0,0,0,0,0,0,5.309,7.305
pote.txt_6939,0,1.674,0,0.837,0,0.837,0,0,1.674,0.837,0,0,0,0.837,4.184,0,0.837,0.837,0,1.674,13.622,9.396
pote.txt_5805,0,0,0,0,0,1.455,0,1.455,2.183,0.728,0,0,0,0,2.183,0.728,0,0,0.728,0.728,13.401,17.072
pote.txt_7063,0,0,0,0,0.734,1.468,0,0,0.734,0,0.734,0.734,0,1.468,5.139,0.734,0,0.734,0.734,0,11.879,12.701
pote.txt_10797,0,3.34,1.113,3.896,0,0.557,0,0.557,0.557,0,0,0.557,1.113,5.566,3.34,0.557,0.557,0,0,1.113,6.36,7.92
pote.txt_1589,0,0,0,0.947,0.947,2.842,0,1.895,1.895,1.895,0,0,0,0,0,0.947,0,0.947,0.947,0,10.552,13.945
pote.txt_1545,1.653,0,0,0,0.827,2.48,0,0.827,4.96,1.653,0.827,0,0,1.653,0,0.827,0.827,0.827,0,0.827,7.46,10.737
pote.txt_3119,0,0,0,0,0,0,0,0,0,0,0,0,0,0,2.525,0,0,0,5.049,0,12.599,25.198
pote.txt_6669,0.747,0,0,0,0.747,1.494,0.747,0,0.747,2.987,0,0,0,0.747,2.987,0,0,1.494,0,0,11.611,13.837
pote.txt_7749,1.487,0,0,0,0,10.408,0,0,0,10.408,0,2.974,0,0,0,2.974,1.487,2.974,0,0,3.881,5.239
pote.txt_3981,3.473,0,0,0,3.473,3.473,0,0,3.473,0,0,0,3.473,0,0,0,3.473,3.473,0,0,6.435,6.846
pote.txt_7745,0.763,3.053,0.763,3.053,0,1.527,0.763,0,0.763,0,0,1.527,0,0,2.29,0,0.763,0,0.763,0.763,8.641,11.054
pote.txt_9441,1.065,0.532,0.532,0,0,1.597,0.532,1.597,1.065,1.597,0,0.532,2.129,0,2.129,0.532,0.532,0,0.532,0,12.12,9.938
pote.txt_9355,1.042,1.042,1.042,1.042,1.042,2.084,0,0,3.127,3.127,1.042,0,4.169,0,1.042,1.042,0,0,0,1.042,10,4.962
pote.txt_2167,0,4.487,0,0,0.748,1.496,0,1.496,0,1.496,0,0,0,0,2.991,0,0,0.748,0,0,9.329,14.853
pote.txt_11743,0,0,0,0,4.054,0,0,0,0,0,0,0,0,0,4.054,0,0,0,0,0,11.271,24.799
pote.txt_3511,0,0,0,0,0,0,0,0,0,0,0,0,0,0,3.487,0,0,0,6.975,0,22.737,7.107
pote.txt_7953,1.095,0,0,0,0.548,0.548,0,1.643,1.095,0.548,0,0.548,0.548,0,2.191,0,0.548,2.191,0.548,1.095,11.345,13.348
pote.txt_10961,0,0,0.992,0,0,6.944,0,0.992,1.984,6.944,0,0.992,0,0,0,1.984,1.984,1.984,0,0,5.43,7.545
pote.txt_4563,0,0,0,0,2.49,1.245,0,0,2.49,1.245,2.49,0,0,0,1.245,0,0,0,1.245,0,12.282,13.597
pote.txt_3899,0,0,0,0,0,0,0,0,0,0,0,0,0,0,7.597,0,0,0,10.13,0,5.49,13.18
pote.txt_8423,0.748,1.496,0.748,0,0,3.741,0,0,2.993,0.748,0.748,0,0,0,1.496,2.993,0.748,0,0,0.748,10.315,8.913
pote.txt_1161,1.172,3.126,0.391,1.172,0.391,2.344,0.781,0.781,1.954,0.781,0,0.781,0.781,0.391,0.781,1.563,0.391,0.391,0.391,1.172,8.039,8.866
pote.txt_5413,2.489,0,0,1.245,2.489,1.245,0,3.734,2.489,1.245,0,0,0,0,0,1.245,0,0,0,0,8.05,12.364
pote.txt_515,4.119,2.06,0,0,3.089,1.03,0,3.089,3.089,4.119,0,1.03,2.06,0,0,0,1.03,0,0,0,5.092,7.936
pote.txt_1105,2.452,2.452,1.226,0,1.226,1.226,0,0,1.226,1.226,0,2.452,1.226,0,2.452,4.903,0,0,0,0,7.827,7.001
pote.txt_3751,0,0,0,0,0,0,0,0,0,0,0,0,0,0,4.422,0,0,0,5.896,0,18.857,11.316
pote.txt_965,4.271,2.136,0,0,3.203,1.068,0,2.136,3.203,3.203,0,1.068,2.136,0,0,1.068,0,2.136,0,0,4.875,7.605
pote.txt_10339,10.16,0,0,0,2.032,0,2.032,4.064,0,6.096,0,2.032,2.032,0,0,6.096,0,2.032,0,0,3.362,4.404
pote.txt_11597,0,0,0,0,0,0,0,1.96,0,0,0,0,0,0,3.92,0,0,0,1.96,0,11.115,25.804
pote.txt_1163,0.852,6.817,0,0,1.704,3.408,0,0,0,0,0.852,0.852,1.704,0,2.556,0.852,0,0.852,0,0,8.838,7.269
pote.txt_117,0,2.256,0,0,0,1.128,0,1.128,1.128,0,0,0.564,0.564,0.564,3.384,0.564,0.564,0.564,0,1.692,9.3,13.901
pote.txt_3609,2.393,2.393,0,0,0,0,0,0,4.786,0,0,0,0,0,2.393,0,0,0,0,2.393,17.415,5.406
pote.txt_9641,1.954,0,1.303,0,0.651,3.257,0,0.651,2.605,2.605,0,0,0,1.303,0,0.651,1.303,2.605,0,0,7.668,9.837
pote.txt_3771,0,0,0,0,0,0,0,0,0,0,0,0,0,0,6.635,0,0,0,4.976,0,9.8,17.637
pote.txt_9075,1.252,0,0.835,1.252,0.418,1.67,0,1.67,1.252,0.835,0.418,0.835,1.67,2.087,1.67,0.418,0.835,0.835,0,0.418,9.039,8.974
pote.txt_9639,0,0,0,0.763,1.526,1.526,0,1.526,5.34,1.526,0,0.763,0,0.763,0,0,0,0,0,0,10.51,13.247
pote.txt_345,2.12,1.414,1.414,0,0,2.12,0,0.707,3.534,2.827,1.414,1.414,0,0.707,0,0.707,1.414,0.707,0,0,7.659,8.41
pote.txt_5539,0,0,0,0.923,1.846,0,0,0.923,3.692,1.846,0,0,0,0,0.923,0.923,0,0.923,0,0,11.501,15.199
pote.txt_1049,2.129,0,0,0,0,3.194,0,1.065,3.194,3.194,1.065,0,0,0,0,1.065,1.065,4.258,0,0,7.286,9.011
pote.txt_3681,0,0,0,0,0,0,0,0,0,0,0,0,0,0,6.85,0,0,0,5.137,0,14.843,11.875
pote.txt_4061,0,0,0,0,0,0,0,0,95.238,0,0,0,0,0,0,0,0,0,0,0,0,0
pote.txt_1983,1.474,0,0,0,1.965,1.474,0.491,0.982,1.474,0,0,0,0,0.491,1.474,0.491,0,0,0.491,0,11.949,17.136
pote.txt_7397,1.567,0,0,0,0,0.783,0,1.567,2.35,0.783,0,0.783,0.783,0,1.567,0,0.783,3.133,0,1.567,8.858,12.194
pote.txt_8479,2.247,0,0,0.562,0,0.562,1.124,1.124,1.124,2.247,0,1.124,0,0,2.809,0,2.247,0,0,0.562,9.171,11.799
pote.txt_7177,1.588,0,0,0,0,0.794,0,1.588,2.382,0.794,0,0.794,0,0,1.588,0,0.794,3.176,0,1.588,9.145,12.663
pote.txt_6119,1.766,0,0,0,1.766,0.883,0,0,0.883,0.883,0.883,0,0,0,2.65,2.65,0,0,0,0.883,16.85,7.672
pote.txt_12123,0.909,1.817,0,0,0,0,0,0.909,1.817,0.909,0,0.909,0.909,0,3.634,0.909,0,1.817,0,0.909,12.162,9.172
pote.txt_11005,2.631,0,0.438,0.438,0,2.192,0.438,1.754,2.192,0.877,0,0.438,0,1.754,0.877,0,1.754,1.315,0.438,0,8.502,10.368
pote.txt_6537,0,0,0,0,0,1.29,0,1.29,2.579,0.645,0,0.645,0,0,1.29,0,0,0.645,1.935,0,14.744,15.428
pote.txt_5107,0,0,0.949,0,0.949,0,0,1.897,2.846,0,0,0,0,0.949,2.846,0,0,0.949,0,0,12.313,15.576
pote.txt_11681,0,0,0,0.925,0,0,0,0.925,1.849,0.925,0,0,2.774,0,1.849,0,0,0,2.774,0,11.492,15.167
pote.txt_3295,0,0,7.497,0,0,0,0,0,0,0,0,0,0,0,0,0,7.497,7.497,0,0,8.446,6.069
pote.txt_11303,0.663,0,0.663,3.978,1.326,2.652,0.663,0,0,0.663,1.989,0,0.663,2.652,1.989,1.989,0,0.663,0,0,7.999,8.024
pote.txt_8835,4.137,0.689,0.689,0,0.689,2.758,0,1.379,1.379,0.689,0,0.689,1.379,2.068,0,0.689,2.758,2.068,1.379,0.689,6.907,6.491
pote.txt_3471,0,0,0,0,0,0,0,0,0,0,0,0,0,0,4.317,0,0,0,4.317,0,21.229,13.268
pote.txt_6933,0,1.672,0,0,0,0.836,0,0,0.836,0.836,0,0,0,0.836,4.18,1.672,0.836,0.836,0,1.672,12.964,10.074
pote.txt_9939,1.375,1.375,0,0,0,1.375,0,0,0,0,0,0,0,1.375,5.5,1.375,0,1.375,1.375,0,8.599,13.16
pote.txt_8645,0.943,0,0,0.943,1.887,6.602,4.716,0,0,0,0,0,0,1.887,0,9.432,0,0.943,0,0.943,5.617,5.431
pote.txt_4343,0,7.313,3.656,0,0,0,3.656,0,0,3.656,3.656,3.656,3.656,0,0,3.656,3.656,0,0,0,4.455,3.316
pote.txt_2705,0.746,0,0,0,1.491,0.746,0,2.237,3.728,2.237,0,0,0.746,0,0.746,0,0,1.491,0,0,10.323,12.78
pote.txt_9007,3.883,0,1.942,1.942,0,3.883,0,0,4.369,0,0,1.456,0.971,0.971,0,0,0.485,0.485,0,0,9.306,6.854
pote.txt_7787,0,1.317,0,0,0.658,1.975,0,1.975,0.658,0,0,0,1.317,0.658,3.292,0.658,1.317,0,0.658,0,13.136,9.504
pote.txt_10809,0,1.52,2.28,3.04,0.76,0.38,0,0.38,1.14,0.38,0.76,0.38,0,2.28,1.9,1.52,0.38,0.38,0.38,0.76,8.939,8.824
pote.txt_2103,3.254,0,0,0,1.085,3.254,0,4.339,3.254,5.424,0,0,1.085,0,0,2.17,0,0,0,0,5.449,8.12
pote.txt_2061,2.445,0,0,0,1.223,2.445,0,3.668,2.445,4.89,0,1.223,1.223,0,0,2.445,0,1.223,0,0,5.706,8.291
pote.txt_8727,0,0,0,0,0.868,0.868,0,1.303,0,0.868,0,0,7.381,0,3.039,0,0,0,0,0,10,12.866
pote.txt_1133,2.146,0,1.61,1.61,1.61,3.22,1.61,1.61,1.073,1.073,0.537,0.537,0,0.537,0.537,1.073,0,3.22,0,0.537,7.055,7.427
pote.txt_7963,1.956,0,0.652,0.652,0,0,0.652,1.304,0,1.956,0,0.652,0.652,0.652,2.609,0.652,0.652,0,0,2.609,9.543,11.528
pote.txt_1403,1.73,1.73,0,0,1.73,1.73,0,4.326,3.461,2.596,0,0,1.73,0,0,0,1.73,0,0,0,6.812,9.034
pote.txt_12061,0,2.111,0,0,1.055,3.166,0,1.055,3.166,1.055,0,0,2.111,1.055,2.111,0,2.111,0,0,1.055,7.808,8.639
pote.txt_9295,1.968,0,0,0,3.937,0,0,0,1.968,9.842,0,0,1.968,0,0,1.968,1.968,1.968,0,0,4.882,7.621
pote.txt_3947,0,0,0,0,0,3.311,0,0,6.621,6.621,0,0,0,0,0,0,0,0,0,0,17.866,2.105
pote.txt_949,2.89,1.445,0.722,0,0.722,1.445,0,0.722,2.89,4.335,0,0.722,0,0.722,0,4.335,2.168,0.722,0,0,6.572,7.013
pote.txt_3923,0,5.581,0,0,0,0,0,2.791,5.581,0,0,2.791,0,2.791,0,0,0,0,0,0,8.87,8.035
pote.txt_5039,1.496,0,0,0,1.496,0,1.496,1.496,0,2.991,0,0,0,1.496,2.991,2.991,0,1.496,0,0,8.07,10.37
pote.txt_5947,0,0,0,0,1.862,0,0,0,0.931,2.793,0,0,0,0,2.793,0.931,0,0.931,0,0,15.744,14.609
pote.txt_1833,0,0,0,0,1.123,2.247,0,2.247,1.123,4.493,0,1.123,0,0,1.123,1.123,0,0,0,0,9.768,12.706
pote.txt_319,1.717,0,0,0,0.859,2.576,0,0.859,5.152,4.294,0,0,0.859,0.859,0,1.717,0,1.717,0.859,0,6.506,8.777
pote.txt_8005,1.452,0,0,0.726,0.726,0.726,1.452,2.178,2.178,2.178,0,2.178,0,1.452,0,0,0,1.452,0.726,0,7.91,11.082
pote.txt_5311,0,0,0,0,0,4.633,0,4.633,0,13.898,0,4.633,2.316,0,0,0,0,0,0,0,4.311,5.887
pote.txt_9813,1.985,0,0.993,1.985,0,0.993,0.993,0,0.993,1.985,0,0.993,1.985,0,0,0,0,1.985,1.985,0.993,9.423,9.101
pote.txt_9,1.13,0,1.13,0,1.13,3.389,0,1.13,2.259,3.389,0,0,0,0,0,1.13,0,3.389,0,0,7.499,10.812
pote.txt_8689,1.833,0,0.458,0.458,0.458,1.833,0,1.833,2.75,0.458,0,0.917,0.458,0.458,0.917,0,0,1.833,0.458,0,10.532,11.224
pote.txt_8837,2.605,1.042,0,1.042,0.521,2.605,0,1.563,3.126,2.605,0.521,0.521,0,0.521,0,0,2.084,0.521,0,0,7.66,9.479
pote.txt_2647,0.931,0,0,0,2.794,0.931,0,1.863,3.725,2.794,0,0,0.931,0,0,0.931,0,0.931,0,0,9.455,11.387
pote.txt_6127,0.788,0,0,0,0.788,0,0,0.788,4.728,1.576,0,0.788,0,0,0.788,0,0,0,1.576,0,13.05,13.984
pote.txt_11893,9.202,0,0,0,0,1.15,0,0,3.451,3.451,0,2.3,0,0,0,0,0,3.451,0,0,6.675,7.477
pote.txt_3259,0,0,0,0,0,0,0,0,46.875,0,0,0,0,0,15.625,0,0,0,0,0,1.071,1.606
pote.txt_9977,0.984,0,0,0,1.967,0,0.984,0.984,4.919,1.967,0,0,0.984,0,0,0,0,0,0.984,0,9.935,13.761
pote.txt_11825,1.975,1.975,0,0,0.988,0,0,0,0,0,0,0,0,0,4.938,0,0,0.988,0,0.988,11.333,15.642
pote.txt_10469,2.456,2.456,0,0,0,2.456,2.456,0,2.456,2.456,2.456,0,0,0,0,0,4.912,0,0,2.456,6.963,6.164
pote.txt_4889,0,0,0,0,0,4.709,0,0,0,0,0,0,0,0,3.924,0,0,0,0,0,17.669,16.828
pote.txt_10245,3.011,0,0,1.506,0,0.753,0,0.753,2.258,3.011,0,3.011,0,0.753,0,0,0,1.506,0.753,0,7.652,11.462
pote.txt_1743,2.464,1.642,0,0,0.821,1.642,0,0,4.106,3.285,0,1.642,0,1.642,0,2.464,0,0.821,0,0,8.48,7.561
pote.txt_8317,0.821,0,0,0,0.821,1.642,1.642,0.821,4.106,0,0.821,0,0,4.106,3.285,0.821,2.463,0,0,0,6.436,8.941
pote.txt_2927,0,0,0,0,0,3.28,1.64,0,5.741,0,0,2.46,0,0,0,0,0,0,3.28,0,10.432,9.718
pote.txt_8201,0.728,1.457,0,1.457,0.728,0.728,0,0.728,2.913,0,0.728,0,1.457,1.457,2.913,0.728,0.728,0.728,0.728,0,8.207,9.966
pote.txt_4315,0,0,0,0,0.938,0,0,0.938,0.938,0,0,0,0,0,2.813,0,0,0,2.813,0,14.09,20.977
pote.txt_11791,1.738,2.607,0.869,0.869,0.435,2.607,0.435,0.435,1.304,0.435,0,1.304,0,0,0.869,1.304,0.869,1.304,0.869,0.869,7.903,9.384
pote.txt_11831,0,0,0,0,0,16.672,0,4.168,0,12.504,0,0,0,0,0,0,0,0,0,0,5.262,3.617
pote.txt_53,2.03,0,0,0.677,1.353,2.707,0,1.353,2.707,2.707,0,0,0,0.677,0,1.353,1.353,0.677,0,0.677,7.632,10.478
pote.txt_7433,0.601,0,0,0.601,0,0.601,0,1.201,0,0.601,0.601,0,0,1.802,3.604,0.601,0,0,0,1.802,12.161,14.511
pote.txt_2591,0,0,0,0,0,0,0,1.952,0.976,0,0,0,0,0,4.881,0,0,1.952,1.952,0,14.858,12.38
pote.txt_7123,0,0,0,0,0,2.291,0,2.291,4.582,2.291,0,0,0,0,0,0,0,2.291,0,0,10.585,13.152
pote.txt_4809,0,0,0,0,0,7.34,0,2.447,2.447,7.34,0,0,0,0,0,0,0,0,0,0,8.629,8.242
pote.txt_1827,0,0,0,2.147,0,2.147,4.295,6.442,2.147,0,0,0,0,2.147,0,0,0,0,0,2.147,7.684,7.595
pote.txt_5573,1.49,0,0,0,1.49,2.981,0,1.49,0,5.962,0,0,1.49,0,1.49,1.49,0,1.49,0,0,7.553,9.498
pote.txt_10501,0,0,0,0.91,0,0,0,0,2.729,0,0,0,1.819,0.91,5.458,1.819,0.91,0,0.91,0,11.3,10.013
pote.txt_4371,2.266,0,0,0,4.532,0,2.266,0,4.532,0,0,2.266,2.266,0,0,0,0,0,0,0,6.311,11.943
pote.txt_8797,0.562,3.373,0,0,0,2.249,0,1.687,1.124,0.562,0.562,1.124,1.124,1.687,2.811,1.687,0.562,1.124,0,0,7.957,8.329
pote.txt_11169,0,3.785,0,0,0,1.262,0,0,0,1.262,0,0,0,0,3.785,0,0,1.262,0,0,9.749,18.194
pote.txt_1877,1.044,0,0,1.044,1.044,5.217,4.174,2.087,1.044,4.174,1.044,1.044,0,1.044,0,0,0,2.087,0,0,6.839,5.989
pote.txt_11809,2.703,2.703,0.451,0.451,0.451,3.154,0.451,0,0.451,0.901,0,1.802,0,0,0.901,1.352,0.901,1.352,0.901,0.901,8.544,8.102
pote.txt_11145,0,0,0,0,0,7.383,0,0,0,0,1.538,0,0.615,0.308,0.923,0.308,0,0,0.923,3.076,11.765,10.061
pote.txt_189,0,2.746,0,0,0.686,0.686,0,0.686,0.686,0,0,0,0,0,3.432,0,0,0.686,0.686,1.373,13.827,13.496
pote.txt_9065,1.451,2.418,0,0.967,0.484,1.934,0.967,0.484,1.934,0.967,0,2.901,0.967,0.967,0.967,1.451,0.484,0.967,0.484,0.484,7.066,8.368
pote.txt_4119,0,0,0,0,0,0,1.628,3.255,0,3.255,0,0,0,1.628,3.255,1.628,0,0,0,0,10.432,11.98
pote.txt_8669,0.356,0.356,0.712,0,0.712,2.136,0,1.424,1.424,0.712,0,0,0,0.712,2.136,0,0,0.712,0,0,12.021,15.847
pote.txt_7669,0,0,0,0,0,0,0,0,0,1.362,0,0,5.446,0,7.488,0,0,0,0,0,16.824,6.09
pote.txt_9763,0,0,0,0,3.391,0,0,3.391,1.695,5.086,0,0,1.695,0,0,5.086,1.695,1.695,0,0,5.522,8.134
pote.txt_6253,0.881,0,1.762,0,0,0,0,0,5.285,5.285,0,0,0,0,0,0,0,0,0,0,8.353,16.23
pote.txt_6305,1.312,5.247,1.312,0,1.312,5.247,0,0,1.312,0,0,0,0,0,0,1.312,0,0,0,2.624,9.225,7.552
pote.txt_1041,0,0,0,0,7.707,0,0,1.927,0,1.927,0,0,0,0,1.927,1.927,0,0,0,0,8.342,13.036
pote.txt_9771,1.825,1.217,1.217,0.608,0.608,2.433,0.608,0.608,3.042,2.433,1.217,0.608,0,0,0,0,1.217,1.825,0,0,8.307,8.66
pote.txt_6917,0,3.89,0,0,0,0.648,0,0.648,1.297,0,0,0,0,0,3.89,0,0,0.648,0.648,0,13.736,13.587
pote.txt_11149,0,0,0,0,0,5.891,0,0,0.246,0,0.246,0,0.246,0.246,1.227,0,0,0,0.736,2.7,16.833,10.75
pote.txt_2621,5.284,1.321,0,0,0,2.642,0,2.642,0,3.963,0,1.321,0,2.642,0,1.321,1.321,2.642,1.321,0,5.573,6.457
pote.txt_10281,0.658,1.316,0,0,0.658,0.658,0,0.658,0.658,0,0,0,0,0,3.289,0.658,0,0.658,0.658,1.316,14.811,13.484
pote.txt_2505,1.033,0,0,0,0,0,0,1.033,5.164,5.164,0,1.033,0,0,0,0,0,1.033,0,0,9.248,13.431
pote.txt_1797,1.949,0,0,0.65,1.3,3.899,0,0,2.599,2.599,1.3,0,0.65,0.65,0.65,0.65,0.65,0.65,0,0,8.783,9.404
pote.txt_771,0.737,2.21,0.737,0,0.368,0.737,0,0,1.105,0.737,0,0.737,1.473,0.368,2.578,0.737,0.737,0,1.105,0.737,13.772,8.02
pote.txt_1489,11.228,0,0,0,0,0,0,0,1.871,3.743,0,0,3.743,0,0,1.871,9.357,9.357,0,0,2.951,3.499
pote.txt_8085,4.219,0,0,0.844,0.844,5.062,0.844,0.844,2.531,4.219,0,0,0,0,0,1.687,0,0,0,0,7.171,8.408
pote.txt_8349,1.16,0,0,1.16,1.16,1.16,0.58,1.739,4.638,0.58,1.16,0,0,0.58,0,0.58,0.58,0,0.58,0,9.401,11.666
pote.txt_2267,1.841,0,0,0,1.841,3.682,0,3.682,1.841,9.206,0,0,1.841,0,0,0,0,0,0,0,5.344,8.181
pote.txt_3593,0,9.135,0,0,0,0,0,0,18.27,0,0,0,0,0,0,0,0,0,0,0,5.111,6.39
pote.txt_5931,0.954,0,0.954,1.908,1.908,0,0,0,0,1.908,0.954,0.954,0,0,3.816,0,0,0,0,0,13.738,10.61
pote.txt_6543,0,0,0,0,0,1.277,0,1.277,1.915,0.638,0,0.638,0,0,1.277,0,0,0.638,2.553,0,15.757,14.658
pote.txt_9561,1.913,0,0,0.957,0.957,2.87,1.913,1.913,1.913,3.827,0,0,1.913,0,0,0.957,0,4.784,0,0,5.659,7.877
pote.txt_7019,0,0,0,0,0,1.487,0.744,0,2.231,2.231,0.744,0.744,0,0,1.487,0,0,2.231,0,1.487,10.034,14.269
pote.txt_9577,1.727,1.727,0,0,0,0,0,0,0,0,0,0,0,0,3.453,0,0,0,3.453,0,8.188,21.889
pote.txt_4305,0,0,0,0,8.565,0,0,0,0,4.282,0,0,12.847,0,0,0,0,8.565,0,0,3.315,5.231
pote.txt_8831,2.083,1.042,1.042,0,0.521,2.604,0,0.521,3.125,2.604,0,0,0,1.042,0,1.042,1.563,2.083,0,0,7.801,9.346
pote.txt_9197,0.419,0,2.092,0.419,0.837,0.837,1.256,1.256,0.837,0.837,0.419,0.837,0.837,1.256,2.511,2.092,1.674,0,0,1.256,7.747,9.037
pote.txt_4041,0,0,0,0,5.076,0,0,1.692,0,1.692,0,0,0,0,1.692,3.384,0,0,0,0,11.011,13.053
pote.txt_12163,2.757,0,0,0,0,0,0,0.919,4.595,4.595,0,0.919,0,0.919,5.514,0,0,0.919,0,0,6.98,8.564
pote.txt_4339,2.276,0,2.276,2.276,0,0,0,0,2.276,2.276,0,2.276,0,2.276,0,0,4.552,0,0,2.276,5.77,8.555
pote.txt_2341,18.2,0,0,0,0,4.55,0,4.55,0,0,0,0,4.55,4.55,0,4.55,0,0,0,0,3.249,3.258
pote.txt_7517,0,0,0,0,0,2.243,0,0,0,0,0,0,0.561,0,3.365,0,0,0,2.804,0.561,16.202,15.863
pote.txt_10533,4.927,0,0,0,0.985,0,0,0,4.927,3.941,0,0,0,0,0,0,0,0,0,0,8.897,13.33
pote.txt_6483,3.033,0,0,0,0,1.517,0,1.517,3.033,9.1,0,1.517,0,0,0,3.033,1.517,0,0,0,4.582,8.73
pote.txt_8179,1.689,1.689,0,0,0.845,2.534,0,0.845,3.378,3.378,0.845,1.689,0,0.845,0,0.845,0,2.534,0,0,7.528,8.034
pote.txt_10739,5.165,0,0,0.43,0,1.722,0,0,8.608,0,0,0,2.152,0.43,0.43,0,0.861,0,0,0,6.362,10.308
pote.txt_3483,0,0,0,0,0,0,0,0,0,0,0,0,0,0,4.823,0,0,0,4.823,0,11.055,20.728
pote.txt_5155,1.131,0,0,0,1.131,0,0,0,1.131,0,1.131,1.131,0,2.261,3.392,0,0,1.131,1.131,0,12.375,11.638
pote.txt_11763,0,0,0,0,0,1.061,0,1.061,6.367,1.061,0,1.061,0,0,0,0,0,1.061,1.061,0,14.178,11.204
pote.txt_9293,1.698,0,0,0,3.396,1.698,0,1.698,1.698,8.491,0,0,1.698,0,0,1.698,0,0,0,0,6.048,8.773
pote.txt_3457,0,0,0,0,0,0,0,0,0,0,0,0,0,0,4.823,0,0,0,4.823,0,11.055,20.728
pote.txt_1085,1.01,0,0,0,0,1.01,0.505,0,0.505,3.031,0,0,0.505,0,2.526,1.516,0.505,0,1.01,0,12.13,14.332
pote.txt_4387,0,0,0,0,0,0,0,0,3.05,0,0,0,0,0,4.067,0,0,0,3.05,0,12.572,17.95
pote.txt_6573,1.168,1.168,0,0,1.168,2.336,0,1.168,1.168,0,0,1.168,1.168,0,1.168,0,5.839,1.168,1.168,0,7.146,9.476
pote.txt_5169,1.101,1.101,0,0,1.101,0,0,0,1.101,0,0,1.101,0,2.201,3.302,0,0,1.101,1.101,0,12.56,12.028
pote.txt_525,3.326,1.108,0,0.554,1.108,3.326,0.554,1.108,2.772,2.772,0.554,0.554,0,0.554,0,0.554,1.663,0,0,0,7.219,8.839
pote.txt_3753,0,0,0,0,0,0,0,0,0,0,0,0,0,0,4.251,0,0,0,10.628,0,15.78,6.311
pote.txt_917,0.977,2.931,0,1.465,2.931,1.954,0,0.488,2.442,0.488,0,0.977,0.977,0,0.977,1.465,0,0.977,0.488,0.488,8.257,8.211
pote.txt_5313,0,0,0,0,0,2.473,0,4.947,0,14.841,0,4.947,2.473,0,0,2.473,0,0,0,0,3.699,5.639
pote.txt_11217,0,3.02,0,0.755,1.888,2.265,1.51,0,0.755,0.378,0,0.755,0,0.378,2.643,1.888,1.133,0.378,0,0,9.009,9.644
pote.txt_3599,0,0,0,0,1.558,1.558,0,0,0,0,0,0,0,0,6.232,0,0,0,0,0,12.959,19.583
pote.txt_9125,1.598,3.994,0.799,0,0.399,3.595,0,0,1.198,0.399,0,0.399,0.399,1.598,1.598,1.198,0,0,0,0.799,9.562,8.852
pote.txt_11275,0.686,2.059,0.343,0,0.343,1.716,0.343,1.03,0.686,1.03,0,0.686,2.745,0,2.059,1.03,0.343,1.03,0,1.03,9.63,9.654
pote.txt_10485,0,0,0,0,0,0,17.796,13.347,0,0,0,0,0,0,0,0,0,0,0,0,4.016,5.735
pote.txt_4423,2.794,0,0,0,1.397,0,0,1.397,2.794,0,0,1.397,0,1.397,1.397,0,0,0,0,1.397,11.997,11.395
pote.txt_6217,0,0,0,0,2.882,0,0,0,4.323,0,0,0,0,0,1.441,0.721,0,1.441,0,0,11.747,17.339
pote.txt_7573,1.178,2.356,0,0,1.178,5.891,0,1.178,1.178,2.356,1.178,1.178,0,4.713,0,0,1.178,1.178,0,0,6.641,6.372
pote.txt_2677,0.716,0,0.716,0,0.716,2.147,0,1.432,1.432,0.716,0,0,0,0.716,2.147,0,0,0.716,0,0,11.95,15.801
pote.txt_4011,0,0,0,0,0,0,0,0,0,0,0,0,0,0,5.463,0,0,0,5.463,0,28.831,0
pote.txt_11947,0,0,0,0,1.234,3.703,0,1.234,2.469,3.703,1.234,0,0,0,0,0,0,1.234,1.234,0,8.911,11.667
pote.txt_8751,3.53,0,0.504,1.513,0,1.513,0,3.026,1.513,0.504,0,0,0.504,0,1.513,0.504,0.504,0.504,0,0,9.781,11.311
pote.txt_2803,2.189,0,0,0,2.189,0,0,0,2.189,0,0,0,0,0,2.189,0,0,0,4.377,0,8.79,15.923
pote.txt_10403,0,0,0,0,5.298,0,0,0,5.298,0,0,0,0,0,0,0,0,0,0,0,10.089,19.456
pote.txt_9981,0.856,0,0,0,1.713,0,0.856,0.856,5.138,2.569,0,0,0.856,0,0,0,0,0,0.856,0,11.646,12.16
pote.txt_1169,2.175,1.45,1.45,0,0.725,2.175,0,0.725,3.625,2.175,0.725,1.45,0,0,0,0,2.175,2.175,0,0,7.665,7.968
pote.txt_10617,3.072,0,0,0,2.048,0,0,0,4.096,4.096,0,0,0,0,0,0,0,0,0,0,9.901,14.519
pote.txt_11199,0.43,3.443,1.721,0.861,0.861,1.721,0.861,0.43,1.291,0.861,0,1.291,0.861,0.43,1.721,1.291,0.861,0.861,0,0.43,8.421,7.876
pote.txt_11499,0,3.729,0,0,0.621,1.243,0,0.621,0.621,0,0,0,0,0,3.107,0,0,0.621,0.621,0,11.857,16.432
pote.txt_4375,3.286,0,0,0,3.286,6.572,0,0,0,16.431,0,0,3.286,0,0,0,0,0,0,0,3.019,6.043
pote.txt_10981,1.143,1.525,0.381,0.381,0.381,0.762,0,1.143,1.143,0,0.381,0.381,1.525,2.287,3.049,1.525,0.381,1.525,0.762,0,8.336,9.373
pote.txt_3433,0,0,0,0,0,0,0,0,0,0,0,0,0,0,17.746,0,0,0,3.549,0,6.851,8.568
pote.txt_5821,0,0,0,0,0,0,0,0,5.095,4.076,0,0,0,0,2.038,0,0,0,0,1.019,11.803,14.472
pote.txt_6065,0,3.228,0,0,0,2.152,0,0,4.304,0,0,0,0,0,4.304,1.076,1.076,0,0,0,10.479,9.986
pote.txt_2665,0,0,0.899,0,0.899,0,0,1.797,1.797,0.899,0,0,0,0.899,2.696,0,0,0.899,0,0,12.649,16.49
pote.txt_5977,1.307,0,0,0,0,0,0,2.613,5.226,3.92,0,1.307,0,0,0,1.307,0,0,0,0,9.251,11.785
pote.txt_10415,0,0,0,0,3.964,0,0,0,7.928,0,0,0,0,0,0,0,0,0,0,0,13.977,12.921
pote.txt_7429,1.234,0,0,0,0,6.168,0,3.701,2.467,4.935,0,1.234,1.234,0,0,1.234,0,2.467,0,0,5.747,7.308
pote.txt_4555,0,0,0,0,3.019,0,0,0,4.528,3.019,0,0,0,0,0,0,0,4.528,0,0,11.421,10.377
pote.txt_6227,0,0,0,1.884,0,0.942,0,0,1.884,0.942,0.942,0.942,0,0,1.884,0.942,0,1.884,0,1.884,9.997,13.163
pote.txt_1655,3.07,0,0,0,1.535,3.837,0,1.535,2.302,1.535,0,0,0.767,1.535,0,2.302,0,0,0.767,0,9.018,8.207
pote.txt_3815,0,0,0,0,0,0,0,0,0,0,0,0,0,0,3.7,0,0,0,4.933,0,13.268,21.229
pote.txt_1307,0.656,0.656,0.984,0.328,0.984,2.951,0.328,1.967,2.623,0.656,0.328,0,0,0,0.328,0,0.328,1.967,0,0,10.16,11.657
pote.txt_4741,0,4.237,0,0,0,4.237,2.119,0,6.356,0,0,4.237,0,0,0,2.119,0,0,0,0,7.543,6.402
pote.txt_3733,0,0,0,0,0,0,0,0,0,0,0,0,0,0,5.175,0,0,0,3.881,0,22.512,10.806
pote.txt_10835,0,0,0,0,0.962,0.962,0,0,0.962,0,0,0,0.962,0,0.962,0,1.923,0.962,4.808,0,12.85,12.939
pote.txt_751,0.405,3.24,1.215,0.81,1.215,0.81,0.81,0.81,3.644,1.215,0,1.215,0,1.215,0.81,1.215,1.215,0.405,0,0,7.334,8.946
pote.txt_1139,1.061,0,0,1.061,1.061,2.123,1.061,2.123,1.061,3.184,0,0,0,0,1.061,1.061,0,0,0,0,11.262,10.857
pote.txt_11543,0,0,0,0,0,0.864,0.864,0.864,0.864,0,0,0,5.183,0,3.456,0.864,0,0.864,0,0.864,13.762,8.595
pote.txt_3151,0,0,0,0,0,0,0,0,0,2.738,0,0,0,0,5.476,0,0,0,0,0,11.913,23.83
pote.txt_9459,0.787,3.149,0.394,1.181,0.394,1.574,1.181,0.394,1.181,0.787,0.394,0.394,0.394,0.787,1.574,1.574,0.394,0.787,0.394,0.787,8.786,9.098
pote.txt_5925,1.91,0,0,0,1.91,3.821,0,1.91,1.91,11.462,0,1.91,1.91,0,0,0,0,0,0,0,4.698,7.153
pote.txt_10133,0,0,0,0,0,0,0,0,0,0,0,0,0,0,95.238,0,0,0,0,0,0,0
pote.txt_10299,1.263,1.263,0,0,0.632,0.632,0,0.632,0.632,0,0,0,0,0,3.159,0,0,0.632,0.632,1.263,15.353,13.881
pote.txt_4803,0,0,0,0,0,0,0,2.428,1.214,4.857,0,0,0,0,2.428,1.214,1.214,0,0,0,9.211,15.138
pote.txt_9045,1.352,2.704,0,0.901,0.451,2.704,0.451,0.451,1.352,0.451,0,2.704,0,0,0.901,1.352,0.901,1.352,0.901,0.901,7.977,8.665
pote.txt_1291,2.73,1.365,0.682,0.682,1.365,0.682,0.682,1.365,2.73,3.413,0,1.365,0,0.682,0,2.73,2.048,0,0,0,6.588,7.905
pote.txt_6201,0,0,0,0,0,0,0,0,6.56,3.28,0,0,2.186,0,0,0,0,2.186,0,2.186,13.75,6.404
pote.txt_2045,2.293,0,0,0,4.587,4.587,6.88,6.88,0,4.587,0,0,0,0,0,0,0,0,0,0,4.524,5.806
pote.txt_8785,4.488,0,0.561,1.122,0.561,1.122,0,0.561,1.683,1.122,0,0.561,1.122,1.122,1.122,0.561,1.122,2.805,0.561,0,7.841,8.481
pote.txt_7527,0,2.653,1.327,0,2.653,1.327,0,2.653,3.98,3.98,0,1.327,2.653,0,0,1.327,0,2.653,0,0,7.249,4.719
pote.txt_11955,0,0.524,0,0.524,0,0.524,0,0,0,0,0,0,2.097,1.573,8.387,3.145,1.048,1.048,0,0,7.967,9.555
pote.txt_711,0.578,3.47,0,0.578,0.578,4.049,0,0,0.578,0,0.578,0,1.157,1.157,1.735,1.157,0,0.578,0,1.157,10.189,8.882
pote.txt_4333,0,0,1.995,0,3.99,0,0,1.995,0,0,0,3.99,0,1.995,1.995,1.995,0,0,0,1.995,7.495,9.039
pote.txt_9891,2.08,1.387,1.387,0,0.693,2.08,0,0.693,2.773,1.387,0.693,1.387,0,0,0.693,0,2.08,2.773,0,0,8.322,8.08
pote.txt_5635,0,0,0,0,0,0,0,3.052,6.103,2.035,0,0,0,0,0,1.017,0,1.017,0,0,10.335,14.228
pote.txt_5881,1.259,0,0,0,1.259,1.259,1.259,1.259,3.776,5.035,0,1.259,0,0,0,0,1.259,0,0,0,6.895,11.886
pote.txt_1585,0,1.221,0.61,0.61,0.61,0.61,0.61,1.221,3.052,2.441,0,0.61,0.61,0.61,1.831,0.61,1.221,1.221,0,0,9.37,9.329
pote.txt_6225,0,0,0,0,0,0.841,0,0,2.522,1.681,0.841,0.841,0,0,1.681,0,0,2.522,0,1.681,10.822,14.773
pote.txt_1519,1.789,1.193,1.789,0,0,1.193,0,2.385,3.578,2.385,0.596,0,0,0,0.596,1.789,1.789,0.596,0,0,8.576,8.202
pote.txt_1675,0,0,0,2.175,0,0,2.175,2.175,0,2.175,0,0,0,2.175,4.351,4.351,0,2.175,0,0,8.252,6.812
pote.txt_5515,0,0,0,0,1.686,0.843,0,0.843,2.528,1.686,0,0,0,0,0.843,0.843,0,0.843,0.843,0,11.867,16.9
pote.txt_3527,0,0,0,0,0,0,0,0,0,0,0,0,0,0,2.69,0,0,0,5.379,0,10.34,25.849
pote.txt_2547,5.049,0,0,0,0,0.721,0,0,0,2.885,0,0,0,0,2.885,0.721,0,0,0,0,12.525,13.691
pote.txt_4553,0,0,0,0,3.174,0,0,0,7.935,0,0,0,0,0,0,0,0,4.761,0,0,19.393,1.402
pote.txt_5575,1.435,0,0,0,1.435,2.87,0,2.87,0,4.305,0,0,1.435,0,1.435,1.435,0,1.435,0,0,7.988,9.745
pote.txt_6925,0,5.162,0,0,0.86,1.721,0,0.86,0.86,0,0,0,0,0,2.581,0,0,0.86,0.86,1.721,13.126,8.159
pote.txt_11439,1.83,0,0,5.49,0,0,0,0,1.83,0,0,0,1.83,0,0,0,1.83,1.83,0,3.66,8.118,9.961
pote.txt_2615,0.372,2.977,0,0.744,1.489,1.489,1.116,0,0.744,0.372,0,0.372,0.372,0.744,3.349,1.489,1.489,0.372,0,0,9.142,9.778
pote.txt_107,1.4,0,0,0.7,2.1,2.8,0.7,1.4,2.8,0.7,0.7,0.7,0,0,0,1.4,0,0.7,0,0,9.205,11.307
pote.txt_4557,0,0,0,0,3.16,0,1.58,0,6.32,0,0,0,0,0,0,0,0,4.74,0,0,11.883,9
pote.txt_9655,0,0,0,0,0,0,0,0,0,4.293,0,0,0,0,4.293,0,0,0,0,0,10.39,24.242
pote.txt_7359,1.25,0,0,0,0,6.25,0,2.5,2.5,7.5,0,1.25,1.25,0,0,0,0,2.5,0,0,5.529,7.325
pote.txt_3611,0,2.4,0,0,0,0,0,0,4.8,0,0,0,0,0,2.4,0,0,0,2.4,2.4,20.293,2.472
pote.txt_6873,0.568,0,0,0,1.705,0,0,0,2.842,1.137,0,0,0,0,2.273,0.568,0,1.137,0,0,12.282,18.092
pote.txt_8929,0.487,2.923,0,0,0,1.949,0,1.461,1.461,0.487,0.487,0.974,0.974,1.461,3.41,1.461,0.487,1.461,0,0,8.243,8.708
pote.txt_11491,0,0.456,0.456,0,0.456,0.912,0,1.824,2.735,1.368,0.456,0,0.456,0,1.824,0.456,0.456,0.456,0,0,10.154,15.975
pote.txt_10647,5.811,0,0,0,3.874,3.874,0,0,0,0,1.937,0,1.937,0,1.937,0,0,0,0,0,7.398,9.659
pote.txt_11731,0,1.626,1.626,0,0,0,0,0,0,0,0,0,0,0,3.252,0,0,0,3.252,0,9.137,22.373
pote.txt_3257,0,0,0,0,6.036,6.036,0,0,0,0,0,0,6.036,0,0,0,0,0,0,6.036,11.086,2.304
pote.txt_9195,0.393,3.14,0.393,1.178,1.178,0.785,0.393,1.57,1.963,0.393,0,0.393,1.57,0,1.963,1.178,1.963,0,0,0,7.62,10.312
pote.txt_435,2.824,0,0,0,0.706,0.706,1.412,0.706,3.53,4.237,0,0,0,1.412,0,0.706,0.706,0,0.706,0,8.198,10.55
pote.txt_9863,0,3.727,0,0,3.727,1.864,0,1.864,3.727,5.591,1.864,0,1.864,1.864,0,0,0,0,0,0,8.054,4.161
pote.txt_8279,3.777,0,0,0,0.755,3.777,0,0.755,3.022,3.022,1.511,0.755,0,0,0,0,1.511,0.755,0,0,7.824,8.985
pote.txt_3811,0,0,0,0,0,0,0,0,0,0,0,0,0,0,4.328,0,0,0,3.246,0,12.599,25.198
pote.txt_3583,0,0,0,0,0,4.389,0,0,0,4.389,0,4.389,0,0,0,0,0,0,4.389,0,7.498,11.353
pote.txt_1535,1.325,0,0,0,1.325,1.325,0,3.976,1.325,2.651,0,0,0,0,0,3.976,0,0,1.325,0,7.15,12.055
pote.txt_489,1.237,1.237,0.618,0,0.618,3.71,0.618,1.237,3.092,2.473,0.618,0,0,0.618,0,1.237,1.237,1.855,0,0,7.417,8.729
pote.txt_521,1.522,1.522,1.522,0,0,2.283,0,1.522,3.805,3.805,0.761,1.522,0,0,0,0,2.283,0.761,0,0,7.897,7.512
pote.txt_6913,1.103,4.411,1.103,0,1.103,0,0,0,0,0,0,1.103,5.514,0,3.308,0,0,0,1.103,1.103,9.867,6.758
pote.txt_9675,4.04,0,0.673,0,0,1.347,0,0,2.693,2.693,0.673,2.02,0,0.673,0,0,1.347,2.02,0.673,0,7.384,10.155
pote.txt_1425,3.405,0,0,0,1.135,0,0,1.135,1.135,3.405,0,1.135,0,0,1.135,0,2.27,0,1.135,0,8.652,12.122
pote.txt_8935,3.296,0.549,0,0,0.549,3.296,0,1.648,0,0.549,0,2.197,1.648,0,1.648,0.549,3.296,1.099,1.099,0.549,6.995,7.902
pote.txt_12135,2.317,0,0,0,2.317,1.158,0,3.475,1.158,2.317,0,0,0,0,1.158,1.158,0,0,0,0,9.105,12.743
pote.txt_11087,0.359,2.869,1.435,0.717,1.076,1.793,0.359,0.359,0.359,0.359,0,1.435,0.359,0.359,1.793,1.435,0.359,0.359,0.717,1.435,8.55,9.904
pote.txt_1679,0,1.466,0,0,0,3.664,0.733,1.466,2.198,2.931,0,0.733,0.733,1.466,1.466,2.931,0,2.198,0,0,8.571,6.319
pote.txt_12067,0,0,0,0,0,1.522,0,1.522,3.043,4.565,0,0,0,0,1.522,0,1.522,0,0,0,10.974,12.841
pote.txt_2287,0.744,0,0.744,0,0.744,1.489,0.744,0.744,1.489,2.233,0,0,0,0,1.489,0.744,0,0,0.744,0,11.424,15.439
pote.txt_3657,0,0,0,0,0,0,0,0,0,3.298,0,0,0,0,3.298,0,0,0,1.099,0,16.995,20.395
pote.txt_4013,0,0,0,0,0,0,0,5.371,0,0,0,0,0,0,5.371,0,0,0,0,0,29.226,0
pote.txt_4507,0,0,0,0,0,1.245,0,1.245,3.736,4.982,0,0,0,0,1.245,0,0,0,0,0,10.226,15.642
pote.txt_12149,0.902,0,0,0,1.805,1.805,0,0.902,0,2.708,0,0,0,0.902,2.708,0,0,0,0,0,14.148,13.053
pote.txt_409,1.863,1.863,0,0,0,1.863,0,0.932,3.726,0.932,0,0,2.795,0,0.932,1.863,0.932,0,0.932,0,7.345,10.408
pote.txt_1825,2.057,0,0,0,0.686,1.372,0.686,0.686,3.429,4.8,0,0.686,0,1.372,0,0,0.686,0,0.686,0,8.542,10.757
pote.txt_10477,0,0,0,0,0,0,25.965,10.386,0,0,0,0,0,0,0,0,0,0,0,0,3.843,3.995
