#name,AASI_lag0,AASI_lag1,AASI_lag2,eisenberg_lag0,eisenberg_lag1,eisenberg_lag2,Ez_lag0,Ez_lag1,Ez_lag2,Ez_lag3,Ez_lag4,Ez_lag5,Ez_lag6,Ez_lag7,Ez_lag8,flexibility_lag0,flexibility_lag1,flexibility_lag2,grantham_lag0,grantham_lag1,grantham_lag2,grantham_lag3,grantham_lag4,grantham_lag5,grantham_lag6,grantham_lag7,grantham_lag8,ISAECI_lag0,ISAECI_lag1,ISAECI_lag2,ISAECI_lag3,ISAECI_lag4,ISAECI_lag5,levitt_alpha_lag0,levitt_alpha_lag1,levitt_alpha_lag2,MSS_lag0,MSS_lag1,MSS_lag2,MSW_lag0,MSW_lag1,MSW_lag2,MSW_lag3,MSW_lag4,MSW_lag5,MSW_lag6,MSW_lag7,MSW_lag8,TM_tend_lag0,TM_tend_lag1,TM_tend_lag2,z3_lag0,z3_lag1,z3_lag2,z3_lag3,z3_lag4,z3_lag5,z3_lag6,z3_lag7,z3_lag8
pote.txt_11703,6.05027027,5.700958333,5.50592,1.210756757,0.528488889,0.042057143,0.990205405,187.8740378,30.75716757,0.479458333,182.9664639,26.76171389,0.31444,181.70894,27.67641143,0.462941135,0.318944861,0.311711143,0.599713514,96.88621622,9848.385135,0.411302778,90.52388889,8268.777778,0.327505714,87.89257143,8144.671429,9097.874173,0.846272973,6802.450733,0.584305556,6183.916746,0.469105714,1.081140541,1.032602778,1.025288571,433.3296659,387.9021846,384.8009804,0.402689189,0.361232432,0.473716216,-0.058005556,0.061783333,0.228383333,-0.070888571,0.074205714,-0.00708,4.281754054,1.840297222,1.318431429,8.402756757,5.037054054,3.003613514,3.164727778,0.149222222,0.942752778,1.227774286,-0.423762857,-0.468434286
pote.txt_4689,5.264472727,5.28719,5.345055556,1.149627273,0.56466,0.4743,1.343118182,146.5229,29.44265455,0.85992,146.74035,25.33837,0.769,146.6698333,24.98637778,0.445466,0.40465,0.403282444,0.465390909,93.57818182,13603.09091,0.30282,93.565,9334.5,0.268366667,92.74,8310.888889,12737.00745,0.756618182,8883.89223,0.48461,7420.972567,0.443088889,1.021736364,0.92301,0.937766667,405.15377,306.3788851,275.6284606,0.388345455,0.285781818,0.372627273,0.20087,0.16,-0.04387,0.1724,0.09,0.089177778,5.475463636,3.48009,3.415844444,11.87568182,9.962190909,3.927009091,8.98795,-0.76846,0.20148,4.644222222,-1.9795,1.904566667
pote.txt_8139,4.790124,4.383845833,4.317286957,1.581796,0.727575,0.198104348,0.799452,186.405096,41.9848,0.3169125,176.4273917,34.118325,0.054204348,172.2789174,34.20196087,0.38767508,0.242622125,0.275157609,0.185708,70.4808,10118.17,0.104054167,66.13625,7544.666667,0.060986957,64.14,7171.630435,13173.99031,0.467072,10243.01892,0.339791667,9109.645187,0.242834783,1.134448,1.034679167,1.067669565,378.6118861,310.2077104,297.340006,0.4849,0.36452,0.404304,0.0213,0.1905,0.121120833,0.025421739,0.135908696,0.078873913,3.4799,0.961545833,-0.305917391,10.62442,6.447744,2.9083,1.8428,-0.700725,0.398641667,-2.320769565,1.247047826,0.530682609
pote.txt_803,4.268694444,4.105694118,4.161525,1.678044444,0.093411765,-0.819175,1.369461111,194.4575778,33.67127222,0.251752941,184.3856882,26.08631765,-0.31250625,175.2302625,20.059625,0.385156722,0.292160941,0.3058845,0.210488889,78.93666667,11890.11111,0.063282353,70.24,11575.35294,0.0770875,70.024375,11305.5,14109.02617,0.318161111,12206.63165,0.178717647,11966.07067,0.1250875,1.348627778,1.316935294,1.3079125,359.3843189,361.1914048,358.3451217,0.410811111,0.242127778,0.318672222,0.148058824,0.118870588,0.032847059,0.12735,0.080375,-0.100675,6.199444444,0.662364706,-2.02316875,10.41622222,3.723522222,4.793244444,-2.128588235,0.873929412,2.843870588,-5.97173125,-1.1585125,2.20729375
pote.txt_9839,4.747111765,4.54891875,4.75496,0.944188235,-0.08565,-0.12696,0.5332,201.0249118,45.96646471,-0.152625,191.0762,38.5080125,-0.174033333,183.5346933,37.27952,0.432345647,0.324335938,0.340383333,0.364323529,65.39411765,6789.529412,0.0809375,58.740625,4231.9375,0.1184,61.51733333,4250.733333,11033.55725,0.164388235,7028.581194,0.0264375,6563.892587,0.0294,1.135870588,1.037725,1.034933333,279.9596947,208.5961668,215.5795597,0.4233,0.277852941,0.335370588,0.32740625,0.05941875,0.12543125,0.342833333,0.104186667,0.139886667,2.932717647,-0.8019125,-0.89246,9.704282353,8.480447059,1.685464706,-2.58671875,2.2080875,0.29670625,-1.924806667,3.515566667,0.227526667
pote.txt_133,4.657451724,4.524160714,4.590255556,0.92292069,-0.210057143,-0.33737037,0.704562069,143.237169,28.17168621,-0.134014286,139.8286107,23.27996071,-0.161077778,139.1230556,24.54109259,0.321393724,0.244870036,0.240851333,0.295703448,75.51172414,6483.62069,0.090878571,71.36321429,4392.178571,0.067562963,71.38777778,4572.222222,8442.842645,0.214986207,6473.939043,0.107864286,6134.379574,0.060451852,1.2105,1.172853571,1.181103704,316.6171193,292.0210825,284.1581826,0.513689655,0.256844828,0.428241379,0.343714286,0.133942857,0.0598,0.358851852,0.094525926,0.132077778,3.263896552,-0.609910714,-0.843196296,5.755327586,5.354682759,2.554693103,-0.557664286,0.123453571,0.277467857,-2.582948148,0.390644444,0.569381481
pote.txt_4497,4.52649,4.536188889,4.60945,1.82611,-0.009844444,-0.4652125,1.15021,147.32246,27.28918,0.310833333,145.5399,25.83674444,0.31745,142.1740375,24.3086875,0.4192723,0.331612667,0.330767375,2.59579,72.412,7124.5,0.765322222,67.28888889,5495.222222,1.5381125,65.81375,5564.25,6468.60315,0.79204,5384.380767,0.1712,6050.417338,0.1492375,0.98322,0.9269,0.9231125,413.4378098,363.1164256,339.1152017,0.37794,0.17216,0.42496,0.275522222,0.099433333,0.049222222,0.314025,0.11325,-0.216525,3.23751,0.672022222,0.0424125,5.59802,6.11455,8.88213,1.394122222,-1.626733333,-1.352433333,1.4435875,-1.413625,1.321425
pote.txt_11441,5.7156,4.6549,4.69005,0.72149,0.016088889,-0.28405,0.94019,196.20679,32.06028,0.137411111,189.6378778,25.42072222,-0.2110875,196.4171,24.45755,0.4773959,0.426697556,0.43734375,0.33843,85.825,9597.425,0.189733333,77.20222222,8689.277778,0.1298875,73.12125,7282.6875,10378.3485,0.69271,8028.587611,0.412877778,6163.913263,0.35135,1.14823,0.966177778,0.95735,453.7588913,450.570602,446.6569068,0.46641,0.39023,0.1967,-0.209111111,0.058377778,0.055511111,0.0453375,-0.02625,0.018525,4.58703,0.721522222,-1.084825,6.96735,2.7575,1.95324,-0.057355556,-0.856166667,-0.2979,-4.055825,0.6116625,0.77865
pote.txt_359,4.971151351,4.713283333,4.782914286,1.044951351,-0.062533333,0.08072,0.917486486,177.2134757,30.42134054,0.347313889,171.4367194,27.95179167,0.269857143,168.8259857,27.05516571,0.410331162,0.303002694,0.295240514,1.835378378,80.22918919,7644.324324,0.731341667,72.46555556,5751.944444,1.198031429,73.102,6544.228571,7325.654003,0.700967568,4610.659375,0.349805556,4752.161189,0.393637143,1.091978378,1.048408333,1.048491429,441.8945599,430.0757962,422.9476443,0.404502703,0.33072973,0.453502703,0.067744444,0.21145,0.108830556,0.123417143,0.169554286,0.145768571,3.142721622,0.64995,0.340257143,6.359583784,3.686113514,5.320951351,-0.024963889,-0.945369444,-1.734680556,0.455902857,0.59722,0.151514286
pote.txt_4837,4.747825,4.649371429,4.78935,1.488325,-0.990557143,0.607166667,1.59655,124.8055375,20.957775,-0.660385714,124.8387,17.4616,0.5375,125.6586167,16.30435,0.276463625,0.135176571,0.19525,0.058675,83.6875,15307.625,0.014671429,66.8,13818.57143,0.0506,76.17833333,14277.66667,15628.39536,0.432975,15244.34554,0.348342857,14537.17683,0.297616667,1.313,1.261071429,1.256,428.0692634,424.6640985,423.16466,0.5716625,0.3263125,0.325325,0.249228571,0.182228571,-0.254728571,-0.1283,0.183633333,0.131366667,6.855525,-2.997071429,2.6907,10.57855,5.4989,5.31945,-2.757014286,1.657471429,0.417214286,0.290066667,1.5686,2.194766667
pote.txt_4847,3.852236364,3.71737,3.7296,2.504909091,-1.16932,-0.967555556,0.867536364,202.6143,52.16894545,-0.3872,175.17752,45.82906,-0.341433333,183.3814667,48.49517778,0.340214727,0.2466472,0.217941333,0.115227273,53.34,11525,0,48.052,10653.7,0,43.88777778,11627.33333,14745.92278,0.794490909,11612.54759,0.09049,12520.09319,0.140355556,1.374436364,1.28175,1.266033333,384.6889566,372.7105789,387.1712694,0.471509091,0.4223,0.362554545,0.35412,0.29594,-0.15732,0.392622222,0.324455556,-0.059111111,3.743745455,-1.37369,-1.398144444,11.66020909,3.2349,3.840327273,-0.92779,-1.68913,2.09819,-0.990833333,-0.325188889,2.020566667
pote.txt_9417,4.75132973,4.557408333,4.564414286,1.232116216,-0.186552778,-0.532577143,0.7915,187.8411946,38.41946216,0.022580556,177.8510806,33.12693333,-0.22646,175.9914143,32.09015714,0.438828514,0.315582167,0.340676171,0.859013514,72.29540541,7465.810811,0.222975,65.17416667,4822.888889,0.222157143,65.27171429,5407.342857,10346.72368,0.369891892,5873.120439,0.107072222,6954.717151,0.070957143,1.104086486,1.043275,1.065442857,340.0077962,286.1184399,294.807278,0.436262162,0.321205405,0.41422973,0.181391667,0.087905556,0.0119,0.195262857,0.151131429,0.084582857,3.540535135,-0.229922222,-1.272054286,8.933108108,6.178154054,3.459432432,-2.261872222,0.283247222,-0.842783333,-2.313385714,-0.365865714,0.121625714
pote.txt_12081,5.594411111,5.160675,5.566457143,1.616944444,-0.023125,0.525,1.847088889,164.2478778,20.49841111,0.50495,159.825,12.074925,1.126428571,145.8266857,8.816814286,0.367889,0.246441,0.299180571,0.185888889,100.5422222,12432,0.075075,88.4975,12529,0.127757143,102.83,12529,12046.78759,0.3838,11179.97539,0.180675,10379.16489,0.279385714,1.560644444,1.559375,1.541014286,392.049292,390.9360855,391.3459974,0.354588889,0.279744444,0.283288889,0.0717,0.1266,-0.057,0.037885714,0.045028571,-0.084,7.993555556,1.45845,3.954285714,9.555633333,1.707866667,5.972277778,-1.876625,0.497525,2.88715,1.744571429,0.960814286,3.211771429
pote.txt_9371,4.431707143,3.954892308,3.888383333,0.924128571,-0.173969231,-0.068983333,0.569571429,202.9262143,37.13998571,0.107461538,195.0391615,34.97547692,-0.03975,198.8746833,33.87555,0.431596286,0.350977538,0.359791667,0.331128571,69.24428571,8200.660714,0.149046154,63.53923077,6105.461538,0.210391667,65.86666667,6048.375,10042.93599,0.50235,6724.992092,0.244846154,8243.437692,0.2736,0.980621429,0.878776923,0.83755,368.6160439,302.024435,327.0477908,0.384135714,0.371571429,0.389571429,0.038623077,0.130015385,0.056607692,-0.058775,0.210441667,-0.043116667,2.340064286,0.161423077,0.156858333,6.074057143,6.6688,2.397778571,-2.356184615,-0.128776923,-0.275423077,0.993133333,-2.537366667,0.17765
pote.txt_6249,4.395906667,4.255228571,4.172084615,1.140146667,0.029928571,-0.327407692,0.83052,209.68942,46.37936667,0.014664286,202.33945,39.1874,-0.284592308,206.1362462,37.55636154,0.342702867,0.238928571,0.219591846,0.247453333,66.56533333,10549.86667,0.066235714,58.94,7690.857143,0.158515385,57.52615385,8062.461538,15070.76829,0.290146667,11210.62161,0.095064286,12027.78972,0.0839,1.20922,1.104628571,1.215130769,368.04853,306.8885584,307.3858258,0.4305,0.361593333,0.2879,-0.016414286,0.206757143,-0.014992857,0.158453846,0.207307692,0.095638462,4.15,-0.03415,-1.496584615,12.13794667,6.331033333,2.550666667,1.520228571,-0.487292857,-0.375735714,-1.023823077,-2.620230769,1.025184615
pote.txt_3887,3.849185714,3.85135,3.82162,3.053485714,0.247866667,0.16622,1.4425,114.9424,39.0096,-0.0175,114.1856,37.7784,-0.1655,109.87822,34.96608,0.394335429,0.173666667,0.2080472,0.190728571,63.91285714,23104,0.1183,56.445,22736,0.13858,61.902,21503.2,19544.83766,1.890557143,15913.197,1.777416667,12676.17528,1.89962,0.955028571,0.9555,0.95058,547.598468,538.6562518,509.1257009,0.592171429,0.580042857,0.5548,0.2314,0.464583333,0.0053,0.07768,0.36542,-0.03782,4.168328571,-0.084933333,-0.5701,16.4476,10.33445714,5.4844,2.063233333,10.09823333,0.7511,-2.03662,9.45338,0.75682
pote.txt_11671,5.354511111,5.068148571,5.148141176,1.03705,0.004417143,-0.209773529,0.936763889,178.6785556,33.71175,0.222294286,171.1905343,29.38450857,-0.002514706,168.2437794,27.78496471,0.456085722,0.330176171,0.358536765,1.015905556,87.29055556,7266.722222,0.509857143,80.10657143,5687.542857,0.399955882,78.67352941,5072.235294,8219.703472,0.687872222,4825.44088,0.359428571,4234.798106,0.345405882,1.102175,1.062768571,1.058,362.4402574,322.4558313,303.7050738,0.306277778,0.314363889,0.350811111,-0.028545714,0.07444,0.097191429,0.040485294,0.028347059,0.083794118,3.67105,0.344051429,-0.590511765,8.595394444,5.840813889,3.230544444,-0.056034286,0.322251429,0.344028571,-2.045002941,-1.231464706,0.383997059
pote.txt_7917,3.661708333,3.316365217,3.37795,0.987545833,0.170878261,-0.169963636,0.807475,228.869925,41.54747917,0.195708696,219.3484304,34.92833913,-0.292572727,215.5769909,32.42287727,0.273129708,0.201627435,0.174385091,0.778558333,60.13666667,8611.479167,0.099430435,55.07434783,6911.086957,0.06255,52.90363636,6355.931818,14804.96489,0.1551125,12565.94293,0.062056522,11845.9938,0.063159091,1.307354167,1.215904348,1.205936364,382.924928,358.4288315,354.197482,0.4204625,0.351325,0.241620833,0.219891304,0.248821739,0.063586957,0.255036364,0.19525,0.016622727,3.706908333,0.398043478,-1.556381818,9.671370833,2.841775,3.903095833,1.678421739,0.43193913,-0.654734783,-1.958063636,0.478154545,-0.702686364
pote.txt_6303,5.3598,4.862371429,4.7282,1.7419,0.003214286,-0.650461538,1.068993333,197.1236867,46.51227333,0.345307143,187.3885143,42.92642143,-0.271153846,193.1274615,40.47576923,0.453338067,0.335387929,0.324811923,0.504033333,82.56666667,10214.53333,0.21275,71.035,9715.214286,0.103838462,61.09153846,9293.153846,11125.61613,0.911626667,8735.527579,0.501021429,7091.861531,0.310530769,1.38192,1.288485714,1.299507692,413.7101749,411.5117179,416.1969929,0.384926667,0.384586667,0.314973333,0.270371429,0.299542857,-0.0212,0.110938462,0.243469231,0.034892308,4.758486667,1.164771429,-2.100630769,11.86995333,2.196626667,2.870813333,1.745321429,0.483728571,0.387221429,-6.1793,-0.243361538,1.081246154
pote.txt_11001,5.5094875,5.245974359,5.2456,1.16606,-0.033320513,-0.357026316,0.83187,158.9046175,33.6481725,0.110005128,152.2447154,27.18762051,-0.1837,152.0518974,26.20736316,0.428749025,0.322512821,0.304353789,0.34203,80.972,7491.15,0.131733333,74.86410256,5743.846154,0.146836842,74.24684211,5597.526316,8400.895218,0.5488725,5835.908308,0.261384615,5675.651313,0.190231579,1.18397,1.148682051,1.121281579,339.2772633,293.7107698,298.4982848,0.3982325,0.382925,0.38978,0.124092308,0.130430769,0.126387179,0.082981579,0.116068421,0.075042105,3.57083,0.127951282,-0.771121053,7.6251775,6.32077,2.5770825,-1.368461538,-0.095325641,0.671671795,-1.618436842,-0.132273684,0.080536842
pote.txt_4949,6.265133333,5.792390909,6.14829,1.56645,0.606890909,-0.3261,1.089741667,151.7623167,19.295925,0.4936,146.6647455,15.60878182,0.23065,137.1943,16.32525,0.410520917,0.313989909,0.2362958,0.344575,92.105,10325.08333,0.248009091,88.15454545,9123.909091,0.26225,91.078,8911.6,8118.481092,0.908916667,5329.341945,0.665272727,4529.68122,0.50708,1.224008333,1.141218182,1.10393,404.4328758,355.8460307,353.5630894,0.4001,0.39795,0.454441667,0.008418182,0.226481818,0.090054545,0.06587,0.22948,-0.13522,3.542866667,1.401427273,0.82673,6.89165,5.2607,3.343583333,0.852881818,-0.256318182,1.477,1.4026,-0.11079,-0.52595
pote.txt_7485,4.3838,3.905633333,4.060821429,2.92011875,1.29044,0.127357143,1.24066875,142.71905,31.48360625,0.463526667,138.37064,29.03584,0.006085714,135.4826357,28.65008571,0.715329063,0.6279528,0.618802571,0.33691875,80.354375,13370.01563,0.289553333,80.08,7943.533333,0.300064286,78.10714286,9886.357143,9372.980456,1.50234375,3565.307573,1.057053333,5746.966986,1.011914286,0.71466875,0.658506667,0.666485714,346.8064107,203.1018652,290.2792553,0.3030625,0.2921,0.64364375,-0.0608,-0.036413333,0.1945,-0.066328571,0.15275,-0.083785714,3.48219375,1.40726,0.137828571,9.316275,12.84346875,5.64598125,-0.430686667,-4.156986667,2.889906667,-0.0688,5.311057143,0.438192857
pote.txt_4097,5.840366667,5.8066,5.557014286,2.038055556,0.609275,0.190142857,1.052855556,164.0377,36.06672222,0.3131375,170.41825,33.386275,0.242514286,170.4754286,30.5483,0.511108111,0.388855875,0.307214286,0.537366667,84.52222222,9644.888889,0.4155125,75.875,8030.75,0.139285714,70.33285714,8868.714286,8416.007133,1.088288889,7575.18415,0.601625,6815.550029,0.497614286,1.238833333,1.2328125,1.219785714,416.1584996,420.8438574,428.3825377,0.440633333,0.438922222,0.458277778,0.091975,0.296075,-0.047775,-0.026914286,0.300857143,-0.026885714,4.076088889,1.1698375,0.230028571,9.442566667,3.233611111,3.357122222,4.2966125,-0.163575,0.2037875,-1.624271429,0.676157143,-0.353228571
pote.txt_6951,3.711038889,3.427341176,3.3709875,1.327355556,-0.362941176,-0.0615,1.053877778,244.4188389,45.92359444,-0.3184,233.6500118,35.03592941,-0.159775,243.5601812,37.54354375,0.293949167,0.226616,0.1986085,0.071344444,59.16777778,12148.84722,0.025817647,50.46823529,10779.23529,0.00680625,47.241875,10646.125,18663.71522,0.114361111,17020.80434,0.055364706,17261.92609,0.04718125,1.3901,1.334064706,1.31330625,377.397422,349.2623146,348.1561686,0.446022222,0.359277778,0.171894444,0.231476471,0.206588235,-0.077247059,0.17951875,0.2335,0.0251,5.329988889,-1.576647059,-1.0638125,12.82959444,3.114722222,3.511505556,0.009276471,-0.141611765,0.587988235,0.64813125,-0.02766875,1.5245625
pote.txt_4901,5.315325,5.2266,5.26085,2.059083333,0.986290909,0.27634,1.065891667,161.9242167,34.64965,0.5941,155.2635091,31.27965455,0.50556,161.09886,28.89629,0.527218833,0.460556818,0.3874125,1.236475,82.15333333,8852.416667,0.587009091,79.23636364,8219.090909,0.53574,74.497,8046.5,7092.068933,1.082233333,6237.651673,0.806272727,5320.51251,0.62643,1.164633333,1.148809091,1.14957,417.2440688,411.851577,416.7253306,0.424141667,0.371908333,0.51645,0.100490909,0.243309091,-0.059290909,0.05308,0.28183,0.02418,3.638383333,1.645154545,0.73909,8.135266667,3.254225,4.952458333,4.5779,-0.137290909,-0.245827273,0.07949,0.62812,-1.24333
pote.txt_9627,4.32883913,3.780590909,3.800895238,1.984873913,-0.392863636,-0.332109524,1.065947826,177.255013,40.28045652,0.098695455,170.5810409,38.67024545,-0.002895238,173.7906476,36.82737619,0.41597713,0.303657818,0.269622333,0.237534783,66.67173913,12497.06522,0.060031818,57.03,10762.84091,0.070247619,58.14714286,10535.19048,15202.12878,0.8397,12574.54081,0.279472727,12118.58438,0.397342857,1.012143478,0.970168182,0.968157143,453.6890073,451.4253423,450.2149862,0.515265217,0.548147826,0.414947826,-0.094636364,0.321445455,-0.057713636,-0.004204762,0.331238095,0.012528571,4.458565217,0.074622727,-0.370466667,11.58746522,4.864356522,4.299895652,-0.188604545,-0.645386364,-0.877004545,-1.054190476,-0.040895238,0.5969
pote.txt_5661,2.910515385,2.134425,1.882045455,1.550530769,0.417183333,0.024436364,0.877646154,179.9596077,31.77226154,-0.141366667,170.2265333,25.34715,0.327736364,165.9560182,23.91555455,0.416583385,0.232376167,0.316876273,0.109776923,67.91076923,8112.903846,0.043008333,65.045,5798.625,0.046445455,65.67909091,4299.409091,11943.45982,0.5588,10806.6556,0.314316667,10501.46641,0.065627273,1.110361538,0.980291667,0.977736364,340.2626854,319.0431344,313.553658,0.416838462,0.313738462,0.406661538,0.201783333,0.223658333,0.168033333,0.118972727,0.204309091,0.008127273,3.193384615,-0.355275,1.128418182,6.843953846,3.553038462,3.940130769,2.031541667,0.469775,0.8419,1.325836364,-0.751981818,-2.238272727
pote.txt_7237,3.3596,1.964533333,2.367017647,1.631673684,-0.485711111,0.128988235,0.935931579,203.1088842,26.09647368,0.410066667,187.2207056,21.88381667,0.334635294,203.2412059,22.83578824,0.634414526,0.574638111,0.575312118,0.350531579,77.61578947,7240.342105,0.262538889,75.15388889,4500.944444,0.265717647,74.22764706,6080.867647,9558.615295,0.729626316,7685.673039,0.197833333,8042.137618,0.383947059,0.680436842,0.597644444,0.628652941,389.5182012,385.9521824,387.934934,0.339294737,0.399389474,0.563136842,0.039244444,0.331222222,-0.091422222,0.111476471,0.345488235,0.072305882,3.141094737,1.069905556,1.337023529,5.019515789,4.7259,5.017026316,-1.754,-0.526816667,-2.900733333,0.6948,-0.188905882,1.603394118
pote.txt_1211,4.75857619,4.563775,4.692157895,0.841995238,0.15882,-0.120989474,0.493271429,200.9901667,44.57979048,-0.10074,194.960975,40.400715,-0.172915789,192.9607947,37.32742632,0.450060905,0.33564305,0.347983158,1.077033333,59.64285714,6394.666667,0.22912,55.3475,3971.75,0.204084211,55.68894737,3663.578947,10722.04933,0.082695238,7278.05914,0.03584,6014.745189,0.025284211,0.975819048,0.887355,0.889921053,323.5136492,242.3217425,244.354278,0.47132381,0.330971429,0.373571429,0.31013,0.16287,0.143235,0.303926316,0.128805263,0.161131579,2.428328571,-0.103195,-0.945310526,8.633928571,8.833338095,3.115933333,-0.58432,2.736785,-0.553765,-3.711321053,3.855389474,-0.168505263
pote.txt_2589,4.208425,4.224518182,4.2643,3.808841667,0.021818182,0.7979,1.36895,121.4062333,40.49244167,-0.025063636,120.5748091,35.33944545,0.25676,125.66472,38.36355,0.568333417,0.413940636,0.3731903,0.212658333,70.76416667,13913.83333,0.092181818,60.28818182,13361.45455,0.09295,58.317,12992.2,11471.61484,1.527825,9465.037882,0.9019,11548.19583,0.80084,0.906316667,0.904281818,0.90228,432.3849527,432.5514515,442.1796556,0.49555,0.387325,0.612925,0.301563636,0.316845455,0.0024,0.23568,0.38308,0.03425,4.677241667,-0.400054545,0.96638,11.12203333,6.356033333,6.56985,-1.883336364,2.252736364,3.463845455,3.6588,0.93912,3.71666
pote.txt_8955,4.6110625,4.357402564,4.334447368,1.28442,0.183707692,-0.112376316,0.74732,176.035635,37.1939375,0.129928205,172.6594436,34.24197436,-0.025744737,172.1302263,34.81771053,0.391411175,0.289189103,0.267360737,1.48186,70.487,6756.10625,0.654705128,62.88025641,4374.820513,0.480336842,63.48947368,4285.710526,8436.879203,0.55802,6175.713944,0.203333333,6083.908442,0.209910526,1.102835,1.049717949,1.033081579,362.4118815,311.9336057,307.3682429,0.40015,0.291685,0.443455,0.130635897,0.08074359,0.166546154,0.089568421,0.054581579,0.052863158,2.6213075,-0.046676923,-0.176447368,7.082385,6.3595525,5.0647525,-0.011607692,-0.264682051,0.722466667,-0.701515789,-1.020436842,-0.746089474
pote.txt_4713,3.971363636,3.88405,3.972311111,1.131381818,-0.0071,-0.555944444,0.845936364,187.1129182,50.79431818,-0.22362,182.37004,43.45176,-0.247877778,168.9023889,34.82377778,0.191899091,0.0918,0.173689778,0.070236364,52.86363636,15362.54545,0.00858,45.821,13650.1,0.001877778,45.94444444,13101.88889,19892.24705,0.411281818,18371.55893,0.1617,17108.82787,0.1832,1.301227273,1.31627,1.274611111,464.7312011,435.2007642,435.643826,0.623672727,0.536418182,0.245318182,-0.10192,0.37514,-0.04411,0.101355556,0.324222222,0.058811111,4.093709091,-0.61377,-2.2801,14.27744545,5.209981818,2.526990909,3.56047,-0.11296,-0.28452,-1.230355556,-0.950611111,1.5597
pote.txt_7623,4.892695238,4.802545,4.709773684,1.515352381,0.01742,-0.653831579,0.623514286,196.6413476,51.42109048,-0.00963,188.33809,43.3155,-0.342157895,183.9329158,36.28357368,0.411742143,0.26836945,0.288447316,0.267728571,65.18238095,9363.285714,0.07526,59.66,7401.65,0.055305263,57.36105263,6615.263158,13340.03628,0.350161905,10071.05695,0.09646,7901.692658,0.049715789,1.101761905,1.03945,1.049847368,371.8145045,329.7802385,294.1087193,0.517080952,0.386309524,0.392209524,0.042135,0.285455,0.093665,-0.022131579,0.160905263,0.137494737,3.140490476,0.02892,-2.058847368,11.56865714,6.581761905,2.16497619,0.95847,1.94909,0.028425,-7.794084211,0.359,0.441778947
pote.txt_11425,6.41246,5.696629412,5.687887879,1.875308571,0.706935294,0.933936364,1.54386,154.8948943,22.08044286,1.264544118,148.3557765,19.69412353,1.291639394,149.7603121,19.91558788,0.604662,0.519579265,0.550079545,1.439465714,103.6071429,8684.042857,0.955055882,96.255,7821.176471,0.834421212,98.14060606,7587.5,4142.018349,1.513697143,2367.801091,1.104717647,2700.4803,1.223663636,1.334625714,1.265188235,1.277136364,420.6289656,418.6153917,420.1915905,0.176165714,0.459691429,0.365211429,0.036144118,0.162888235,0.038094118,0.007769697,0.108448485,-0.008218182,4.921025714,3.223767647,3.754627273,6.461871429,2.105654286,5.972974286,2.892088235,0.534608824,-0.587947059,3.7733,1.022642424,-0.886242424
pote.txt_4183,4.051822222,3.4804125,3.2721,1.667688889,0.9815,0.299314286,1.080766667,187.5632889,30.43038889,0.419875,186.7553125,25.897925,0.533942857,181.7660286,26.68914286,0.451063333,0.360861125,0.392071429,0.148888889,73.23,8602.472222,0.053625,64.495,6635.5625,0.075171429,67.46571429,7233,11724.94974,0.3857,9453.4087,0.235,10333.32484,0.078985714,1.155955556,1.00305,0.968585714,314.7910506,271.083586,279.5283521,0.386411111,0.266433333,0.379388889,0.3037,0.1155375,0.275275,0.354542857,0.162342857,0.134371429,4.617622222,0.85405,2.541771429,8.137788889,5.705133333,4.467633333,-0.3479125,2.9231,2.3561375,1.787328571,1.485871429,1.350428571
pote.txt_7529,4.26474,3.717489474,3.835333333,0.967225,0.120284211,-0.356611111,0.567945,207.82485,50.9537,-0.108410526,195.7737211,41.7619,-0.357816667,191.7079444,36.75287222,0.3406577,0.264200316,0.254465278,0.27512,60.2525,8438.025,0.124410526,55.79263158,6534.131579,0,54.51777778,6110.666667,14510.9424,0.242535,11206.87799,0.119563158,9482.419306,0.052827778,1.161315,1.079473684,1.068333333,405.5682063,385.8111967,386.0680387,0.5575,0.50531,0.28288,0.177884211,0.288947368,0.165294737,0.0686,0.245772222,0.158188889,3.236895,-0.351336842,-2.241094444,10.180305,2.385175,1.86237,1.830821053,-0.177294737,0.153589474,-3.816922222,-0.991911111,-0.614944444
pote.txt_4161,6.2473,6.0535,5.73622,1.865028571,-0.151066667,-0.7524,1.571971429,218.7351286,38.0498,0.597833333,218.0433833,29.9726,0.07252,207.301,25.39738,0.522779857,0.389044,0.3201194,0.5898,108.6528571,10853.71429,0.403266667,97.645,10895.33333,0.31464,94.564,10978.4,10748.30164,1.1659,10242.44988,0.717516667,7055.678,0.56096,1.499742857,1.549583333,1.48716,421.5633979,417.7844622,422.754565,0.223,0.374914286,0.346571429,-0.1376,0.230883333,-0.048933333,0.05932,0.06288,-0.0816,7.617457143,3.333733333,0.47784,12.90641429,1.810071429,4.062214286,4.003266667,-0.159816667,0.262783333,-4.25288,0.66426,0.31046
pote.txt_7555,1.89488,0.547526316,1.4783,2.08672,-0.278631579,0.191822222,1.138165,248.812715,24.5491,0.574657895,223.7473737,20.90037895,0.568227778,236.8849722,23.01555556,0.7167563,0.630584789,0.640840278,0.23018,72.878,7244.675,0.169957895,69.06578947,4139.486842,0.175066667,68.73222222,6264.625,12523.07469,0.87163,10520.72608,0.171842105,11411.92866,0.407833333,0.653605,0.549557895,0.631188889,356.2735835,355.8193013,355.6141377,0.195415,0.380205,0.516465,0.095926316,0.289936842,-0.276526316,0.092072222,0.341538889,0.081133333,3.547335,1.305989474,1.436394444,6.447095,3.91939,6.147195,-1.2952,0.917073684,-4.206278947,0.572877778,0.394811111,2.05555
pote.txt_3805,3.798914286,3.7627,3.78562,3.852614286,0.733333333,-0.37,1.6825,108.0157,34.7328,-0.0775,101.6192,29.7648,-0.5735,104.49592,31.33728,0.525192571,0.332745333,0.2157416,0.248671429,75.49714286,21172,0.197166667,74.55,19178.66667,0.1521,67.41,19939.2,15360.34834,2.131942857,7263.558,2.168833333,8154.89352,2.03138,0.946671429,0.9408,0.94464,501.3616219,453.4766755,471.6417939,0.456228571,0.453257143,0.6661,-0.130533333,0.2007,0.02,-0.16632,0.22626,-0.176,4.777471429,-0.419766667,-1.8247,14.4093,9.338442857,7.0717,-6.3552,8.2488,1.9952,-9.28512,8.62848,0.02752
pote.txt_2345,4.813144444,4.3112875,4.4037,0.683166667,0.452125,0.312142857,0.342966667,165.8929222,33.16274444,0.1778,148.422925,29.74205,-0.043971429,146.3561571,30.24898571,0.445517,0.3340625,0.224,0.3898,63.08555556,4185.472222,0.1747375,60.41375,3792.6875,0,53.28285714,3552.357143,8406.4951,0.230955556,7046.771175,0.0417375,6708.334329,0.021971429,0.977177778,0.9911125,0.946542857,313.5382992,298.1599719,298.7199777,0.544988889,0.4445,0.390733333,0.4705,0.313575,0.34315,0.481257143,0.331142857,0.319628571,1.578788889,1.0889625,-0.0644,5.472322222,6.005755556,1.232522222,3.18895,3.5451,0.0003375,-0.635914286,3.249585714,0.348814286
pote.txt_9555,4.339004762,3.678715,3.943031579,1.1336,0.08208,-0.650484211,0.777161905,206.0350667,44.55836667,-0.03855,200.21598,34.29265,-0.488331579,191.0642053,26.66045263,0.381460381,0.2738382,0.268060632,0.105304762,63.29047619,9420.928571,0.034485,57.554,7836.175,0.007789474,56.27368421,7243.210526,14826.47942,0.105004762,12928.9678,0.06506,12112.72868,0.041310526,1.134861905,1.08727,1.036673684,376.0114349,340.0639914,335.5884829,0.513804762,0.3977,0.263971429,0.154375,0.21696,0.096975,0.136726316,0.186505263,0.034852632,4.041366667,-0.31221,-2.962489474,9.7402,4.901495238,2.810080952,0.21953,-0.24987,1.069905,-4.839989474,-1.494778947,0.228836842
pote.txt_8153,4.850956,4.6004125,4.554378261,0.765648,0.149016667,-0.031878261,0.486264,190.202988,39.097856,-0.013016667,181.0492833,34.9503125,-0.193308696,183.2129739,32.80171304,0.36897172,0.252964125,0.23430313,0.316956,70.8972,5868.36,0.055225,64.24083333,3075.916667,0.044182609,63.01869565,4161.956522,9502.28548,0.194076,5976.213325,0.048754167,5998.871191,0.047078261,1.272908,1.225095833,1.215852174,266.9573068,205.7994516,223.153074,0.4119,0.228052,0.343,0.303120833,0.046425,0.113520833,0.237047826,0.034769565,0.178704348,2.515468,0.012820833,-1.03806087,8.0894,7.45322,1.142352,-1.325004167,2.953645833,-0.105533333,-2.896547826,3.870665217,0.194095652
pote.txt_3945,4.40612,4.1754,4.0094,2.23008,-1.9675,1.829333333,1.19548,200.8237,42.10694,-0.76575,167.6358,27.781125,0.996333333,214.9251333,45.1911,0.5179112,0.368552,0.351842667,0.2158,73.392,10837.6,0.06105,64.9925,10273.5,0.0715,62.25333333,9136.666667,12283.13174,0.63148,8566.8561,0.1004,10781.8008,0.302566667,1.22562,1.19595,1.1996,299.8966723,285.7437716,256.3735588,0.29996,0.2389,0.39474,0.215275,0.106,-0.2165,0.2964,0.1128,0.248533333,5.04748,-3.74865,3.952933333,11.28902,7.83798,4.7408,-7.4252,-3.550275,2.2194,5.463866667,3.3783,3.822666667
pote.txt_11219,4.9786,4.791652174,4.786135556,1.337276596,0.139263043,0.008028889,0.84946383,177.1294553,29.75782553,0.215452174,170.0680174,27.96421522,0.30292,170.2489667,28.70418444,0.440916745,0.314852065,0.285619133,1.839404255,79.28170213,6708.042553,0.804215217,74.04434783,5133.76087,1.235102222,72.29911111,5209.533333,6713.446874,0.777938298,4534.012965,0.395597826,3976.809669,0.348077778,1.020278723,0.96421087,0.968993333,402.09966,359.0716846,340.6968538,0.359787234,0.271459574,0.490068085,-0.001521739,0.126421739,0.137823913,0.127155556,0.095193333,0.156568889,2.549497872,0.424591304,0.314108889,6.682895745,5.773923404,5.328217021,1.041615217,0.488367391,-0.415682609,-0.122002222,0.335424444,-0.089302222
pote.txt_1293,4.736890909,4.564309375,4.552309677,0.806975758,-0.058403125,-0.236722581,0.726433333,200.3337,39.72591212,0.079265625,193.8131781,34.09411875,-0.149103226,190.6335161,33.1453,0.344460515,0.248465281,0.250255806,1.003127273,76.00424242,7133.909091,0.3606125,68.82625,5794.9375,0.196412903,69.60064516,5565.451613,10002.09397,0.388354545,6667.994316,0.1667,6344.471465,0.127770968,1.255751515,1.209328125,1.234880645,388.4326243,370.4771456,358.8072885,0.420663636,0.363042424,0.394009091,0.099753125,0.19548125,0.124134375,0.13696129,0.17803871,0.112812903,3.379330303,0.057575,-0.588306452,8.595909091,2.902351515,2.957572727,-1.082809375,0.1783375,-0.87938125,-1.957483871,-0.434619355,-0.705564516
pote.txt_2869,5.749805263,5.685166667,5.831970588,1.152257895,0.165388889,0.357105882,1.280663158,166.3209053,26.75483684,0.525044444,159.3956444,19.68901111,0.706494118,155.6080765,18.83755294,0.475241316,0.371075611,0.368404412,0.471005263,100.79,9502.368421,0.325305556,99.92944444,6768.611111,0.328947059,101.8658824,6561.941176,9036.624237,0.491068421,6437.761983,0.269394444,5776.172347,0.322888235,1.137452632,1.069888889,1.020864706,343.5236717,270.217465,261.8713678,0.3037,0.177547368,0.398194737,-0.026172222,0.029311111,-0.140394444,0.006517647,0.027905882,0.093894118,5.522721053,2.263505556,3.068988235,9.302468421,8.244321053,4.031657895,4.725633333,-2.365472222,-0.512077778,5.553082353,-2.571911765,1.410682353
pote.txt_2785,5.087494118,5.01375,4.944393333,1.445541176,-0.0115625,0.115373333,1.318388235,176.2812647,28.69426471,0.17975625,172.8928875,21.8569125,0.3327,172.9250267,23.63096667,0.468113647,0.375199625,0.3621722,0.527747059,92.05352941,10436.17647,0.25921875,87.75875,7121.3125,0.26852,85.04066667,8702.2,10470.44372,0.669323529,6674.667919,0.3914375,7550.938247,0.265713333,1.282947059,1.2512625,1.271466667,370.6060509,329.4960802,330.9165526,0.3587,0.287017647,0.391870588,0.093375,0.06189375,-0.2363375,0.058626667,0.084806667,0.120173333,5.559488235,0.86145625,0.716653333,9.868923529,4.293941176,3.925611765,1.01394375,-0.8420875,-0.76945,0.504633333,-0.743813333,2.064833333
pote.txt_2951,6.315944444,6.165970588,6.1818125,1.723777778,0.763694118,0.067125,1.340077778,156.2970056,17.09205556,0.768735294,153.8126176,13.60262941,0.46221875,155.6151438,15.1672375,0.417275556,0.237690412,0.199341188,0.398438889,104.0488889,11217.22222,0.317017647,99.92705882,9834.176471,0.29921875,98.673125,9617.125,8418.447039,0.785644444,6648.086341,0.477576471,6391.005675,0.42396875,1.248316667,1.204970588,1.20180625,429.3083507,397.4072976,399.5108608,0.429522222,0.261022222,0.544205556,-0.065882353,0.130635294,0.189776471,-0.04455,0.09194375,-0.1311875,5.168344444,2.807488235,2.007025,7.579644444,4.654455556,4.608566667,3.234941176,0.535205882,1.443847059,2.56340625,0.60819375,-0.64286875
pote.txt_10641,3.911133333,3.951627273,3.9027,1.323275,-0.2428,-0.7344,1.1555,185.97765,33.98581667,-0.0607,158.3021,23.33716364,-0.66808,162.14243,22.11133,0.204323,0.159885091,0.107568,0.037708333,69.65166667,11901.16667,0.0099,65.49090909,8775.272727,0.00858,59.367,10028.7,16131.17943,0.195591667,12554.20331,0.063036364,13008.04722,0.1393,1.519908333,1.5174,1.51539,362.6980326,331.1091872,345.1513661,0.488291667,0.281975,0.250541667,0.093145455,0.131163636,-0.0334,0.17124,0.0804,-0.14064,5.376508333,-0.5504,-3.05876,10.97619167,2.927191667,3.605741667,-0.736772727,-1.838890909,1.585381818,-6.52343,0.96885,-0.14264
pote.txt_6751,5.118744444,4.5033,4.5562625,0.404027778,0.073647059,0.0307125,0.627427778,199.1338778,33.18176667,0.2284,194.9196706,32.00141176,0.18305,187.7964125,31.98489375,0.619955278,0.592314529,0.549243063,0.832105556,96.33333333,3474.263889,0.732005882,92.6,1825.808824,0.74265,92.135625,1775.125,4928.44755,0.581794444,2754.529688,0.295029412,3005.183406,0.35181875,0.832527778,0.776452941,0.7349,326.2769846,248.1391675,266.8070427,0.269288889,0.336372222,0.523888889,-0.037576471,-0.060952941,0.415070588,0.03295625,0.04410625,0.4310125,3.029911111,1.390464706,0.9843125,5.257966667,6.581172222,2.234983333,2.695535294,-2.238447059,0.041076471,3.15888125,2.5627,0.3098625
pote.txt_10935,4.778504348,4.567640909,4.510619048,0.700504348,0.284909091,-0.013714286,0.260669565,218.7578261,54.24352174,0.017104545,216.9255273,52.53670909,-0.12212381,214.6362857,50.87121905,0.519404043,0.408140182,0.363949095,0.724256522,65.91304348,5452.521739,0.336845455,58.43909091,3594.318182,0.146057143,54.82666667,2143.714286,9594.509365,0.299752174,5867.972318,0.094990909,2611.578129,0.054352381,0.972917391,0.895572727,0.827419048,290.0558615,219.1456525,200.677633,0.400769565,0.3098,0.407408696,0.290827273,0.1254,0.296359091,0.25022381,0.041995238,0.241209524,1.752452174,0.236722727,-0.938828571,10.37538261,8.929421739,0.556917391,0.30345,4.000054545,0.038059091,-7.85267619,3.277180952,-0.367414286
pote.txt_4001,3.488875,2.911614286,2.73695,1.4733,-0.013828571,0.317,0.6054125,204.2754,33.6050625,0.1639,178.6871714,30.61428571,-0.13555,198.2115,30.56041667,0.295520875,0.284964286,0.223145833,0.076825,49.87125,9968.28125,0.047357143,49.25,7140.285714,0.021666667,43.075,8192.416667,16017.6742,0.43025,12519.8289,0.084771429,14878.45843,0.2182,0.9832,0.9172,0.857716667,413.1533871,384.8197391,415.8920925,0.6040375,0.4463125,0.323,0.013557143,0.323457143,-0.056457143,-0.109166667,0.436233333,0.1122,2.569875,0.5856,-0.280783333,8.4943125,3.8816,2.663225,0.999642857,0.032542857,-0.290357143,3.511833333,-0.777183333,-0.963016667
pote.txt_2385,4.744094444,4.024151429,4.085832353,1.112627778,-0.029668571,-0.007220588,0.811775,189.6434417,31.28245556,0.170911429,181.5325857,28.29382,0.095497059,180.9964147,28.52497647,0.485374667,0.404457543,0.416127441,0.4971,81.83861111,8039.027778,0.225657143,77.28342857,6412.685714,0.304461765,75.97647059,6212.897059,8671.229731,0.781236111,5820.55444,0.455345714,5644.647247,0.420132353,1.094663889,1.005688571,1.005805882,385.7545397,362.0115461,362.1488587,0.406388889,0.346661111,0.397805556,0.11906,0.183251429,0.02308,-0.067788235,0.132370588,0.112905882,3.256738889,0.708525714,0.484088235,6.216822222,3.566113889,2.624316667,-0.615631429,0.328674286,0.155831429,-0.939114706,-0.356414706,0.400532353
pote.txt_7057,4.377038889,4.030358824,3.8444125,1.160311111,-0.201858824,-0.530975,0.81015,196.3510889,37.84973333,-0.147123529,189.8251353,32.27421176,-0.4250375,180.7499125,26.19146875,0.326062556,0.212051471,0.20882375,0.175094444,62.86777778,8580.736111,0.007570588,53.24941176,7067.470588,0,52.155,7332,13610.61551,0.091477778,12449.25025,0.028411765,11618.05945,0.0390125,1.276794444,1.207923529,1.217425,352.0815214,342.7413703,343.4261327,0.529761111,0.373544444,0.300433333,0.510970588,0.226335294,-0.006682353,0.4864,0.2240375,0.0663625,4.225061111,-0.926070588,-2.7185375,8.912305556,4.024483333,3.050294444,-0.294752941,0.197952941,0.772688235,-4.46025625,0.1358125,1.131075
pote.txt_6141,2.384853333,1.131021429,1.930046154,2.160453333,-0.276171429,0.158830769,1.20618,240.4944067,27.89386667,0.469964286,218.8428143,24.57533571,0.304830769,234.8994538,23.49590769,0.6809658,0.570616071,0.528700846,0.217273333,74.32066667,8612.033333,0.163892857,69.55285714,5111.571429,0.1258,67.29692308,6903.480769,13746.43437,0.793773333,11723.96046,0.133357143,11197.7794,0.352784615,0.691066667,0.591878571,0.659038462,372.6964397,347.6214413,339.1141359,0.242833333,0.380513333,0.491746667,-0.000571429,0.257442857,-0.2655,0.042392308,0.246838462,0.188692308,4.172706667,1.393107143,0.203538462,8.218193333,4.46454,5.90582,0.307214286,-0.196628571,-3.930342857,-1.832969231,0.1324,2.917161538
pote.txt_5873,4.707738462,4.4157,4.502236364,1.086592308,0.159783333,-0.284727273,0.719492308,205.5801231,43.20954615,0.103275,197.7016083,37.682325,-0.173272727,188.0261273,30.92844545,0.284597308,0.244385417,0.214892636,0.2596,67.66076923,9163.769231,0.052858333,61.4975,7812.916667,0.0399,61.46454545,6261,13956.3735,0.247153846,11417.92613,0.058891667,7913.563364,0.105345455,1.227553846,1.138858333,1.141372727,390.8583901,344.1539883,325.5888619,0.481484615,0.379484615,0.314946154,0.265175,0.233925,0.167691667,0.195472727,0.162209091,0.055418182,3.7534,0.582283333,-1.419,10.91971538,4.560992308,2.271053846,1.225316667,1.261516667,1.232775,-5.962590909,0.260772727,0.398463636
pote.txt_4807,3.735481818,3.58273,3.574333333,1.527936364,0.2506,-0.984111111,0.706381818,234.7466727,54.16085455,0.1353,229.02912,50.76939,-0.4496,221.7845889,43.29384444,0.370716,0.2372889,0.207188222,0.460754545,57.39090909,10394.09091,0.02145,48.355,10105.4,0,47.17444444,9651.666667,15571.86606,0.386763636,12557.03143,0.14448,10450.35897,0.080588889,1.208863636,1.21424,1.196733333,409.2122312,405.9076884,400.4224258,0.501909091,0.457363636,0.402963636,0.32848,0.40598,0.09865,0.217211111,0.338944444,0.017111111,3.662872727,0.44836,-2.5856,12.63945455,2.434218182,2.673454545,1.01625,1.53771,1.36258,-7.009277778,-0.141622222,1.115033333
pote.txt_919,5.235852381,4.854495,5.060210526,1.070742857,0.18278,-0.101936842,0.551242857,219.5008667,49.07397143,-0.074485,212.90744,40.57117,-0.214115789,207.3129947,35.97521579,0.341985524,0.18041805,0.212035789,0.162733333,60.67,9583.142857,0.04588,54.689,7737.45,0.022589474,53.43052632,7075.684211,15556.74771,0.082780952,12882.3673,0.03193,11236.69537,0.033942105,1.141752381,1.07038,1.090105263,376.8440976,318.2370245,289.94065,0.532604762,0.442719048,0.2984,0.036035,0.285635,0.108335,-0.077557895,0.154073684,0.137373684,3.259714286,-0.121705,-1.440584211,12.07019048,7.42502381,1.542271429,1.51274,-0.90012,0.136815,-4.508578947,0.234484211,0.166115789
pote.txt_5315,3.874938462,3.691741667,3.626127273,1.049815385,0.3428,0.046909091,0.531353846,256.7659462,50.90178462,-0.044941667,245.2472833,42.88600833,-0.231990909,232.9436273,42.69206364,0.381739385,0.312919,0.265375,0.259430769,50.02307692,9212.942308,0.107916667,47.59083333,6423.875,0,46.10363636,4846.636364,17755.659,0.054853846,14164.73573,0.018075,10267.25994,0.023281818,1.069361538,0.959916667,0.876818182,358.5926717,290.5452314,268.3311913,0.496223077,0.453830769,0.275192308,0.380183333,0.293516667,0.132066667,0.223027273,0.1877,0.096409091,3.1924,0.050541667,-1.431154545,12.99448462,6.132730769,1.716076923,4.827583333,2.351266667,0.268766667,-3.887936364,1.876272727,0.225718182
pote.txt_753,4.596365957,4.162182609,4.129737778,0.983212766,0.101543478,-0.145191111,0.970155319,200.2349319,33.57378936,0.185502174,194.411337,28.16296087,0.329624444,192.4302222,28.37794667,0.423001851,0.332295891,0.279773156,1.686974468,73.50510638,7608.271277,0.593719565,67.88086957,6266.652174,0.732815556,65.90711111,6026.255556,9784.131121,0.42426383,7367.736396,0.246565217,6491.798736,0.189968889,1.12683617,1.060091304,1.063766667,412.1933267,388.5786521,370.7412224,0.379902128,0.370176596,0.364034043,0.076980435,0.165484783,0.144145652,0.145675556,0.133371111,0.109022222,3.587848936,0.419315217,0.093111111,7.021774468,3.702842553,5.702129787,-0.223917391,0.554530435,-0.31895,-0.987546667,-0.284235556,-1.397702222
pote.txt_10801,4.621033333,4.323035294,4.25453125,2.105255556,0.1436,0.25185625,1.250872222,154.8545667,28.82102222,0.491617647,149.3537235,27.69341765,0.641125,146.7783938,26.802975,0.4805595,0.377346412,0.3376615,1.957866667,75.11888889,9853,0.673952941,66.01294118,7697.235294,0.9008125,65.506875,9455.1875,7099.454672,1.086566667,5983.321476,0.476147059,6179.120475,0.594775,1.070927778,1.005588235,1.0094625,429.0398458,408.6534007,420.0050803,0.347444444,0.256,0.417277778,-0.011970588,0.152729412,-0.064141176,0.017475,0.18888125,0.05553125,3.511911111,0.799111765,1.0842375,5.570472222,4.958944444,7.957466667,0.900176471,-1.542688235,-1.752976471,1.16268125,0.20095,-1.61246875
pote.txt_4907,3.537,3.50996,3.572811111,2.946036364,-1.12156,0.772888889,1.0574,166.0669545,47.54964545,-0.53354,156.11084,46.49807,0.416122222,157.2908889,45.02311111,0.456623818,0.2898847,0.431279333,0.157272727,65.07181818,12391.72727,0.026,54.863,12343.9,0.093888889,60.55222222,12326,12833.87017,1.090327273,10302.37988,0.3332,11420.66752,0.698577778,1.113609091,1.07204,1.018077778,392.4158111,397.6414478,400.2491735,0.452881818,0.311445455,0.460054545,0.17968,0.26144,-0.15431,0.223877778,0.271977778,0.128333333,3.813009091,-1.5802,0.9226,10.57356364,4.105954545,4.603218182,-2.26763,1.46017,0.55184,2.463522222,0.5708,3.483933333
pote.txt_11571,4.223852632,4.113022222,4.149994118,1.717094737,-0.459622222,-0.536305882,1.180310526,194.3702895,45.81110526,-0.037627778,188.755,34.21047778,-0.207247059,183.5506529,32.17076471,0.404261053,0.322664333,0.343215647,0.193678947,71.06736842,11815.94737,0.038133333,61.17444444,10359.05556,0.027729412,59.83823529,10306.76471,15098.31468,0.287384211,12507.73227,0.089183333,11658.97694,0.114970588,1.257636842,1.213466667,1.215205882,380.0542806,351.0565397,348.4044066,0.477431579,0.310536842,0.291473684,0.246422222,0.159227778,0.000955556,0.293394118,0.125794118,0.040047059,5.681510526,-0.808216667,-2.020511765,11.63216316,3.812715789,4.139005263,-2.208061111,-0.894927778,2.503783333,-6.284741176,-0.441576471,2.575676471
pote.txt_7269,5.580294737,5.401505556,5.378770588,1.697378947,-0.624011111,1.146870588,1.132615789,144.7539895,25.83404211,-0.071377778,138.3804833,21.19758333,0.894882353,135.4455471,20.27165294,0.646736895,0.585007722,0.592820294,0.585626316,97.58052632,6720.842105,0.422594444,92.25166667,3729.833333,0.361664706,95.53352941,5455.411765,4198.408926,0.738510526,3412.294194,0.214283333,3438.802765,0.435323529,0.996778947,0.937161111,0.953711765,282.6650942,212.4459706,224.7043828,0.281805263,0.248878947,0.610468421,0.195305556,0.065288889,-0.286694444,0.208664706,0.007435294,0.207841176,4.474136842,-0.027077778,3.519194118,5.832352632,8.713073684,4.550447368,2.767438889,-2.935283333,0.833027778,4.703411765,2.989805882,2.2994
pote.txt_10437,3.33785,3.3234,3.33785,3.73,-2.75,3.73,1.40605,193.9556,48.01725,-0.992,161.9556,40.2948,1.40605,193.9556,48.01725,0.501514,0.279736,0.501514,0.21125,67.13,13848.5,0,51.45,13764,0.21125,67.13,13848.5,13315.40145,1.43305,8177.463,0.169,13315.40145,1.43305,1.3058,1.248,1.3058,375.2602375,375.048337,375.2602375,0.298,0.29565,0.5128,0.1628,0.1944,-0.16,0.298,0.29565,0.5128,4.95865,-4.6774,4.95865,12.92525,3.70565,6.397,-12.0672,-2.5956,3.3712,12.92525,3.70565,6.397
pote.txt_11623,4.233321053,3.823883333,3.945929412,1.882542105,0.338011111,-0.405347059,0.993505263,157.2379211,32.51607368,0.155466667,153.0146167,31.04487778,0.336711765,148.3649471,30.03461176,0.522285158,0.397071,0.395678941,1.831352632,64.26210526,10648.64474,0.843322222,62.04444444,6280.055556,0.817994118,60.96411765,6916.470588,9664.654474,0.969484211,5113.127661,0.531711111,7168.930076,0.300711765,0.807789474,0.750372222,0.762505882,395.460685,276.2322083,342.5123079,0.394452632,0.285384211,0.469805263,-0.027688889,0.006416667,0.087755556,-0.125858824,0.187617647,-0.116364706,2.368257895,0.266216667,0.221011765,7.459163158,10.68206316,7.187378947,-1.964033333,-4.078416667,1.527677778,1.902364706,1.485376471,-4.589058824
pote.txt_7111,5.054777778,4.678482353,4.76245625,1.670194444,0.090341176,-0.2288125,1.032144444,186.0459,46.46212778,0.095394118,181.3916647,43.93179412,-0.13799375,173.9226687,41.5304,0.372115833,0.269221412,0.246037313,0.358111111,73.28166667,12242.11111,0.088676471,60.60058824,10103.52941,0.15229375,62.67,10363.1875,14232.31783,0.784,10145.21776,0.363988235,9852.931538,0.50299375,1.241927778,1.184911765,1.13973125,423.0838076,384.6471238,396.3610404,0.450361111,0.475094444,0.350377778,-0.032264706,0.147629412,0.049011765,0.0043625,0.11239375,-0.04910625,4.623438889,-0.1711,-1.216125,12.8737,5.181516667,3.403072222,-0.860947059,-1.202535294,1.322011765,-1.89365625,0.24771875,0.85970625
pote.txt_1481,5.028728571,4.85968,4.816836842,0.959647619,0.27583,-0.181894737,0.623742857,208.2437714,44.45579524,0.060495,203.37885,39.941135,-0.304436842,198.5847579,36.48386842,0.465929952,0.3214757,0.349497053,0.988271429,60.45095238,7322.714286,0.184155,55.6465,4614.2,0.204084211,54.42052632,4642.894737,11701.26246,0.06642381,8025.116545,0.028495,7485.353226,0.027089474,1.022414286,0.917355,0.9138,315.6752606,207.1781366,208.8226395,0.439747619,0.3286,0.318733333,0.280475,0.050495,0.11072,0.295363158,0.018684211,0.086478947,3.068328571,0.3763,-1.576668421,9.326580952,9.822514286,3.488538095,-0.595455,2.08061,0.52611,-4.928826316,3.394157895,0.193473684
pote.txt_10431,4.113,3.9672,4.113,1.73,-1.65,1.73,1.5826,212.05385,39.2501,-1.0624,192.6474,17.9949,1.5826,212.05385,39.2501,0.293264,0.206736,0.293264,0.05445,75.85,13241,0,55.37,13209,0.05445,75.85,13241,17193.82545,0.14545,15864.093,0.053,17193.82545,0.14545,1.60145,1.599,1.60145,373.9713934,373.7130566,373.9713934,0.40385,0.2624,0.1928,0.3774,0.0576,-0.096,0.40385,0.2624,0.1928,7.642,-6.2972,7.642,12.81085,1.5245,5.41,-11.8996,-1.4523,3.0772,12.81085,1.5245,5.41
pote.txt_4709,4.192727273,3.99228,4.010266667,2.202218182,0.031,-0.523333333,1.882709091,182.4336364,22.3128,0.30125,176.89017,16.65791,-0.223177778,169.0077889,12.35422222,0.370603636,0.2572,0.206578667,0.097809091,92.73545455,13497.45455,0.04323,80.591,12586.9,0.035933333,79.97888889,12481.77778,15066.31419,0.417563636,14291.53428,0.18425,13630.7978,0.175488889,1.422081818,1.40068,1.4145,380.6991005,377.0490849,375.0181562,0.349518182,0.192245455,0.345563636,0.17225,0.10781,-0.01564,-0.006233333,0.043288889,-0.077333333,8.157463636,0.81684,-1.718466667,11.15107273,2.337527273,6.578609091,-0.28276,0.31819,3.34595,-5.683155556,0.726933333,1.9468
pote.txt_3847,3.899457143,3.91,3.928,2.254357143,-0.68445,-0.41634,1.2025,121.8691,43.2864,-0.2975,122.26675,42.768,-0.0935,124.9579,44.5824,0.263478286,0.021,0.0171528,0.132785714,52.32857143,25036,0.0507,42.93,24990,0.04394,40.176,25772,23729.32697,1.649171429,20795.1012,1.4958,23055.74208,1.42992,0.963385714,0.96525,0.96822,593.8353141,592.5992389,611.3411924,0.728114286,0.706828571,0.4435,0.39,0.6125,-0.12455,0.512,0.68208,-0.05546,3.559185714,-0.7956,-0.1683,18.4859,11.33047143,3.8971,4.44125,11.26025,-1.10075,8.0655,11.6727,-0.7361
pote.txt_1121,4.30991875,4.167093548,4.14429,2.08268125,-0.230706452,-0.156336667,0.97299375,183.6227938,40.00235,0.190858065,178.053029,36.45607742,0.17503,175.9949267,35.93036333,0.441580813,0.283246419,0.283817133,1.63025625,63.275625,9363.8125,0.648425806,54.3416129,6630.193548,0.77036,56.38166667,7119.933333,10379.75888,0.8012875,7434.803884,0.179193548,7995.93303,0.227803333,1.073503125,1.023935484,1.004883333,391.5548212,335.7259343,325.7646237,0.3945,0.2663625,0.4012125,0.087854839,0.076967742,-0.02613871,0.122023333,0.15304,-0.050243333,3.047096875,-0.427393548,0.05681,8.719984375,6.53100625,6.50975,-1.794574194,-1.10543871,-2.010377419,0.57108,-0.74258,-0.792916667
pote.txt_589,5.269945833,5.015573913,5.014631818,1.015845833,-0.040321739,-0.759,0.875625,172.867625,41.96155,0.066973913,168.2220435,35.54227826,-0.439459091,167.6259136,33.9779,0.359192208,0.305539261,0.276909091,0.512575,84.15125,8042.375,0.207495652,75.44304348,6813.391304,0.108509091,70.38,6318.909091,9925.246863,0.674575,7026.848226,0.361352174,5466.662082,0.2092,1.315820833,1.243978261,1.25285,376.3940156,362.7347344,354.0801332,0.3826125,0.358566667,0.283766667,0.082052174,0.1133,0.037686957,0.040309091,0.066163636,0.081372727,4.0993375,0.051691304,-2.524986364,10.09807917,3.6115875,2.0436375,-0.054904348,0.114691304,-0.672913043,-6.422504545,-1.200563636,0.432922727
pote.txt_8865,4.81717027,4.413125,4.391917143,0.613937838,0.12505,0.146482857,0.621935135,194.4216,33.95364324,0.251386111,189.4228056,31.48590833,0.281808571,187.86106,31.11819714,0.468906595,0.335622694,0.372004743,1.877224324,74.33027027,5575.22973,1.08785,69.72611111,3554.597222,0.949745714,71.29257143,3660.7,7297.191903,0.521013514,4343.104339,0.332611111,3893.79072,0.351588571,0.931021622,0.880488889,0.89232,390.4922777,345.3362548,339.1486997,0.385837838,0.310116216,0.398532432,0.083683333,0.158558333,0.224872222,0.080925714,0.152094286,0.253877143,1.905237838,0.636697222,0.63494,6.22542973,5.84882973,4.02087027,0.740669444,0.180438889,-0.207594444,0.799168571,0.720885714,-0.188988571
pote.txt_7995,4.967570833,4.695604348,4.655622727,0.949591667,-0.11513913,-0.254118182,0.7694625,201.2338875,37.9836625,-0.011608696,190.9093,31.104,-0.147359091,189.2323273,32.01451818,0.419555042,0.305852652,0.282158455,0.4849625,79.73458333,7428.166667,0.181604348,72.20043478,5669,0.0591,71.26772727,5273.318182,10713.9031,0.326020833,7237.270539,0.140386957,5357.436186,0.096640909,1.1343,1.110595652,1.113127273,348.6444853,303.233431,313.6219234,0.401066667,0.344975,0.417525,0.05803913,0.038478261,0.143295652,0.150186364,0.072390909,0.119613636,3.971679167,-0.202013043,-0.928286364,9.348220833,5.7131875,2.326495833,-1.014056522,0.127091304,0.164878261,-4.655777273,0.236481818,0.5697
pote.txt_5189,4.31785,4.350518182,4.39851,1.697708333,-0.115381818,-0.27602,1.320375,176.5937917,26.38748333,0.157518182,165.2255455,21.17078182,-0.14069,164.49843,18.54968,0.276561417,0.191204545,0.1745764,0.701716667,75.06916667,10399.41667,0.0198,68.35363636,8743.181818,0.02145,71.413,9037.5,12578.63746,0.346441667,10971.82365,0.093354545,11448.54924,0.14472,1.44645,1.468527273,1.50983,380.672952,360.2032805,347.9191319,0.433783333,0.259258333,0.321808333,0.213790909,0.107081818,-0.024345455,0.27499,0.10144,-0.11222,5.516208333,0.369581818,-1.25994,8.02245,2.53785,5.945016667,-2.030290909,-1.045454545,3.096663636,-0.42423,-0.92066,1.95871
pote.txt_12027,4.29958,4.255333333,4.193475,1.69076,-0.123777778,-1.033,1.54968,189.48645,39.69529,0.147155556,178.1963778,27.04932222,-0.38555,179.8462625,21.8017375,0.3457001,0.309970667,0.302335,0.05845,77.596,13858.5,0.031533333,67.35222222,13862.11111,0.0136125,62.13375,13563.875,16418.7728,0.1961,15690.2663,0.136788889,15650.7147,0.0825375,1.40938,1.344277778,1.4038875,404.9411325,404.6250906,397.5087608,0.47123,0.27117,0.19649,0.175266667,0.153066667,0.027955556,0.2475125,0.1056,-0.0373,7.39162,0.113022222,-3.244725,11.4642,2.1328,5.32402,-1.299677778,-0.015277778,3.683688889,-7.3659875,-1.3685375,3.578375
pote.txt_8743,5.673764706,5.3784,5.2257625,1.125808824,-0.42769697,0.043975,1.223126471,198.0964912,35.00307941,-0.041360606,188.8395394,26.92456667,0.223440625,187.5094469,27.29046563,0.431976794,0.335667909,0.320534719,0.442082353,93.19970588,9285.588235,0.180036364,82.43333333,8110.181818,0.133975,82.7278125,8187.34375,10676.8639,0.517147059,7793.886127,0.263930303,6617.083484,0.229803125,1.36815,1.337727273,1.337303125,377.5683026,363.3085584,359.7979488,0.34265,0.362794118,0.333117647,0.144745455,0.057769697,-0.037272727,0.049084375,-0.024828125,0.034246875,6.111244118,-0.4973,0.84731875,9.8072,3.499402941,3.501091176,-2.19759697,-1.01199697,0.625190909,-2.81269375,0.837071875,0.51534375
pote.txt_5383,3.388476923,3.036833333,3.097254545,1.520692308,-0.083233333,-0.547890909,0.813515385,238.3074154,47.51813846,-0.171058333,212.3429583,41.56771667,-0.391990909,219.0265545,37.60622727,0.28578,0.163907417,0.089861091,0.210284615,48.91461538,14285.25,0.050316667,45.70333333,12184.16667,0.016781818,44.16090909,11843.54545,21943.44155,0.453907692,18018.86628,0.241891667,17068.15015,0.137927273,1.070861538,1.003641667,1.012145455,474.8307135,465.0449515,466.4732138,0.599192308,0.570953846,0.304515385,-0.103033333,0.486316667,-0.002283333,-0.263290909,0.481118182,0.104354545,3.847023077,-0.289433333,-1.980745455,15.4997,4.217684615,2.591484615,5.023808333,0.121133333,-0.314241667,0.025663636,-1.928409091,0.869554545
pote.txt_1315,3.962452941,3.721525,3.577673333,1.267894118,-0.558725,0.731626667,0.864111765,193.3628588,31.64614118,-0.25535625,183.5296313,26.34174375,0.449446667,178.15196,28.36050667,0.243714941,0.149030375,0.186419467,1.060158824,65.14470588,8514.367647,0.1684375,56.43625,7099.78125,0.095353333,66.19733333,7340.7,13554.51374,0.337405882,10804.70076,0.0695875,11377.30863,0.174486667,1.176735294,1.1284125,1.133846667,420.8039443,413.6858864,402.1036295,0.500558824,0.321605882,0.323829412,0.03820625,0.23161875,0.060625,-0.097746667,0.247713333,0.0458,3.402247059,-1.9898375,2.363266667,8.818729412,2.810929412,4.564594118,-4.08890625,-0.5893125,-1.797,4.76768,0.219666667,0.033893333
pote.txt_6513,4.23361875,4.2071,4.179514286,2.10343125,-0.024633333,-0.176035714,1.545775,123.5586063,34.358725,-0.149126667,124.19138,30.78656667,-0.040135714,123.5250357,32.37695,0.298389,0.113149067,0.10275,0.11595,68.996875,22679.5,0.07226,57.26266667,22561.8,0.062471429,57.28571429,22744.78571,21222.51908,1.26184375,19627.21008,1.153773333,19265.02303,1.144757143,1.10233125,1.08498,1.074921429,544.064243,542.433622,545.7054355,0.6366,0.55549375,0.40175625,0.1399,0.404473333,-0.0237,0.211592857,0.4374,-0.04725,5.548075,-0.532286667,0.068464286,16.26300625,9.18163125,5.09010625,1.378833333,8.551833333,0.21258,2.419092857,8.884664286,0.326478571
pote.txt_5547,4.148646154,3.816016667,3.986318182,1.302138462,-0.576858333,-0.149,1.005861538,172.2993077,34.59190769,-0.542241667,159.2731583,28.704475,-0.299790909,151.4255727,31.46821818,0.321308846,0.1240995,0.115919182,0.148353846,60.94153846,16728.01923,0.055666667,53.53833333,15293.41667,0.098327273,51.66545455,15908.59091,19524.99005,0.747915385,16356.33674,0.707675,17044.3622,0.653154545,0.929023077,0.899208333,0.927845455,490.2178283,482.0260141,480.5411552,0.5972,0.582161538,0.383930769,0.024275,0.447041667,-0.025641667,-0.131181818,0.403809091,-0.037081818,3.8859,-2.0264,-0.819509091,13.53756154,9.146315385,3.388830769,-1.161033333,4.124975,-1.217433333,0.720181818,1.099,-0.837636364
pote.txt_11753,5.172366667,4.995581818,4.87221,1.404075,0.216890909,-0.42334,0.868341667,194.071425,42.62739167,0.070918182,191.1714727,34.92225455,-0.27639,188.21721,36.88967,0.442498917,0.237044182,0.2183833,0.3421,71.42833333,10903.66667,0.1179,62.05818182,8380.454545,0.03305,57.61,7737.1,12701.11715,0.446333333,10001.50129,0.213654545,8012.47131,0.14134,1.183108333,1.120909091,1.09777,368.1512982,321.1155699,303.7353878,0.459975,0.3958,0.407533333,0.009045455,0.198454545,0.134927273,0.04697,0.12743,0.03488,3.981783333,-0.039081818,-1.67037,10.634125,7.650825,3.096841667,-0.842045455,-1.083763636,1.390618182,-8.41305,-0.01001,-0.19626
pote.txt_7693,5.357261905,5.036585,4.923778947,0.758714286,0.18939,-0.350626316,0.703490476,175.9544429,27.96528571,0.1658,165.830865,24.48765,-0.286331579,163.6327737,22.38758421,0.322788429,0.2590743,0.204293842,0.34927619,74.09,7799.952381,0.17789,68.82,6238.4,0.098563158,66.00210526,6309.052632,9772.019757,0.451966667,6490.01766,0.30564,6324.938089,0.149873684,1.284252381,1.237055,1.240921053,371.1824803,335.8034135,327.8084528,0.443695238,0.478985714,0.334147619,0.17894,0.32931,0.15788,0.160842105,0.276478947,0.199378947,2.7379,0.50789,-1.383810526,6.865190476,3.6908,1.643190476,0.2085,1.21812,0.358215,-3.408984211,1.312331579,0.093931579
pote.txt_1225,4.43063125,3.942761702,3.896565217,1.380127083,0.130317021,-0.184382609,0.715039583,214.3583604,41.77101667,0.104065957,204.6640936,38.04892979,0.05781087,200.7354848,37.61765652,0.456303875,0.282429085,0.306340587,1.248583333,63.12979167,7972.583333,0.401521277,56.92787234,5982.079787,0.559254348,56.68021739,5866.402174,10894.80999,0.58506875,8645.984657,0.236746809,7970.549148,0.177893478,1.022958333,0.949585106,0.928519565,398.3087313,345.9164216,348.5802104,0.379291667,0.44908125,0.401104167,0.08187234,0.177265957,0.130914894,0.121752174,0.215678261,0.048097826,2.633504167,0.113893617,-0.297197826,7.45110625,5.863327083,4.7923875,1.09032766,-0.436529787,-0.293610638,-0.167565217,0.682908696,-1.186684783
pote.txt_2529,4.806333333,4.606675,4.672047368,0.648709524,0.35872,0.232942105,0.47892381,202.1683524,49.38686667,0.06696,196.74035,45.86858,-0.053663158,191.8087895,45.81837895,0.379328095,0.2767493,0.286104526,1.824880952,58.7352381,7008.428571,0.74366,54.406,3909.9,0.622489474,56.08842105,4402,11421.82029,0.251919048,7073.45256,0.114935,6996.804689,0.082321053,0.977847619,0.90223,0.892773684,386.0343075,282.5707282,316.3974274,0.483652381,0.39987619,0.338966667,0.182285,0.069765,0.25368,0.037142105,0.051189474,0.299084211,2.194642857,0.516405,0.019784211,9.018352381,7.86047619,4.092466667,0.04738,2.528275,0.73214,0.8431,3.469178947,0.766915789
pote.txt_6717,2.143064706,1.19563125,1.596593333,3.133576471,-0.3971,1.21384,1.456794118,205.5842765,26.52080588,0.793575,177.9748188,23.1446125,0.891273333,202.2532667,23.03116,0.778331765,0.742443563,0.733743533,0.261452941,81.23823529,9120.220588,0.19435,75.88125,6351.984375,0.203926667,75.72333333,7504.133333,10205.68683,1.355652941,7845.577975,0.37968125,9591.552013,0.845966667,0.699794118,0.62315,0.64168,371.914009,371.8004411,372.4062253,0.179835294,0.324752941,0.624005882,0.12879375,0.2340625,-0.32525,0.152633333,0.3043,0.231733333,4.385158824,1.76640625,2.041233333,6.708452941,3.535723529,7.735317647,-3.6176875,1.083225,-3.22708125,0.950973333,1.7292,3.109633333
pote.txt_2361,3.78492,3.707775,3.885333333,0.34268,-0.0462,0.212933333,0.28126,195.34786,40.24678,-0.093725,190.55645,39.571475,0.093866667,186.3526,36.9429,0.2593084,0.1741215,0.255041667,2.0166,55.694,4210.4,0,51.5725,3255,1.637733333,56.47,2384.333333,7573.46574,0.15422,4600.882625,0.039125,4144.375833,0.151,1.1862,1.155425,1.086533333,391.2126144,337.345056,367.2788291,0.4985,0.34412,0.455,0.52175,0.3063,0.27245,0.510733333,0.2737,0.419733333,0.78602,-0.4656,0.340066667,4.55062,2.40394,4.06206,-2.970075,2.0824,0.3091,0.967166667,2.256566667,0.4893
pote.txt_251,5.57730303,5.179809375,4.9417,0.591381818,-0.04128125,-0.067809677,0.803248485,199.8483,29.64934242,0.135421875,191.6102219,24.78270938,0.138764516,197.0803161,25.89433871,0.327750909,0.177050781,0.229206097,1.458048485,77.4069697,7554.886364,0.61983125,70.0253125,6192.328125,0.636745161,68.67064516,6626.935484,9199.094003,0.450093939,6851.898506,0.31695625,7360.380029,0.244016129,1.35330303,1.3036375,1.317470968,433.8914671,427.3815393,424.8200906,0.451115152,0.473578788,0.358557576,0.038571875,0.2651,0.1442125,-0.052451613,0.240180645,0.164954839,3.077790909,0.0517125,0.093132258,6.544084848,1.682984848,3.72580303,-0.7923375,0.0191125,-0.523378125,0.441877419,-0.193877419,0.060051613
pote.txt_7487,4.409386667,3.91175,4.079346154,3.071053333,1.527257143,0.292923077,1.275213333,143.1854867,30.12651333,0.590742857,140.4820429,28.70297143,0.1079,137.5343,28.26193846,0.762900067,0.669932571,0.663307692,0.358253333,83.76733333,12334.68333,0.3042,81.75,7005.214286,0.316646154,79.75384615,9025.307692,7857.95878,1.52474,3141.979771,1.002185714,5458.895462,0.949353846,0.696973333,0.637657143,0.644646154,324.1729043,181.974179,274.2323156,0.2566,0.247546667,0.671826667,-0.049428571,-0.057914286,0.241964286,-0.054507692,0.144146154,-0.054076923,3.55828,1.788642857,0.4509,8.433193333,12.81153333,5.974213333,0.515692857,-5.110914286,3.305185714,0.978215385,5.012061538,0.696823077
pote.txt_8617,4.686229032,4.324403333,4.444534483,1.306896774,-0.041473333,-0.465531034,0.912674194,191.1792516,36.66150323,0.202936667,183.8592767,33.70976667,0.1336,182.3149,34.3351931,0.453594613,0.3727574,0.341977966,1.876687097,71.15903226,7955.298387,0.820643333,64.99333333,6259.033333,0.969741379,63.71344828,6261.206897,8904.98161,0.7321,6339.526667,0.319916667,6333.456755,0.223762069,1.015706452,0.940233333,0.939313793,420.6824896,375.4197009,368.6405423,0.357512903,0.359577419,0.377432258,0.035333333,0.135433333,0.120306667,0.026748276,0.088606897,0.04552069,2.937277419,0.21879,-0.37462069,7.198625806,5.192729032,5.901725806,-0.464366667,-0.28725,-0.236616667,-1.215541379,-0.126968966,-1.195603448
pote.txt_1633,4.205803333,3.846986207,3.850082143,1.0533,-0.19652069,-0.123517857,0.76035,219.1495067,42.34391,-0.035368966,211.3806655,36.33124483,-0.143082143,202.9657429,38.07056786,0.382460267,0.291743276,0.282610607,0.604156667,70.64066667,7830.391667,0.20012069,61.36517241,6709.318966,0.149185714,62.60821429,6836.446429,12486.15776,0.43355,9188.8226,0.197189655,8689.397854,0.207146429,1.06321,1.050193103,1.050546429,417.7457122,413.7503421,410.7108836,0.392943333,0.446146667,0.369723333,0.255982759,0.236582759,0.080375862,0.237903571,0.150814286,0.161214286,3.67675,-0.79542069,-0.858660714,9.341193333,3.396896667,3.364293333,-1.954110345,-0.005024138,-0.351148276,-2.982335714,-0.139785714,0.033032143
pote.txt_7213,5.036666667,4.710923529,4.6505875,2.212694444,-0.179764706,-1.33975,1.3336,187.0448,41.69505556,0.171852941,179.9605118,33.76797647,-0.47216875,170.1578125,33.62544375,0.451879722,0.369430529,0.326186625,0.383666667,83.59555556,11501.16667,0.142147059,73.54,10793.64706,0.03238125,67.765625,11148,13087.39287,0.907805556,8925.561776,0.469017647,7517.590062,0.2105875,1.227188889,1.198235294,1.16503125,427.6493409,425.9055837,427.4840267,0.389522222,0.418766667,0.367166667,0.083917647,0.152964706,-0.062482353,-0.064,0.1053,-0.059375,5.962944444,0.114588235,-3.05669375,12.46451111,2.932016667,4.468616667,-1.764523529,0.220370588,1.220682353,-9.528425,-0.837475,1.017375
pote.txt_1645,4.71371,4.525110345,4.538567857,0.937533333,-0.114572414,-0.162085714,0.72441,188.3234567,39.48054667,0.020844828,181.466669,33.46485517,-0.160978571,182.7399143,34.40091786,0.408154233,0.291772034,0.291411214,0.85018,69.68066667,6920.033333,0.283482759,62.77,5007.137931,0.153353571,62.96214286,4842.964286,10081.76086,0.205586667,7085.399734,0.047662069,6511.231836,0.078267857,1.1666,1.111951724,1.084725,319.755233,260.3354565,260.8003454,0.416053333,0.284743333,0.343953333,0.278317241,0.098555172,0.144565517,0.305835714,0.114257143,0.035367857,3.261536667,-0.426351724,-0.748839286,8.28403,6.618246667,3.24332,-1.546331034,1.286534483,-0.136475862,-2.255382143,0.6479,0.421153571
pote.txt_5439,5.314061538,5.322091667,5.362809091,1.068607692,0.068583333,-0.569563636,0.666607692,205.8677923,54.13602308,-0.12445,189.4764083,48.05461667,-0.427190909,184.7253455,43.11608182,0.418346231,0.382066,0.356215909,0.340123077,64.30846154,10054.23077,0.160458333,59.8075,7593.083333,0.056509091,57.92363636,5683.636364,14666.06009,0.400761538,9945.149092,0.153666667,5369.821755,0.062572727,1.055530769,0.96235,0.940409091,400.2603781,325.6388687,294.1739715,0.478446154,0.585176923,0.318292308,-0.011083333,0.0867,0.16385,0.140127273,-0.005463636,0.189072727,3.769553846,-0.323408333,-2.855754545,12.7234,7.273323077,1.961576923,1.467816667,1.293275,-0.639475,-8.887981818,-0.027554545,0.271618182
pote.txt_9669,3.754984615,3.575716667,3.499472727,1.003607692,0.341583333,0.035454545,0.544,274.3337923,48.95508462,-0.019075,259.5104,43.04175,-0.247645455,250.1732455,41.19553636,0.244403923,0.17963775,0.146462091,0.100976923,45.23692308,10267.78846,0.02035,42.595,7937.25,0,41.90727273,7540.090909,19418.80086,0.072238462,16264.38984,0.036925,14365.62498,0.032963636,1.269084615,1.157116667,1.133763636,399.3846188,356.8922276,351.6982794,0.481592308,0.538561538,0.220969231,0.255675,0.453125,0.07045,0.288709091,0.379272727,0.094472727,3.282930769,0.298533333,-1.095781818,12.69252308,3.9245,1.840130769,5.919816667,0.151416667,0.1329,-0.754354545,1.515218182,0.348918182
pote.txt_8229,5.514957692,5.281012,5.319204167,1.404092308,0.700816,0.381416667,0.795269231,195.4167577,35.12641923,0.394868,188.637796,31.602208,0.2455625,187.243425,30.86798333,0.436951462,0.32324336,0.254125583,0.448823077,80.15230769,8715.269231,0.285508,75.2936,6823.44,0.255545833,75.91375,6081.208333,10210.43911,0.568434615,7974.704184,0.398436,7176.894417,0.3759375,1.1608,1.116032,1.099733333,363.146304,306.7413499,299.0043778,0.4184,0.331930769,0.462865385,0.001228,0.143284,0.193004,-0.045941667,0.149479167,0.055525,3.449530769,1.549032,0.994533333,9.458161538,6.787553846,2.617542308,2.217932,-0.3458,1.126468,1.700595833,-1.7726875,0.134954167
pote.txt_10407,4.791825,4.737333333,4.7538,1.7836,0.601111111,0.66,2.087725,118.686175,8.7283,1.077155556,118.3050407,7.164055556,1.1371,118.48815,7.0642,0.391573,0.333127111,0.339132,0.081675,112.17,10861,0.052433333,108.9403704,8731.074074,0.05445,109.61,8925,8911.8988,0.2113,8438.390267,0.148988889,8514.2952,0.1537,1.5507,1.551166667,1.5498,312.4351465,301.4750558,303.5678537,0.3283,0.0148,0.3661,0.318277778,0.011377778,-0.019555556,0.3162,0.0112,-0.006,9.0148,5.082355556,5.3284,6.050425,2.2393,7.396725,3.986518519,-0.307588889,4.600681481,4.1322,-0.2256,4.7885
pote.txt_607,5.156931579,4.925583333,4.956235294,1.364163158,-0.019288889,-0.861258824,1.107236842,154.3258474,31.46162632,0.072072222,148.4446056,24.61444444,-0.560188235,145.9899176,19.55004118,0.413930632,0.265249222,0.258687059,0.198531579,81.06947368,10541.84211,0.088866667,73.31333333,8309.666667,0.092288235,73.83352941,7558.764706,11100.86724,0.455784211,8766.675844,0.175516667,7869.929676,0.2046,1.252715789,1.193833333,1.223023529,330.2817377,278.1867336,261.9769839,0.418673684,0.292394737,0.362873684,-0.013861111,0.070822222,0.049105556,0.035129412,0.087188235,-0.105494118,4.613215789,0.172561111,-2.228411765,9.161426316,7.702952632,3.599173684,-1.516833333,-0.269672222,0.819811111,-3.556805882,-1.175711765,-0.066458824
pote.txt_8115,4.259328,4.20175,4.171056522,2.290848,1.184533333,0.3624,0.86988,175.467692,47.82898,0.420991667,167.139075,42.02823333,0.105117391,163.5860957,38.24283913,0.49715452,0.388201417,0.40060687,0.26558,68.9892,9664.92,0.119116667,65.32208333,7785.5,0.100795652,62.05956522,6754.652174,11360.42299,0.726224,8401.544454,0.5396125,6558.761126,0.411126087,1.086992,1.0327875,1.040073913,339.623517,299.6747629,267.3770069,0.428276,0.303452,0.471536,0.155041667,0.200483333,0.232054167,0.131208696,0.083921739,0.225565217,3.54046,1.343316667,-0.435065217,10.58052,6.541968,3.614036,2.805125,3.166995833,2.032504167,-4.056956522,1.50506087,2.179591304
pote.txt_2493,3.834484615,3.545258333,3.531490909,1.978069231,-0.092458333,0.312409091,1.392030769,158.2261,39.76755385,-0.613541667,153.4772167,28.62885,0.459481818,149.6060273,30.50373636,0.357224462,0.131953667,0.217776545,0.108330769,66.49384615,18725.63462,0.069983333,55.705,16923.83333,0.0619,60.94181818,18036.22727,19924.69015,0.9562,18274.07928,0.759775,19795.63244,0.680609091,1.091053846,1.069183333,1.039690909,498.9904427,487.0242025,506.9095027,0.572130769,0.515938462,0.356353846,-0.127566667,0.314658333,-0.012591667,0.195972727,0.436181818,0.065263636,5.392,-2.381125,1.582563636,14.79663077,6.9181,4.911746154,-2.664925,5.108791667,0.347058333,6.035036364,5.288890909,1.320927273
pote.txt_6325,4.06939375,3.892273333,3.855042857,0.945025,0.29048,0.054257143,0.45795625,251.4270063,50.49095625,-0.03986,241.0487867,43.59680667,-0.186464286,231.0817357,43.49519286,0.425843813,0.345168533,0.310116071,0.3710375,52.496875,8320.140625,0.156386667,49.538,5404.5,0.075057143,48.50857143,4092.428571,15964.67231,0.06481875,11766.33695,0.019073333,8532.720343,0.023235714,1.03610625,0.918146667,0.849871429,336.7148653,259.0952124,239.3948938,0.4834125,0.42929375,0.32285,0.37544,0.239266667,0.17432,0.251621429,0.15225,0.149321429,2.8206625,-0.040213333,-1.210885714,12.20618125,7.01080625,1.48026875,2.983046667,2.943446667,0.169573333,-3.996614286,2.612535714,0.128664286
pote.txt_6247,3.633473333,3.347242857,3.267992308,1.479193333,0.043957143,-0.639615385,1.09042,207.01688,41.02492,0.282442857,203.1343857,32.93675714,-0.431623077,202.3066846,32.57095385,0.339970467,0.284529786,0.233315154,1.219953333,68.27466667,9639.616667,0.187121429,61.46357143,8697.571429,0.173546154,55.30461538,8472.5,14007.47159,0.407293333,12377.67292,0.19385,12235.36803,0.1156,1.146866667,1.066885714,1.077669231,438.0653541,436.9402743,435.5726438,0.408846667,0.326926667,0.305313333,0.082507143,0.247392857,-0.006478571,0.088192308,0.199684615,-0.098969231,4.4373,0.2126,-2.395561538,10.10690667,2.30134,5.777333333,0.753857143,-0.76775,-0.727742857,-4.160292308,-0.859676923,-0.938823077
pote.txt_11653,1.57965,0.401133333,1.53125,0.8572,0.16,0.8472,0.58285,311.760175,47.473075,-0.5312,291.5505,33.535,0.56845,304.65795,44.28685,0.49447575,0.401333333,0.3968195,0.07605,45.52,7964.375,0,41.6,3835,0.07605,45.52,7854.125,22062.50858,0.019725,19941.41867,0.017066667,21669.47795,0.0191,0.65665,0.521733333,0.65415,444.3658985,432.8068914,444.0250177,0.443875,0.6193,0.224525,0.151933333,0.610766667,0.168,-0.25335,0.6192,0.2225,2.987125,-2.8416,2.9871,11.7242,1.5153,2.8023,5.612,-0.604266667,-1.196766667,11.6666,-0.7048,2.2547
pote.txt_5213,5.79525,5.489536364,5.69795,1.2488,0.094618182,-0.92156,0.743883333,192.8807917,34.18265833,0.127654545,182.6969727,30.20786364,-0.42667,181.62598,25.84831,0.401798667,0.241126273,0.1803597,0.23745,70.66333333,9494.583333,0.085218182,63.93272727,7416.181818,0.04292,61.25,8816.4,11212.20119,0.485941667,8235.0384,0.301754545,8603.2068,0.117,1.194933333,1.153618182,1.23821,367.097076,315.257647,343.9992483,0.4825,0.379808333,0.328916667,0.083572727,0.111509091,-0.035418182,-0.06794,0.04891,0.00692,3.518366667,0.077045455,-2.9198,8.276408333,7.446358333,2.377283333,-1.936090909,-0.154090909,0.220636364,-5.63232,-1.76486,1.18414
pote.txt_715,4.38286,3.8627,4.077027778,1.866015,0.524168421,-0.537561111,1.156065,154.85448,29.710955,0.405310526,151.4227632,28.54744211,0.251077778,146.9157056,27.00844444,0.5302223,0.437174,0.429751556,1.847055,74.3475,10468.8625,0.959515789,68.62315789,7509.947368,0.932111111,68.86833333,7077.944444,8262.22241,1.080675,4788.121337,0.684284211,6336.3496,0.310316667,0.88402,0.823489474,0.8072,410.3132438,337.1561214,345.3695436,0.335455,0.26207,0.435885,-0.025068421,0.057052632,0.115257895,-0.094288889,0.091616667,-0.126577778,2.9355,0.865757895,-0.136561111,6.603555,8.213005,7.297425,-0.791415789,-2.141857895,1.507763158,0.879711111,-0.02925,-4.148066667
pote.txt_6731,3.864370588,3.2678625,3.057186667,0.761976471,-0.0582375,-0.162246667,0.837329412,218.6066706,34.58914118,0.0774,208.395825,27.7650875,0.12388,215.5434,27.21444,0.501552353,0.412052063,0.3188676,1.181658824,67.31882353,7496.455882,0.34134375,63.655625,4370.078125,0.51896,58.04666667,4473.416667,12251.49418,0.170935294,8898.936663,0.11750625,9282.278607,0.100453333,0.873858824,0.772775,0.77496,368.0896217,334.3345994,320.039936,0.377894118,0.351358824,0.365294118,0.0993375,0.19875625,0.0111875,0.145013333,0.16014,0.150553333,3.309517647,0.2540625,-0.57286,7.842088235,7.192876471,4.947794118,-1.41445625,0.24613125,0.479925,-2.79222,-0.67262,-2.177853333
pote.txt_3827,3.798914286,3.79135,3.82324,3.852614286,-0.645833333,2.35744,1.6825,108.0157,34.7328,-0.6975,105.2151,31.7304,0.9865,110.94544,36.23616,0.525192571,0.186490667,0.3758584,0.248671429,75.49714286,21172,0.140833333,65.625,20129.33333,0.19266,67.104,21926.4,15360.34834,2.131942857,8377.7274,1.997016667,15860.45376,1.97404,0.946671429,0.9456,0.95076,501.3616219,476.1830735,519.3619302,0.456228571,0.453257143,0.6661,-0.175266667,0.23265,-0.225,0.37536,0.46624,0.39436,4.777471429,-2.175933333,2.7919,14.4093,9.338442857,7.0717,-10.0176,8.7234,-0.4644,9.60676,9.70876,4.43764
pote.txt_10867,4.588669767,4.229957143,4.356341463,0.931997674,-0.06847619,-0.368380488,0.871348837,187.6834442,34.99876047,0.039042857,179.2692738,28.17662619,-0.162309756,174.4086805,29.95813659,0.404066279,0.312347881,0.263685293,0.547983721,83.21232558,7882.732558,0.211266667,76.12833333,5652.97619,0.0891,74.69609756,5942.146341,10579.0797,0.445186047,6810.186405,0.244780952,6103.878915,0.140156098,1.176695349,1.140740476,1.144660976,367.7664343,347.9532521,339.4703593,0.422023256,0.308055814,0.400044186,0.151128571,0.10957619,0.091169048,0.031495122,0.078931707,0.146980488,4.111488372,0.083704762,-0.922858537,9.030416279,3.96395814,2.55267907,-1.174930952,-0.304759524,0.111995238,-4.410887805,-0.596931707,0.142558537
pote.txt_9369,4.642028571,4.5689,4.383291667,0.929107143,-0.225307692,-0.03975,0.584828571,192.9382143,38.62798571,-0.047153846,186.5063077,36.25409231,0.04195,187.9152583,36.78151667,0.379999071,0.288688,0.29005325,0.860442857,66.83357143,8341.285714,0.292269231,61.35846154,6284.615385,0.337958333,62.1375,6742.833333,9413.957243,0.502128571,6543.558569,0.240123077,7906.270658,0.270108333,1.049314286,0.962976923,0.934258333,382.9080038,310.4780473,346.3252416,0.402042857,0.338335714,0.369064286,0.059323077,0.163830769,0.024738462,-0.078191667,0.166308333,-0.015266667,2.198378571,-0.203330769,0.204916667,6.00375,6.680692857,3.260921429,-0.781515385,-0.390630769,-0.054130769,0.530591667,-1.391208333,-0.798825
pote.txt_3913,4,4,4,0.6561,0.6561,0.6561,0.7225,135.7225,51.84,0.7225,135.7225,51.84,0.7225,135.7225,51.84,0.001764,0.001764,0.001764,0.0169,29.16,28900,0.0169,29.16,28900,0.0169,29.16,28900,32098.3056,1.1664,32098.3056,1.1664,32098.3056,1.1664,0.9801,0.9801,0.9801,686.3090063,686.3090063,686.3090063,1,0.9604,0.2209,1,0.9604,0.2209,1,0.9604,0.2209,2.3409,2.3409,2.3409,22.5625,13.3225,0.7225,22.5625,13.3225,0.7225,22.5625,13.3225,0.7225
pote.txt_3091,4.31325,4.168713333,4.271264286,1.85249375,0.406966667,-0.476285714,1.114375,175.8932375,37.94641875,0.03446,165.4964133,31.86290667,-0.219242857,163.9868143,31.13823571,0.329769187,0.251416667,0.246825357,0.1553,69.3175,11797.9375,0.087453333,60.26333333,10968.26667,0.018385714,58.46642857,10795.92857,14098.15669,0.62046875,11876.71481,0.387346667,11559.55807,0.168971429,1.3099625,1.266433333,1.281221429,399.3002919,397.5001094,397.2045548,0.4636125,0.4074125,0.34644375,0.07922,0.334886667,0.125826667,0.255035714,0.321642857,0.03005,4.694525,-0.09826,-1.305092857,10.79881875,3.5449,3.9408125,0.363426667,1.05228,2.046373333,-2.362071429,0.647535714,1.904235714
pote.txt_5273,3.680554545,2.98069,2.586288889,2.587563636,-1.00884,1.408622222,1.390354545,159.0355545,36.41198182,-0.47906,149.29182,29.85997,0.711166667,152.3718778,32.8904,0.543180636,0.2720291,0.402867333,0.360563636,77.69454545,16557.5,0.18603,66.79,14378.725,0.185177778,67.04666667,12982.44444,15445.50551,1.609427273,10130.12431,1.35325,14435.81373,1.142377778,0.839018182,0.79852,0.762333333,491.3237391,463.5264612,488.459221,0.415954545,0.563545455,0.5932,-0.14947,0.2763,-0.3738,0.170666667,0.323511111,0.250777778,4.602118182,-1.16175,1.764855556,12.69581818,7.410663636,5.976345455,-6.7827,6.42396,-2.64652,5.442955556,6.036611111,1.729644444
pote.txt_10985,5.243975,4.970626316,5.070061111,0.94235,0.031663158,-0.514022222,0.667485,183.108395,32.75541,0.012778947,173.5988211,27.11948947,-0.178166667,170.5031556,30.40432222,0.52291255,0.413651316,0.379020056,0.515595,75.278,7669.825,0.367815789,70.18684211,6457.723684,0.181266667,66.84777778,6280.166667,9710.304135,0.55648,7126.398253,0.3753,5637.584983,0.241466667,0.892975,0.866647368,0.859688889,372.0139524,328.9990385,322.9573771,0.4718,0.412055,0.412345,-0.026010526,0.211705263,0.240673684,0.028161111,0.104866667,0.128244444,2.802825,0.179347368,-1.102422222,7.79133,7.437195,2.17686,1.248310526,-0.587931579,0.535621053,-4.756916667,-0.622716667,-0.116788889
pote.txt_6181,4.799533333,4.326621429,4.465761538,1.013173333,-0.396264286,0.0637,0.735333333,205.5838667,41.85446,-0.15145,194.3013857,35.24921429,0.237915385,192.7716154,37.78957692,0.426160267,0.304712286,0.322636769,1.3709,69.73533333,7280.75,0.34365,59.76214286,6271.285714,0.866546154,63.03461538,5711.884615,9549.074887,0.435873333,7348.743786,0.142907143,7319.393785,0.2917,1.11964,1.063742857,1.013730769,424.6049684,397.4140461,383.4047195,0.415366667,0.40934,0.3917,0.187128571,0.1955,0.172521429,0.3327,0.249915385,0.146546154,2.991313333,-1.220657143,0.330376923,7.189453333,4.071713333,4.64014,-4.009571429,1.1086,-0.60155,1.290146154,0.648869231,0.321830769
pote.txt_8903,4.617228205,4.296134211,4.279683784,1.015115385,-0.276215789,0.116224324,0.719438462,181.2678487,34.22377692,0.108926316,173.2318237,31.91052632,0.152881081,174.1797946,31.60482703,0.425149641,0.261050447,0.309722973,1.897033333,67.05769231,7742.416667,0.684484211,60.46657895,5410.828947,0.976667568,62.47081081,5414.22973,8641.504805,0.563964103,5549.490105,0.221163158,5675.892043,0.317775676,0.932789744,0.890105263,0.897048649,393.2290021,333.7471335,325.2361364,0.401876923,0.267384615,0.374928205,0.03065,0.120192105,0.080471053,-0.071759459,0.100508108,0.076802703,1.877605128,-0.118547368,0.261991892,6.137212821,7.755533333,5.381471795,-0.995068421,-0.490728947,-0.621097368,-0.036197297,-0.024675676,0.433948649
pote.txt_10295,4.036717647,3.93323125,3.942306667,2.336276471,-0.3205625,0.1534,1.112770588,154.1330941,34.86271765,-0.3205875,150.745125,33.4575625,0.44372,150.8890533,33.33309333,0.476104647,0.306701375,0.3718204,1.1769,68.56588235,11869.29412,0.1556875,59.761875,8741.25,0.63264,61.446,9247,10684.14719,1.009335294,6978.368669,0.45905,8896.1063,0.440453333,0.950941176,0.89715625,0.879093333,421.0363111,390.9935033,383.9085255,0.466458824,0.2861,0.484664706,-0.09949375,0.16445,-0.07525,-0.048893333,0.21796,-0.108513333,3.434794118,-0.941925,0.82532,8.055764706,6.176582353,6.306741176,-4.01148125,-0.10106875,0.0792,3.603353333,-1.71218,-2.02124
pote.txt_5447,4.879654545,4.74505,4.880411111,1.298581818,-0.26436,-0.569511111,1.002563636,222.4686273,51.68765455,-0.03746,203.9981,40.73188,-0.275088889,195.5439,36.5281,0.388067,0.3219,0.314870333,0.453181818,78.00818182,10174.81818,0.14153,70.864,8124.7,0.0506,72.12555556,8704.444444,15197.45801,0.383809091,9250.56555,0.15598,9094.450833,0.139033333,1.307190909,1.25788,1.293044444,418.8581447,403.3754815,403.4625934,0.465618182,0.447109091,0.309945455,0.02985,-0.05602,0.12406,0.113266667,-0.053211111,-0.040644444,5.671490909,-1.08395,-1.926688889,13.46452727,1.921881818,2.646718182,-3.43108,-0.50409,1.46358,-4.0868,-0.695533333,-0.434333333
pote.txt_5655,3.904407692,3.90945,3.9366,1.546492308,-0.030666667,-1.372545455,1.286869231,217.4106231,43.27493077,0.09435,200.2405833,30.923,-0.896127273,184.0532364,19.26573636,0.243512923,0.211833333,0.191874909,0.041884615,67.08692308,12154.84615,0.01815,61.29,11538.33333,0,57.23181818,11455.54545,17195.57765,0.113615385,15674.43052,0.074025,14450.02855,0.046227273,1.619892308,1.612875,1.604972727,360.3825474,354.650304,351.5364463,0.435892308,0.284676923,0.181815385,0.413541667,0.168,0.003666667,0.391736364,0.061672727,-0.103345455,6.399169231,0.1476,-5.208909091,12.55581538,1.566130769,4.309915385,0.76725,-0.063333333,3.134633333,-9.744627273,-1.248009091,2.484
pote.txt_7935,4.924616667,4.684547826,4.819518182,1.656125,0.057521739,-0.448390909,1.0361375,191.0124625,34.79479167,0.110678261,182.9870739,28.50971739,-0.174890909,177.7483,24.84151818,0.399062,0.303908826,0.290930545,0.338058333,77.0025,10798.91667,0.203643478,71.48217391,9473.826087,0.190554545,70.24045455,9848.909091,11732.74485,0.536866667,9962.475722,0.295143478,9869.075736,0.293186364,1.213891667,1.161352174,1.145,411.4823805,385.4037393,386.2816828,0.453133333,0.393433333,0.457716667,0.059826087,0.244747826,-0.116630435,0.076659091,0.238722727,-0.090490909,4.5272,0.352973913,-1.27895,8.722208333,4.060445833,4.086158333,1.044169565,-0.564508696,1.339369565,-1.698813636,-1.050163636,1.279363636
pote.txt_8825,4.600211429,4.048697059,4.323090909,0.813317143,-0.138832353,-0.109566667,0.986774286,177.6553914,29.07290571,0.228194118,172.1842618,24.20617941,0.117254545,172.6230485,25.75962424,0.390026257,0.283479588,0.323302182,1.516122857,76.23657143,6530.471429,0.538838235,68.10264706,4663.029412,0.220981818,71.64,4066.469697,8563.074383,0.22208,6520.322174,0.087776471,6348.347015,0.054378788,1.180094286,1.139005882,1.137090909,343.047774,291.3001224,283.1404506,0.359842857,0.224325714,0.340382857,0.236702941,-0.0066,0.043555882,0.236384848,0.040112121,0.047475758,3.859425714,0.130141176,0.522169697,5.780311429,6.136651429,5.897622857,-1.290673529,0.408264706,-1.20735,0.178327273,-1.583709091,-1.392093939
pote.txt_7317,4.059931579,3.866677778,3.864394118,1.059957895,0.2348,-0.116164706,0.562884211,208.5487,49.93758947,0.097627778,193.5488111,40.80648889,-0.2456,192.2896824,38.00504706,0.367593632,0.3234105,0.295593941,0.276336842,59.81157895,7745.592105,0.061955556,55.86777778,5482.222222,0,52.88,5039.411765,13822.11135,0.149878947,9888.711156,0.066805556,9346.541241,0.027247059,1.155463158,1.062405556,1.057258824,339.7098852,307.8156704,282.4323994,0.495152632,0.353763158,0.291352632,0.358383333,0.217594444,0.0843,0.339976471,0.171852941,0.144070588,3.177463158,0.154133333,-1.542782353,10.66304211,5.092084211,1.832515789,0.318794444,3.2404,-0.289844444,-3.259723529,1.972629412,0.194641176
pote.txt_2435,4.1631625,4.153885714,4.176466667,1.2868,0.262457143,-0.77215,1.14055,162.008175,50.56305,0.461228571,159.4162714,41.0493,-0.59125,158.09355,30.71083333,0.192467125,0.174863143,0.125412,0.035675,52.88375,21070.5,0.020385714,50.66857143,19445.57143,0.017116667,48.63166667,19108,24471.95683,0.6556875,22929.1332,0.417085714,21306.2058,0.419983333,1.1971375,1.216071429,1.2491,544.158875,518.9241021,499.0846597,0.7369875,0.6327125,0.2114625,0.207371429,0.510028571,0.106928571,0.013583333,0.324466667,-0.08565,5.0625125,1.3341,-3.095916667,17.9563625,7.6436875,3.0788125,9.953414286,2.1315,2.2725,-1.504033333,2.672483333,0.143816667
pote.txt_8023,6.587170833,6.303708696,6.350231818,1.369833333,0.589026087,0.144327273,1.1656875,163.9946917,21.82149583,0.712356522,158.0449609,16.83662174,0.500886364,156.0265955,16.51838636,0.458041167,0.30416913,0.245897136,0.5359625,104.3920833,10019.16667,0.419073913,101.3586957,8287.217391,0.374677273,101.4772727,9117.363636,7444.710492,0.773591667,5414.7208,0.46123913,5626.776405,0.543445455,1.192404167,1.1655,1.178904545,420.4260524,368.9837045,390.4573707,0.424320833,0.299395833,0.538141667,-0.088404348,0.063765217,0.188843478,-0.080336364,0.022822727,-0.063327273,4.781825,2.818643478,2.263995455,7.321845833,5.208570833,3.757325,3.754117391,-0.882326087,1.114626087,3.314072727,0.500809091,-0.484190909
pote.txt_9501,5.175693478,4.93102,4.947227273,1.192517391,-0.131257778,-0.158009091,0.923415217,190.9242391,43.5755,0.108073333,186.1049244,36.99651111,0.067261364,184.7330182,36.86982045,0.481395304,0.384593844,0.409515136,0.686276087,80.02630435,7903.396739,0.237586667,71.84533333,5982.7,0.203802273,73.38022727,5875.136364,10356.87472,0.383702174,7355.502293,0.150148889,7539.945295,0.102586364,1.075845652,1.0059,0.993972727,367.5996324,309.5981611,302.9796503,0.374895652,0.353345652,0.36593913,0.160475556,0.011664444,0.053455556,0.191379545,0.124784091,0.089690909,4.540515217,-0.044357778,0.028536364,9.347573913,6.449156522,3.781554348,-1.138862222,1.079215556,0.404513333,-0.675206818,-0.378902273,0.610293182
pote.txt_9617,3.288094118,3.0292875,2.810406667,1.188117647,-0.11125,-0.396133333,0.618217647,241.9508412,43.11162941,-0.0958,225.0453688,36.87941875,-0.322933333,226.992,38.64190667,0.376838294,0.26595225,0.234065733,0.407341176,55.23,9575.911765,0.07206875,49.196875,7641.359375,0.139626667,49.342,8051.5,16592.02204,0.279511765,12408.58153,0.1106625,12876.88364,0.081353333,1.026394118,0.98110625,0.92332,410.505639,399.6104924,410.5308589,0.545635294,0.457217647,0.371323529,0.022525,0.38038125,0.0387125,-0.020513333,0.396713333,0.141493333,3.038929412,-0.52569375,-1.472786667,10.88445882,2.571135294,2.284447059,-0.47798125,-0.436725,0.44084375,-0.874626667,-0.726473333,0.571146667
pote.txt_4891,5.704045455,5.29817,5.299533333,2.344445455,2.0272,1.7922,1.162045455,138.3443727,20.32673636,1.06625,133.15012,17.96295,1.02,128.6026,18.85427778,0.479375091,0.3857723,0.352648222,1.330081818,97.56090909,9403.727273,0.77411,95.047,8792,0.884888889,99.90444444,9386.666667,4428.4113,1.211681818,3890.35706,1.15699,3495.542767,1.134333333,1.110627273,1.09208,1.060333333,445.511164,441.8302809,426.6096568,0.430145455,0.263545455,0.773318182,-0.16108,0.2179,0.38096,0.031111111,0.207711111,0.035377778,3.215072727,2.93416,3.185566667,5.872481818,3.978790909,6.360863636,5.61463,1.3308,4.13877,6.108811111,2.613344444,1.607788889
pote.txt_4635,3.501363636,3.47176,3.536477778,3.508072727,0.25844,0.067555556,1.259772727,158.5391364,46.04622727,0.07716,149.19924,45.07535,0.100922222,142.0756667,42.36648889,0.517329636,0.3776375,0.448276222,0.192045455,71.6,12108.09091,0.0845,63.893,12046.3,0.093888889,65.37777778,12002,11501.19879,1.302845455,9463.3886,0.66106,8396.255456,0.724444444,1.150263636,1.11812,1.081277778,372.1643295,378.0191285,375.5062928,0.371745455,0.278472727,0.548636364,0.23204,0.24038,0.07769,0.221233333,0.203944444,0.063888889,4.391627273,-0.00736,-0.3694,11.15195455,4.193954545,5.678990909,0.19189,1.56097,2.92544,-1.858666667,0.5768,3.6871
pote.txt_10289,3.881782353,3.777275,3.776366667,2.340288235,-0.20811875,0.056666667,1.207982353,154.8796235,34.40070588,-0.14768125,150.4045375,32.89593125,0.762333333,148.3661,32.00474667,0.421451882,0.279951375,0.2679732,1.945641176,64.88470588,11076.94118,0.34743125,55.798125,8372.6875,0.830033333,56.23733333,8173,10358.93025,0.963041176,7866.168606,0.3718625,8625.240327,0.311533333,1.025847059,0.9866375,0.983253333,432.904208,403.2108479,380.1972034,0.424711765,0.246541176,0.432911765,0.00748125,0.11120625,-0.08944375,0.071333333,0.17714,-0.030313333,3.414735294,-0.6532875,0.853766667,7.775441176,5.814376471,8.294317647,-2.698025,-0.049825,-1.3653,3.097726667,-1.63838,-4.53324
pote.txt_4377,4.0904,4.030577778,4.1286,1.51522,-0.228211111,-1.16925,1.41058,196.78758,41.76808,-0.190211111,188.5901111,32.06144444,-0.992325,170.1118875,22.38945,0.234964,0.150359556,0.116052,0.04694,66.512,16372.8,0.023511111,54.78,16421.11111,0.0160875,53.875,16549.5,20174.72148,0.34964,19414.4764,0.3079,18293.98905,0.25465,1.47718,1.456155556,1.4170125,436.4389159,437.4985463,437.7670142,0.52308,0.402,0.19842,0.274166667,0.259244444,-0.024433333,-0.09505,0.1464,-0.14435,6.58178,-0.9491,-4.7857,14.76118,3.8841,4.4725,0.340166667,2.5965,1.821833333,-8.5207375,0.73385,0.4336
pote.txt_8319,4.767473077,4.512312,4.537320833,1.592496154,-0.1476,-0.003575,0.798396154,171.1067231,41.19687692,-0.017772,164.16328,37.753208,0.1638375,164.4131875,38.36247083,0.4269285,0.30489,0.30365625,0.354246154,72.52230769,10217.07692,0.187188,65.9176,7498.48,0.223283333,65.53,7613.75,10974.82456,0.823965385,8219.21424,0.417036,8824.553921,0.3558625,1.121957692,1.068416,1.0623625,354.9693335,291.8933235,300.4494332,0.391311538,0.351734615,0.422234615,-0.04138,0.149912,-0.053616,0.089795833,0.214604167,-0.006741667,2.970953846,-0.211444,0.525904167,10.32595385,8.125492308,2.750446154,0.126072,-0.66802,0.0082,3.186491667,0.4837875,0.278625
pote.txt_5569,3.8683,3.6575,3.669309091,0.946307692,0.659433333,0.430363636,0.300746154,241.3615615,57.13428462,0.04605,229.1785167,51.34443333,-0.040936364,224.9143364,45.99021818,0.382074846,0.319211833,0.282558091,0.251053846,45.24769231,7805.019231,0.087566667,43.82666667,5237,0,43.32181818,3144.681818,16212.87424,0.032553846,12514.46481,0.012191667,9221.565436,0.013936364,1.0653,0.912991667,0.9013,339.812777,268.3077054,244.1519042,0.536476923,0.453830769,0.272984615,0.376775,0.277733333,0.210733333,0.3948,0.201545455,0.205345455,2.279576923,0.588341667,-0.369827273,12.02883077,6.297130769,1.0243,4.636708333,3.749158333,-0.218625,-1.784854545,3.854572727,-0.2823
pote.txt_6799,4.840916667,4.729876471,4.66505625,1.425455556,0.137858824,-0.6871375,0.652288889,210.1020167,42.17419444,0.045835294,196.2282059,37.21834706,-0.39746875,185.511025,36.62674375,0.319967667,0.162352941,0.190518188,0.279911111,66.45444444,10447.5,0.134841176,62.10764706,8232.117647,0.0407875,59.2175,6811.375,14997.64774,0.533222222,11348.36605,0.265505882,7158.343494,0.10968125,1.086005556,0.999588235,1.01306875,410.4991347,357.3660056,335.7548514,0.488922222,0.482483333,0.440672222,-0.132241176,0.211641176,0.060958824,0.08318125,0.065525,0.1451375,3.103372222,0.414388235,-2.20299375,12.00836111,6.567372222,2.170838889,2.476776471,-1.673423529,-0.462247059,-8.2018,-1.98175,0.74253125
pote.txt_10537,3.85062,3.857721429,3.812953846,1.35184,-0.379857143,-0.585846154,1.12016,195.0160667,35.36206667,-0.216157143,166.9420214,22.69347857,-0.440907692,178.4598231,26.6422,0.2122936,0.169174571,0.142420923,0.0363,69.86533333,10245.2,0.007778571,62.85785714,7794.928571,0,62.30153846,8100.307692,14909.58873,0.09894,11430.5541,0.0466,12803.86551,0.030438462,1.58772,1.596878571,1.598507692,331.4266642,307.275353,314.7311374,0.449846667,0.233766667,0.238746667,0.347857143,0.077742857,-0.044885714,0.367823077,0.126584615,-0.161723077,5.394533333,-1.424285714,-1.869876923,10.15563333,1.927106667,3.622326667,-3.739542857,-0.550907143,1.720392857,-1.088615385,-0.694984615,0.626923077
pote.txt_1143,5.283678571,5.057976923,5.09055,0.911157143,0.185646154,-0.197416667,0.5972,181.7583714,42.93439286,0.035584615,171.8246923,35.80643846,-0.13175,171.8341333,32.14089167,0.2938205,0.209040615,0.21753125,0.40445,69.54357143,7398.642857,0.066707692,62.24153846,5851.153846,0.0667,56.67916667,6079,10988.31243,0.333007143,7307.104692,0.118469231,6850.560117,0.104558333,1.288278571,1.2365,1.22855,394.347808,386.0926902,393.3032782,0.541492857,0.508728571,0.382357143,0.242661538,0.306076923,0.229030769,0.2902,0.348716667,0.2729,3.348364286,0.374584615,-0.966158333,8.816257143,2.742228571,1.966592857,-0.319284615,1.429915385,-0.595061538,-4.125233333,1.4099,0.676616667
pote.txt_2237,5.226639474,5.029824324,4.994463889,1.484923684,0.384583784,0.308705556,1.039902632,163.2490868,31.93041053,0.345581081,158.5585649,28.87281622,0.161319444,157.703075,27.70453889,0.454757368,0.397783027,0.377722611,0.467344737,84.61947368,9566.394737,0.313043243,78.6572973,7938.702703,0.227116667,74.94583333,8105.138889,9185.294026,0.677218421,6650.33777,0.451359459,6471.384931,0.419286111,1.117310526,1.052554054,1.070927778,388.6454642,357.9089425,357.0853683,0.440671053,0.368521053,0.450021053,-0.009413514,0.129613514,0.097705405,0.103861111,0.069005556,0.204802778,4.428094737,1.372935135,0.195366667,7.337315789,4.573160526,3.776623684,1.738702703,0.435451351,1.274405405,-1.562733333,1.066369444,1.965197222
pote.txt_8327,5.1816,4.949372,5.11525,1.563973077,0.54476,-0.089516667,0.787819231,189.5778462,43.12573846,0.17774,186.740892,40.01766,-0.046829167,191.1085625,42.12636667,0.506184885,0.39396,0.384616917,0.375253846,77.38961538,7928.269231,0.179,68.6332,4636.44,0.194325,68.98,4762.041667,9004.502604,0.688492308,5416.739152,0.287048,7676.886258,0.099166667,1.202119231,1.148168,1.151975,283.0609626,217.2684502,215.0742947,0.308434615,0.313511538,0.445934615,0.130308,-0.008472,0.161204,0.177170833,0.044,0.053416667,3.582942308,0.389504,0.047979167,9.276346154,9.007907692,2.906288462,-0.315512,1.780164,0.422324,3.8928,0.7137625,0.144404167
pote.txt_9821,3.489684211,2.092127778,2.016847059,0.615378947,-0.085555556,-0.0792,0.792136842,239.2816895,21.63223684,0.200688889,226.6083111,18.94647222,0.203817647,226.0655118,17.57211765,0.490295368,0.367490722,0.412896235,0.277452632,72.28684211,6656.776316,0.179111111,69.30333333,4754.347222,0.196717647,72.61470588,4000.808824,13507.63419,0.295294737,11146.31065,0.099733333,10149.85261,0.131405882,0.751594737,0.674094444,0.654947059,408.4923102,379.8253389,376.6766849,0.376752632,0.482194737,0.350431579,-0.1036,0.372794444,0.2078,0.010264706,0.378852941,0.146552941,3.106557895,0.364688889,0.417470588,6.216594737,3.656310526,3.344742105,-0.432061111,-0.902533333,-0.286711111,0.821705882,-0.665923529,-0.676
pote.txt_3123,3.8827,3.82,4,2.520733333,-2.025,0.6561,1.2825,119.5602,41.8608,-1.3175,108.811,33.696,0.7225,135.7225,51.84,0.307097333,0.040236,0.001764,0.1521,56.19,24392,0.0845,56.7,21080,0.0169,29.16,28900,22334.4972,1.729633333,9491.8968,1.8252,32098.3056,1.1664,0.9606,0.9504,0.9801,578.423032,498.8894715,686.3090063,0.6828,0.664566667,0.4806,-0.22,0.2646,-0.47,1,0.9604,0.2209,3.762233333,-3.9321,2.3409,17.80646667,10.99846667,4.4262,-13.68,9.198,-2.924,22.5625,13.3225,0.7225
pote.txt_6285,4.552806667,4.404114286,4.410646154,1.18538,0.188471429,-0.166776923,0.910973333,191.6985133,36.50808667,0.475842857,186.0554786,31.99107143,0.276784615,182.4568154,32.25545385,0.454385267,0.375296643,0.325501077,1.275066667,81.51266667,8845.2,0.582771429,73.89642857,7712.428571,0.779884615,73.50307692,7719.846154,9836.055227,0.71898,7203.265314,0.414092857,6710.565815,0.377638462,0.990073333,0.978778571,1.012684615,446.7994045,438.1446506,437.1529978,0.420933333,0.376106667,0.4577,0.026392857,0.328307143,0.181514286,-0.117607692,0.283815385,0.103015385,3.478626667,1.175842857,0.490276923,8.856573333,2.645133333,3.714746667,2.243128571,0.516392857,-1.504942857,-0.164015385,-0.558076923,-0.440953846
pote.txt_2369,5.176627778,5.003347059,4.88799375,1.5269,-0.235411765,-0.8139375,1.429783333,189.8230944,35.20202778,0.233335294,177.5834059,21.16278824,-0.2848125,175.766425,21.4007125,0.459561056,0.403717294,0.366604188,0.289477778,87.05944444,11159.05556,0.126288235,79.47705882,10085.35294,0.0594,73.961875,9598.0625,13335.02372,0.406905556,9937.304894,0.200311765,8215.732825,0.10991875,1.266938889,1.237841176,1.214075,371.1538036,346.2616944,350.0940707,0.33995,0.338955556,0.259333333,0.230970588,0.104029412,-0.021735294,0.054825,0.239325,-0.0431625,6.416466667,0.037841176,-1.7398375,11.62391111,4.7326,4.274977778,-2.172788235,-0.063388235,2.449970588,-6.1613125,-1.40579375,1.620075
pote.txt_9031,5.296436364,4.972430233,4.941761905,0.802370455,0.203265116,0.05752381,0.717631818,181.3064977,37.49401818,0.24314186,178.2225674,35.24277674,0.137614286,176.3604167,35.20962619,0.439556886,0.337283279,0.306358143,1.617243182,79.44522727,6931.477273,0.842432558,70.27302326,4917.930233,0.827078571,70.32642857,4296.333333,7561.20337,0.637206818,5114.2854,0.290286047,3990.313188,0.361495238,1.016754545,0.952788372,0.929185714,399.2434716,345.6692811,325.4114716,0.390134091,0.317090909,0.415259091,-0.047474419,0.075995349,0.276581395,0.100469048,0.038302381,0.201504762,2.781513636,0.6477,0.40302619,7.372488636,6.660325,4.006925,1.341383721,-0.294653488,0.662793023,-0.497885714,-0.212857143,0.340116667
pote.txt_7483,4.406713333,3.896742857,4.063184615,3.110286667,1.9219,0.717923077,1.31162,140.8975467,31.01984667,0.761242857,137.0862857,28.52914286,0.291515385,133.8773308,28.07473846,0.746351,0.669932571,0.663307692,0.356713333,83.14866667,13028.28333,0.321842857,84.375,7200.071429,0.335646154,82.58076923,9235.153846,8833.428113,1.56794,3020.201457,1.162735714,5327.749585,1.122253846,0.727753333,0.672628571,0.682307692,330.8990126,177.68955,269.6180998,0.26054,0.282533333,0.684846667,-0.0312,-0.059264286,0.302678571,-0.034876923,0.142692308,0.011307692,3.698333333,2.159457143,0.850238462,9.808553333,13.34087333,6.022373333,0.702892857,-4.835514286,3.9465,1.179815385,5.308646154,1.387469231
pote.txt_3993,3.861671429,3.58755,3.6127,0.523728571,0.4581,0.33252,0.245457143,205.1536429,29.06771429,0.122166667,187.4591833,29.50778333,0.07496,173.3424,27.09606,0.338986143,0.287291667,0.2166,0.171971429,58.86142857,4455.464286,0.135666667,56.60833333,3325.916667,0.05538,56.47,2779.1,11044.5465,0.068285714,8297.39665,0.0115,7046.54568,0.0322,0.9368,0.88935,0.88984,313.932809,234.620762,297.7337532,0.465828571,0.394342857,0.419342857,0.025283333,0.121183333,0.40615,0.24618,0.3128,0.41712,1.221842857,0.735133333,0.24572,5.537142857,6.849828571,1.272242857,2.01625,1.490033333,-0.08885,-0.79476,2.96984,-0.27292
pote.txt_7737,4.321468182,4.105004762,4.13368,1.503445455,0.148990476,-0.43534,0.834404545,169.0177909,36.60584091,0.121166667,157.5744714,31.97025238,-0.10517,161.30729,31.99003,0.366172409,0.294865095,0.2945604,0.192786364,65.39636364,10526.46591,0.060666667,59.83142857,8490.285714,0.067955,58.138,7805.3,13389.67008,0.505754545,10953.85167,0.227085714,10259.23951,0.11438,0.991931818,0.928766667,0.91015,411.4629289,384.8740916,371.2155939,0.556504545,0.389340909,0.358313636,0.292552381,0.299995238,0.100485714,0.100945,0.2845,0.079775,3.663272727,0.682585714,-0.664485,8.865104545,5.396004545,3.257022727,1.446857143,1.203147619,1.706161905,-0.75505,-0.827755,1.497855
pote.txt_7905,5.004173913,4.899795455,4.961619048,1.90356087,0.313309091,0.182114286,1.310717391,159.745113,29.28896087,0.654509091,153.6349273,23.37817727,0.463895238,152.3025095,20.55285238,0.464924,0.3212475,0.384222238,1.0934,90.96,9094.521739,0.688,84.88727273,7608.545455,0.462490476,86.81190476,7233.904762,7492.020391,0.846973913,5677.742359,0.481968182,5577.158524,0.532752381,1.210413043,1.175440909,1.1273,395.7666751,369.9445183,373.2403861,0.332121739,0.2254,0.464908696,0.19935,0.068118182,0.032863636,0.1102,0.064614286,-0.109904762,4.958204348,1.441609091,0.751252381,7.431165217,4.074486957,6.070908696,1.322104545,0.241063636,0.536572727,1.243071429,-1.5703,-0.75917619
pote.txt_6807,5.199716667,5.011535294,4.96905625,1.107733333,-0.129741176,-0.530875,0.625061111,193.9679444,45.29243333,-0.108017647,181.2978412,33.59344706,-0.3656375,180.3928875,31.34156875,0.265190667,0.196401941,0.156572875,0.3109,65.48777778,9931.111111,0.079494118,59.88588235,8819.941176,0.051475,57.3275,8484.75,15052.86181,0.140961111,11717.52919,0.086876471,10926.67826,0.0623875,1.188216667,1.163447059,1.14740625,453.1708714,443.5519576,439.8416866,0.67615,0.475544444,0.3732,0.271688235,0.3829,0.160817647,-0.19874375,0.3695125,0.19160625,3.5491,-0.840247059,-2.31678125,11.46373333,2.940311111,1.902372222,-2.046564706,0.452023529,0.600629412,-6.02264375,-1.49519375,0.28649375
pote.txt_4479,5.08005,5.0026,5.1834375,1.753,-0.614444444,0.41125,1.53016,151.93594,17.13385,-0.2866,146.9487222,13.89785556,0.49855,138.2574,15.5857875,0.3070584,0.211554,0.2620035,0.05445,80.473,11645.3,0.0121,64.61222222,11074.77778,0.027225,69.46125,10438.75,14717.54908,0.14437,14271.98656,0.065277778,13818.75932,0.0865875,1.20218,1.142055556,1.1267,412.2459858,414.8045344,412.0133476,0.58781,0.32509,0.32612,0.391655556,0.1826,-0.085244444,0.411275,0.2652625,0.06825,7.23048,-1.963688889,1.9928,9.34788,3.72341,5.61569,-3.996244444,0.465188889,2.951577778,2.614925,0.3483875,4.3273375
pote.txt_8337,6.262892,6.014091667,6.100817391,0.508924,-0.006995833,-0.038678261,0.406456,182.724888,30.167092,0.0819125,179.23075,28.0144875,0.038078261,180.2384174,27.39328696,0.67124004,0.527205458,0.52648913,1.0344,87.6592,4798.64,0.9062375,85.96583333,2655.875,0.829521739,85.32608696,2553.695652,4061.280892,0.518256,1638.0008,0.31765,1876.449117,0.309278261,0.84232,0.791979167,0.803373913,300.0194795,215.4265448,257.147677,0.416524,0.366092,0.651232,0.107566667,0.09105,0.448566667,-0.087143478,0.219913043,0.466691304,1.48196,0.507175,0.331543478,6.43454,10.247156,0.904524,2.365395833,0.6593375,-0.10835,2.29403913,2.81356087,0.058278261
pote.txt_4781,4.792990909,4.63158,4.7427,1.819090909,-0.332,0.64,1.679663636,172.8070818,18.33637273,-0.02165,163.28378,14.46278,0.7838,157.5950333,16.71393333,0.312089727,0.2044611,0.260838,0.0594,84.05909091,12816.54545,0.02178,69.716,12357.8,0.0363,75.01333333,11748.33333,16272.72068,0.158118182,15433.66093,0.09104,15297.8768,0.109266667,1.259227273,1.21338,1.201966667,417.6377791,419.340396,417.9335543,0.519618182,0.305063636,0.309127273,0.11274,0.1702,-0.04024,0.003366667,0.247033333,0.069733333,7.824109091,-0.67416,3.270266667,10.77406364,3.137390909,5.868627273,-2.82351,0.18852,2.87156,4.5536,-1.622733333,4.443233333
pote.txt_8165,4.924376,4.7630875,4.754356522,1.069804,-0.0736625,-0.21073913,0.882352,192.322556,37.050344,0.112966667,185.0372667,30.48086667,-0.086713043,182.2730913,29.3439913,0.36590396,0.256065375,0.292020522,0.946344,70.3444,8143.44,0.198779167,61.95458333,6185.583333,0.187221739,62.79130435,6778.608696,11468.5216,0.295204,7826.203592,0.132133333,9536.410343,0.14453913,1.201196,1.1285125,1.135008696,367.9979084,311.2373305,322.2468859,0.433928,0.330072,0.29484,0.21005,0.112695833,-0.001341667,0.264582609,0.135513043,0.030782609,3.944468,-0.405233333,-0.961708696,9.105736,5.447136,3.87964,-2.507491667,0.346029167,-0.189133333,-0.961069565,1.510730435,-0.402247826
pote.txt_2523,3.998671429,3.663635,3.699331579,0.92337619,-0.2873,0.235536842,0.8504,198.3892143,34.21473333,0.10869,185.548465,28.02308,0.177742105,192.4649684,31.35991579,0.338170714,0.21054585,0.191231,3.020919048,54.25380952,6380.154762,1.74565,49.061,4860.2,1.160884211,48.63894737,4033.868421,10303.26337,0.195442857,7071.732365,0.05485,7538.576511,0.047,0.979747619,0.93743,0.907984211,425.4825368,349.9806312,344.4434165,0.421252381,0.261866667,0.290919048,0.24261,0.06433,0.101875,0.210426316,0.089036842,0.174726316,2.358919048,-0.8331,0.476768421,6.11002381,6.104252381,8.571666667,-2.54562,2.11104,-0.13943,0.033368421,2.441,-0.2575
pote.txt_1925,5.153917778,4.761147727,4.684095349,1.138666667,-0.010679545,-0.051218605,0.866728889,175.8478244,31.26934889,0.330059091,171.3686045,27.53893409,0.38604186,170.5473,27.87858605,0.428530622,0.323893955,0.296803302,1.561533333,83.92044444,6800.683333,0.977681818,77.64818182,5015.869318,0.727555814,76.10395349,5243,7218.175018,0.800613333,4905.116202,0.405622727,4728.382719,0.403788372,1.061311111,1.008661364,1.007406977,416.0428742,384.972595,382.3604856,0.373862222,0.321202222,0.440051111,-0.057634091,0.114129545,0.143013636,0.138888372,0.118548837,0.168151163,2.991224444,0.874288636,0.8401,6.694795556,4.676548889,4.784071111,0.878215909,-0.749406818,0.981943182,0.01574186,1.080553488,-1.216597674
pote.txt_7561,4.887552632,4.528561111,4.622570588,2.367457895,0.151333333,0.761411765,1.525784211,156.1782368,34.26686842,0.134288889,146.5071333,25.7447,0.460135294,145.6344,31.37786471,0.435842947,0.319040111,0.320186294,0.308726316,84.76947368,15323.15789,0.201522222,74.30222222,14810,0.191841176,76.80647059,14400.29412,14476.56262,1.142,11175.69931,0.893438889,10373.98716,0.970570588,1.177584211,1.139272222,1.133205882,467.6779763,459.883827,460.5641743,0.418452632,0.4479,0.404363158,0.006127778,0.309394444,-0.012583333,0.032305882,0.334629412,-0.025311765,5.705289474,-0.105933333,1.6952,12.98151579,4.633589474,5.052842105,-1.912222222,2.5306,1.498405556,1.656,2.847541176,1.646417647
pote.txt_1859,4.078156,3.620666667,3.835313043,1.049252,-0.037108333,-0.142191304,0.605608,215.459724,44.436064,-0.171195833,204.641025,37.07467083,-0.167026087,203.588113,37.13874783,0.37190896,0.307445583,0.283742739,1.139572,55.1924,7480.02,0.191991667,49.91875,5978.395833,0.287717391,51.82217391,4929.173913,13172.08572,0.249676,9938.055267,0.085779167,9372.712448,0.046134783,1.02882,0.968991667,0.912756522,405.5523324,365.2737428,358.7567003,0.494516,0.418124,0.315944,0.252979167,0.2415875,0.141783333,0.266486957,0.273278261,0.114321739,2.71686,-0.826283333,-1.013004348,9.110032,4.757596,3.948352,-1.249441667,0.6641875,0.078908333,-0.722417391,0.532878261,-0.991921739
pote.txt_11003,5.4751225,5.224984615,5.235826316,1.2779175,-0.045951282,-0.375065789,0.80931,150.48252,36.6073725,0.134723077,145.0267949,29.3844,-0.161378947,145.7292026,27.90168947,0.46792055,0.372731846,0.354118053,0.3876775,81.64875,7174.15,0.137805128,76.04384615,5231.230769,0.195228947,75.58763158,5435.631579,7490.78346,0.610135,5069.862077,0.260961538,5273.303503,0.203260526,1.16626,1.133605128,1.112031579,329.9162965,282.9113514,291.970525,0.4021275,0.3646475,0.4117725,0.15804359,0.111323077,0.106271795,0.119289474,0.123255263,0.083971053,3.40467,0.262623077,-0.754010526,7.466615,6.374195,2.5681275,-1.112733333,-0.177838462,0.607005128,-1.024515789,-0.289494737,0.395560526
pote.txt_1527,5.083664286,4.917481481,4.886130769,0.932342857,-0.188666667,-0.128634615,0.801325,184.2674679,37.24933929,0.064033333,180.3179667,31.53275556,-0.087296154,177.0127923,32.69971538,0.369213357,0.269304519,0.257053423,0.887735714,74.50678571,6963.214286,0.234885185,66.32111111,5692.518519,0.101496154,66.60692308,5845.769231,9512.985743,0.282978571,7106.817515,0.130614815,6496.399888,0.096080769,1.224653571,1.187555556,1.175711538,356.9417426,316.8502639,331.4751102,0.427475,0.327371429,0.357357143,0.316533333,0.040407407,0.126625926,0.296034615,-0.003784615,0.116461538,3.867064286,-0.527177778,-0.8354,7.598385714,5.294857143,3.724785714,-1.540674074,1.338925926,-0.644792593,-4.100388462,1.03975,0.892242308
pote.txt_6685,4.5238,4.3903625,4.51882,1.968388235,0.42955625,-0.102933333,1.719470588,130.2272412,23.39582941,0.2077,129.1196125,17.06380625,0.254573333,125.14198,16.71678,0.336424118,0.22299825,0.202599067,0.988229412,80.06411765,15625.94118,0.1542625,74.43125,15011.5625,0.241313333,75.91,15879.33333,14677.59873,0.729347059,12409.99958,0.5481875,12967.24468,0.579766667,1.204370588,1.206825,1.21066,470.5477315,459.6030149,451.7381149,0.516982353,0.318564706,0.366011765,-0.0891625,0.0936875,0.03975625,-0.14038,0.126026667,-0.078493333,6.518694118,0.91424375,0.631,10.51637647,5.564182353,7.824494118,-3.69544375,3.41955,0.81705625,-3.548993333,2.468806667,-0.20226
pote.txt_9049,5.082777273,4.835965116,4.813183333,0.973377273,0.171586047,0.055321429,0.761888636,170.6970727,34.41906818,0.228072093,166.0680326,31.1542186,0.095980952,166.1650929,31.8817,0.433590659,0.332794907,0.300896833,1.555345455,77.62931818,7197.545455,0.732990698,69.4972093,4936.418605,0.761980952,69.14714286,4470.97619,7637.04435,0.624327273,5061.333602,0.252913953,4180.768164,0.368969048,1.003325,0.954872093,0.92132381,389.2630766,332.4408863,314.738744,0.410309091,0.2796,0.422984091,-0.0359,0.082202326,0.182144186,0.108266667,0.044635714,0.136354762,2.743668182,0.502686047,0.185811905,6.973909091,6.907468182,4.344890909,0.670293023,-0.434955814,0.00964186,-0.958528571,-0.215580952,0.311807143
pote.txt_225,4.748212,4.381045833,4.298104348,0.990996,-0.0750125,-0.213843478,0.70214,196.550192,35.47016,0.242466667,188.95025,30.27125833,-0.016104348,186.1175435,29.77530435,0.5124034,0.403283,0.334607478,1.737816,71.8728,6116.45,1.041779167,66.83291667,4259.4375,0.863621739,66.75782609,4203.217391,7786.990868,0.349736,5395.926117,0.102220833,5135.976139,0.154173913,0.937616,0.878191667,0.867552174,353.7688187,303.0381567,286.7584036,0.393332,0.276432,0.496892,0.1891375,0.1362375,0.185245833,0.1206,0.129126087,0.061247826,2.382656,0.2313875,-0.152421739,6.71802,7.701924,5.037796,0.835195833,0.711483333,0.035091667,-0.961565217,0.609317391,-0.660621739
pote.txt_9025,5.055586047,4.835747619,4.869509756,0.989855814,0.138061905,0.009141463,0.673790698,168.0157442,34.74896512,0.135104762,162.5999929,30.35680238,0.000173171,164.588978,30.6641122,0.369123767,0.276674929,0.286618561,1.155530233,74.73162791,6001.627907,0.455657143,68.55428571,4270.904762,0.482609756,68.56317073,4721.512195,7889.3838,0.448565116,5127.790755,0.191369048,6363.475949,0.144514634,1.146862791,1.108514286,1.100929268,360.6364517,318.1710655,314.4342832,0.453416279,0.297993023,0.410248837,0.228602381,0.103180952,0.199221429,0.128743902,0.106582927,0.209034146,2.752818605,0.321159524,0.095592683,6.92537907,5.284437209,3.483862791,-0.119902381,1.60657619,0.184971429,0.959529268,0.202363415,0.1729
pote.txt_5091,5.461125,5.3836,5.46883,2.891875,1.607272727,0.4935,2.03335,127.1499583,26.1561,1.625727273,126.1739455,18.52438182,1.07968,128.51443,16.34284,0.603167917,0.565560636,0.5376528,0.375708333,109.1916667,12204.25,0.213690909,105.6918182,11473.63636,0.17424,101.47,11011.6,8245.806058,1.105366667,6400.806109,0.639809091,5796.69875,0.44938,1.232733333,1.210490909,1.21672,392.8415417,394.1890337,396.9082137,0.281325,0.296975,0.517541667,0.135345455,0.168854545,0.103363636,0.08504,0.12926,-0.1007,8.313641667,6.645809091,4.08054,9.180241667,3.3144,7.866083333,5.537690909,1.621263636,4.3243,1.35072,-0.2982,3.35052
pote.txt_2595,4.2341625,4.1776,4.21395,2.649025,-0.869285714,1.0155,1.2317125,138.68025,50.63825,-0.470557143,138.9889286,43.66351429,0.246366667,136.59285,44.54588333,0.421340375,0.212226143,0.268817167,0.1234625,61.925,16801.375,0.024142857,45.34,15943.85714,0.077566667,53.34333333,15514.33333,17481.92929,1.043375,15559.38404,0.575614286,16566.83902,0.624583333,1.003275,0.967,0.969366667,487.5191593,493.5368051,483.6623665,0.6266375,0.5093625,0.4079,-0.110814286,0.437571429,-0.114985714,-0.191933333,0.441183333,0.086333333,4.969575,-1.659885714,1.077216667,14.5553375,6.67245,4.8447125,-0.992242857,0.096785714,0.040871429,6.863466667,-0.48205,2.19665
pote.txt_3921,4.444271429,4.041616667,4.15656,2.194342857,-0.293666667,-0.4444,1.292371429,190.4551714,47.02555714,0.0215,188.4459667,37.65658333,-0.08092,171.60404,28.4146,0.505101286,0.395581,0.3857944,0.1697,74.52714286,11524.28571,0.03575,59.24833333,11265.33333,0.0429,65.666,11054.2,13487.20571,0.492342857,11922.9451,0.193416667,9591.2793,0.23348,1.225985714,1.22035,1.18978,337.0822215,332.163399,310.8655936,0.369714286,0.269971429,0.342314286,0.321816667,0.114416667,0.0416,0.26918,0.02768,0.0628,5.869985714,-1.052916667,-1.84888,12.03204286,6.285771429,4.946357143,-3.484133333,0.3467,3.553766667,-7.54818,0.53146,4.03804
pote.txt_9975,4.001511111,3.746117647,3.640575,1.632805556,0.014823529,-1.1758125,1.6155,204.3660389,34.58547222,0.229494118,195.5978294,24.45324118,-0.65985,192.4558062,17.07036875,0.326422944,0.260925647,0.242927,0.063838889,78.35777778,13536.23611,0.038241176,68.62647059,12988,0.01753125,61.421875,12523.375,17161.60229,0.210561111,16305.83672,0.159835294,15675.42279,0.09938125,1.483144444,1.439211765,1.4521375,389.1097494,386.8277924,379.8380731,0.408833333,0.287761111,0.222227778,0.262652941,0.156894118,0.006635294,0.301025,0.085,-0.083625,7.519205556,0.694964706,-4.1579375,12.19633333,2.189783333,5.6197,-0.694111765,0.767570588,2.721011765,-9.1607875,-0.6224125,2.1830875
pote.txt_473,4.541988235,4.55904375,4.539646667,1.248005882,0.69654375,0.0206,0.665623529,217.3290588,53.54825294,0.28869375,208.3697937,49.7054625,-0.044233333,204.83948,48.36892,0.376754176,0.298854188,0.279984267,1.091288235,54.78176471,8979.235294,0.179625,53.081875,7017.9375,0.20484,49.75866667,6989.6,13294.42435,0.349023529,10375.26211,0.2069375,9072.9974,0.100133333,1.157770588,1.054675,1.068226667,408.5256676,346.2316413,340.9414829,0.431141176,0.480041176,0.281605882,0.28240625,0.2807,0.08624375,0.214486667,0.288026667,0.079373333,2.934082353,1.42808125,-0.078893333,10.35145882,5.300552941,3.978888235,3.67733125,1.2187125,-0.03254375,0.24588,2.093193333,-0.805833333
pote.txt_11377,5.503762,5.168538776,4.955760417,0.791224,0.023128571,-0.053622917,0.838994,193.724804,36.6468,0.169797959,189.0618408,33.21576939,0.254022917,187.7488063,33.44182917,0.39167674,0.272038837,0.277719333,1.777938,78.1454,6948.125,0.846489796,70.17591837,5942.969388,0.893202083,68.84479167,5666.385417,8609.872408,0.63438,5693.987367,0.347463265,5134.889279,0.283539583,1.173858,1.122395918,1.114566667,434.0239252,416.9180133,411.7687769,0.37409,0.456236,0.345656,0.111681633,0.154893878,0.171361224,0.045252083,0.233785417,0.193695833,3.24925,0.265491837,0.43734375,7.76785,3.76003,4.503864,-0.171781633,1.541965306,0.23524898,-0.847191667,0.596922917,0.397952083
pote.txt_7941,5.231941667,4.952352174,4.9091,1.104179167,-0.067443478,-0.782109091,0.873620833,159.0510667,41.4713875,0.045769565,155.3033087,31.01860435,-0.492613636,155.0231045,32.54585455,0.404737917,0.295733696,0.30294,0.374120833,80.81666667,8311.083333,0.140413043,73.32217391,6907.434783,0.015,69.07954545,6528.454545,10096.01373,0.366954167,8366.29457,0.229465217,7300.7404,0.094454545,1.185316667,1.137047826,1.169618182,364.5193216,342.4468685,331.5708215,0.470333333,0.366283333,0.380966667,0.207665217,0.119552174,0.120026087,0.145386364,0.044386364,0.056136364,4.290670833,-0.034326087,-2.691909091,8.973708333,5.214920833,2.841366667,-0.481978261,0.476686957,0.892273913,-6.271322727,0.257886364,0.017881818
pote.txt_11391,5.017002,4.328216327,4.338925,0.825566,-0.214436735,0.021839583,0.781568,198.898522,38.814098,0.248287755,193.2127041,35.83802653,0.129445833,193.5293937,36.23911458,0.47413034,0.368627265,0.380825812,1.807222,81.4906,5924.92,0.924853061,72.08183673,4448.530612,0.89455625,72.75791667,4260.828125,7410.280896,0.666526,4251.889906,0.284781633,5080.90051,0.3243,0.970692,0.904134694,0.8932,413.7782454,364.6460377,369.5980521,0.336416,0.35656,0.41849,0.050602041,0.046534694,0.209702041,0.036452083,0.01725625,0.141647917,3.119646,0.406895918,0.287158333,6.737454,5.032912,4.961708,-1.221857143,0.19145102,0.137553061,0.1188,-0.632229167,0.496272917
pote.txt_4719,3.678136364,3.54623,3.554022222,1.480663636,-0.1414,-0.212555556,0.463436364,234.3803273,66.28319091,-0.05216,231.43032,64.179,-0.116444444,226.8497333,61.9915,0.373181909,0.2634139,0.255458333,0.450854545,47.96545455,9762.909091,0,38.499,9423.9,0,39.77888889,9102,15554.71248,0.361090909,12804.16879,0.05856,11626.91044,0.065933333,1.206418182,1.20746,1.189044444,406.8677185,404.1687486,399.1510215,0.550818182,0.500854545,0.367736364,0.51088,0.46736,0.04237,0.5068,0.455455556,0.055333333,2.872081818,0.05311,-0.2697,13.09379091,2.452872727,1.942472727,1.8743,0.73013,1.06202,0.182988889,0.842155556,1.043255556
pote.txt_2147,5.061535,4.776247368,4.607361111,0.920095,-0.1126,0.026233333,0.66415,184.997465,39.818805,-0.205094737,175.4300158,35.22999474,0.030755556,176.6648056,33.43693333,0.42563825,0.401916684,0.383077944,0.727235,71.059,6345.2625,0.182531579,66.37736842,4441.131579,0.104905556,64.21111111,4603.527778,10218.1763,0.311365,6947.532389,0.052821053,6573.574333,0.082922222,1.00876,0.917589474,0.934072222,355.7614092,287.8655208,295.4345516,0.436715,0.4091,0.356195,0.295173684,0.192715789,0.165357895,0.20495,0.111066667,0.126433333,3.23493,-0.497284211,0.247233333,8.25835,6.674645,2.99235,0.002031579,-0.571142105,-0.146478947,-1.992694444,3.946688889,-0.025016667
pote.txt_8999,5.292009524,5.081339024,5.073275,1.425033333,0.018634146,-0.11869,0.77565,156.9034429,31.7175,0.169139024,151.275839,28.15652439,-0.0027,150.334695,27.68001,0.48152519,0.393319439,0.387746875,0.431533333,82.55690476,6841.672619,0.20992439,77.36219512,5182.682927,0.2321375,76.46625,5326.825,7211.683307,0.701857143,4918.560754,0.349987805,5302.861635,0.335475,1.001602381,0.920492683,0.9346625,331.4122604,287.6636242,287.8809628,0.38642619,0.267442857,0.44757619,0.11407561,0.074385366,0.09014878,0.1735775,0.10816,0.086035,3.061216667,0.35264878,-0.3588525,7.152940476,7.79727619,2.801766667,-0.143660976,1.261058537,0.465417073,-0.4657025,0.8467625,0.386265
pote.txt_12007,3.624058333,3.029290909,2.97246,0.734208333,-0.198509091,-0.06492,0.8572,218.6754,33.62145,-0.2268,209.1382636,26.39736364,-0.15141,205.24415,31.18366,0.362281333,0.223443182,0.1959972,0.806175,62.66,10704.625,0.353009091,57.55636364,8979.045455,0.29093,54.481,8328.45,15716.18534,0.320275,13623.97493,0.272290909,12418.97897,0.22877,0.937683333,0.847736364,0.90382,443.3958992,435.7131117,427.828637,0.434975,0.485941667,0.35355,0.160954545,0.359290909,0.004690909,-0.08831,0.3035,0.12527,3.361325,-1.049790909,-0.23103,9.430441667,6.110633333,4.444983333,0.950227273,1.348709091,-0.0605,-2.9359,-1.76497,-2.97896
pote.txt_11345,4.964925,4.810221053,4.8045,1.0484,0.085536842,0.078905556,0.59485,199.968805,42.907985,0.100968421,187.6568684,35.87064737,0.090866667,189.0609556,37.42333333,0.3958459,0.294231,0.320577944,0.590745,72.1865,7465.95,0.359410526,69.29894737,5955.684211,0.362811111,69.78777778,6173.055556,10787.42361,0.572505,7747.221021,0.306373684,6422.558817,0.389638889,1.174575,1.162863158,1.171561111,402.7778236,387.6745809,387.1272648,0.47131,0.529705,0.43372,0.0127,0.309915789,0.234005263,0.209838889,0.183305556,0.271538889,2.946335,0.952326316,0.216861111,9.530305,2.61017,1.514005,2.823389474,0.092394737,-0.196636842,0.560883333,1.425288889,0.493011111
pote.txt_845,3.607072222,3.118494118,3.0400875,1.2928,-0.204105882,-0.45604375,0.921577778,200.2891278,29.38987778,0.096694118,190.7631941,26.17494706,-0.036025,195.413975,25.065025,0.441500833,0.361505706,0.300101563,1.098283333,64.23611111,9127.763889,0.324276471,60.51823529,5834.044118,0.4233375,58.55,6579.609375,12600.2607,0.492027778,10189.9122,0.150241176,9566.194775,0.157825,0.877355556,0.780605882,0.79583125,421.6863864,395.8333735,384.1960944,0.454527778,0.386144444,0.408938889,-0.037105882,0.274588235,-0.109205882,0.0614875,0.20214375,0.104025,3.225011111,0.676023529,-0.71401875,7.143533333,5.049677778,5.555972222,0.389688235,-2.279711765,0.985735294,-3.27045625,0.68358125,-2.48904375
pote.txt_7243,4.975157143,3.812816667,1.88338,0.215728571,-0.0936,0.05496,0.431228571,215.7497429,25.43855714,0.108716667,216.56475,20.51681667,0.12784,223.73388,21.87774,0.772644857,0.766604167,0.7761,0.397014286,74.24142857,3980.071429,0.36575,75.46666667,361.5416667,0.30998,71.72,1477.3,6988.037457,0.3267,3865.440083,0.016466667,4726.04928,0.06632,0.516128571,0.4464,0.38616,244.4392885,77.52060027,175.927892,0.241285714,0.390942857,0.360442857,-0.005866667,-0.10345,0.305,-0.03668,0.17628,0.3477,1.125885714,0.537816667,0.50546,3.511428571,13.34298571,1.645071429,0.44505,-4.462666667,0.938316667,-0.28642,4.3608,-0.21838
pote.txt_8167,4.871688,4.709329167,4.672634783,0.996164,0.017716667,-0.239573913,0.678736,186.07664,36.69172,-0.002266667,181.0136917,31.40740833,-0.205521739,178.5504739,30.84327826,0.36272172,0.239878458,0.270140696,0.346888,68.6932,7365.84,0.0407,61.8425,5004.125,0.077217391,61.03826087,5412.173913,11027.98172,0.221028,7210.9136,0.090629167,8475.9309,0.037313043,1.2363,1.154933333,1.15236087,323.3419421,271.8227563,277.1818228,0.47744,0.342492,0.343312,0.285291667,0.142841667,0.053241667,0.298047826,0.170713043,0.068195652,3.381992,-0.268366667,-1.013265217,8.4823,5.673664,2.106448,-2.180958333,0.8260875,0.295591667,-1.273634783,1.506852174,0.472165217
pote.txt_5927,3.435707143,3.179623077,3.169525,1.382,0.064615385,-0.1725,0.650071429,224.2345071,48.27065,-0.018346154,204.3504462,42.03486154,-0.257508333,208.7984833,37.462,0.303223286,0.237288462,0.178832167,0.087935714,53.85,8916.803571,0.0195,48.06307692,7327.884615,0,49.85083333,5424.5,15574.08343,0.232014286,12574.24642,0.046446154,10926.77722,0.032858333,1.324757143,1.256192308,1.22055,327.6568674,295.3324455,269.0514753,0.452278571,0.343857143,0.267271429,0.296823077,0.195276923,0.038946154,0.332966667,0.158833333,-0.025166667,3.248764286,-0.151115385,-1.148783333,11.03832143,4.045578571,2.346128571,0.5282,1.442776923,0.228138462,-1.416616667,-0.547975,0.168141667
pote.txt_8495,3.807017241,3.250235714,3.295344444,3.355693103,2.101557143,1.459718519,1.404803448,149.2855241,23.67205172,1.008892857,141.5082321,22.27663214,0.962481481,140.4429741,23.05417778,0.775163862,0.768590321,0.770012889,0.5986,91.62413793,9232.724138,0.474096429,90.38928571,7724.017857,0.518985185,90.45925926,7221.361111,4846.99211,1.612744828,3597.309511,1.233192857,3722.515704,1.099355556,0.776644828,0.743325,0.735859259,362.7064428,348.0059519,346.3599439,0.237396552,0.292589655,0.805155172,0.154614286,0.24495,0.272021429,0.15087037,0.209603704,0.022081481,4.013144828,3.037528571,2.723296296,5.918148276,5.501024138,7.149413793,3.359275,0.916742857,3.668689286,2.566577778,1.120359259,2.116718519
pote.txt_3073,4.850606897,4.693353571,4.669903704,1.20732069,-0.261914286,0.050385185,0.806748276,180.9059034,43.80674828,0.042560714,174.5353214,35.88258571,-0.102562963,172.3428926,39.09291852,0.414349207,0.322268357,0.291859074,0.945444828,72.6837931,8096.344828,0.302771429,64.05678571,6691.178571,0.155466667,64.53037037,5968.666667,11012.65597,0.438317241,8042.127025,0.176628571,6595.101652,0.146433333,1.058827586,1.003142857,1.026974074,370.8584644,340.8025544,329.1948785,0.442268966,0.320568966,0.360103448,0.141446429,0.129617857,0.074721429,0.217425926,0.052488889,0.15692963,3.730603448,-0.522467857,-0.64667037,9.998244828,6.661903448,3.646706897,-1.0744,1.161810714,-0.902735714,-3.47852963,0.290381481,0.51327037
pote.txt_889,5.564122222,4.70485,4.509685714,1.695388889,0.2817,0.059571429,1.687433333,170.0644667,25.91706667,0.6011125,167.5124875,15.8782625,0.579457143,165.6373143,18.16085714,0.627606556,0.532359375,0.47975,0.468511111,109.7522222,10847.69444,0.316875,100.46,9237.125,0.250457143,96.75571429,7380.785714,9246.145144,0.907755556,7874.452938,0.5588625,8442.627871,0.437571429,1.131066667,1.063075,0.913157143,375.3259449,321.9786385,310.796651,0.242155556,0.312877778,0.460733333,-0.0616375,0.0461,-0.0387,-0.020428571,0.150228571,-0.169142857,7.341466667,2.966875,3.334471429,9.361222222,6.285577778,5.863588889,0.163175,0.4754,-0.219625,2.893571429,1.083457143,-0.934928571
pote.txt_6771,3.643472222,3.3279,3.449425,0.947177778,0.250517647,0.03505,0.478916667,242.5557833,51.16938889,0.034505882,232.0552765,47.17203529,-0.07859375,228.5591438,46.7982125,0.353876611,0.256627471,0.262042563,0.479261111,56.86833333,8308.569444,0.092323529,50.53352941,5920.676471,0,50.295,4771.4375,15732.91607,0.178738889,10921.68954,0.042041176,8554.285669,0.04140625,1.129377778,1.050817647,1.0057625,375.7016177,339.2532261,333.0223277,0.506994444,0.415161111,0.336727778,0.141905882,0.305217647,0.217141176,0.26853125,0.28303125,0.16829375,2.811655556,0.186258824,-0.534925,12.15003889,3.47275,1.288327778,1.462882353,1.232205882,-0.132058824,-2.5581875,0.96215,-0.43015625
pote.txt_7569,3.88481,3.438436842,3.5985,1.20588,0.054926316,-0.269027778,0.91958,186.841965,29.35705,0.206084211,180.7680632,27.11943684,-0.019527778,188.9686944,26.26055556,0.46460145,0.376070895,0.328452167,1.114495,72.359,8312.375,0.346268421,67.76263158,4924.342105,0.616216667,63.37444444,5088.319444,10093.02648,0.47105,6655.8877,0.200057895,7977.122122,0.151188889,0.984645,0.876994737,0.869394444,369.058423,327.5757757,316.7369237,0.40293,0.28532,0.45097,0.002631579,0.159873684,-0.010836842,0.064905556,0.141316667,0.04595,3.21454,0.928647368,-0.594205556,6.475645,5.83392,5.099855,-1.026773684,-1.345073684,0.296868421,-1.045377778,-1.699616667,-1.761433333
pote.txt_8889,4.418964865,3.94855,3.882248571,1.410889189,-0.082858333,-0.03982,0.830732432,190.0183324,36.63529189,0.059330556,183.489125,31.02421389,0.236551429,184.65292,34.08042286,0.516245568,0.395256167,0.374718657,1.401081081,69.29837838,7561.101351,0.576927778,64.46722222,5340.513889,0.570288571,64.16485714,5086.671429,9558.61747,0.584735135,6116.668342,0.266847222,6750.596597,0.208662857,0.879102703,0.835105556,0.803228571,381.1998342,324.0757351,310.0548295,0.379097297,0.343275676,0.448532432,0.125261111,0.129427778,0.072730556,0.135031429,0.199185714,0.03428,2.759602703,-0.261763889,0.451385714,7.753394595,7.395321622,5.298278378,-1.593255556,0.272033333,-0.263397222,0.811728571,0.35726,-1.315362857
pote.txt_19,5.06279375,4.834693333,4.900235714,1.161125,0.31424,-0.180571429,0.61646875,199.0990875,52.8983875,0.068913333,192.5632067,46.62357333,-0.253064286,187.20855,42.54487857,0.461530438,0.358326867,0.319570429,0.3613375,65.214375,7899.4375,0.077313333,57.91533333,5507.2,0,56.72714286,5490.357143,12941.60699,0.15720625,8365.9902,0.049153333,8412.925314,0.030371429,1.02428125,0.97316,0.956528571,339.2559581,278.520317,266.4630194,0.5094125,0.42089375,0.3587875,0.33276,-0.00828,0.16972,0.249364286,0.003221429,0.117235714,3.8513,0.037173333,-1.6508,11.31735,7.63578125,2.157875,-1.88272,3.541813333,0.846393333,-4.627478571,1.830071429,0.512292857
pote.txt_8431,5.022562963,4.816684615,4.7675,0.799459259,-0.010138462,-0.160504,0.6399,170.5799037,33.35935556,0.025203846,165.0680615,29.76581154,-0.166812,162.859596,29.496832,0.332844704,0.228688038,0.18883,0.405481481,76.38925926,6559.407407,0.117542308,69.62807692,4457,0.013456,66.152,4856.96,8794.716604,0.425474074,6358.675381,0.140365385,5185.55746,0.103908,1.313862963,1.248923077,1.251048,312.671097,256.3576894,266.5668285,0.41947037,0.276325926,0.331674074,0.213723077,0.087,0.157619231,0.124936,0.031832,0.189664,2.918418519,-0.021080769,-1.094812,7.473874074,5.664503704,1.544892593,-0.093846154,-0.850176923,0.044753846,-4.946284,1.75574,0.321292
pote.txt_6623,4.051935294,4.07049375,4.024706667,2.409929412,-1.944375,2.297333333,1.404152941,171.5760882,38.67701765,-0.84485625,148.5669,22.37513125,1.35574,156.4006667,33.28603333,0.392504176,0.289319375,0.3786334,0.106588235,75.78705882,12055.29412,0,65.041875,10733.25,0.099886667,74.29333333,10807.13333,13881.47888,0.591088235,10983.13466,0.0784625,11539.92643,0.4704,1.328370588,1.2921,1.282993333,375.6901959,362.8583903,360.7616858,0.434594118,0.271194118,0.366035294,0.2817375,0.09053125,-0.27425,0.345826667,0.21508,0.330706667,6.100735294,-4.63305,5.44798,11.10347059,3.0527,5.393211765,-8.687375,-2.61714375,2.193475,7.891153333,2.744246667,5.17058
pote.txt_1899,3.673011111,3.3155,3.52873125,0.896783333,-0.244517647,0.00105,0.996444444,217.5561778,33.81961111,0.050517647,200.2938294,27.21184706,0.133575,193.4089687,27.52110625,0.341996222,0.243321882,0.2131085,1.055927778,63.20666667,11408.13889,0.326682353,57.99470588,8246.029412,0.32004375,59.52125,8016.40625,16106.25413,0.270372222,12303.16589,0.202752941,10872.87073,0.20819375,1.047966667,0.951982353,0.94618125,442.6009996,405.4030098,401.5450794,0.474733333,0.4021,0.300566667,0.036417647,0.2531,-0.045688235,-0.11646875,0.1825625,0.03953125,4.001138889,-0.311917647,0.1408625,9.805022222,4.703711111,4.980211111,-1.058758824,-0.458929412,-0.426217647,-2.85083125,-1.32443125,-0.85420625
pote.txt_5297,4.825616667,4.743972727,4.7228,1.759416667,-0.494090909,-1.118,1.11435,162.8287833,44.839325,-0.140627273,151.4034909,33.31962727,-0.43738,151.13594,29.36683,0.46172925,0.333203273,0.4237694,0.156516667,68.87833333,13308,0.043681818,61.91090909,11907.90909,0.10123,64.635,10785.7,15232.86192,0.505291667,12508.31091,0.282836364,12664.74246,0.11007,1.0373,0.993609091,0.99105,387.2965477,342.71478,333.9504724,0.518725,0.390833333,0.344483333,-0.020136364,0.158045455,-0.082436364,-0.05298,0.19601,-0.21879,5.039958333,-0.803136364,-2.32353,12.64845,9.127125,3.981975,-1.876818182,0.939627273,1.0751,-1.04397,-4.92659,0.55318
pote.txt_4135,3.9924,3.7323,3.916285714,1.672222222,-0.935,0.69,1.452266667,221.9007111,43.12587778,-0.6944,219.65445,32.0292,0.659314286,219.1694,38.16032857,0.270152889,0.176368,0.238827429,0.0484,70.09,13138.77778,0,47.53,12987,0.031114286,62.59285714,13100.42857,17930.5029,0.1304,17854.05038,0.04225,17761.05861,0.099685714,1.611288889,1.62175,1.6134,375.5156154,377.2521403,375.8830112,0.419822222,0.290844444,0.174222222,0.41995,0.1728,-0.0656,0.416828571,0.240457143,0.0864,7.160933333,-3.8948,3.040857143,13.3381,1.472988889,4.9156,-4.535675,-0.824,2.548,6.428614286,0.607757143,4.107828571
pote.txt_5153,5.114775,4.970390909,5.23723,2.237766667,-0.065745455,0.0476,1.353975,160.9668417,27.85791667,-0.013536364,151.8845273,23.62760909,0.53782,142.23139,23.35789,0.428449167,0.255387636,0.3038764,1.025741667,80.60416667,12108.75,0.171718182,72.89909091,10812,0.55868,80.124,11781.1,10520.65691,1.288333333,5500.584382,0.875854545,7898.00785,0.97378,1.221633333,1.186572727,1.2313,453.9821241,447.9737131,443.5275316,0.342341667,0.469975,0.401983333,0.102527273,0.374827273,-0.083727273,0.12864,0.31965,-0.10932,4.302066667,-0.613909091,0.68771,9.460933333,3.844233333,5.706608333,-3.797581818,0.075,1.890481818,1.84726,1.42488,0.81397
pote.txt_1443,3.869157895,2.9878,2.844547059,0.408189474,0.191688889,0.206423529,0.275247368,233.5346053,33.89007895,-0.027077778,224.60425,32.37442222,-0.029429412,225.2868176,32.24171176,0.617081158,0.496702167,0.505,0.502510526,62.43052632,3180.75,0.272105556,59.21166667,1880.569444,0.210470588,58.37470588,1619.823529,9614.234642,0.058584211,6593.384333,0.0345,5036.527447,0.026094118,0.701447368,0.628288889,0.604341176,265.4002679,206.3668548,184.1627403,0.394773684,0.369273684,0.460342105,0.337722222,0.187272222,0.396505556,0.332776471,0.1294,0.372458824,1.354526316,-0.175594444,-0.123688235,5.840878947,9.182531579,1.710878947,-0.090133333,3.860111111,-0.042666667,-2.2502,2.3853,-0.015223529
pote.txt_7451,2.805465,1.445678947,2.041183333,1.668625,-0.169989474,0.250822222,0.97621,232.334275,29.535445,0.253010526,212.7246053,24.89603684,0.476522222,221.9367389,23.29809444,0.6756563,0.599453947,0.581277778,0.400425,72.9125,8059.6875,0.261915789,70.80736842,4436.131579,0.222394444,70.26777778,5104.5,12722.08368,0.68631,9915.973763,0.237926316,8461.299006,0.344561111,0.663745,0.562836842,0.595705556,365.6691565,323.1522915,312.272184,0.310175,0.40118,0.52598,0.025268421,0.259626316,-0.161315789,-0.009272222,0.228433333,0.211055556,3.38015,0.968757895,1.043766667,7.998995,5.75542,4.751125,0.982284211,-1.1072,-2.453457895,-2.197355556,0.118966667,1.378661111
pote.txt_601,5.2626,5.167216667,5.128973913,1.185644,0.097716667,-0.481382609,0.914528,168.268144,32.411748,0.123091667,159.5903958,27.29513333,-0.349982609,158.5949826,25.57157826,0.39816284,0.274631375,0.273742739,0.3098,78.634,9866.32,0.133616667,73.10958333,7545.833333,0.099495652,72.07043478,7436.73913,11442.643,0.452836,8298.523933,0.258054167,7816.185187,0.223573913,1.064356,1.009633333,1.0079,365.435315,321.4861871,299.1651088,0.45946,0.347916,0.408796,0.1832375,0.0415125,0.078841667,0.053208696,0.027756522,0.072573913,4.170052,0.479466667,-1.624717391,9.075212,8.120484,3.181432,-0.8667875,2.4038125,0.8174875,-4.054956522,1.796530435,0.467995652
pote.txt_9013,5.097376744,4.740609524,4.731839024,0.830637209,-0.098121429,0.010373171,0.783325581,173.6682884,31.82155814,0.215959524,169.8893667,29.39083571,0.290634146,170.5489341,30.14358537,0.50170193,0.37428769,0.363734756,2.257351163,75.33674419,5054.843023,1.137333333,70.48238095,2961.678571,1.211741463,68.97804878,3011.268293,5202.399881,0.540476744,3570.280483,0.187209524,3409.997761,0.25265122,1.00405814,0.909559524,0.921343902,340.5279634,249.540548,268.2341859,0.314734884,0.269172093,0.400937209,0.043202381,0.0411,0.134842857,0.159207317,0.038643902,0.119768293,2.180053488,0.3591,0.493119512,4.775539535,7.698025581,5.832216279,1.440938095,-0.084057143,-0.435119048,1.194378049,0.967604878,0.385297561
pote.txt_6561,4.2205125,4.245993333,4.260014286,1.78381875,-0.622093333,-0.26155,1.08896875,148.4681625,48.8902875,-0.41448,142.5805533,40.75038667,-0.279171429,142.3786571,41.12732143,0.275685,0.1058176,0.125676571,0.184375,57.96625,19283.0625,0.042293333,47.53266667,17812.26667,0.090535714,50.80642857,17091.21429,20944.75213,1.01996875,17812.015,0.710486667,17784.84639,0.651707143,1.058725,1.02978,1.039392857,534.8347767,533.1504402,523.1434447,0.677525,0.59010625,0.32430625,-0.10612,0.4301,-0.049266667,-0.342371429,0.427178571,-0.0638,4.33559375,-1.671013333,-0.974142857,16.57783125,7.821475,3.3684875,0.13924,1.969853333,-0.0725,1.89495,0.311114286,-0.755942857
pote.txt_4723,4.914336364,4.84695,4.902322222,1.109936364,0.299,-0.045444444,0.718436364,206.3286091,53.18462727,0.12531,197.02638,46.37962,-0.17,198.9974889,46.11062222,0.331713455,0.3024264,0.295711444,0.438345455,65.00727273,8631.636364,0.2492,56.909,7004.9,0.217733333,57.81111111,7856,13446.93458,0.357145455,10713.90839,0.26123,10097.62851,0.123011111,1.370263636,1.32075,1.264555556,385.7902959,379.5633835,392.7536748,0.504872727,0.527736364,0.296118182,0.391,0.12351,0.17102,0.243233333,0.3324,0.225177778,4.157954545,0.42013,-0.391944444,11.55347273,2.060236364,2.148036364,2.46536,0.99242,-0.0425,2.1294,-0.044922222,1.106111111
pote.txt_8117,4.668856,4.578370833,4.490673913,2.146848,0.987933333,0.117495652,0.889792,171.041452,39.300724,0.391154167,162.7876083,33.69404167,0.010352174,159.7886522,30.4145,0.46211452,0.341851875,0.346502391,0.292492,75.4788,9416.52,0.133133333,72.04291667,7927.375,0.100795652,69.03173913,7380.086957,10176.75991,0.750664,7702.166579,0.5552,6427.981604,0.4182,1.130792,1.073675,1.077491304,343.9084857,311.9373332,288.8443852,0.418476,0.284252,0.515208,0.034854167,0.212754167,0.281720833,0.005030435,0.130808696,0.282373913,3.395876,1.077216667,-0.83403913,9.46808,6.558384,3.627732,2.2318625,2.6972875,2.0178875,-4.092991304,0.956547826,2.199834783
pote.txt_11231,4.989982857,4.733352941,4.784057576,1.576151429,-0.243682353,-0.423175758,0.986825714,175.5505257,42.53897429,-0.0839,169.0352706,32.83117941,-0.154169697,169.7157697,31.80880606,0.490851257,0.378442794,0.393580364,0.333222857,79.50485714,8988.35,0.151264706,71.51911765,7177.441176,0.11529697,71.28242424,7090.575758,10863.74821,0.53768,7939.134612,0.264935294,7787.180445,0.195169697,1.143202857,1.077488235,1.073760606,353.8973275,302.6544149,306.805321,0.422211429,0.330365714,0.37658,0.171420588,0.044647059,-0.012661765,0.167248485,0.023451515,0.0135,4.684011429,-0.655361765,-1.551251515,9.839648571,6.024777143,3.382305714,-2.076141176,0.63915,0.233808824,-2.645884848,0.025072727,0.429587879
pote.txt_5403,3.779261538,3.476116667,3.424009091,1.187476923,0.284,-0.101818182,0.725592308,244.8505,50.27146154,-0.117775,237.9612,42.70795833,-0.336190909,227.6643818,40.965,0.349798154,0.2689595,0.250849727,0.225684615,53.38153846,9909.019231,0.03905,45.16333333,7516.333333,0,44.57818182,6914.727273,17610.31358,0.075692308,14541.2525,0.044408333,12681.68628,0.029490909,1.203546154,1.112025,1.061254545,373.4633069,333.9711084,326.2417381,0.506530769,0.432592308,0.252692308,0.370541667,0.301366667,0.034966667,0.394936364,0.270981818,0.093118182,4.063746154,-0.391783333,-1.841081818,12.72082308,4.0273,2.525884615,3.0343,1.517166667,0.120933333,-2.928145455,1.525490909,0.719254545
pote.txt_2635,4.63455,4.506911111,4.1629875,0.82815,0.519744444,0.62115,0.47392,162.92657,35.78257,0.266722222,153.2278333,32.72805556,0.1101125,163.0337,36.315325,0.1389695,0.108263889,0.0829705,0.83715,45.333,8688.2,0.271944444,42.31,6869,0,41.6875,6811.875,13799.98119,0.29447,11421.14456,0.052844444,12918.53771,0.0288875,1.30176,1.2965,1.3187875,408.821952,377.0169387,372.8216905,0.66866,0.50171,0.2213,0.175822222,0.398944444,0.178755556,0.1586,0.3456,0.185475,1.91249,0.884266667,1.11175,8.46493,4.18546,2.60083,3.6651,0.557611111,-0.150922222,4.8791625,-0.523275,-0.55375
pote.txt_1713,4.296414286,4.246661538,4.306725,1.251692857,0.310153846,-0.49855,0.76735,181.02395,44.93374286,0.137315385,173.1787692,35.8943,-0.354841667,163.9913583,26.77310833,0.297223286,0.250807692,0.287753417,0.203371429,62.04428571,8919.071429,0.044423077,59.36230769,7302.153846,0.123066667,58.2775,7719.833333,13507.10791,0.117128571,10937.98774,0.067646154,10531.22218,0.082466667,1.272835714,1.228792308,1.250225,378.8440449,363.9587591,364.1754574,0.580107143,0.383928571,0.322535714,0.543738462,0.275,0.0326,0.521941667,0.212041667,0.092008333,4.182078571,0.771938462,-2.302383333,9.675878571,2.900314286,2.872221429,1.777730769,1.1579,1.464215385,-4.239483333,0.923141667,1.335175
pote.txt_5261,5.514885714,5.3965,5.63108,0.4739,-0.065766667,-0.4194,0.519185714,198.7058429,41.53087143,-0.06935,202.4963,38.46973333,-0.35052,205.60276,39.32856,0.536722286,0.459914333,0.43865,1.030371429,84.18571429,7614.714286,0.74395,79.52166667,4139,0.37024,72.368,4844.6,8341.773571,0.7671,2101.384583,0.618033333,2493.40252,0.32884,1.0303,0.986433333,0.98544,375.3619453,296.6421395,271.0465184,0.4287,0.356214286,0.463742857,0.185566667,-0.027183333,0.368833333,0.1804,0.02788,0.21288,2.469371429,-0.5038,-1.53966,10.37564286,7.2402,0.4476,-3.23565,3.728466667,0.154283333,-5.019,1.65106,-0.25826
pote.txt_5461,4.991636364,4.55892,4.496744444,1.290218182,-0.32108,-0.150666667,0.779663636,229.9416727,61.67929091,-0.39002,217.50653,53.0826,-0.285044444,210.6536667,57.36067778,0.404248818,0.2723986,0.285486111,0.309754545,68.52727273,9915.272727,0,55.505,8381.6,0,54.28333333,7728.888889,16276.955,0.330536364,10883.04678,0.06604,10942.66433,0.051122222,1.222572727,1.22174,1.166188889,401.0510426,386.5391021,377.9378257,0.467809091,0.482454545,0.243127273,0.20783,-0.06914,0.06967,-0.024155556,-0.051655556,0.054988889,4.913718182,-2.55056,-2.008844444,14.62628182,4.367972727,1.825481818,-4.35537,0.45759,0.5295,-3.028533333,-1.900466667,-0.105222222
pote.txt_11089,5.898906667,5.600528571,5.313669231,0.680453333,-0.0784,0.040892308,0.767873333,232.4789933,50.10014667,0.167628571,224.8470786,46.08341429,0.173584615,227.5302154,42.9394,0.486357467,0.362350214,0.389923077,1.135533333,98.21066667,7323.733333,0.592778571,88.36642857,5072.357143,0.7654,84.70615385,6582,9443.47998,0.889153333,2399.496014,0.686835714,5772.119454,0.622630769,1.147826667,1.092614286,1.085015385,446.0555227,441.9365421,441.2553228,0.353466667,0.494526667,0.463146667,-0.031221429,0.181471429,0.286742857,0.181876923,0.186992308,0.271476923,4.646393333,0.925778571,0.999907692,11.76268667,1.812986667,1.428693333,-2.6935,0.147185714,0.350264286,1.142476923,0.949630769,-0.170276923
pote.txt_5701,4.0978,4.103325,4.076081818,1.001407692,-0.059083333,-0.227481818,0.690884615,185.3653308,43.31366154,-0.164508333,166.0226,33.22093333,-0.179609091,172.1289818,32.84384545,0.242355846,0.142560167,0.148452,0.100253846,59.04538462,11317.07692,0.055375,55.07583333,7192.833333,0.008390909,55.82545455,6760.636364,15929.41929,0.259438462,11265.0965,0.083141667,10368.88046,0.096363636,1.263853846,1.25095,1.218490909,379.3484726,301.3136152,302.3671696,0.542484615,0.4079,0.299915385,0.223808333,0.145883333,0.070416667,0.044863636,0.160454545,0.074627273,3.3556,-0.774191667,-1.183509091,11.24018462,6.102446154,2.032515385,-1.270633333,-0.207716667,0.103325,-2.6778,-2.041072727,0.3115
pote.txt_7701,3.8093,3.78573,3.721152632,1.948357143,-0.59018,-0.13,1.3885,175.3307857,33.42922857,-0.20453,163.417275,24.855345,0.465689474,162.5986684,23.46126316,0.313797714,0.2180194,0.210606737,1.171828571,72.78714286,10332.28571,0.016335,64.392,9211.35,0.448105263,59.35105263,8740.315789,11671.77319,0.4947,10219.84439,0.090985,10068.65024,0.164915789,1.460514286,1.44843,1.454384211,370.0092403,357.1540902,365.8430918,0.376042857,0.175728571,0.318357143,0.338135,0.08166,-0.05221,0.349221053,0.072726316,-0.009263158,5.3439,-0.80665,-0.584936842,8.578114286,2.340314286,7.2198,-3.9753,-0.649395,2.141425,-2.332742105,-0.217589474,-2.205305263
pote.txt_1495,5.017496774,4.79565,4.833844828,1.165125806,-0.12572,-0.214331034,0.857606452,179.266229,43.13490645,0.149176667,171.35304,35.42174333,-0.189568966,172.603469,37.26627931,0.445852226,0.3365426,0.332841,0.843345161,77.27580645,7934.967742,0.325873333,68.696,6229.6,0.21637931,68.57689655,5329.862069,10027.71679,0.431651613,6896.786393,0.187003333,6471.559855,0.109731034,1.087977419,1.04256,1.009386207,358.0461999,312.1238343,301.1595138,0.389232258,0.307374194,0.36336129,0.135463333,0.073913333,0.07767,0.096934483,0.033017241,0.045458621,3.946916129,0.104123333,-0.92837931,9.278935484,7.096593548,3.7219,-1.56064,1.8372,-0.44788,-2.208331034,-1.292334483,-0.280610345
pote.txt_10373,4.07745,3.5631,3.8988,1.5811,-0.662,-1.365,1.558825,184.555375,20.309875,-0.5258,177.7017667,19.29716667,-0.9047,166.03895,12.32055,0.266698,0.072412,0.103368,0.05445,87.0075,11676.75,0,64.13666667,7829.666667,0,75.145,9698.5,15240.9508,0.145975,12615.9892,0.0359,12966.7248,0.05035,1.4587,1.4277,1.4514,360.817905,333.2934618,346.7677046,0.407675,0.193825,0.305,-0.190033333,0.084666667,-0.121733333,-0.00765,0.042,-0.288,7.002,-2.471066667,-4.0828,10.085625,2.164775,4.98245,-4.706133333,-0.951766667,-0.5517,-6.887,-0.30315,-0.8478
pote.txt_10805,5.51112,4.4757,4.37085,0.63893,0.049155556,-0.23665,0.92651,193.76938,31.77108,0.180011111,185.5259333,25.16438889,-0.1816125,192.38865,24.07655,0.4695834,0.402975333,0.41521875,0.33843,88.905,8987.925,0.189733333,82.16444444,8009.111111,0.1298875,78.86875,6328.6875,9312.06669,0.69247,7045.382567,0.409611111,5513.983725,0.34645,1.23183,1.048933333,1.0647,426.49872,415.8326444,404.2414135,0.4197,0.33182,0.2015,-0.214811111,0.036088889,0.058355556,0.0338625,-0.060175,0.023175,4.38831,1.242322222,-0.650125,6.24423,2.4167,1.78764,0.513044444,-0.743277778,0.0333,-2.675825,0.4416625,0.525075
pote.txt_9591,3.914583333,3.7745,3.915,2.69105,0.9362,-1.257525,1.65135,126.1274,30.85763333,0.5154,128.6707,32.20834,-1.213375,126.6355,30.996,0.397264,0.2231528,0.029736,1.425033333,72.79333333,17623,0.35778,57.592,16250.2,0.14235,51.03,17935,14422.98675,1.3914,13306.43844,1.21784,12865.9275,1.0962,1.0914,1.06326,1.05435,503.3335333,523.7509382,528.9871243,0.465416667,0.356766667,0.479116667,0.101,0.3147,0.14316,-0.4025,0.2156,-0.273775,4.9922,1.11854,-3.40425,11.71391667,7.0458,8.67145,3.16416,4.79254,0.03488,-11.055625,5.0005,-1.251625
pote.txt_2973,5.897916667,5.542172727,5.86713,1.646866667,0.5708,-0.2888,1.122233333,156.3386917,19.181325,0.482345455,151.8745182,15.32,0.2227,142.3818,16.49387,0.348323,0.214287909,0.1222042,0.249666667,93.38416667,11069,0.201145455,89.28272727,9850.636364,0.20556,91.819,9688.4,9581.841008,0.672441667,7835.741836,0.4187,6697.29996,0.38003,1.2053,1.124127273,1.08746,414.1112393,367.0021891,356.1029551,0.465575,0.269225,0.520141667,0.130654545,0.143381818,0.069763636,-0.1396,0.08704,-0.20092,4.149033333,1.428881818,1.11651,7.255725,5.631858333,4.051291667,0.849236364,0.257681818,1.3045,1.69015,0.18918,-1.54895
pote.txt_12109,3.844778947,3.796416667,3.780794118,3.255810526,0.808,-1.07,1.570042105,155.3184158,33.61115263,0.544161111,147.3216444,31.94421111,-0.404094118,138.7246059,30.13428824,0.536155789,0.447390444,0.402628235,0.203510526,79.73,15197.84211,0.123322222,71.80555556,15116.77778,0.076435294,66.60294118,15264.52941,11542.47267,1.358163158,9850.342533,0.880944444,7991.030365,0.662282353,1.091847368,1.026233333,1.009041176,414.4513655,412.1533108,413.6019229,0.374815789,0.232547368,0.488673684,-0.127555556,0.202461111,0.174577778,-0.028035294,0.158176471,-0.080941176,5.419157895,1.803916667,-1.316970588,8.868673684,4.344247368,6.741557895,0.456022222,1.668077778,4.4072,-5.893858824,1.856947059,2.587494118
pote.txt_11035,4.330108333,4.360345455,4.46242,1.635541667,-0.283,-0.5787,1.17875,202.22645,53.92494167,-0.1064,188.5976909,36.26812727,-0.34802,173.98927,32.02189,0.37614825,0.308135091,0.3280694,0.083341667,64.75833333,13715.16667,0.036,58.65454545,12160,0.01518,59.741,12247.1,18797.61368,0.196191667,15939.39442,0.107472727,14376.39134,0.12297,1.224408333,1.176181818,1.16776,413.08519,366.5892058,353.0690804,0.524466667,0.407533333,0.214808333,0.100754545,0.1946,-0.053281818,0.06997,0.07494,-0.01255,6.037608333,-0.868481818,-2.41343,14.85476667,5.190291667,3.796408333,0.195009091,-0.8365,1.675209091,-6.7128,1.3203,1.69069
pote.txt_8503,4.779186207,4.473007143,4.301122222,1.183668966,0.130414286,-0.562474074,1.061948276,200.8014759,37.98251034,0.186514286,191.4470429,29.53969643,-0.305944444,189.2261519,26.90684444,0.405685897,0.320044143,0.302457778,0.2693,79.48586207,9547.939655,0.124075,73.01142857,8239.857143,0.076437037,66.79444444,7806.333333,12931.91675,0.234865517,10490.21093,0.161532143,9727.661207,0.098292593,1.26767931,1.184475,1.170025926,350.4267964,310.5711419,314.4464891,0.415803448,0.302165517,0.314555172,0.042064286,0.115396429,0.100221429,0.134944444,0.048040741,0.024322222,5.25,0.897121429,-1.973648148,10.03051379,4.781789655,3.400151724,0.317896429,0.936275,0.975346429,-5.487081481,0.492211111,0.424211111
pote.txt_7709,4.765822727,4.329204762,4.5039,1.010236364,0.024342857,-0.32684,0.817872727,204.5123182,35.76822727,0.073828571,193.5540762,32.44141429,-0.27719,193.050035,31.73602,0.370643364,0.254828048,0.2031472,0.348759091,76.40590909,7579.375,0.073719048,66.86857143,5718.5,0.083365,66.2985,5279.725,11879.14178,0.300645455,8842.026405,0.07887619,7809.479695,0.0782,1.187890909,1.123047619,1.153065,335.8951816,304.3306981,286.6882208,0.384163636,0.329186364,0.341668182,0.058571429,0.080738095,0.142871429,0.14848,-0.00412,0.05961,4.111109091,0.147547619,-1.59886,9.292,5.855163636,2.657677273,-0.820609524,1.571509524,0.077938095,-3.40096,-0.674975,-0.407755
pote.txt_2871,5.613695,5.545294737,5.676172222,1.155145,0.220368421,0.404488889,1.23711,173.03864,29.1237,0.518968421,166.8314316,22.55443684,0.69,163.6673833,21.90947222,0.45574245,0.356032895,0.352674389,0.447455,96.951,9643.3,0.308184211,95.93368421,7060.842105,0.310672222,97.54055556,6881.888889,9775.98915,0.467015,7352.823063,0.255742105,6778.825133,0.305505556,1.16508,1.102526316,1.058038889,345.7409577,276.4096716,268.871258,0.315895,0.19459,0.379565,0.004026316,0.055052632,-0.131657895,0.036577778,0.055155556,0.0901,5.412205,2.318710526,3.082511111,9.71515,7.88515,3.878095,5.400921053,-2.185136842,-0.434578947,6.219916667,-2.370088889,1.385666667
pote.txt_10717,4.533792308,4.36095,4.405045455,2.615576923,-0.465,-1.48,1.409638462,200.5757923,49.23054615,0.048525,184.9055417,38.15235833,-0.630163636,174.9452818,38.44773636,0.477887923,0.382601833,0.337803,0.321676923,78.58153846,12978.69231,0.104033333,68.665,12122.25,0.0195,62.61545455,12254.09091,14959.84847,0.960315385,10483.9417,0.39135,7972.721527,0.209281818,1.233592308,1.226216667,1.187727273,428.8248182,422.6776331,427.0451773,0.359546154,0.468546154,0.395307692,0.0502,0.17235,-0.068433333,-0.049781818,0.101254545,-0.019127273,6.158753846,-0.514116667,-3.995427273,13.99758462,2.7486,5.118215385,-2.271116667,-0.316833333,1.8616,-11.05894545,-0.042263636,1.261272727
pote.txt_11659,5.3553375,5.347285714,5.33655,1.86,1.395714286,0.776666667,1.8050875,125.4535,11.9929,1.526285714,125.3531286,11.03735714,1.15455,125.2193,9.7633,0.366024375,0.364543714,0.3625695,0.0680625,92.86,11496.625,0.062228571,92.43571429,11536,0.05445,91.87,11588.5,12084.54079,0.1774,11988.6428,0.167214286,11860.77882,0.153633333,1.2561,1.261014286,1.267566667,390.8416644,389.076008,386.7217993,0.5375625,0.2380375,0.35115,0.5072,0.191,0.252114286,0.466716667,0.128283333,0.120066667,8.2816,6.728285714,4.6572,7.7545375,3.6429,6.7862875,5.585,2.455271429,6.688171429,2.692283333,0.871766667,6.55735
pote.txt_4415,5.904055556,4.63335,4.844742857,0.487755556,-0.110925,-0.305428571,0.703077778,184.0354111,24.00688889,-0.1056,177.5530875,22.77325,-0.134957143,184.3142857,20.41248571,0.433534,0.388829875,0.411591286,0.3579,77.47666667,8542.694444,0.1880375,67.60125,7511.9375,0.182,72.09714286,6124.642857,9423.9814,0.738111111,6576.395638,0.4461,5308.020043,0.335485714,1.043988889,0.8527,0.914057143,457.4936957,458.2366649,440.4571171,0.512033333,0.519888889,0.218811111,-0.135875,0.2690125,0.10955,-0.063814286,0.265671429,0.1466,3.013888889,-0.56535,-0.408942857,4.932933333,3.254911111,1.285633333,-1.2100625,-1.518225,-0.6587,-2.530371429,0.725771429,0.672957143
pote.txt_339,4.82122,4.447477273,4.54154186,1.546195556,0.283765909,0.089295349,0.93698,172.4041311,33.49361778,0.334836364,167.0202864,29.32184545,0.380393023,163.3293,29.13424419,0.533345133,0.417145205,0.42419186,1.466946667,75.48844444,7021.766667,0.736002273,69.98590909,5219.625,0.706518605,69.76023256,5049.755814,7182.541942,0.74578,4631.07945,0.451497727,4754.762721,0.296551163,0.982342222,0.916790909,0.919065116,371.0960289,325.4137895,313.0993821,0.340077778,0.340722222,0.450055556,0.144286364,0.164515909,0.125036364,0.219202326,0.173625581,0.03492093,2.983695556,0.353309091,0.729023256,6.663933333,6.344688889,5.472435556,-0.116159091,0.955770455,-0.174668182,0.966730233,0.617948837,-1.024372093
pote.txt_9619,3.631254545,3.6183,3.690544444,3.808027273,0.0682,-1.266666667,1.581972727,139.2665727,39.56350909,-0.1361,133.76484,38.31624,-0.831833333,118.2236444,33.852,0.516582182,0.2580472,0.190961333,0.235063636,72.45454545,18508.90909,0.1183,60.312,18034,0.103277778,61.48333333,18820.44444,14616.73129,1.8778,11524.2966,1.3567,8457.0208,1.5717,1.077263636,1.07148,1.013333333,455.506573,450.2844815,456.2316207,0.398690909,0.395945455,0.610354545,-0.19376,0.30042,-0.00496,-0.105111111,0.2277,-0.237777778,4.843354545,-0.63042,-2.926944444,13.86964545,7.290154545,6.826354545,-2.24606,3.67826,1.70476,-10.88,6.2608,0.114666667
pote.txt_9425,4.50090303,4.39058125,4.393206452,0.769136364,-0.12104375,-0.231664516,0.629063636,196.5729152,39.54869697,-0.00420625,189.7064781,34.02307813,-0.179748387,188.4241516,35.57119032,0.368122121,0.272010406,0.277630806,1.051163636,71.76272727,6566.121212,0.43614375,65.5253125,5103.5625,0.288612903,66.13645161,4734.290323,9583.318903,0.302454545,6563.901372,0.166678125,5739.819645,0.102351613,1.158275758,1.108065625,1.127074194,382.2366612,365.4804172,357.4492315,0.459633333,0.391266667,0.456351515,0.253171875,0.237421875,0.17014375,0.294903226,0.220874194,0.141251613,2.966463636,-0.3148125,-0.737587097,7.763990909,3.197493939,2.999115152,-1.01631875,0.682875,-0.7317125,-1.73463871,0.560554839,-0.040525806
pote.txt_11687,4.806191667,4.395474286,4.276470588,0.9409,0.064265714,0.052041176,0.759875,189.986,33.30039722,0.260888571,186.1553029,31.03557714,0.228014706,185.4639176,30.13397647,0.547976528,0.474825771,0.443377059,1.756419444,75.07861111,6144.354167,0.863214286,71.34514286,3415.25,0.956688235,69.09617647,4527.132353,7129.785822,0.653397222,4436.985211,0.300791429,4866.327394,0.262782353,0.843366667,0.777634286,0.759694118,361.1114461,272.6972336,285.6845276,0.307622222,0.261152778,0.358841667,0.002317143,0.032077143,0.116388571,0.013408824,0.138176471,0.147558824,2.187811111,0.64478,0.392261765,6.084352778,8.298525,4.805002778,0.548991429,-0.830122857,-0.222942857,1.548564706,2.473217647,0.073738235
pote.txt_1497,4.01275,3.842252174,3.82825,0.9618375,0.019165217,-0.198918182,0.7523375,196.2011833,35.73117083,0.126469565,186.1944304,30.26571739,-0.177681818,183.9568591,29.52417727,0.26670725,0.229641913,0.189309955,0.875429167,63.78125,7802.34375,0.149708696,58.98043478,6679.978261,0.06255,58.54681818,5855.068182,12596.3545,0.19685,10322.80583,0.080065217,9312.506709,0.070418182,1.169295833,1.131021739,1.087981818,410.2507268,394.7819133,394.9186169,0.4995875,0.3731125,0.345441667,0.2883,0.284986957,0.170821739,0.296268182,0.280445455,0.086104545,3.409975,0.016243478,-0.9834,8.0844125,2.751616667,3.949970833,0.282469565,0.202330435,-0.197813043,-1.747054545,-0.019104545,-0.5469
pote.txt_423,5.52418,5.133728571,5.370530769,0.767686667,0.157028571,0.221353846,0.689713333,155.18474,28.25634667,0.125535714,148.6377,21.98820714,0.149630769,153.3690769,26.55440769,0.2151834,0.128253,0.14364,0.1745,79.45666667,8041.2,0.110757143,73.77285714,6634.785714,0.121746154,74.90153846,6351.692308,9509.59392,0.279506667,8107.4534,0.1895,8730.989985,0.177930769,1.391386667,1.343321429,1.345646154,391.67689,373.2933779,384.2641832,0.56528,0.31074,0.355106667,0.2409,0.2091,0.165342857,0.263523077,0.230830769,0.104907692,3.2546,0.661114286,1.044661538,6.023053333,3.014493333,1.939886667,0.0497,0.8476,-0.274178571,3.930830769,-0.1699,0.658623077
pote.txt_4103,3.711566667,3.241375,2.972928571,2.220977778,0.8945,0.527714286,1.066066667,176.5106667,31.12318889,0.7244375,160.775725,24.49325,0.300628571,165.0878429,25.78667143,0.401855,0.38572225,0.370446429,0.122888889,66.16,9520.472222,0.0853125,67.355,7866.8125,0.078742857,62.08142857,8356.928571,12443.30254,0.672333333,9829.939825,0.27645,11307.28831,0.452885714,1.147422222,1.0555375,1.037385714,364.0887952,350.5490448,366.890679,0.463322222,0.334455556,0.425377778,0.358425,0.23125,0.08345,0.378671429,0.239771429,0.096,4.254155556,2.376975,0.443528571,8.414677778,3.708866667,4.861866667,2.6248625,1.3508375,2.1555125,-0.088228571,0.512814286,1.5075
pote.txt_12077,5.594411111,5.160675,5.335028571,1.616944444,-0.023125,0.376428571,1.847088889,164.2478778,20.49841111,0.50495,159.825,12.074925,0.88,156.7380857,11.39687143,0.367889,0.246441,0.294248,0.185888889,100.5422222,12432,0.075075,88.4975,12529,0.100414286,93.32142857,12419.28571,12046.78759,0.3838,11179.97539,0.180675,11022.90583,0.244985714,1.560644444,1.559375,1.553214286,392.049292,390.9360855,393.7620177,0.354588889,0.279744444,0.283288889,0.0717,0.1266,-0.057,0.010285714,0.106285714,0.000685714,7.993555556,1.45845,2.868114286,9.555633333,1.707866667,5.972277778,-1.876625,0.497525,2.88715,-0.675757143,0.3543,3.554285714
pote.txt_10581,4.146525,4.2057,4.14504,1.611566667,-0.025818182,-1.059,1.54755,186.535425,28.576425,0.315636364,158.7469545,16.1876,-0.53286,164.58354,13.85043,0.282511667,0.251657818,0.209568,0.05445,83.03583333,11772.91667,0.0297,79.03818182,10020.90909,0.01089,73.789,10698.1,14887.24119,0.145,11790.94675,0.101790909,12874.7367,0.06996,1.551708333,1.560490909,1.55841,351.391148,330.1784637,341.6298712,0.4039,0.199675,0.2601,0.274536364,0.054145455,0.023818182,0.28764,0.04104,-0.144,7.164666667,0.867309091,-3.03096,10.43984167,1.898925,5.188125,-2.149245455,-0.471872727,3.752245455,-6.48088,-1.07583,2.29848
pote.txt_7079,3.5236,3.473047059,3.486175,3.340272222,0.052176471,-2.1569375,1.278866667,170.0896389,39.81848889,0.061882353,154.6975882,36.46167647,-0.79539375,147.9558125,34.5656625,0.4465325,0.312999176,0.2138975,0.188716667,68.01555556,13328.61111,0.074558824,60.93176471,11615.76471,0.00528125,56.214375,11597.875,12893.6081,1.338594444,9657.469624,0.5926,7856.176162,0.2435625,1.228005556,1.211747059,1.207425,381.2017763,364.0153541,364.371035,0.376033333,0.309011111,0.53165,0.109776471,0.226370588,0.031976471,0.151675,0.1816875,-0.279475,4.337938889,-0.245182353,-3.43284375,11.56391667,4.639272222,5.670894444,-0.522023529,-0.370905882,3.292417647,-8.8854625,-1.2703625,1.603625
pote.txt_11269,5.319390625,5.075012903,5.05764,1.492878125,-0.30916129,-0.357586667,0.77924375,170.5382375,37.85276562,-0.081903226,163.0996677,32.88926774,-0.08538,164.2539233,34.05152667,0.450245719,0.357593194,0.35245,0.358165625,76.7265625,7719.40625,0.162109677,68.41483871,5194.387097,0.099873333,67.35033333,5398.366667,9929.463469,0.538665625,6325.406619,0.138870968,6403.786927,0.081666667,1.017840625,0.956654839,0.95327,350.760906,273.2429742,282.4091459,0.448209375,0.341503125,0.428228125,0.207948387,0.058145161,0.037948387,0.182886667,0.09643,0.01851,3.7017625,-0.597532258,-0.41396,9.14415,7.56204375,2.8207625,-2.676593548,-1.284793548,1.154270968,-1.634393333,0.43151,0.44546
pote.txt_9799,4.878514286,4.69749,4.778642105,0.881209524,0.41812,-0.048884211,0.4978,206.2279714,48.18745238,0.077,202.23409,44.648655,-0.195005263,199.9778947,41.08529474,0.486554952,0.3741382,0.389076737,1.079104762,57.85285714,6515.857143,0.224485,53.0695,4102.4,0.204084211,52.82,3575.526316,10944.69647,0.062495238,7172.500125,0.02724,6036.028532,0.018810526,0.98592381,0.89602,0.874284211,302.2666024,197.2224565,204.6262397,0.459152381,0.313361905,0.341266667,0.38939,0.05751,0.190705,0.388352632,0.059547368,0.116563158,2.54707619,0.55821,-1.003773684,9.349519048,9.871452381,3.10832381,-0.991905,4.511115,0.204625,-4.394168421,4.364721053,0.068473684
pote.txt_1317,5.360493478,5.250146667,5.189302273,1.27611087,-0.209133333,-0.373572727,0.862828261,181.1508609,39.98254348,0.011,176.67106,32.48212667,-0.146720455,173.3852614,33.74014091,0.482613283,0.3592392,0.392147727,0.738084783,77.62,7608.826087,0.238415556,69.51755556,5541.577778,0.189606818,70.23022727,5319.363636,9796.292007,0.390280435,6722.623024,0.135368889,6738.466014,0.075940909,1.045571739,0.968206667,0.969663636,351.8612427,287.2504472,281.3118229,0.422697826,0.34545,0.404243478,0.166048889,0.005597778,0.036864444,0.259277273,0.100768182,0.019388636,4.189484783,-0.614548889,-0.704954545,8.859141304,7.391454348,3.685865217,-0.836451111,0.503553333,0.153208889,-1.872620455,-0.936320455,0.238734091
pote.txt_7173,3.9112,3.583105556,3.452782353,0.953021053,0.146077778,-0.071882353,0.560878947,224.5800526,48.58548947,-0.04315,220.4278,41.44927222,-0.183441176,220.2650647,39.87271176,0.368443053,0.233426722,0.191550647,0.316784211,57.32631579,9197.960526,0.084461111,52.76888889,7294.583333,0,50.46941176,6224.411765,15428.07484,0.152878947,12198.65344,0.083272222,10983.19484,0.041317647,1.114763158,1.087388889,1.0781,365.3521195,349.6372899,339.1026635,0.504278947,0.426631579,0.339231579,0.075488889,0.3299,0.1422,0.295229412,0.302852941,0.096176471,3.065005263,-0.066761111,-1.072688235,11.40693158,5.498336842,1.820473684,2.578183333,0.245211111,0.556238889,-1.597064706,0.245282353,0.040229412
pote.txt_8091,4.22372,3.624283333,3.852856522,0.861972,-0.111520833,-0.056956522,0.753684,190.249084,32.037336,0.191745833,181.7020625,26.57956667,0.055691304,182.0846391,25.52422609,0.45179116,0.367368042,0.345598435,0.999472,71.0328,5982.84,0.481354167,67.30416667,4023.395833,0.350626087,67.07130435,4519.076087,9219.31224,0.406956,7066.766917,0.173870833,7059.338604,0.186995652,1.024768,0.910295833,0.952321739,374.6159184,352.9348698,359.2023835,0.421876,0.417084,0.389092,0.179266667,0.139325,0.090695833,0.114847826,0.285947826,0.023047826,2.905164,0.317916667,0.126817391,5.555564,3.506532,4.110444,-0.3158375,-0.280370833,-0.529741667,0.491173913,0.164517391,0.14153913
pote.txt_8847,5.026905405,4.852766667,4.79786,0.945105405,-0.017286111,-0.366857143,0.82157027,178.7616432,34.38456486,0.096283333,171.3588861,28.99338056,-0.197551429,172.5775429,27.89756,0.361627324,0.256059806,0.266526971,0.771972973,77.30675676,7146.27027,0.230458333,71.66083333,5567.305556,0.224225714,70.19,5058.457143,9633.681841,0.367540541,7143.662447,0.203419444,6655.774809,0.112597143,1.241378378,1.194947222,1.19004,347.8504242,310.2590213,297.1618366,0.405237838,0.288848649,0.321148649,0.115561111,0.117969444,0.052630556,0.129311429,0.120565714,0.057888571,3.55802973,0.053897222,-1.111011429,8.174375676,5.130551351,3.016608108,0.589741667,0.861458333,-0.349691667,-2.113291429,-1.242791429,0.288385714
pote.txt_8199,4.729156,4.2094375,4.144321739,1.742004,0.0332125,-0.145786957,1.237996,176.133712,27.39068,0.138691667,169.7211375,22.60242917,0.3084,169.082613,24.4179913,0.48826452,0.353838542,0.37369687,0.924988,81.746,9472.42,0.309408333,72.22166667,8074.864583,0.381091304,71.91521739,8484.5,9731.92,0.79404,7086.428433,0.401058333,7628.47913,0.389817391,1.148344,1.090545833,1.07603913,402.049784,382.3099081,388.3874157,0.367252,0.346216,0.412488,0.2425875,0.140904167,0.057554167,0.20526087,0.131143478,0.0247,4.63072,-0.241495833,0.303004348,7.598832,4.273072,5.60028,-2.029458333,-0.520358333,1.747445833,-1.037469565,0.947230435,-0.09333913
pote.txt_4461,4.26194,4.187666667,4.1507,1.2633,0.059777778,-0.9804125,1.05232,183.34161,36.98504,0.072377778,182.8697667,32.03678889,-0.599775,177.1940625,26.3563625,0.2304362,0.195196,0.16220825,0.08477,65.864,12008.4,0.0429,60.02555556,11806.44444,0.0115375,52.55875,10655.375,15737.001,0.2469,14859.8563,0.163988889,13372.06253,0.1337625,1.37534,1.353055556,1.333775,404.1601914,406.073566,407.6161707,0.52924,0.39214,0.28906,0.190033333,0.2504,-0.061955556,0.14235,0.241825,0.0150125,5.05713,0.2936,-3.841375,10.7515,3.62314,3.68147,1.217744444,0.0449,2.236177778,-7.9744125,-2.64585,2.0772375
pote.txt_6595,5.286447059,5.0992875,5.050446667,1.062258824,0.288675,-0.281093333,0.574758824,194.1689353,46.63523529,0.08875,186.8218688,39.35688125,-0.23318,181.52834,39.85913333,0.475307235,0.364094625,0.3465074,0.372294118,66.6,7125.588235,0.05629375,60.31125,5014.6875,0.01628,57.95933333,4459,11744.18188,0.147794118,7648.017463,0.0441625,6484.2405,0.032126667,0.975841176,0.90066875,0.88486,315.9540441,260.7295894,255.531235,0.495211765,0.396935294,0.386882353,0.33590625,0.01983125,0.2482625,0.251393333,-0.034073333,0.129793333,3.523976471,0.137025,-1.898233333,10.21017647,9.087094118,2.071717647,-1.02169375,4.46819375,0.64948125,-5.99708,1.21454,0.186853333
pote.txt_4983,4.3445,4.269981818,4.30455,1.246933333,0.134181818,-0.3044,0.68305,228.1510167,59.66240833,-0.069181818,219.9318545,48.20644545,-0.38808,214.81872,44.18517,0.423687583,0.328433091,0.3460708,0.27745,56.34583333,9634.25,0.0648,52.01272727,6554.272727,0,47.507,7004.1,15524.47062,0.078533333,10697.33495,0.045281818,10235.96508,0.02854,1.221433333,1.0865,1.15096,333.2012629,259.5669211,233.1824326,0.478883333,0.375958333,0.258166667,0.416563636,0.1544,-0.060945455,0.37249,0.02892,0.04841,4.051675,-0.194636364,-2.43097,13.09385833,6.253466667,2.262325,0.537290909,0.826,0.465290909,-7.7302,2.94658,1.14896
pote.txt_7679,4.272942857,4.213855,4.281826316,1.961542857,-0.02196,0.211421053,0.8321,139.922119,32.01677143,-0.08038,136.550235,30.41735,0.132768421,136.0443947,30.0585,0.349631667,0.2425618,0.243184947,0.854233333,56.93666667,11702.38095,0.163475,51.8905,9222.45,0.259578947,52.64842105,9243.210526,11818.4542,0.869209524,9224.09209,0.412525,8902.906779,0.455342105,0.955233333,0.90443,0.903221053,428.7943657,398.0143105,382.8554717,0.602161905,0.358314286,0.414442857,-0.053155,0.22221,0.02198,0.161868421,0.225521053,0.085831579,2.519138095,-0.21823,0.230994737,7.243847619,6.866990476,4.957819048,-0.97244,0.68495,0.5834,-0.270594737,2.549431579,-0.804268421
pote.txt_2037,4.232225806,4.024186667,4.075368966,2.011632258,0.094346667,-0.691551724,1.328209677,204.4851903,41.66684194,0.18808,193.1280033,30.38492333,-0.324051724,188.5032966,31.7042,0.480363,0.370162967,0.347150345,0.16643871,77.0016129,12088.16935,0.091866667,69.94266667,10899.23333,0.075658621,66.26655172,10796.56897,15714.55566,0.400493548,12908.69118,0.183843333,12383.81068,0.118024138,1.063374194,1.018913333,1.038855172,399.1951966,365.5160694,350.8282918,0.397625806,0.353683871,0.364525806,0.07314,0.182733333,0.05652,0.047644828,0.112341379,-0.048793103,6.087909677,0.36816,-1.922010345,12.48900323,5.216322581,4.865809677,0.268963333,1.556183333,2.301453333,-5.500510345,0.74067931,1.046841379
pote.txt_7195,3.864157895,3.646405556,3.589823529,0.980694737,0.194044444,-0.216164706,0.465505263,218.5445895,53.59244737,0.080105556,201.4010167,46.23351111,-0.220582353,200.0054824,42.50337059,0.328522,0.267105722,0.245845588,0.442921053,58.91736842,8137.855263,0.050005556,55.21222222,5624.277778,0,51.81,5576.764706,14712.90556,0.185242105,9836.964478,0.077938889,8496.672553,0.0477,1.169189474,1.107672222,1.067241176,397.0144255,377.4746916,370.3019559,0.568384211,0.422121053,0.3408,0.448483333,0.331555556,0.164811111,0.349835294,0.288541176,0.201388235,2.806352632,0.314666667,-1.455294118,11.43186842,2.247068421,1.331526316,0.394938889,1.325722222,-0.549977778,-4.622923529,0.632852941,0.129635294
pote.txt_4729,4.1893,4.09089,4.061933333,1.122109091,0.15884,-0.021955556,0.7132,214.3526909,40.98152727,-0.07661,196.24935,33.74417,-0.1331,183.6987333,33.93111111,0.247609909,0.1084,0.186804,0.069581818,60.98454545,9248.090909,0,52.815,6088.4,0,56.75222222,4607.222222,15353.7153,0.067509091,11369.35196,0.03141,9007.871256,0.017088889,1.401209091,1.35362,1.349033333,336.8465031,275.134177,236.5307138,0.475990909,0.351227273,0.259763636,0.40548,0.12581,0.07832,0.254611111,0.078,0.032677778,3.764236364,-0.62632,-0.673322222,10.27285455,4.456427273,2.0389,-0.64707,0.77843,0.4136,-2.587166667,-0.267411111,0.317466667
pote.txt_11065,4.615042,4.294793878,4.209029167,0.855696,0.0439,-0.033364583,0.802724,184.6726,33.149096,0.209922449,180.1917776,30.0195102,0.210827083,175.8212521,29.61716875,0.39572424,0.284989224,0.29602025,1.695886,74.8256,6943.995,0.632291837,69.53326531,5218.857143,0.968954167,68.94791667,4927.854167,8797.948682,0.55253,6524.478386,0.306063265,6042.804877,0.229183333,1.0372,0.981471429,0.986645833,411.3337063,369.6922261,364.922116,0.39942,0.296252,0.353256,0.036314286,0.150689796,0.142804082,-0.016591667,0.173889583,0.172122917,2.678924,0.383081633,0.202564583,6.925912,4.683186,4.711978,0.888753061,0.514985714,-1.026479592,0.540410417,-1.42740625,0.732364583
pote.txt_12121,4.039190476,3.55554,3.552968421,1.882090476,0.01849,0.588873684,1.21932381,168.234281,32.36438571,0.385375,160.69229,25.87171,0.630115789,158.3557053,25.40745263,0.473139619,0.36252015,0.369567263,1.463719048,78.8447619,8593.404762,0.54831,71.4885,6654.675,0.610168421,70.91631579,7278.789474,9017.979729,0.793347619,6854.721855,0.332485,7587.085037,0.555963158,1.023609524,0.960445,0.974294737,417.4855864,410.4937155,408.8676503,0.389128571,0.282028571,0.454609524,0.098855,0.14357,0.00695,0.185589474,0.127121053,-0.011789474,4.390038095,0.60572,1.438842105,6.809619048,3.18257619,7.142261905,-0.10754,-1.232095,-0.19554,2.404342105,0.597063158,-0.550831579
pote.txt_11785,4.372773077,3.995828,4.138320833,0.531096154,0.089064,0.176216667,0.547942308,210.5513346,38.85420385,-0.117436,207.381624,36.94402,0.1924625,204.5773417,37.49643333,0.366254346,0.25941944,0.267794,2.077323077,59.90615385,5920.740385,0.902376,52.8688,3846.4,1.075808333,54.79333333,3912.354167,9779.535608,0.237807692,6273.4999,0.098836,7079.120492,0.092145833,0.985569231,0.885992,0.891320833,399.7347563,330.9472194,322.2297251,0.412373077,0.317715385,0.3197,0.139072,0.099112,0.194404,0.1057375,0.13335,0.249758333,1.81595,-0.251204,0.356879167,6.581442308,6.324711538,4.981088462,-1.734996,0.920776,-0.446236,1.790025,1.815975,0.464216667
pote.txt_2719,6.605092857,6.248484615,6.661,1.302478571,-0.156592308,0.402083333,0.981185714,229.4596357,29.7159,0.411038462,214.6944615,26.63791538,0.611333333,214.9792,26.31175833,0.419337357,0.270164538,0.29139,0.361871429,79.48357143,9529.375,0.235223077,74.28230769,8741.653846,0.301116667,78.4025,9116.041667,9161.209757,1.072278571,6585.572831,0.650807692,7124.583508,0.953558333,1.718921429,1.679276923,1.7139,426.3054814,425.5676732,426.0509452,0.257635714,0.713064286,0.231971429,0.105784615,0.526092308,-0.034184615,0.135916667,0.331666667,-0.023,3.858585714,0.996461538,1.5913,6.321985714,1.075678571,2.39695,0.039407692,0.1377,-0.349269231,2.839125,0.1953,0.798258333
pote.txt_977,4.027905,3.910084211,3.873083333,1.040635,0.424621053,0.068733333,0.68503,191.93802,45.442765,0.150689474,182.1214789,38.13002105,-0.103711111,178.5415056,35.23005,0.29765215,0.225041684,0.233520833,0.832775,57.574,7713.6625,0.065826316,55.12157895,5855.210526,0.063433333,52.88,5175.972222,13013.68667,0.076435,11116.94368,0.049636842,10464.16317,0.03875,1.22516,1.152652632,1.14155,380.4618431,343.4235872,336.9682671,0.516405,0.36344,0.2654,0.425578947,0.235357895,0.079321053,0.441322222,0.1808,0.084488889,3.286625,0.692289474,-0.74365,8.32927,3.710205,3.89933,2.877868421,1.148821053,-0.012036842,-0.348327778,1.5003,-0.724183333
pote.txt_11999,4.152075,4.094018182,4.11785,3.105,-2.863636364,2.855,1.446325,155.484725,63.705675,-0.896,145.4727818,37.44415455,1.4433,154.7015,62.02865,0.5772015,0.563190545,0.5615765,0.13285,73.005,13544.75,0,56.49090909,13511.72727,0.10725,72.845,13538.5,14558.17865,0.7883,11325.06278,0.104645455,13938.16865,0.4519,1.079075,1.050245455,1.06085,430.6905163,425.1422433,430.6893671,0.491175,0.364275,0.37125,0.320154545,0.152418182,-0.204545455,0.47015,0.35525,0.33125,6.584575,-5.859854545,6.38655,13.9468,3.495825,5.95375,-12.70647273,-3.385963636,3.402745455,13.9464,3.1878,5.93125
pote.txt_2331,3.54507,3.151431579,2.773722222,2.01656,0.172715789,0.031577778,1.038495,198.17991,27.679345,0.223210526,194.8269105,24.84774737,0.026344444,197.5715722,23.97732222,0.4805709,0.322145474,0.271596444,0.20251,76.408,8548.85,0.095542105,70.66631579,6387.921053,0.079516667,67.09166667,5703.208333,10968.2444,0.767425,9530.307721,0.266089474,9752.904744,0.26415,1.085005,1.008605263,0.966894444,347.7482631,317.555,322.4312857,0.328405,0.29382,0.496245,0.117021053,0.214347368,0.117252632,0.014605556,0.231322222,0.050255556,3.58823,0.578236842,-0.381227778,7.448485,4.273695,4.72907,0.630626316,0.022536842,1.482805263,-1.035361111,0.85325,0.25675
pote.txt_4353,5.67266,5.616033333,5.6603125,0.88673,-0.009488889,-0.660875,0.71305,194.35244,42.17944,0.082655556,185.8445111,33.76196667,-0.4297125,190.5976,31.5821375,0.471607,0.350638889,0.3641215,0.59278,84.208,6648.2,0.280566667,81.9,4857.666667,0.2484,77.265,5750,9302.29445,0.43311,6464.783978,0.245411111,6289.292663,0.1457625,1.09045,1.054622222,1.025825,374.883783,311.6066838,319.3293398,0.43409,0.4407,0.45367,0.082122222,0.220466667,0.132877778,0.087925,-0.07425,0.1986,4.15712,0.748966667,-2.5051,9.16235,5.30779,2.07446,1.425866667,-1.858988889,1.114544444,-4.9755875,1.8875875,0.5567125
pote.txt_2441,4.828811429,4.388464706,4.495793939,0.842511429,-0.030482353,-0.057384848,0.787885714,188.1607771,36.19949143,0.240141176,185.6811441,33.77435882,0.272909091,185.4575455,33.49685758,0.477561571,0.4012165,0.393400242,1.68766,83.62714286,5712.357143,0.985776471,77.49970588,4149.75,0.873139394,77.80818182,3505.712121,6568.608769,0.655688571,4725.101303,0.2639,3691.436282,0.322169697,0.996274286,0.902944118,0.894821212,384.5747133,339.3685852,335.0930565,0.318674286,0.270011429,0.41816,0.080276471,0.068073529,0.201955882,0.02470303,0.048242424,0.170084848,2.954048571,0.834438235,0.937236364,6.279585714,5.385242857,4.564748571,1.756829412,-0.021047059,0.748502941,1.045963636,-0.543715152,-0.534033333
pote.txt_3683,3.748642857,3.76405,3.78562,4.651742857,2.55935,-0.37,1.9225,101.089,30.456,0.8825,102.50855,30.8232,-0.5735,104.49592,31.33728,0.656049714,0.472588,0.2157416,0.306614286,87.08142857,19240,0.242233333,78.885,19531.33333,0.1521,67.41,19939.2,11175.85903,2.373328571,9917.1234,2.23085,8154.89352,2.03138,0.938314286,0.94095,0.94464,455.1247758,462.0068667,471.6417939,0.320285714,0.326471429,0.7774,0.117533333,0.284716667,0.38015,-0.16632,0.22626,-0.176,5.386614286,2.3819,-1.8247,12.371,8.342428571,8.659,3.347616667,8.461616667,5.06255,-9.28512,8.62848,0.02752
pote.txt_8923,4.721494872,4.340863158,4.451275676,1.648279487,0.002415789,0.268854054,1.095507692,174.984359,34.86645385,0.330702632,169.1327737,32.02781842,0.416178378,167.6200514,31.98785946,0.493724795,0.391979895,0.420288297,1.553930769,79.98051282,8612.211538,0.828194737,71.18026316,6657.776316,0.590148649,73.15675676,6962.77027,7805.565056,0.873033333,4891.475255,0.378976316,5832.797422,0.51382973,1.092982051,1.027218421,1.019983784,402.0798915,357.7168727,374.2440264,0.334120513,0.270269231,0.403551282,0.098302632,0.008439474,0.035942105,0.067972973,0.131740541,0.047318919,3.759120513,0.474486842,1.213724324,6.887312821,4.875,6.0537,-1.384005263,-0.538497368,0.848302632,1.361483784,0.681197297,-0.19532973
pote.txt_1881,5.497688571,5.15535,5.137606061,1.25214,-0.067158824,-0.49150303,0.79574,174.65326,34.91017429,0.040170588,168.5637265,29.08178235,-0.205190909,164.2871515,28.44035758,0.515563143,0.384167882,0.372516818,0.379625714,78.09914286,7053.321429,0.188132353,71.38852941,5089.764706,0.10870303,69.8930303,5186.136364,9017.537431,0.379488571,6209.929294,0.153511765,5836.621303,0.114581818,1.04074,0.9586,0.939836364,315.6501842,244.2249735,259.0027321,0.431382857,0.347222857,0.428154286,0.229582353,0.065694118,0.115776471,0.191215152,0.052972727,0.090475758,3.784134286,-0.007282353,-1.43139697,7.928394286,8.195668571,2.86236,-1.613494118,1.359079412,0.2959,-3.341051515,0.943315152,-0.011772727
pote.txt_10959,5.515545,5.260523077,5.302292105,1.291765,-0.034202564,-0.386513158,0.79677,150.31002,35.928895,0.135669231,145.2091667,28.91394103,-0.144823684,143.4567184,27.20430263,0.471392075,0.383142103,0.362506579,0.387255,81.79,6628.05,0.135338462,76.28102564,4899.538462,0.1941,75.97315789,5164.184211,7053.806523,0.5810975,4738.520692,0.257461538,5098.214182,0.189157895,1.16246,1.123089744,1.103694737,323.8116242,280.7799991,289.4238563,0.4021275,0.35624,0.41466,0.213223077,0.109825641,0.0943,0.148252632,0.122339474,0.090523684,3.3994375,0.289882051,-0.745836842,7.083455,6.201155,2.5916675,-1.1928,0.574346154,0.671661538,-0.782531579,-0.307226316,0.569944737
pote.txt_3241,3.5911,3.5847,3.591,1.8508,-0.2604,-0.5828,0.6637,100.1452,21.832275,-0.093766667,101.4505333,21.82446667,-0.1827,99.9516,21.83225,0.276316,0.1215,0.151,0.105625,76.77,4564.75,0,72.09,1922,0,75.33,2402.5,3669.0276,0.7159,3748.420667,0.029833333,3644.426,0.0435,1.478475,1.5222,1.45125,217.8030709,195.661956,208.732734,0.411775,0.048225,0.5383,0.4088,0.044666667,0.0496,0.34675,0.047,-0.1178,1.759525,-0.229266667,-0.4161,2.077275,3.832275,2.964475,0.070466667,0.542066667,-0.0978,0.10325,-0.68335,-0.15075
pote.txt_9663,2.9945,2.960806667,2.9223,3.845,0.650666667,-3,1.52125,237.07225,36.2984,0.232666667,212.1735067,34.90922667,-1.24,183.7178,33.3216,0.459764,0.263984267,0.040236,0.21125,68.645,16400,0.112666667,62.09066667,16385.06667,0,54.6,16368,19343.4084,1.43785,14999.70456,0.877266667,10035.4716,0.2366,1.03325,1.030426667,1.0272,458.1277565,453.4333668,448.0683499,0.313,0.3977,0.5578,0.088906667,0.319206667,0.138826667,-0.1672,0.2295,-0.34,5.26265,0.432066667,-5.0886,16.2504,4.0202,6.01805,2.0544,3.672906667,2.487226667,-14.1696,3.276,-1.548
pote.txt_10241,4.246415789,4.047811111,3.984958824,1.011410526,0.132844444,-0.263058824,0.553678947,219.0039895,48.22486316,0.0745,204.5589944,39.3294,-0.262570588,201.7217882,37.54839412,0.395717895,0.304479167,0.313857824,0.382463158,61.41894737,7949.276316,0.061955556,57.54222222,5633.777778,0,54.30588235,5129.941176,13935.15726,0.172315789,9567.032089,0.081277778,8572.0555,0.036517647,1.099363158,0.987533333,1.003594118,362.1138467,331.4646928,306.0572417,0.499336842,0.407331579,0.332531579,0.356966667,0.271494444,0.125277778,0.283323529,0.242452941,0.173164706,3.145468421,0.0222,-1.7226,10.61730526,5.055510526,1.7676,-0.227983333,3.042594444,-0.247111111,-4.486488235,1.904152941,0.136558824
pote.txt_10305,3.789029412,3.694075,3.693913333,2.273088235,0.48315625,0.084186667,1.205364706,157.3042765,35.20888824,0.19708125,153.0499313,33.69818125,0.54162,150.0792267,33.30399333,0.427885706,0.27428125,0.274822267,1.947994118,65.09823529,11749.88235,0.48986875,56.218125,9186.9375,0.7282,56.03266667,9503.466667,10526.40305,0.993247059,7971.394513,0.5593625,8256.045207,0.45768,1.007629412,0.9457625,0.96164,441.3333414,418.2821596,386.2355805,0.421235294,0.235452941,0.414629412,-0.14995625,0.10755625,0.09576875,0.086606667,0.15344,-0.00382,3.303470588,0.105175,0.514193333,7.463441176,5.754464706,8.196435294,-1.92336875,1.6392375,-1.393075,1.605206667,0.557986667,-3.8458
pote.txt_3825,3.849185714,3.82135,3.82162,3.053485714,-0.198983333,0.16622,1.4425,114.9424,39.0096,-0.3575,109.70035,34.7544,-0.1655,109.87822,34.96608,0.394335429,0.180078667,0.2080472,0.190728571,63.91285714,23104,0.129566667,61.035,21432.66667,0.13858,61.902,21503.2,19544.83766,1.890557143,12145.4622,1.887216667,12676.17528,1.89962,0.955028571,0.95055,0.95058,547.598468,507.4196626,509.1257009,0.592171429,0.580042857,0.5548,0.028066667,0.348616667,-0.10985,0.07768,0.36542,-0.03782,4.168328571,-1.130433333,-0.5701,16.4476,10.33445714,5.4844,-3.977183333,9.410816667,0.14335,-2.03662,9.45338,0.75682
pote.txt_1167,5.004591892,4.797369444,4.826011429,0.918105405,-0.031863889,-0.338622857,0.760689189,185.371327,37.75368649,0.039991667,180.0005167,32.40267222,-0.192788571,181.1543114,31.18571714,0.377039486,0.284792444,0.293420229,0.709605405,73.32081081,7154.378378,0.208425,67.29694444,5607.194444,0.204542857,66.75971429,5198.514286,9711.253968,0.296089189,7333.031753,0.155741667,7346.415294,0.092117143,1.232251351,1.182236111,1.17586,354.6074641,318.9045691,309.1393141,0.417118919,0.335256757,0.333937838,0.249747222,0.156980556,0.051775,0.2702,0.15718,0.034705714,3.552227027,-0.064969444,-1.051014286,7.69952973,5.237451351,3.096618919,0.301616667,0.769308333,0.211341667,-1.414485714,-0.025408571,0.56596
pote.txt_7439,4.027235,3.612357895,3.608583333,1.88031,0.198263158,-0.322927778,1.11018,170.95312,28.11973,0.478715789,165.555,26.49927368,0.466094444,157.91085,26.09873333,0.5243716,0.4195,0.399794778,1.76235,70.4925,8629.325,0.588178947,64.71421053,6908.671053,0.81495,63.51166667,7452.472222,7860.749895,0.894685,6512.901163,0.429810526,6162.117439,0.279122222,0.902875,0.875863158,0.870811111,402.3322576,380.029024,374.396537,0.333115,0.280005,0.439595,0.026531579,0.1698,0.003226316,0.037483333,0.176038889,-0.087305556,2.949385,0.964821053,0.6363,4.93659,5.969365,7.663265,0.185857895,-0.466621053,-1.540515789,-0.10485,-0.994822222,-2.976627778
pote.txt_4633,4.060345455,3.9378,3.979744444,3.013527273,-0.54156,0.476444444,1.1701,169.0688545,51.38604545,-0.03444,158.37112,49.10015,0.158522222,162.2666778,49.88193333,0.503498818,0.3617347,0.445196,0.326763636,76.94090909,10975.36364,0.1794,69.143,10310.3,0.093888889,68.18333333,10112,11277.00708,1.185245455,9097.61468,0.51234,7077.706522,0.712711111,1.164809091,1.13348,1.102344444,383.2760856,389.3560454,389.8016458,0.368445455,0.362754545,0.541509091,0.21752,0.1718,-0.31431,0.221966667,-0.0176,0.172777778,4.763263636,0.35244,-0.664955556,11.60242727,3.732727273,5.109536364,0.62965,0.86041,-1.06496,-2.627955556,0.5351,3.345544444
pote.txt_4721,3.797909091,3.65317,3.732155556,1.507027273,0.1911,-0.971444444,0.685436364,226.9072818,56.29155455,0.16218,224.16868,52.47504,-0.417422222,210.7001333,46.01985556,0.378306909,0.2826014,0.287618778,0.460754545,57.11545455,9930.181818,0.02145,47.95,9611.9,0,46.79777778,9299.333333,14475.8648,0.385890909,11832.8838,0.13628,9962.849844,0.075122222,1.258418182,1.2616,1.219055556,394.1454096,390.1705087,389.9567381,0.499181818,0.438809091,0.394781818,0.46636,0.38673,0.09676,0.450655556,0.336433333,0.019111111,3.6076,0.42661,-2.5235,12.03488182,2.377027273,2.742354545,0.87162,0.89089,2.00484,-6.674388889,0.033055556,1.520211111
pote.txt_3793,3.798914286,3.76405,3.75124,3.852614286,2.55935,1.285,1.6825,108.0157,34.7328,0.8825,102.50855,30.8232,0.1705,100.18084,28.97856,0.525192571,0.472588,0.3912472,0.248671429,75.49714286,21172,0.242233333,78.885,19531.33333,0.2197,78.12,18798.4,15360.34834,2.131942857,9917.1234,2.23085,6817.89024,2.23756,0.946671429,0.94095,0.93888,501.3616219,462.0068667,444.3941163,0.456228571,0.453257143,0.6661,0.117533333,0.284716667,0.38015,-0.11264,0.18792,0.118,4.777471429,2.3819,0.2827,14.4093,9.338442857,7.0717,3.347616667,8.461616667,5.06255,-4.89024,8.05896,2.97904
pote.txt_535,4.533414815,4.125826923,3.877104,1.870533333,0.401192308,0.14668,1.190985185,226.5873889,34.52414815,0.171776923,213.1890769,28.91834615,0.050688,213.6939,31.057732,0.464678074,0.288817846,0.30642888,0.408181481,78.75814815,11411.9537,0.202873077,70.30269231,10032.30769,0.18492,67.9632,10326.99,14349.90211,0.989362963,9942.981715,0.659311538,8873.353164,0.558064,1.208333333,1.160415385,1.185188,431.0495925,429.5443179,428.0025949,0.328818519,0.508937037,0.375722222,0.018146154,0.2539,0.093646154,-0.067268,0.228736,0.082816,4.682725926,0.12695,-0.571304,11.99818519,2.599544444,3.724374074,0.346511538,1.503603846,0.817596154,-2.263632,1.115852,1.164432
pote.txt_4771,5.204645455,4.32423,4.450755556,0.665672727,-0.12072,0.177377778,0.718654545,228.0647182,32.62536364,-0.24441,222.40302,26.05246,0.351522222,226.5958667,27.97313333,0.378406636,0.2135458,0.177392,0.398563636,76.22181818,9284.840909,0.17824,66.473,6024.55,0.176777778,71.3,7936.166667,13045.13911,0.320163636,7751.95465,0.15284,11120.88283,0.176311111,1.169363636,1.00472,1.094911111,407.5192945,363.5033211,401.9636839,0.478509091,0.384963636,0.335754545,0.10797,0.14852,0.1394,-0.390811111,0.209988889,0.090333333,3.4277,-1.29659,1.525288889,9.156527273,4.504590909,1.803627273,-4.32477,-0.502,-0.06105,2.6975,-1.272155556,-0.516222222
pote.txt_7699,4.845533333,4.63514,4.6095,1.9501,-0.138795,-0.182589474,1.342666667,166.7730048,32.54214286,0.17779,155.5586,27.650725,0.106452632,159.3877421,26.32748421,0.398006714,0.2637097,0.237019,0.276752381,81.16904762,13975.52381,0.10818,73.066,13138.8,0.161268421,73.76947368,12828.42105,14401.64843,0.849352381,11363.75024,0.43651,12028.19507,0.472742105,1.138842857,1.096925,1.105942105,443.5886543,416.7036087,410.1692517,0.439252381,0.414195238,0.409857143,0.00595,0.24644,0.01112,-0.132568421,0.213810526,-0.125826316,5.337295238,0.43335,0.272178947,12.02692857,5.768195238,4.587809524,-0.59253,1.263455,1.497245,0.359884211,-0.258315789,0.298668421
pote.txt_9729,4.878508333,4.807454545,4.8048,1.260775,-0.276854545,0.37728,0.989541667,177.4021,45.55674167,-0.111409091,168.4109273,35.15706364,0.46544,166.87504,32.2184,0.340011667,0.195002545,0.2984125,0.249708333,75.305,11165.75,0.059263636,65.13727273,8597.818182,0.1202,68.027,9092.5,14055.81182,0.35095,9862.535055,0.216627273,11510.0097,0.09119,1.254725,1.166954545,1.22766,395.3451914,353.5869081,329.2073061,0.490491667,0.333458333,0.289,0.158109091,0.097345455,0.008754545,-0.10928,0.18749,0.20381,4.7934,-1.038245455,1.56605,11.87108333,5.3255,3.031641667,-4.032763636,-0.285318182,0.333118182,-0.07206,-1.01673,1.98206
pote.txt_10333,4.280327273,4.1479,4.197635,1.988422727,-0.544733333,-0.97211,0.8271,169.9198682,39.03465909,-0.211114286,156.7797238,35.68614286,-0.277805,152.92813,33.417475,0.502723545,0.346154095,0.3688715,0.294777273,70.16954545,9547.681818,0.127461905,66.39,6451.095238,0.09657,64.5,4989.65,10079.54457,0.755868182,7110.104514,0.2297,5223.600625,0.06502,1.061745455,1.000290476,0.98888,303.6951008,248.4654237,220.4963836,0.393068182,0.2536,0.484045455,0.098395238,0.13097619,-0.190547619,0.09685,0.06966,-0.146405,3.014477273,-0.435428571,-1.38779,8.83515,8.622136364,3.391459091,0.456680952,-1.890942857,-0.107780952,-3.878895,-4.638945,0.31275
pote.txt_6693,4.890058824,4.592275,4.321426667,1.126929412,-0.1411625,0.149693333,0.633941176,172.9281412,34.9532,-0.02416875,165.271475,32.83149375,-0.093473333,162.8711533,30.45173333,0.426006588,0.363242188,0.3070148,1.390523529,78.46176471,5100.588235,0.4321125,73.393125,3764.25,0.20034,68.728,4031.866667,6082.943176,0.578664706,5437.929306,0.19910625,4774.53984,0.222973333,1.105405882,1.118375,1.135646667,313.2325526,273.3963771,254.1369443,0.346494118,0.222241176,0.498688235,0.0757625,0.065125,0.09979375,0.039946667,0.032366667,0.295746667,2.175311765,0.27780625,-0.238453333,6.327382353,7.326929412,3.945794118,2.8292625,0.85050625,-0.1351,-0.824573333,-0.116426667,1.128773333
pote.txt_43,4.527465,4.147452632,4.29555,0.94666,0.390105263,0.027622222,0.495865,219.958405,47.08043,0.104126316,209.9184842,39.24344737,-0.209238889,212.6214333,37.69614444,0.44596325,0.356559947,0.286144278,0.256215,56.968,7204.4125,0.105047368,53.60368421,4902.710526,0,49.82611111,3778.333333,13043.32214,0.04967,9134.639168,0.025578947,7737.148861,0.017061111,1.08139,0.972242105,0.88105,284.6440128,200.8904877,180.3214327,0.45099,0.345785,0.30957,0.377126316,0.085342105,0.221868421,0.351361111,0.049372222,0.1917,2.897675,0.399431579,-1.432433333,10.170455,8.854945,1.82935,-0.092505263,4.304757895,0.883136842,-4.806461111,4.811638889,0.117072222
pote.txt_2565,4.092608333,4.060827273,3.99495,2.180508333,-0.078454545,-1.878,1.60165,193.8236,41.638,0.208545455,173.5403818,25.06207273,-1.18972,176.87815,19.30812,0.367034833,0.274907818,0.181236,0.081991667,75.83583333,15574.33333,0.0432,70.60545455,15636.18182,0.00858,58.457,15678.8,19014.14409,0.4577,16835.826,0.236954545,16731.35388,0.18001,1.277316667,1.253445455,1.25892,445.3702419,439.7973373,442.8373128,0.475658333,0.367208333,0.283558333,0.046054545,0.192227273,0.037709091,-0.05803,0.08471,-0.2062,7.3099,0.223654545,-6.29744,14.71508333,3.308258333,5.445108333,-0.836072727,1.051790909,3.162218182,-13.27964,1.05093,0.16548
pote.txt_1229,4.926936,4.634544898,4.6370375,0.785994,0.062320408,0.0047,0.705922,178.375578,32.322598,0.200002041,174.8707816,29.64855714,0.191747917,172.2331646,29.77207708,0.44441256,0.336998571,0.313861417,1.75406,74.4374,6643.73,0.845814286,69.44510204,4977.591837,1.03978125,69.34229167,4393.0625,7284.639694,0.562764,5560.21179,0.316140816,4970.33449,0.29338125,0.993296,0.934283673,0.936327083,401.2587234,355.4632895,349.4133795,0.431732,0.32381,0.419314,0.006453061,0.134310204,0.216618367,0.016891667,0.133785417,0.185904167,2.269746,0.469393878,0.25588125,5.5593,5.50076,4.525872,1.421028571,0.674271429,-0.818291837,0.538795833,-0.02363125,0.08691875
pote.txt_9043,5.098152273,4.854048837,4.847161905,0.987147727,0.218148837,0.004414286,0.779888636,170.0431818,34.49721364,0.258513953,166.7310279,31.46446977,0.116671429,166.873731,32.16816667,0.435977023,0.332730302,0.294093262,1.584090909,79.00659091,7184.25,0.797651163,70.41674419,4920.44186,0.791080952,69.925,4364.047619,7565.41497,0.656761364,4980.360942,0.279148837,4105.798614,0.356890476,1.006452273,0.956867442,0.922566667,388.7606516,333.6498211,315.8301285,0.403109091,0.264088636,0.414881818,-0.046113953,0.086046512,0.229413953,0.098838095,0.039295238,0.185466667,2.800986364,0.636093023,0.158002381,7.190318182,6.855977273,4.316381818,0.831795349,-0.328446512,0.480776744,-0.891880952,-0.305745238,0.054140476
pote.txt_2847,4.67627381,4.482843902,4.4892975,1.15747381,0.170285366,-0.1021575,0.853378571,180.7910119,33.93890714,0.161609756,175.8100341,30.86464634,0.0724275,178.50063,30.52343,0.353717333,0.257018976,0.264395825,1.472338095,73.4852381,7419.166667,0.476858537,66.84682927,5390.146341,0.6593275,66.499,5296.825,9259.735721,0.464997619,6346.192954,0.231873171,7108.930115,0.162275,1.140019048,1.100278049,1.10746,383.3229761,346.1125597,334.1301186,0.416854762,0.260935714,0.396578571,0.127107317,0.092243902,0.154795122,0.1041075,0.08579,0.01058,3.222616667,0.19535122,0.0094325,7.440030952,5.193290476,5.01172381,-0.546531707,0.367656098,0.2762,0.90792,-1.24178,-0.51407
pote.txt_3929,5.926114286,4.3319,5.56708,1.211471429,0.45325,0.5979,1.053471429,162.7203571,18.69868571,0.7667,160.7477333,16.75453333,0.67686,155.39732,17.90998,0.532797714,0.483870333,0.4409694,0.681171429,101.6328571,6707.892857,0.65195,98.21833333,4963.916667,0.69464,102.38,5406.3,4280.696514,1.271371429,2732.6912,1.005033333,2255.97158,1.15382,1.055514286,0.906066667,1.00484,436.1719249,429.8853051,438.8542892,0.2107,0.545314286,0.4823,-0.128233333,0.451516667,0.2334,0.06772,0.4789,0.1146,2.892871429,2.256666667,2.16868,5.187214286,2.454971429,3.329057143,2.111033333,-0.006083333,0.55285,4.48604,0.47956,-1.32772
pote.txt_2573,4.166433333,4.178536364,4.2178,3.2974,-0.288909091,0.0388,1.12255,120.2344583,37.98205833,-0.0479,119.8016091,33.17787273,0.027,123.1004,34.47026,0.50212275,0.364373727,0.3391639,0.176041667,70.08166667,10384.33333,0.038409091,61.86454545,8469.090909,0.04225,60.036,8572.5,9222.251008,1.193033333,8501.954173,0.323009091,9243.58049,0.34034,1.025191667,1.012745455,0.99186,373.2250119,364.9835381,376.1482742,0.497,0.307883333,0.57525,0.427327273,0.271809091,-0.086727273,0.44239,0.29539,-0.139,3.955825,-0.160372727,0.27723,8.551441667,5.215441667,5.524858333,0.592054545,-0.208418182,2.421290909,2.0976,-0.5838,2.84206
pote.txt_1331,5.291497297,5.059475,5.0791,0.93437027,-0.000522222,-0.381574286,0.782840541,193.9554568,39.05031081,0.084972222,187.5332167,32.61516944,-0.203037143,191.1690829,31.8352,0.421753081,0.337776611,0.342712286,0.671932432,72.0827027,7593.351351,0.188591667,65.65083333,5700.916667,0.176054286,64.83971429,5823.371429,10139.09368,0.295513514,6943.180072,0.127583333,7913.456669,0.078891429,1.181651351,1.106105556,1.112934286,353.6714759,296.361611,284.922235,0.387602703,0.385678378,0.318908108,0.182038889,0.154605556,0.023608333,0.231645714,0.145005714,0.058454286,3.647743243,0.044563889,-1.289008571,8.209691892,6.573424324,3.18702973,-0.240383333,0.86435,0.235916667,-1.792691429,0.759868571,0.419517143
pote.txt_4335,5.84658,5.648544444,5.292625,0.67746,0.029455556,-0.462975,0.96426,186.24824,42.60668,0.289477778,185.0128556,41.09116667,-0.0326375,186.7009625,39.1663125,0.3952209,0.328060222,0.261671875,1.46396,98.381,6854.2,0.902311111,89.58222222,4602,0.686775,79.445,5081.125,6748.16604,0.79475,3377.817211,0.565122222,2966.927975,0.3026875,1.23367,1.203577778,1.2525625,441.3118905,428.6449102,418.4661134,0.31549,0.39826,0.3941,0.114322222,0.059733333,0.179855556,-0.028725,-0.2599375,0.171225,4.82811,1.3736,-1.5297375,7.52632,2.15417,4.16948,1.114455556,0.166622222,0.351144444,-3.2,-0.8745875,-1.4167
pote.txt_11951,2.939633333,0.4587,4.3092,0.882933333,-0.0528,-0.93,1.1762,185.0428667,12.8793,0.56855,192.92985,11.9314,-0.4814,113.5442,9.7603,0.443129667,0.419125,0.177,0.087,85.76666667,5392.75,0.06435,77.6,2437.5,0,91.53,3689,9829.886967,0.103,10135.474,0.0464,6464.862,0.0265,1.149133333,0.6552,1.5867,297.171327,304.3453468,247.062312,0.325966667,0.1931,0.368133333,0.2666,0.1022,0.006,0.3723,0.016,-0.372,4.729866667,2.2176,-1.3148,3.1863,1.918466667,4.946866667,-1.7751,-0.1408,-3.40075,0.1988,-2.4393,-0.2826
pote.txt_10249,5.288859091,5.093871429,5.14746,1.47335,-0.185790476,-0.36411,0.870236364,166.654,40.28676364,-0.094252381,160.5645952,32.44736667,-0.13509,163.349045,36.02559,0.441689455,0.335647476,0.31426805,0.501190909,78.81909091,8604.136364,0.184857143,69.05428571,7316.761905,0.131575,70.727,6805.55,10066.43641,0.680595455,7541.078286,0.338909524,6872.169015,0.22309,1.156759091,1.124280952,1.15025,384.2832612,375.1457025,371.4470117,0.498054545,0.376218182,0.416109091,0.257404762,0.07812381,0.082119048,0.132215,0.115,-0.01622,4.246859091,-0.418642857,-0.901495,9.728318182,4.867386364,2.811313636,-1.90657619,1.229114286,0.226742857,-1.62735,-0.68078,0.291915
pote.txt_3405,4.478316667,3.92482,3.863075,1.8537,-0.3916,-0.422475,0.893933333,183.5887833,49.7043,-0.3854,180.93074,44.87602,-0.160375,181.913875,45.463,0.229139,0.0331222,0.018375,0.132116667,55.135,18689.5,0.0338,44.52,17981.6,0.004225,41.48,19202.5,22158.29088,0.9217,18875.32336,0.77292,21379.5225,0.39465,1.076,1.03628,1.06825,557.0788699,533.28464,568.4437346,0.693283333,0.642333333,0.371383333,-0.2272,0.52476,-0.10004,0.1403,0.6432,0.0659,3.526933333,-0.7542,-0.6462,17.19125,6.7559,2.629016667,1.43088,3.60676,-1.41446,4.406425,3.182125,-0.300375
pote.txt_1625,4.729251613,4.44446,4.421734483,0.937625806,-0.17114,-0.140703448,0.876709677,189.6263548,38.57844839,0.188793333,185.12203,31.67557667,-0.00927931,180.1508862,33.30301379,0.419867452,0.332970833,0.313667621,0.927667742,78.21548387,7504.66129,0.362573333,69.47066667,6216.608333,0.250362069,69.98931034,5413.741379,10553.10945,0.402990323,7946.097313,0.205353333,5933.287766,0.117044828,1.130287097,1.063316667,1.066506897,386.2729759,369.4631748,364.4846983,0.428141935,0.335332258,0.347745161,0.27292,0.104973333,0.125143333,0.168462069,0.022862069,0.100134483,4.093822581,-0.223936667,-0.360131034,8.750206452,4.312267742,3.629645161,-1.105036667,0.380376667,0.184206667,-3.370910345,-1.387758621,0.6593
pote.txt_9989,5.250067857,5.056507407,5.014069231,0.836021429,-0.169125926,-0.264434615,0.760375,191.597875,41.05463571,0.05972963,186.3098704,35.65492222,-0.194842308,184.4109846,36.5045,0.36691475,0.25835237,0.227573731,0.959085714,77.61464286,6671.678571,0.291533333,69.31851852,5524.185185,0.106319231,69.43807692,5028.153846,8832.738893,0.402475,6362.760222,0.178659259,5137.370804,0.108911538,1.23975,1.190803704,1.175153846,369.7834337,334.4466067,341.696109,0.355703571,0.398217857,0.368332143,0.219244444,0.021637037,0.141418519,0.160861538,-0.014092308,0.092607692,3.64705,-0.551459259,-1.083903846,7.582353571,4.955657143,3.588546429,-0.987359259,0.95142963,-1.004692593,-4.201042308,-0.475138462,0.192284615
pote.txt_987,4.938053333,4.848678571,4.770576923,1.564326667,-0.395485714,-0.705384615,1.15372,160.82406,42.6788,-0.235478571,161.0273929,34.20446429,-0.441053846,159.9502,28.39670769,0.3863186,0.324080357,0.343309769,0.19186,72.84866667,11553.46667,0.040635714,61.61,10044.42857,0.037061538,59.12307692,10553.92308,14711.35593,0.297993333,12226.02736,0.190657143,12994.20339,0.130923077,1.111013333,1.050378571,1.093123077,411.9802352,384.4194476,368.9549455,0.563206667,0.371213333,0.282753333,0.360814286,0.175071429,-0.019007143,0.235376923,0.115407692,-0.094107692,5.747286667,-1.34345,-2.959492308,11.7758,5.521726667,3.996766667,-2.853314286,0.245321429,1.937371429,-5.871823077,0.236223077,1.405061538
pote.txt_10175,4.240776923,3.775375,3.7027,1.580284615,0.041083333,0.1314,1.518215385,184.3873538,22.99046923,0.26545,181.5517,18.69981667,0.355163636,186.0009091,20.53603636,0.371299231,0.283270833,0.200979818,0.699846154,83.00307692,12785.78846,0.141333333,70.76666667,11426.45833,0.260809091,67.92,11928.72727,13771.57842,0.437592308,12358.76367,0.341408333,13272.81942,0.307163636,1.180669231,1.092183333,1.0403,442.5257965,443.6175906,449.5820123,0.437076923,0.251261538,0.310284615,-0.0086,0.193741667,0.019283333,-0.055381818,0.190172727,-0.091345455,6.031776923,1.056733333,0.196318182,7.849976923,2.657653846,6.581276923,-1.675783333,1.62405,0.375925,0.371763636,1.563063636,-0.483
pote.txt_9317,4.792990909,4.63158,4.5527,1.819090909,-0.332,0.19,1.679663636,172.8070818,18.33637273,-0.02165,163.28378,14.46278,0.330066667,168.1618778,17.88201111,0.312089727,0.2044611,0.208446,0.0594,84.05909091,12816.54545,0.02178,69.716,12357.8,0.0242,67.35444444,11920.22222,16272.72068,0.158118182,15433.66093,0.09104,16287.3056,0.0863,1.259227273,1.21338,1.1801,417.6377791,419.340396,427.5335212,0.519618182,0.305063636,0.309127273,0.11274,0.1702,-0.04024,-0.0686,0.253877778,0.007066667,7.824109091,-0.67416,1.178888889,10.77406364,3.137390909,5.868627273,-2.82351,0.18852,2.87156,2.104888889,-1.639966667,3.190722222
pote.txt_5003,4.077708333,4.162509091,4.13048,0.801391667,0.0282,-0.4314,0.54535,186.3851,44.850575,-0.022136364,167.3041545,40.17134545,-0.22358,167.50972,37.912,0.289811417,0.206798,0.1893972,0.537375,64.42666667,10404.5,0.166754545,62.95090909,7158.090909,0.01846,60.8,5962.8,14125.22757,0.462975,8600.998227,0.290390909,6699.13824,0.18847,1.117025,1.061509091,1.0851,430.3707861,416.0655285,398.7751271,0.576266667,0.453641667,0.416833333,0.180436364,0.3862,0.1956,-0.06659,0.32884,0.24442,2.612041667,0.125127273,-1.41117,11.13120833,4.331383333,1.405,1.396045455,0.209054545,-0.108890909,-5.30531,-2.69683,-0.05778
pote.txt_7025,6.004011111,5.638676471,5.6101875,1.712583333,0.588588235,-0.1224,1.383722222,176.65365,25.65452222,0.658194118,166.0715824,21.29182941,0.34314375,165.746875,22.13425625,0.395316444,0.267300647,0.214842063,0.501894444,100.1905556,10506.38889,0.306517647,91.39823529,10178.11765,0.124175,85.699375,9981.1875,10219.66928,0.90675,7953.683465,0.6043,5979.640569,0.413675,1.298144444,1.262476471,1.2641,443.5943119,441.8258305,442.8165206,0.355138889,0.388583333,0.419311111,-0.006523529,0.161194118,0.106988235,-0.108775,0.2130875,-0.040825,5.946927778,2.217152941,1.17216875,9.876538889,2.715444444,4.3198,1.813758824,1.078223529,1.493988235,-2.9593875,0.237575,0.20600625
pote.txt_9643,5.522160714,5.256837037,5.269057692,0.938485714,-0.009518519,-0.586607692,0.725017857,183.9476071,38.61420357,-0.000103704,175.9607556,33.63552222,-0.4186,175.3718885,31.78283462,0.451190036,0.350462444,0.305300731,0.413971429,77.07857143,6732.75,0.1529,70.14592593,4569.518519,0.06935,66.86038462,5566.961538,9369.679943,0.318975,5832.361233,0.124714815,6035.840519,0.060819231,1.119578571,1.064744444,1.075446154,321.0423155,260.7284611,277.7736215,0.401167857,0.418285714,0.403671429,0.2322,0.041203704,0.100862963,0.137857692,0.050134615,0.136911538,3.735303571,-0.026648148,-2.449026923,8.376167857,7.251660714,2.428332143,-0.513959259,1.419818519,-0.242222222,-5.546926923,2.389296154,0.463473077
pote.txt_4871,4.188063636,4.17008,4.036688889,3.191563636,0.5732,-1.821111111,1.492072727,163.9306,44.39154545,0.40379,155.04552,31.84299,-0.401622222,142.7013,34.48752222,0.536238727,0.41235,0.423410444,0.177072727,76.85454545,14210,0.09815,70.149,14170.5,0.033877778,65.48888889,14338.77778,12362.67279,1.149672727,10686.99712,0.68059,8701.483933,0.360911111,1.178481818,1.13817,1.087833333,420.4147167,415.3913087,413.8867139,0.395318182,0.330563636,0.454418182,0.12236,0.21967,0.13656,0.070244444,0.174277778,-0.142888889,5.785190909,0.4872,-2.124955556,10.40220909,3.776254545,6.391272727,-0.69283,0.93536,4.50649,-7.728044444,-0.829633333,3.175133333
pote.txt_7253,7.968875,8.231085714,8.196833333,0.412375,-0.039685714,0.092833333,0.8106125,174.37435,24.308425,0.4597,169.5868571,19.55142857,0.435316667,173.5934,20.5878,0.73653825,0.723232143,0.730245333,0.619975,100.565,5843.875,0.638542857,104.3485714,2195.142857,0.6208,104.3,4362.833333,2639.928288,0.923,822.1448857,0.507342857,840.21135,0.738033333,1.104025,1.035085714,1.083066667,273.4820877,129.4203532,220.7182066,0.19055,0.371875,0.2370375,-0.074928571,-0.164785714,0.1198,0.063716667,0.029466667,0.11575,2.99245,2.178957143,1.818083333,5.66605,11.55465,0.3598875,4.936242857,-3.241314286,-0.137042857,4.851383333,4.3653,0.0327
pote.txt_7381,4.42058,4.124642105,4.195794444,0.4596,0.034231579,0.047833333,0.472025,203.97553,38.57161,-0.114642105,200.5004632,36.77878947,0.055711111,198.8595667,35.93164444,0.352407,0.229195895,0.259443667,1.925365,56.6885,7470.6,0.878021053,51.37105263,5476.894737,0.504866667,51.995,4241.5,10446.1493,0.16169,7978.818221,0.058189474,6200.709256,0.080216667,1.016095,0.929084211,0.928294444,390.9130553,310.6606585,307.1663868,0.52462,0.285085,0.330055,-0.013252632,0.151610526,0.149384211,-0.059133333,0.114305556,0.195188889,1.503925,-0.219547368,-0.172316667,6.250475,6.34758,4.182805,0.322005263,0.899757895,0.353168421,-1.96365,-0.040466667,-1.771155556
pote.txt_10833,3.711316667,3.1158,3.19469,0.765375,-0.1052,-0.06378,0.8273,200.0465083,31.047775,-0.334672727,185.8147636,24.4827,-0.07541,180.11867,28.06041,0.343905167,0.204396455,0.1816444,0.299775,63.7725,12506.70833,0.111409091,59.12,10040.77273,0.11375,55.514,9984.05,17109.7394,0.441275,14733.02997,0.364581818,13335.01892,0.35318,0.874758333,0.814681818,0.82378,486.2607011,480.0133701,490.3628701,0.565033333,0.593625,0.428241667,0.055127273,0.479236364,0.075036364,-0.40219,0.51657,0.19204,3.4709,-1.178045455,-0.13491,10.31436667,5.414708333,3.162,0.988518182,1.483627273,-0.408454545,-2.47273,-2.58746,-2.21567
pote.txt_8561,5.064946667,4.907768966,5.000592857,1.56398,0.215337931,-0.603021429,0.903343333,163.6768533,35.42370667,0.115075862,156.6812103,29.29298621,-0.289910714,155.5852893,28.17706786,0.4571496,0.32450431,0.318042643,0.242556667,73.14266667,10082.96667,0.081196552,67.61551724,7354.068966,0.130585714,68.3575,7581.464286,11602.72314,0.502333333,8361.511903,0.267534483,8613.457429,0.110307143,1.001173333,0.94847931,0.946785714,344.0227502,265.0068366,279.0193603,0.46944,0.30933,0.403086667,0.162634483,0.074637931,0.07737931,0.023589286,0.093810714,-0.047646429,3.887713333,0.185482759,-1.159296429,9.53274,9.319093333,3.32131,-1.159617241,1.16947931,1.334124138,-2.138310714,0.060242857,0.738817857
pote.txt_3697,3.798914286,3.7927,3.78562,3.852614286,1.180183333,-0.37,1.6825,108.0157,34.7328,0.2625,106.10445,32.7888,-0.5735,104.49592,31.33728,0.525192571,0.326333333,0.2157416,0.248671429,75.49714286,21172,0.1859,69.96,20482,0.1521,67.41,19939.2,15360.34834,2.131942857,11031.2928,2.059033333,8154.89352,2.03138,0.946671429,0.94575,0.94464,501.3616219,484.7132646,471.6417939,0.456228571,0.453257143,0.6661,0.0728,0.316666667,0.13515,-0.16632,0.22626,-0.176,4.777471429,0.625733333,-1.8247,14.4093,9.338442857,7.0717,-0.314783333,8.936216667,2.60295,-9.28512,8.62848,0.02752
pote.txt_12053,4.686128571,4.076,4.039075,1.203685714,-0.005076923,-0.666866667,1.012357143,186.4854857,29.99425,0.193438462,180.3647,27.04733846,-0.291416667,174.2668667,23.59114167,0.387061571,0.247463692,0.308436333,0.24915,75.84857143,8934.875,0.033,67.03923077,7035.115385,0.098291667,65.3675,7229.125,12926.91042,0.130485714,10332.61942,0.074846154,11565.54066,0.036908333,1.135178571,1.095738462,1.082516667,370.6368306,355.8261578,354.3333035,0.510942857,0.333992857,0.3737,0.196384615,0.196576923,0.062784615,0.21365,0.201725,-0.020883333,4.847992857,0.350530769,-1.835991667,8.880471429,4.607778571,3.687028571,-1.783461538,-0.644807692,0.651638462,-2.337791667,-1.082533333,0.140458333
pote.txt_10539,3.909407143,3.944007692,3.93495,1.361971429,0.017846154,-0.929833333,1.170914286,187.4689571,32.59277857,0.142630769,159.6404308,22.00669231,-0.615783333,169.561225,20.83355833,0.221367143,0.188941231,0.158328667,0.038892857,73.14071429,10096.92857,0.016753846,68.99692308,7451.692308,0,66.79916667,8562.583333,14272.8506,0.105292857,10681.79229,0.063638462,12398.48393,0.036141667,1.580414286,1.590092308,1.584383333,327.3950408,301.1155557,318.4106136,0.442864286,0.213435714,0.253971429,0.336561538,0.075353846,-0.005876923,0.339275,0.086733333,-0.1936,5.543257143,0.355846154,-2.884133333,9.627028571,1.988978571,3.812464286,-1.576061538,-0.216923077,2.137746154,-3.609533333,-1.110825,0.862916667
pote.txt_11143,4.024918,3.401455102,3.332210417,1.176016,-0.233016327,-0.0664375,0.78523,212.13274,36.48709,0.105416327,205.6578367,32.33976735,0.180108333,208.1819854,32.94275417,0.48836562,0.389547612,0.377479167,1.273834,68.5202,6891.16,0.671208163,61.38020408,4622.382653,0.514804167,60.851875,4554.776042,10723.61392,0.48986,7631.441935,0.147871429,7648.7056,0.152445833,0.904716,0.8249,0.82883125,385.563968,342.6085176,327.5824448,0.369636,0.359852,0.400472,0.069216327,0.170532653,0.086069388,0.071302083,0.127783333,0.084947917,2.79506,-0.225865306,0.032147917,7.593012,5.608084,4.917488,-1.134455102,-0.534212245,0.50742449,-1.44275625,-0.593870833,-0.764858333
pote.txt_6819,4.45765,3.987986667,3.839128571,1.0104,0.102693333,-0.4774,0.90485625,203.8680688,31.32541875,0.228493333,201.0084467,27.99997333,-0.334228571,192.9873643,24.91259286,0.408445375,0.281843533,0.298416643,0.47005625,76.083125,8275.078125,0.194266667,68.33333333,6158.733333,0.1065,65.81071429,5579.714286,12022.15218,0.1538125,9131.632447,0.106353333,7519.33895,0.081285714,1.17801875,1.110953333,1.123914286,356.0125467,343.4430737,337.8804276,0.48126875,0.32149375,0.43025625,0.226626667,0.211286667,0.081106667,0.245157143,0.217785714,-0.003685714,4.315375,0.694846667,-1.758542857,8.76076875,3.920075,3.2165,-0.57252,-0.119246667,0.056766667,-4.655171429,-1.081107143,0.0639
pote.txt_9143,4.672723913,4.010657778,4.194156818,0.592,0.013688889,0.133515909,0.720193478,189.3621804,36.72255435,0.266242222,184.3570956,32.2559,0.350011364,183.9415273,30.72619545,0.418858457,0.332309267,0.338079227,1.635997826,78.52782609,5031.913043,0.867113333,71.37022222,3535.5,0.805515909,74.38886364,3594.863636,7413.380465,0.39721087,5849.841902,0.137571111,5486.445609,0.235029545,1.044717391,0.936395556,0.969709091,386.6132843,346.8457829,338.8470681,0.359463043,0.332226087,0.396543478,0.074964444,0.063877778,0.216671111,0.162940909,0.043956818,0.253770455,2.86368913,0.795031111,1.186209091,5.792843478,4.42386087,4.637708696,0.557088889,0.235004444,0.507411111,1.265993182,0.691211364,-0.320861364
pote.txt_1941,4.689265517,4.383578571,4.448337037,2.800937931,-0.556085714,0.484962963,1.355168966,190.9818241,49.10715862,0.157739286,179.926625,41.43009643,0.156174074,179.6650185,45.65164815,0.581576241,0.480387357,0.464845185,0.575231034,89.82827586,11492.06897,0.269735714,79.02214286,10338.85714,0.149766667,75.73555556,10296.88889,11405.69113,1.269458621,7263.995593,0.685514286,5514.478381,0.688988889,1.067855172,1.036832143,1.040318519,418.03815,402.6577028,402.3981026,0.294586207,0.38047931,0.540817241,0.098975,0.036360714,-0.209864286,-0.05462963,-0.043622222,0.259362963,5.767993103,-0.150775,-1.008462963,13.11584483,4.16812069,5.232268966,-2.337753571,-0.314942857,0.09715,-5.50222963,0.23147037,2.607340741
pote.txt_4067,5.2307,5.0274,5.00894,0.312571429,-0.0338,0.14064,0.367542857,176.6179429,37.82217143,-0.026283333,175.9848,37.80933333,0.1043,175.98888,37.85088,0.587988143,0.531479167,0.5255278,1.418157143,98.91428571,4280.142857,1.2,92.25333333,2918.666667,1.21758,90.728,2795.2,2826.836886,0.9564,1122.938367,0.615733333,1274.4469,0.78368,0.658114286,0.6594,0.65432,384.7529611,366.4000029,353.7940962,0.3394,0.196885714,0.556414286,-0.169933333,0.140766667,0.456766667,0.07654,0.09626,0.46424,1.244457143,0.305016667,0.5754,6.527628571,6.533328571,0.4081,3.152333333,-2.546683333,0.28375,2.58914,-1.33506,0.30414
pote.txt_1395,5.250514286,5.057895,5.100589474,1.313004762,-0.34322,-0.404752632,0.954314286,186.9197429,46.5701619,-0.032815,182.762275,36.795605,-0.250884211,178.4992684,37.19069474,0.479754714,0.3631,0.378796789,0.545833333,84.0252381,9276.857143,0.16696,73.98,7281.7,0.215415789,74.24526316,7113.736842,10877.41398,0.68392381,6852.30678,0.319285,5372.411232,0.283010526,1.133914286,1.06267,1.117463158,390.8003192,354.4820421,361.4972703,0.375533333,0.400095238,0.373385714,0.02893,0.11451,-0.008175,-0.033278947,0.091342105,0.132910526,4.54217619,-0.474385,-1.716810526,11.25604762,5.300390476,2.771390476,-1.50985,-1.17883,-0.24884,-5.557110526,0.339321053,0.746852632
pote.txt_11055,4.987055319,4.66193913,4.550084444,1.378648936,0.251358696,-0.087337778,1.031742553,175.0945851,32.08897872,0.41803913,169.7801326,28.3076087,0.435788889,168.1812467,27.54311556,0.518812426,0.399511761,0.3797926,1.763480851,80.41170213,7102.755319,0.748021739,74.10456522,5249.293478,1.011131111,73.32088889,4849.8,7113.077443,0.76937234,4560.454504,0.438919565,4108.261473,0.345282222,1.043074468,0.980556522,0.95846,372.0451271,320.0032155,310.4748239,0.297740426,0.300468085,0.405434043,0.082713043,0.114102174,0.15426087,0.080822222,0.052904444,0.084104444,3.319997872,0.486469565,0.460855556,6.983642553,6.494017021,5.874642553,0.510034783,0.024106522,-0.23461087,-0.135537778,0.466324444,-1.231768889
pote.txt_9221,4.953034694,4.651116667,4.665393617,0.674483673,0.077160417,0.020225532,0.671297959,180.2355776,32.5352551,0.21773125,175.9765563,29.66173542,0.164497872,173.1771766,29.83098085,0.434752327,0.334040208,0.31629966,1.781234694,73.70653061,6465.520408,0.860727083,69.535625,4729.958333,1.02387234,69.58893617,4341.425532,7376.022537,0.515961224,5530.177935,0.297377083,4987.587143,0.294229787,0.994759184,0.939347917,0.933576596,402.0466344,353.2695522,347.2422563,0.439555102,0.328930612,0.407463265,0.011033333,0.133395833,0.224464583,0.014161702,0.135138298,0.195604255,2.181273469,0.505408333,0.244921277,5.503481633,5.483420408,4.376734694,1.534033333,0.56651875,-0.834622917,0.506753191,0.027874468,0.391048936
pote.txt_2445,4.613151111,4.409152273,4.347309302,1.079273333,0.142236364,0.127123256,0.755004444,205.5239956,39.87169778,0.023540909,197.4859614,36.23974318,0.113727907,198.5143279,37.10994419,0.391939578,0.309397409,0.270302,1.365524444,68.47977778,8575.516667,0.506575,62.47090909,6757,0.57807907,61.84372093,6682.872093,11503.74479,0.592,8330.104327,0.334143182,8312.611716,0.313918605,1.093928889,1.059234091,1.030644186,419.4222055,396.4912763,384.8523503,0.443764444,0.395208889,0.374711111,-0.011145455,0.166384091,0.105318182,0.067630233,0.181695349,0.008188372,3.026977778,0.2249,0.221702326,9.497033333,4.66,3.813648889,0.795797727,0.680722727,-0.418,1.447765116,-0.068427907,-0.021713953
pote.txt_2485,2.914553846,2.118641667,1.832436364,1.694430769,0.339241667,0.106227273,1.067730769,208.9044385,40.92447692,-0.382525,203.4079,32.21658333,0.315936364,196.0621364,33.62722727,0.397895385,0.137770833,0.253833364,0.113676923,56.53230769,15826.75,0.064133333,49.58083333,11967.70833,0.064881818,51.02545455,12741.13636,20893.3993,0.828707692,19594.82485,0.602741667,20992.15485,0.382,0.912576923,0.828208333,0.786227273,489.0665199,478.9714256,494.580515,0.528069231,0.578638462,0.348253846,-0.0937,0.504133333,0.144408333,0.147681818,0.540654545,-0.041845455,3.990730769,-1.485858333,1.243145455,13.91120769,5.836569231,4.119946154,3.550991667,4.2222,1.079966667,7.4626,3.445072727,-2.041
pote.txt_879,3.502176923,3.126783333,3.204545455,1.650538462,0.077116667,0.058672727,0.935084615,229.9810308,41.52719231,0.136975,214.3676417,36.63985833,0.237281818,217.8648182,36.95018182,0.404144308,0.26530325,0.254910364,1.558753846,59.96846154,9583.25,0.894583333,56.24666667,8157.75,0.447809091,55.53272727,7176.954545,13827.05796,0.527984615,10747.35869,0.22965,9889.036909,0.181063636,1.1167,1.0305,1.007763636,440.0447449,423.9223854,424.467217,0.439530769,0.401292308,0.406730769,0.196691667,0.341158333,-0.001933333,0.209418182,0.354754545,0.167381818,3.460838462,-0.004675,0.049090909,9.747446154,2.307315385,5.835207692,1.800516667,0.551225,-0.547008333,0.251063636,0.725790909,-2.066772727
pote.txt_10313,4.100370588,3.997075,3.99034,2.219911765,-0.20266875,0.220453333,1.194970588,157.9418118,30.77452941,-0.13568125,153.637075,30.44513125,0.795186667,152.10178,30.17067333,0.465134882,0.323311625,0.327424133,1.980205882,66.46058824,11384.17647,0.55134375,57.341875,9155.875,0.880633333,58.47933333,7946,9857.518935,0.992935294,7636.515344,0.44816875,7958.83282,0.379793333,0.921552941,0.8701,0.863993333,428.015872,400.0871438,349.4982638,0.405652941,0.2339,0.441217647,-0.12239375,0.12783125,-0.03658125,-0.026733333,0.142053333,-0.035313333,3.1942,-0.60686875,1.148886667,7.021705882,7.478888235,8.236735294,-1.8,1.79841875,-1.00050625,3.91212,-2.598993333,-4.813526667
pote.txt_9453,4.630170588,3.94165,4.163466667,1.391829412,-0.3695875,-0.266313333,1.087082353,204.6478706,32.66325294,0.02755,194.794875,28.619175,0.085673333,194.1549,26.6686,0.449656941,0.313033,0.343321267,1.314782353,76.94764706,9179.426471,0.49959375,64.910625,6978.96875,0.47104,68.684,7937.333333,10289.05982,0.742,7253.929631,0.220325,8174.370673,0.331946667,1.193547059,1.11488125,1.102326667,408.347056,380.0253651,378.539611,0.334123529,0.333188235,0.330017647,0.03945,0.19205625,-0.0694125,-0.019346667,0.135213333,-0.011386667,3.934641176,-0.2998625,-0.460473333,8.005241176,3.677782353,5.1288,-2.01613125,-1.66941875,-1.1961375,-0.04846,0.883706667,-1.415913333
pote.txt_1213,4.095916667,3.73283913,3.704731818,1.244583333,0.131530435,-0.318381818,0.624625,191.9391292,36.567,-0.016752174,179.1232217,32.19146957,-0.171331818,179.4908727,32.43978636,0.358741958,0.300786826,0.263561227,0.843975,58.85625,6982.5625,0.251956522,55.53608696,5752.434783,0.135272727,54.17545455,5021.090909,11561.58123,0.3696625,8939.667278,0.196373913,8904.070664,0.082677273,0.990316667,0.922452174,0.883595455,382.4797312,335.3256868,338.6812882,0.4832,0.381754167,0.378179167,0.357217391,0.21773913,0.07903913,0.350972727,0.251463636,0.101895455,2.5456375,-0.013026087,-1.062386364,7.642708333,5.504283333,3.953054167,0.613486957,1.348808696,0.912982609,-0.973286364,0.279504545,-0.629327273
pote.txt_8057,4.6199625,4.172434783,4.272413636,1.286554167,-0.401847826,0.085609091,0.9686375,189.64655,30.58131667,-0.082173913,176.4454826,26.22801304,-0.125209091,179.3519227,25.37512273,0.407570667,0.262015087,0.278708955,0.818066667,66.98541667,10923.71875,0.286408696,59.09565217,9516.717391,0.100477273,62.14272727,9320.022727,12792.14102,0.4976,10542.06458,0.181056522,10475.61679,0.371709091,1.007820833,0.964786957,0.933804545,410.6475213,387.5833044,373.344394,0.455145833,0.3865,0.326879167,-0.050491304,0.294830435,-0.022126087,-0.137140909,0.202686364,-0.021368182,3.6409875,-0.739782609,-0.220240909,7.786054167,6.705520833,4.637766667,-1.656186957,-0.347926087,0.094621739,-0.658195455,-1.646159091,0.707545455
pote.txt_6565,4.0989625,4.101433333,4.096585714,1.85305625,-0.54244,-0.391635714,1.04985625,169.0873,51.6768,-0.4527,161.1640933,43.57602667,-0.192771429,160.3997,42.65213571,0.2861225,0.124584267,0.179980143,0.1822625,57.3225,17210.6875,0.04004,46.80266667,15707.93333,0.066021429,49.21,15329.64286,19910.45424,0.87541875,16771.649,0.558913333,17292.06662,0.364007143,1.1474625,1.109553333,1.13505,497.5298248,491.6247651,486.5164527,0.620975,0.53485625,0.29989375,-0.11656,0.368046667,-0.085846667,-0.205657143,0.415478571,-0.0297,4.45703125,-1.54554,-1.204278571,15.95203125,6.288775,3.398225,-0.481613333,1.005773333,0.00314,2.36615,-1.958685714,0.4048
pote.txt_1071,4.892265517,4.329278571,4.343677778,0.858134483,-0.244132143,0.106966667,0.751613793,191.8493276,29.41541379,0.074475,186.3982786,27.30531786,0.346755556,186.1577,27.52175926,0.526355414,0.397801107,0.37407563,1.942293103,68.59413793,6038.431034,0.9878,64.04857143,3298.625,0.922877778,62.82074074,3833.333333,7447.847162,0.403593103,4550.682482,0.093217857,4854.811396,0.177411111,0.897506897,0.801328571,0.828666667,348.655943,257.8510857,267.8352355,0.367244828,0.273,0.374086207,0.089707143,0.067557143,0.029503571,0.115344444,0.056374074,0.121581481,2.243934483,0.039928571,0.3582,4.972296552,8.829472414,5.58472069,-0.457871429,-1.450314286,0.131267857,-0.185951852,1.186885185,-1.496166667
pote.txt_1869,5.307991304,5.118711111,5.098306818,1.130330435,-0.204702222,-0.364177273,0.844247826,197.10455,42.45925435,-0.027128889,189.6423,35.75513778,-0.167377273,189.5813955,35.83657955,0.473434848,0.354403089,0.364297023,0.687873913,77.14673913,7736.782609,0.217924444,68.60733333,5389.4,0.184956818,69.33659091,5410.795455,10454.35005,0.328154348,6839.519327,0.118617778,7103.106273,0.060675,1.122358696,1.027591111,1.036181818,340.0121079,270.8434986,261.9226042,0.378954348,0.340469565,0.363508696,0.094677778,-0.008891111,0.005008889,0.2086,0.114297727,0.060336364,4.215604348,-0.694282222,-0.782840909,9.363063043,7.464086957,3.352513043,-1.476128889,0.528648889,-0.202028889,-2.007965909,-0.126711364,0.543652273
pote.txt_7827,4.948626087,4.810495455,4.796504762,1.24503913,-0.224318182,-0.483071429,0.9561,178.8565913,33.33397826,-0.090977273,168.0539545,26.85698182,-0.140261905,170.1688476,25.81658571,0.34299887,0.23125,0.274408048,0.187395652,74.19826087,10207.86957,0.069863636,67.29227273,8396.090909,0.08437619,68.91428571,7931.857143,12081.2313,0.386334783,9541.220677,0.221136364,9270.217819,0.1517,1.258826087,1.220640909,1.250352381,371.894528,342.1855532,334.6120675,0.466165217,0.331473913,0.345013043,0.205759091,0.135331818,-0.072340909,0.155047619,0.176995238,-0.026609524,4.38776087,-0.532772727,-0.74557619,8.7962,5.585347826,3.275547826,-1.902759091,-0.293072727,1.301595455,-2.447604762,-0.509542857,0.766566667
pote.txt_4137,4.354277778,4.389425,4.298814286,2.754077778,0.8560125,0.209328571,1.4604,120.4952556,32.19273333,0.515625,122.614725,30.08925,-0.092457143,121.1133,33.21738571,0.427262444,0.257434,0.187037714,0.355111111,79.47666667,17464.55556,0.260975,71.60625,15926.75,0.111614286,59.14,17176,14475.54838,1.5781,13855.4277,1.1509625,13068.1914,1.322057143,0.984011111,0.98235,0.9591,491.8656792,497.227176,509.8815933,0.491655556,0.418933333,0.532744444,-0.209925,0.372675,-0.0882375,0.036914286,0.370842857,0.073671429,4.840555556,1.8502,-0.602114286,13.13786667,7.723355556,5.544177778,5.9592375,2.5074,-0.2551375,-0.951457143,4.365657143,1.482314286
pote.txt_841,3.741405882,3.07293125,3.00228,0.942658824,-0.190825,-0.214113333,0.937876471,193.7291118,27.59977647,0.24734375,185.907875,24.986075,0.246833333,192.6351267,25.08978667,0.488823588,0.377694438,0.362326867,1.176652941,71.97882353,7795.220588,0.4012625,65.181875,4657.359375,0.46014,64.48333333,4957.15,10223.33899,0.367929412,8199.326356,0.1583875,8121.882027,0.150573333,0.915311765,0.8244625,0.781066667,371.7923006,347.2602906,333.6944638,0.379094118,0.295988235,0.404670588,0.04479375,0.19270625,-0.05225625,0.078913333,0.12766,0.04192,3.259635294,0.688925,0.348166667,5.567882353,6.103682353,5.564758824,-0.5676,-1.060525,-0.26988125,-3.07566,0.068053333,-2.9891
pote.txt_3021,5.057877778,4.8076,4.635775,1.369283333,-0.256247059,-0.39318125,1.041733333,183.4299556,33.60965,-0.028329412,173.3077824,27.86064118,-0.22528125,182.2711812,26.95246875,0.392940667,0.246263882,0.267567688,0.2046,73.40888889,12479.88889,0.085735294,64.28588235,10867.82353,0.06433125,59.765625,10760,14278.26843,0.483227778,11058.39264,0.2125,11765.6417,0.24511875,1.063322222,1.022411765,0.9986625,419.5282052,389.2616172,389.0043503,0.490316667,0.418594444,0.332405556,-0.2352,0.281741176,0.050829412,0.17198125,0.2919,0.0369125,4.450661111,-0.180847059,-1.40695,10.06971111,6.510561111,3.375377778,-1.359729412,-2.162505882,0.679882353,-3.44704375,-1.4883,1.34130625
pote.txt_5583,3.520623077,3.30055,3.306827273,1.101661538,0.393033333,0.064363636,0.527223077,249.2989154,58.50346154,-0.029533333,236.38805,50.31414167,-0.241309091,226.6100455,45.46827273,0.339452,0.276211833,0.262862364,0.217307692,48.00846154,9298.634615,0.02035,45.3525,6726.166667,0,43.85,5571.681818,17702.96792,0.054523077,14268.73928,0.018883333,11602.99918,0.0247,1.223853846,1.106933333,1.069590909,363.258975,320.2953245,310.9123366,0.514292308,0.440161538,0.2335,0.389633333,0.335833333,0.076925,0.406909091,0.253772727,0.100563636,3.288523077,0.187391667,-1.450645455,13.06057692,3.829323077,1.721676923,5.222758333,0.428041667,-0.058366667,-2.7257,1.694418182,0.359618182
pote.txt_7217,4.118221053,3.976288889,4.004658824,2.530357895,0.036333333,-1.384,1.548352632,179.2529421,27.44085789,0.1318,169.6979889,23.77697222,-0.6443,161.8746588,21.03295882,0.419149211,0.299118056,0.252376588,0.229463158,81.90263158,12604.26316,0.079388889,71.31611111,11811.94444,0.066911765,67.41058824,11177.35294,13867.49868,0.711289474,11702.01817,0.345477778,10871.68883,0.184017647,1.240589474,1.20075,1.210735294,391.484475,387.6926799,383.6821876,0.408163158,0.2734,0.453431579,0.205383333,0.17045,0.015822222,0.121947059,0.121152941,-0.270352941,6.385457895,-0.065972222,-3.551347059,10.92743684,3.3144,5.930605263,-1.147411111,0.823494444,2.814338889,-7.687576471,-1.203082353,1.587764706
pote.txt_7843,5.766591304,5.560668182,5.460519048,0.891582609,0.217018182,-0.143352381,0.436482609,204.7845565,48.3539087,0.054940909,198.4325182,39.70325909,-0.151528571,195.8151429,36.1465381,0.37447713,0.223790409,0.27147881,0.363065217,67.04521739,8682.26087,0.136436364,61.72272727,6511.909091,0.102514286,59.00619048,6259.285714,13257.6726,0.125908696,9568.534845,0.065086364,8365.987505,0.059657143,1.054126087,0.971654545,1.002214286,399.3256593,331.9548103,324.7557952,0.589086957,0.448173913,0.39963913,-0.119563636,0.307313636,0.238286364,0.076333333,0.231338095,0.235633333,2.65743913,0.275504545,-1.236019048,11.29643913,7.234808696,1.198104348,0.833363636,1.061272727,-0.381122727,-5.973495238,0.898638095,0.08322381
pote.txt_7691,4.427242857,4.40073,4.435131579,2.697571429,0.39905,0.384157895,1.623871429,155.3449952,35.21800476,0.41045,146.57275,25.084675,0.225194737,149.6655316,20.64570526,0.510738857,0.4229514,0.451578947,0.187780952,85.24380952,13204.66667,0.113335,78.3045,12140.9,0.115857895,77.26052632,11854.73684,12141.0584,0.851771429,10127.61341,0.44674,10343.1913,0.514184211,1.18782381,1.15665,1.170042105,386.9851524,362.5757121,355.5806647,0.371152381,0.272747619,0.458747619,0.165305,0.12409,0.02959,0.227778947,0.078726316,0.076326316,6.625509524,1.066025,-0.531631579,10.74498095,5.110347619,6.553561905,-0.536065,-0.03937,4.659555,-2.028684211,0.033252632,4.849221053
pote.txt_4659,4.012572727,3.9843,3.871,1.523063636,-0.3409,-1.285888889,1.282154545,208.5512545,45.01083636,-0.25958,197.67309,31.23129,-0.765511111,195.7521111,27.08938889,0.269024091,0.2153472,0.198046222,0.044772727,64.04272727,15522.54545,0.02178,56.837,14797.9,0,50.88777778,14603,20145.65833,0.260554545,18190.42047,0.15578,18374.2686,0.064755556,1.3369,1.29114,1.3376,448.1137605,431.4811341,428.3526525,0.548163636,0.398927273,0.176490909,-0.05201,0.2072,-0.0444,-0.019177778,0.180266667,-0.099466667,6.200536364,-1.31982,-4.727688889,13.94048182,3.122945455,4.027781818,-1.47111,0.49672,1.56934,-7.015222222,-1.2864,1.3368
pote.txt_9405,3.602657143,2.78324,2.924963158,1.733109524,0.04656,-0.711621053,0.851461905,207.9383524,39.78995238,0.28615,196.469075,32.77472,-0.123573684,191.8968684,33.05854211,0.597627048,0.54385765,0.511951,0.470695238,72.01619048,8624.380952,0.36114,68.816,6191.8,0.256505263,66.17052632,7082.894737,11374.68541,0.669395238,9273.10926,0.271905,8313.617116,0.214057895,0.807071429,0.71921,0.752510526,397.6314263,368.2404155,368.8891311,0.419133333,0.406614286,0.529395238,0.03481,0.303195,0.00492,0.0904,0.270084211,0.013263158,3.278857143,0.929305,-0.759484211,8.24687619,4.342085714,4.080385714,2.170745,-1.157445,-0.738105,-1.928821053,0.7104,-0.765526316
pote.txt_201,4.305240625,4.139751613,4.127126667,1.8644,-0.37323871,0.165826667,0.90476875,172.2307875,36.10458437,0.083422581,165.0073516,34.4279129,0.100856667,167.80607,34.39259667,0.502403719,0.373848129,0.412984267,1.779775,67.9321875,8608.28125,0.840548387,62.30580645,6480.806452,0.824183333,62.98666667,6266.333333,7709.932528,0.86825,5204.533561,0.367267742,5163.605293,0.43869,0.94675625,0.892703226,0.892343333,392.1517292,335.5374796,333.5924664,0.382878125,0.2519625,0.478128125,0.074532258,0.119180645,-0.041890323,0.071596667,0.074316667,-0.047633333,2.50383125,-0.097951613,-0.0171,6.256353125,6.804509375,6.46255,-0.868229032,-0.631848387,-0.701454839,-0.59021,-0.73307,0.113663333
pote.txt_1681,4.573668966,4.374282143,4.339348148,1.081606897,-0.076228571,-0.027888889,0.852193103,184.2430414,40.12472414,0.047025,174.0180143,29.15368929,-0.087792593,177.8915148,34.25583704,0.392412897,0.318212786,0.345297852,0.308793103,75.12206897,7646.215517,0.1137,69.31142857,5882.375,0.102644444,69.16444444,5346.111111,10771.35897,0.180162069,8171.698811,0.118757143,7838.460593,0.111355556,1.246596552,1.142496429,1.152496296,340.1527697,314.6377552,302.4798095,0.447996552,0.340968966,0.38487931,0.403046429,0.117903571,0.04525,0.382296296,0.048981481,0.012362963,4.383186207,0.030278571,-0.39087037,8.046375862,4.194010345,3.214017241,-1.464821429,0.411214286,0.763017857,-1.202914815,0.60367037,0.659237037
pote.txt_8043,5.381541667,5.064895652,5.137822727,1.201308333,-0.244982609,-0.797863636,0.951466667,175.8266333,37.93407917,-0.092386957,168.3709696,28.86734348,-0.401445455,167.5560364,26.47341818,0.360953208,0.253701087,0.2471395,0.309770833,78.6425,9056.708333,0.15213913,69.16043478,7774.565217,0.089136364,69.04590909,7552.409091,11753.38479,0.385525,9289.734543,0.175265217,8410.293391,0.115381818,1.2515125,1.218734783,1.216640909,379.294483,355.7265539,348.1393456,0.4539,0.3683,0.292270833,0.110973913,0.18803913,0.061943478,0.122827273,0.1726,0.033,4.422904167,-0.799656522,-2.414736364,10.10954583,4.597883333,2.731808333,-2.336126087,-0.07406087,0.903634783,-4.663986364,-2.107177273,0.818922727
pote.txt_10701,4.432766667,4.3567,4.132214286,3.149655556,0.030325,-1.049128571,1.551566667,111.2493333,33.51974444,-0.16225,109.7196875,29.91195,-0.569928571,111.0677,33.20588571,0.478375111,0.234059,0.137382857,0.2833,74.21,20481,0.18395,66.645,19198.25,0.145414286,60.41571429,20691.42857,15548.89788,1.978455556,9627.639375,1.869,11500.64889,1.786614286,1.024411111,1.022475,0.993042857,510.510814,493.491123,508.7188734,0.475955556,0.570355556,0.552622222,0.0503,0.4177125,-0.1022625,-0.023714286,0.364771429,-0.347014286,4.352088889,-0.608625,-1.798685714,14.24222222,8.774722222,5.724888889,-3.4924625,7.466875,0.4765875,-5.6513,8.664014286,-1.425128571
pote.txt_4787,3.732836364,3.2526,3.1646,1.068545455,-0.77956,0.432888889,1.023490909,202.1701727,28.41564545,-0.32472,188.85846,22.50654,-0.020766667,198.2617778,23.01735556,0.362438182,0.2996472,0.291265444,0.064627273,64.14454545,10940.13636,0.02847,56.111,9930.55,0.0341,57.92111111,10145.11111,15768.0966,0.178227273,15472.20524,0.06765,15689.07148,0.164766667,1.013863636,0.98163,0.928988889,421.3525753,417.9028497,412.7792365,0.557009091,0.385563636,0.234109091,0.02343,0.22772,-0.13528,0.146933333,0.325588889,0.088622222,4.675472727,-2.23944,0.539533333,7.329290909,3.018318182,4.070345455,-3.5143,-1.30617,1.1329,3.5856,1.441588889,0.5607
pote.txt_9067,6.205102273,6.084106977,6.010654762,1.172097727,0.594339535,0.379395238,1.068045455,213.3035636,41.66645682,0.68044186,209.1556721,37.98728837,0.580638095,207.179219,36.00855,0.477558159,0.393076256,0.374154452,0.79515,90.96318182,8697.136364,0.439090698,85.50837209,7680.627907,0.54817381,84.24285714,7699.714286,9791.548359,0.811897727,7393.626886,0.653665116,7539.558988,0.652733333,1.444047727,1.391288372,1.396611905,410.8040652,399.893451,397.3606495,0.350815909,0.437206818,0.296002273,0.137393023,0.102239535,0.127490698,0.138121429,0.1361,0.065219048,5.395938636,2.776625581,2.522407143,10.685075,2.277281818,2.609029545,4.300123256,1.056144186,0.650648837,4.34447619,0.426166667,0.164390476
pote.txt_893,4.868429167,4.686134783,4.5574,0.7177625,0.275782609,0.037327273,0.597191667,177.4491583,29.35007917,0.148752174,172.8053391,25.61376957,-0.061977273,168.2567727,24.83253636,0.261901083,0.168739739,0.154245591,0.897608333,64.31875,6838.59375,0.110921739,61.58043478,5769.413043,0.067822727,59.49045455,5109.590909,10294.63567,0.242283333,8709.820274,0.122952174,7776.986777,0.102709091,1.284958333,1.256082609,1.248668182,393.7143223,379.126242,369.9470243,0.570858333,0.398729167,0.316745833,0.171017391,0.314252174,0.209913043,0.203490909,0.280909091,0.168209091,2.576566667,0.450773913,-0.501890909,5.565795833,2.750645833,2.928704167,1.816186957,0.551317391,-0.344852174,0.011018182,0.246140909,-1.161704545
pote.txt_745,4.368414894,4.018954348,3.932151111,1.203117021,0.157128261,-0.338082222,1.009112766,197.4990915,36.1327617,0.306930435,192.816387,31.36333913,0.292477778,189.3990733,30.72438444,0.455292638,0.369068848,0.321512978,1.695012766,77.28340426,7282.12766,0.620593478,71.725,5756.36413,0.811997778,68.30844444,5732.577778,9098.059845,0.540731915,7223.212141,0.322123913,6300.623222,0.199033333,1.072487234,1.006304348,1.015908889,422.0847907,397.1965781,394.1052713,0.356991489,0.321502128,0.40757234,0.157182609,0.118206522,0.095208696,0.243682222,0.11966,0.081255556,3.817978723,0.816365217,0.033526667,7.181485106,3.444106383,6.125382979,0.646267391,-0.372197826,-0.286569565,-1.298771111,0.081657778,-1.692831111
pote.txt_4495,4.196133333,3.6786375,3.275557143,0.797066667,0.34625,0.0813,0.709233333,202.6180667,40.40608889,-0.0677875,205.5766125,35.8267125,-0.388885714,199.4960143,35.93424286,0.230080333,0.09832125,0.057008,0.307088889,53.57222222,14990.91667,0.1924875,51.18625,11427.625,0.073171429,46.16285714,10878.64286,20698.69823,0.791666667,16517.88615,0.755975,15406.25524,0.671742857,1.032955556,0.989575,0.894728571,520.1017156,505.2482918,521.7860707,0.602188889,0.702122222,0.2251,0.11285,0.6066375,0.1879125,0.066885714,0.588214286,0.213771429,2.718966667,0.1542875,-0.953742857,14.81058889,5.808566667,1.330288889,5.951925,3.3676125,0.4040125,0.938085714,2.325871429,-0.004128571
pote.txt_2073,4.231036364,4.193538095,4.205255,1.546009091,-0.444133333,-0.63903,0.838036364,166.8360136,30.73237727,-0.222166667,153.0979714,27.7807,-0.301965,146.91836,26.90211,0.306326455,0.156617714,0.1759868,0.214527273,73.34409091,9815.454545,0.0793,69.26857143,7317,0.049715,68.0525,5114.4,11896.10936,0.623327273,8478.273186,0.274885714,6505.73668,0.129365,1.247718182,1.176895238,1.200405,338.6081804,293.3537233,271.4388187,0.436068182,0.261995455,0.427,-0.037014286,0.13457619,-0.045714286,-0.071765,0.079955,-0.003595,3.149740909,-0.67637619,-1.19159,9.203240909,6.333768182,2.745786364,-0.156971429,0.16492381,-0.692314286,-3.358265,-2.935135,0.177895
pote.txt_10785,4.681,4.519075,4.599205263,0.603395238,0.34066,0.224857895,0.444795238,196.6184857,43.15938095,0.03477,190.54262,40.44533,-0.045168421,184.3047316,39.55557895,0.34956619,0.2362861,0.258130842,1.818428571,57.4652381,6768.190476,0.733335,53.741,3912.7,0.618752632,55.54684211,4216.052632,11051.76431,0.265438095,7021.122475,0.122595,6744.135526,0.085678947,0.959542857,0.88382,0.872152632,382.9361291,282.0625953,313.3653117,0.492195238,0.35107619,0.328866667,0.18425,0.026485,0.25998,0.044373684,0.1406,0.298073684,1.727128571,0.23157,0.111078947,8.286985714,8.070195238,3.889571429,0.34628,2.986435,0.2311,0.703136842,3.582621053,0.690926316
pote.txt_231,4.301013333,3.935544828,3.803267857,0.827956667,0.238193103,0.164757143,0.695676667,183.2383633,38.92534,0.164093103,179.9508862,33.92654138,0.234253571,180.1088321,33.22520714,0.422320433,0.305852483,0.310821929,1.94842,65.53433333,6431.15,0.80162069,59.64965517,4778.241379,0.957517857,58.24571429,4615.589286,9090.843717,0.389843333,7273.369045,0.226655172,7052.26895,0.115821429,0.984266667,0.917268966,0.96305,397.7191851,358.7619539,370.5228557,0.46319,0.281666667,0.34463,0.200124138,0.169144828,0.078003448,0.221728571,0.142539286,0.2019,2.397773333,0.361193103,0.444157143,6.758906667,5.435266667,5.15703,1.554982759,1.040882759,-0.40932069,0.895378571,0.918185714,-0.184535714
pote.txt_4953,6.150883333,5.863318182,6.04212,1.583733333,0.659890909,-0.07676,1.140866667,144.500825,24.03741667,0.515054545,143.1048364,18.19755455,0.30764,140.43068,17.46424,0.475206083,0.310539182,0.2039417,0.548366667,103.2541667,9177.333333,0.415345455,96.83363636,7179.727273,0.24796,96.389,7533.7,6016.477117,0.801016667,5015.042418,0.411518182,5111.88434,0.39943,1.132025,1.091536364,1.0679,390.3227969,329.1859248,341.8952496,0.412983333,0.28595,0.619941667,-0.119227273,0.027463636,0.317181818,0.02945,0.02045,-0.08674,4.564016667,2.061654545,1.61625,6.178783333,5.566541667,4.42295,3.605436364,-1.281745455,1.9197,3.40952,0.27173,-0.90602
pote.txt_11235,4.62797,4.280737931,4.135507143,0.727713333,-0.222651724,-0.013442857,0.619506667,193.66081,31.84657333,0.084472414,189.0816621,30.5303,0.085335714,187.7621071,30.33358929,0.500084767,0.35321169,0.343803571,1.909146667,66.451,6258.716667,1.0465,60.31206897,3645.215517,0.760975,61.35285714,3927.321429,7658.521213,0.419706667,5282.388466,0.088941379,5192.923061,0.248210714,0.852823333,0.785068966,0.774385714,357.604679,275.4177745,262.8714101,0.391143333,0.241256667,0.364443333,-0.056044828,0.049593103,0.060986207,0.101696429,0.050160714,0.065946429,1.694476667,-0.209317241,0.297003571,4.612666667,8.774833333,4.994916667,-0.611031034,-0.963172414,0.87517931,-0.046460714,0.497182143,-0.212914286
pote.txt_5913,4.482042857,4.380438462,4.479608333,1.541921429,-0.276461538,-0.492716667,1.230507143,208.8230286,44.56326429,-0.283861538,200.2865154,33.2407,-0.252941667,190.8988417,31.86098333,0.397994143,0.310208308,0.343819417,0.118328571,70.41357143,13132.5,0.033761538,59.57230769,11008.84615,0.075058333,63.03916667,10863.83333,17855.79864,0.189078571,14389.50727,0.132215385,14026.74672,0.063383333,1.194528571,1.113307692,1.1299,383.6929579,312.2280911,325.7490552,0.457092857,0.357771429,0.253807143,-0.062615385,0.071353846,-0.048976923,0.106216667,0.133575,-0.0029,6.035607143,-1.437638462,-1.747833333,13.98489286,6.562057143,3.903435714,-4.116153846,2.223446154,0.404307692,-2.412316667,0.9399,1.597275
pote.txt_3727,3.748642857,3.7627,3.71686,4.651742857,0.733333333,2.94,1.9225,101.089,30.456,-0.0775,101.6192,29.7648,0.9145,95.86576,26.61984,0.656049714,0.332745333,0.5667528,0.306614286,87.08142857,19240,0.197166667,74.55,19178.66667,0.2873,88.83,17657.6,11175.85903,2.373328571,7263.558,2.168833333,5480.88696,2.44374,0.938314286,0.9408,0.93312,455.1247758,453.4766755,417.1464387,0.320285714,0.326471429,0.7774,-0.130533333,0.2007,0.02,-0.05896,0.14958,0.412,5.386614286,-0.419766667,2.3901,12.371,8.342428571,8.659,-6.3552,8.2488,1.9952,-0.49536,7.48944,5.93056
pote.txt_4853,5.015009091,4.78828,5.081466667,1.434090909,-0.66475,-0.327777778,1.287018182,177.7192182,30.17987273,-0.48917,170.40938,21.07226,0.069077778,162.7072667,21.31803333,0.319022818,0.2475972,0.284922778,0.157436364,76.05636364,10787.72727,0.08662,59.62,10014.6,0.065266667,67.01888889,9762.111111,13347.05344,0.300181818,11970.11261,0.15742,10586.63508,0.187366667,1.369372727,1.31026,1.284,398.7931803,401.1290155,403.0839983,0.464509091,0.413772727,0.279245455,0.3532,0.30748,-0.10174,0.357555556,0.250433333,-0.055177778,5.961345455,-2.53332,-0.928577778,9.545609091,2.598718182,4.446127273,-3.29516,-1.08802,2.69704,-2.417166667,0.166855556,2.873
pote.txt_3181,4.4748,3.9672,5.1984,1.903333333,-1.65,2.25,1.9736,182.5132667,27.62276667,-1.0624,192.6474,17.9949,2.7556,123.4321,4.3681,0.362597333,0.206736,0.501264,0.0726,93.13,13547.66667,0,55.37,13209,0.1089,127.69,14161,14983.7931,0.1906,15864.093,0.053,10563.7284,0.2809,1.571933333,1.599,1.5129,369.3387274,373.7130566,360.0733954,0.355933333,0.177066667,0.248533333,0.3774,0.0576,-0.096,0.2601,0.0064,0.36,9.0852,-6.2972,11.9716,11.2291,1.679033333,6.8932,-11.8996,-1.4523,3.0772,8.0656,1.9881,9.8596
pote.txt_1647,4.457818519,3.898896154,3.864416,1.023966667,0.14695,-0.172104,0.723718519,213.1620259,37.02246667,0.05735,204.4610077,31.49808846,-0.1333,207.32954,30.34372,0.404193481,0.292052346,0.26260164,0.393425926,69.27222222,7893.722222,0.165838462,63.16807692,5918.5,0.125864,61.6564,5217.46,11884.09838,0.336307407,9609.914388,0.231380769,8624.522892,0.159324,1.217259259,1.146703846,1.10718,354.2896957,318.9370642,314.1055393,0.4201,0.424011111,0.377140741,0.168523077,0.277473077,0.058511538,0.119268,0.251528,0.046992,3.229848148,-0.066803846,-0.978492,8.711837037,3.992940741,2.398685185,1.061519231,-0.208096154,0.227423077,-2.790876,0.026192,-0.561188
pote.txt_4637,3.533354545,3.50614,3.569177778,2.999536364,-1.39656,0.913444444,1.107045455,162.9470364,48.76782727,-0.66684,153.51432,47.43407,0.484922222,151.5749,46.77088889,0.434056909,0.2021319,0.414282444,0.155172727,64.22818182,13337.54545,0.0169,53.183,13187.1,0.093888889,59.65444444,13244,14164.05563,1.149236364,10800.39188,0.45488,13215.91086,0.708177778,1.155581818,1.12388,1.089177778,401.5877771,405.2668061,409.8644145,0.458254545,0.359154545,0.477809091,0.17836,0.27872,-0.21631,0.223944444,0.3278,0.145555556,4.003990909,-2.11476,1.361711111,12.44905455,4.827781818,4.668890909,-4.20299,2.13049,-0.02608,5.864588889,0.6107,3.434466667
pote.txt_9777,3.676746154,3.461941667,3.468718182,1.116592308,0.272416667,-0.224272727,0.580923077,253.8281462,59.85957692,-0.082508333,242.13405,52.50485,-0.360218182,233.9828455,48.29309091,0.336117615,0.303835667,0.273760091,0.237046154,52.49076923,9673.403846,0.099041667,48.6525,7427.666667,0,46.51272727,6661.5,17669.74192,0.204984615,14215.94153,0.101383333,11501.25722,0.048881818,1.158153846,1.050958333,0.989109091,399.5030787,364.2503213,360.0029571,0.451453846,0.467115385,0.221446154,0.264858333,0.360191667,0.0753,0.243409091,0.287590909,0.097954545,3.465561538,-0.032858333,-2.067381818,13.62736923,3.892461538,1.901107692,4.703741667,-0.273458333,-0.0548,-4.381090909,1.024309091,0.582545455
pote.txt_8595,4.722206667,4.578206897,4.626614286,1.222156667,0.143027586,-0.381939286,1.021583333,158.72787,27.03147,0.3785,155.6368448,23.76324828,0.091414286,156.4721571,23.77591786,0.433976,0.357830966,0.33997125,1.91693,74.83733333,7605.733333,0.679358621,69.62724138,5798.62069,1.121985714,68.20571429,5859.5,6779.20452,0.560273333,5462.678886,0.251865517,5172.254446,0.278989286,1.055213333,1.007203448,0.983728571,406.0795286,368.6064284,369.484645,0.410766667,0.29249,0.43509,0.174393103,0.146165517,0.11397931,0.211782143,0.211075,-0.007932143,3.21354,0.859448276,-0.3386,4.58826,4.711783333,6.702366667,0.520617241,-0.749175862,-1.063310345,0.574085714,-0.444739286,-0.931207143
pote.txt_9659,3.6101,3.610009091,3.6099,3.3172,1.104836364,-1.55,1.2433,95.842,21.85565,0.473845455,95.666,21.85562727,-0.4495,95.4548,21.8556,0.490132,0.376208364,0.2395,0.21125,87.93,8168.5,0.115227273,86.62090909,6202.818182,0,85.05,3844,3381.6452,1.4293,3359.280109,0.818027273,3332.442,0.0845,1.29285,1.2681,1.2384,266.0857418,257.839981,247.945068,0.29065,0.05645,0.6922,0.231536364,0.055336364,0.095745455,0.1606,0.054,-0.62,3.37465,1.396809091,-0.9766,4.14965,4.67165,5.92085,2.355081818,0.566536364,3.088827273,0.2016,-4.3596,-0.3096
pote.txt_4531,5.12943,4.874777778,4.9496625,0.45679,-0.1621,0.0935375,0.46242,178.82667,28.66806,0.055666667,175.8302333,28.5374,-0.0918375,182.633475,29.728625,0.296557,0.142628111,0.263941,1.30488,71.621,5493.4,0.6721,64.43444444,5161.444444,0.470375,63.22375,4790,6826.69316,0.22122,5890.556344,0.117655556,6634.633313,0.1957625,1.15761,1.079211111,1.0671625,424.1122146,415.409211,431.8945678,0.5377,0.43762,0.54487,0.394711111,0.345766667,0.224455556,0.3175,0.41405,0.3799875,1.91378,-0.175577778,0.1334625,3.71949,2.94733,3.45587,-0.614711111,1.616733333,0.021544444,0.950125,0.7132125,0.4572875
pote.txt_7933,5.312233333,5.096621739,5.035631818,1.4464625,-0.190886957,-0.498181818,0.951745833,191.2616958,45.03405417,0.043365217,184.966113,38.96661739,-0.203177273,187.6965909,37.02549545,0.417016292,0.300725261,0.305463364,0.452466667,78.69375,9031.25,0.185534783,68.13130435,7622.043478,0.109677273,67.05045455,7602.090909,10720.7405,0.719554167,7023.705857,0.3052,6456.430491,0.280009091,1.382804167,1.3425,1.347845455,372.9523702,357.711277,354.4062302,0.373883333,0.430695833,0.3163625,0.206695652,0.161134783,0.03493913,0.101063636,0.165945455,0.055636364,4.2777125,-0.117852174,-1.403345455,10.70974583,3.105091667,2.6697125,-0.795486957,0.490756522,0.074178261,-3.687322727,-0.464931818,0.712595455
pote.txt_3545,3.8827,3.89362,3.91,2.520733333,1.23866,-0.68445,1.2825,119.5602,41.8608,0.6505,120.64282,42.22368,-0.2975,122.26675,42.768,0.307097333,0.1926584,0.021,0.1521,56.19,24392,0.11154,50.886,24631.2,0.0507,42.93,24990,22334.4972,1.729633333,21718.7388,1.6361,20795.1012,1.4958,0.9606,0.96246,0.96525,578.423032,584.0935148,592.5992389,0.6828,0.664566667,0.4806,0.56568,0.64374,0.23854,0.39,0.6125,-0.12455,3.762233333,1.9391,-0.7956,17.80646667,10.99846667,4.4262,12.46038,11.10318,2.21542,4.44125,11.26025,-1.10075
pote.txt_11611,3.3023,3.251473913,3.2661,3.5811,0.365826087,-2.275,1.382275,166.457125,29.077025,0.142065217,144.2338261,27.82946087,-0.84475,139.5863,27.5886,0.474948,0.275227652,0.139868,0.21125,78.2875,12284.25,0.091847826,71.38565217,9682.782609,0,69.825,10106,11362.5268,1.433575,7205.60833,0.706482609,6683.9568,0.16055,1.16305,1.151452174,1.1328,362.1067491,340.3219905,348.006709,0.301825,0.227075,0.625,-0.135930435,0.134152174,0.021947826,-0.0033,0.14175,-0.48,4.31865,0.0499,-3.0326,10.200025,4.345925,5.96945,-1.93053913,0.511147826,2.098495652,-6.984,-0.5418,-0.9288
pote.txt_3033,4.855266667,4.645554545,4.62072,1.213208333,-0.450927273,-0.22874,0.66535,206.7227667,34.92043333,-0.233709091,187.9503,29.65015455,-0.08164,204.99988,32.50832,0.374601917,0.211976,0.2388611,0.212258333,64.32,11142.41667,0.092,58.85909091,8975.727273,0.06562,54.699,8309.7,14205.74593,0.413733333,10164.08427,0.163345455,11453.85146,0.08906,0.922266667,0.845190909,0.83376,407.1835617,361.3904012,362.0117491,0.510608333,0.405516667,0.377491667,-0.253627273,0.2658,0.079054545,0.15439,0.34,0.05276,2.882475,-0.837336364,-0.33648,9.169125,7.9,2.34125,-2.126672727,-3.288163636,-0.235281818,-0.23681,-2.82571,0.47517
pote.txt_8779,4.847494286,4.708073529,4.669884848,0.95016,0.062847059,-0.266860606,0.799025714,192.42362,42.10148857,0.207311765,187.2246676,35.92994118,-0.048284848,187.8706242,36.07837879,0.414955629,0.336674824,0.326986515,0.987214286,77.23085714,7106.2,0.368082353,68.65029412,5730.705882,0.275287879,67.48939394,5392.363636,9620.15464,0.364554286,6648.244521,0.164705882,6548.868385,0.181512121,1.165662857,1.117420588,1.099569697,368.3400507,334.5568805,337.9036331,0.418188571,0.312831429,0.387237143,0.286797059,0.113544118,0.122667647,0.360160606,0.158566667,0.094857576,3.883514286,0.376155882,-0.843054545,8.914937143,4.541662857,3.389751429,-0.448814706,2.30135,-0.392052941,-2.191084848,1.196760606,-0.444312121
pote.txt_1959,4.60992,4.563607143,4.467569231,1.328246667,-0.4042,-0.277984615,0.98934,167.0058733,49.04988667,-0.202914286,161.0180857,35.67074286,-0.007592308,154.8036,32.85560769,0.3711186,0.307723214,0.317362154,0.400446667,77.70333333,10338.06667,0.056664286,66.87285714,8801.428571,0.045438462,68.73923077,9136.692308,12708.35223,0.430386667,9308.639993,0.246521429,10411.10358,0.156246154,1.238453333,1.234921429,1.220253846,415.8986167,402.2304944,389.2044522,0.505853333,0.35158,0.31022,0.31695,0.167571429,0.016978571,0.235569231,0.196,0.018469231,4.90196,-1.262614286,-0.606884615,10.96450667,3.03234,3.088326667,-4.5897,0.484028571,1.055014286,-2.344930769,-0.012061538,0.913023077
pote.txt_11959,4.296341667,3.726545714,3.833435294,2.936294444,1.763025714,1.383170588,1.352291667,150.6074972,23.45573889,0.943337143,140.9397114,21.66632857,0.960152941,141.8318382,22.62641471,0.747790194,0.7486294,0.751413,0.88355,92.74083333,8598.25,0.622671429,92.22171429,7114.114286,0.673764706,92.71352941,7068.036765,4218.436294,1.539547222,3054.054734,1.175811429,3156.202209,1.167188235,0.870016667,0.819348571,0.823494118,369.8688686,355.1175173,353.3456634,0.246836111,0.320052778,0.739,0.093868571,0.245985714,0.167931429,0.145073529,0.172941176,-0.016523529,3.856086111,2.890108571,2.771267647,5.752755556,4.801352778,6.65215,3.716614286,0.498845714,2.548042857,3.182023529,0.864711765,2.151844118
pote.txt_3155,4.2417,4.0492,4.4503,4.369466667,4.1,1.95,1.8657,112.5998667,27.74773333,1.891,103.3004,25.6464,1.3795,119.3652,29.3904,0.760139,0.778375,0.638986,0.8713,118.3533333,11296,0.6435,116.025,11160,0.8645,121.8,6944,1998.3939,2.5206,1920.7899,2.57725,1034.6994,2.2984,0.8844,0.8928,0.864,401.005834,389.4384822,416.2258808,0.0388,0.061933333,0.811866667,0.0088,0.06345,0.17,-0.0308,0.054,-0.66,5.278066667,5.38415,4.1634,8.985733333,4.934433333,8.124266667,8.784,5.0022,4.472,9.2736,3.654,-2.8896
pote.txt_1977,4.971648485,4.80763125,4.800335484,0.954639394,-0.01133125,-0.170019355,0.7662,193.8272212,41.49847273,0.00324375,186.3216125,35.44893125,-0.143841935,183.0843871,35.45917419,0.386435242,0.278885844,0.276522387,0.905421212,75.02393939,6919.090909,0.335696875,67.6678125,5255.34375,0.234729032,66.62903226,5706.774194,10468.05875,0.277572727,7573.053406,0.149346875,7156.105019,0.098712903,1.156863636,1.11365,1.117203226,351.071242,296.336569,326.0596745,0.426706061,0.355930303,0.398690909,0.195303125,-0.008115625,0.130359375,0.312841935,0.005887097,0.172290323,3.963812121,-0.168378125,-0.950680645,9.015436364,5.607181818,3.487533333,-0.77605,2.423134375,-1.034746875,-2.895483871,3.201193548,0.852070968
pote.txt_3777,3.899457143,3.91,3.892,2.254357143,-0.68445,-0.95256,1.2025,121.8691,43.2864,-0.2975,122.26675,42.768,-0.5015,119.5756,40.9536,0.263478286,0.021,0.0248472,0.132785714,52.32857143,25036,0.0507,42.93,24990,0.05746,45.684,24208,23729.32697,1.649171429,20795.1012,1.4958,18534.46032,1.56168,0.963385714,0.96525,0.96228,593.8353141,592.5992389,573.8572854,0.728114286,0.706828571,0.4435,0.39,0.6125,-0.12455,0.268,0.54292,-0.19364,3.559185714,-0.7956,-1.4229,18.4859,11.33047143,3.8971,4.44125,11.26025,-1.10075,0.817,10.8478,-1.4654
pote.txt_11869,5.036525,4.722520513,4.881892105,0.9016975,-0.097684615,-0.052621053,0.678755,165.9638525,31.833565,0.106187179,161.3530282,30.02157179,0.229907895,163.2499158,30.66505,0.5097952,0.366661308,0.372951026,2.1113,71.7125,5707.75,1.121276923,66.8874359,3595.820513,1.215607895,66.05684211,3206.5,4942.950563,0.6643025,2965.864518,0.299979487,2946.608837,0.25065,0.9927225,0.916712821,0.904942105,352.1908429,272.9835841,277.4308904,0.36432,0.3091175,0.4418725,0.069494872,0.141861538,0.133012821,0.146118421,0.099168421,0.123807895,1.46529,0.057148718,0.295828947,4.7900175,7.3260075,4.95501,0.591276923,-0.147189744,-0.254335897,0.841615789,0.416218421,-0.891078947
pote.txt_5023,6.373866667,6.089418182,5.91309,1.164058333,0.084645455,0.23994,1.038741667,142.5205083,20.577675,0.4362,137.9054909,17.51509091,0.28261,136.11864,16.92594,0.439530167,0.351299273,0.2834014,0.386508333,94.165,6877.5,0.260772727,91.54090909,5389.727273,0.13519,93.726,4856.1,4913.80645,0.861075,3268.483045,0.514554545,2393.07293,0.29158,1.485925,1.406945455,1.39483,314.2466263,283.1107552,261.9701705,0.298675,0.366425,0.331775,0.048909091,0.205954545,0.053527273,-0.04405,0.10925,0.03316,3.583216667,1.663981818,1.12526,5.704616667,4.260841667,2.325308333,2.162081818,0.054063636,0.065136364,1.82523,0.27233,0.41614
pote.txt_4439,4.78383,4.716866667,4.7688625,0.65981,0.043333333,-0.0622625,0.67975,176.13912,28.33758,0.219811111,174.4106222,28.37948889,-0.14665,181.0019125,29.306175,0.2608473,0.168824111,0.218741375,0.97967,71.438,6527.3,0.445988889,64.11777778,5842.555556,0.218325,61.9075,5589.75,7748.14978,0.23973,6967.431444,0.118388889,7555.16315,0.216425,1.16006,1.080577778,1.0683,437.3571468,427.938736,451.488689,0.43243,0.46345,0.47845,0.419388889,0.358122222,0.298,0.43235,0.4250875,0.2417125,2.86788,0.611733333,-0.2659,3.3462,3.18562,4.64564,-0.577244444,1.791455556,0.560911111,0.3115375,1.15165,1.6917375
pote.txt_7435,4.18645,4.130968421,4.1274,1.34932,-0.544315789,-0.406777778,0.98728,161.94508,36.57722,-0.378557895,149.3112421,24.50441579,-0.319444444,151.5242333,25.19208889,0.2447334,0.190351579,0.185789333,0.03267,68.977,8938.5,0,59.03526316,6665.631579,0,62.62388889,6762.111111,12825.85412,0.08832,10630.45852,0.024768421,11268.80921,0.023716667,1.468,1.438263158,1.44555,330.6661075,311.1321135,314.1375138,0.53023,0.2489,0.26833,0.501,0.090526316,-0.070842105,0.49905,0.149955556,-0.108488889,4.89853,-2.237536842,-1.335433333,8.62734,2.62881,3.42489,-4.082810526,-0.2259,1.152652632,-0.413566667,-0.303194444,0.765211111
pote.txt_5765,7.039607143,6.422107692,6.954875,1.275964286,0.259038462,0.340416667,1.169364286,160.3184357,28.51073571,0.657184615,160.9412154,26.73246923,0.656575,157.1095417,24.16600833,0.419974286,0.298524615,0.298983833,1.665207143,102.1114286,8345.5,1.058969231,89.61846154,7693.846154,0.562533333,103.925,7875,5411.1743,1.106757143,3493.610015,0.707746154,4023.105858,0.885625,1.288742857,1.227530769,1.221775,479.1416048,475.7602548,467.7801269,0.375364286,0.427971429,0.447814286,0.020253846,-0.045376923,0.1228,0.052816667,-0.114825,-0.14635,4.540978571,1.332584615,3.217325,6.74385,2.756257143,5.399292857,1.602138462,0.4229,1.519561538,4.350333333,0.892758333,-1.416341667
pote.txt_5419,4.850746154,4.526641667,4.544863636,1.123784615,-0.030633333,-0.302145455,0.666953846,217.3774154,56.63700769,-0.1833,205.274875,50.51894167,-0.350472727,201.1219091,47.83667273,0.405758615,0.27717825,0.245565636,0.417207692,69.54230769,8542.538462,0.108866667,60.58166667,6138.416667,0,58.37363636,6543.363636,14107.15212,0.304,8995.100825,0.106025,8176.394445,0.060490909,1.214215385,1.198308333,1.206881818,378.3019607,358.9566752,353.4039903,0.486061538,0.439930769,0.312215385,0.139033333,0.003025,0.083008333,0.145845455,-0.109209091,0.105927273,4.190476923,-1.0855,-2.469009091,12.67196923,4.130576923,1.570253846,-1.625741667,0.345841667,0.161133333,-5.660363636,-0.776172727,-0.201272727
pote.txt_11587,3.794275,3.8409,3.79135,3.779025,-1.463666667,-2.7625,1.460275,128.957325,52.480225,-0.569833333,136.6025333,53.5644,-1.09275,121.3733,41.8626,0.57054525,0.235745333,0.339611,0.215475,69.175,17993.25,0.028166667,46.46,17904.66667,0.04225,55.65,17422,15035.77983,1.721675,14753.1682,0.6915,8713.3557,0.98865,0.94105,0.9473,0.9408,477.9074916,503.5085868,462.3604216,0.481225,0.448775,0.57085,-0.309933333,0.434033333,-0.200833333,-0.0099,0.24435,-0.36,4.8579,-1.993633333,-4.4975,14.716225,7.211425,6.36265,-1.7924,-0.3892,-0.085433333,-13.2336,2.4822,0.3096
pote.txt_6971,4.475033333,4.392876471,4.41643125,1.472616667,0.028117647,-1.1981375,1.2339,185.1231944,43.52837778,0.039164706,173.0725059,33.76225294,-0.92396875,166.2760125,24.4634,0.319206889,0.221588235,0.176585875,0.167811111,69.84111111,14494.22222,0.0462,61.54941176,13672.58824,0.01941875,56.801875,13365.125,18182.71949,0.394738889,16067.2565,0.214811765,14201.0475,0.2222625,1.225894444,1.223005882,1.21590625,436.526396,424.4149001,416.4956201,0.530716667,0.406533333,0.248588889,-0.091541176,0.231388235,-0.027147059,0.05733125,0.089725,-0.10754375,5.847988889,0.056217647,-4.66564375,14.16446667,5.535922222,3.832794444,0.666647059,0.316129412,1.154164706,-11.07955,-0.36654375,0.6696125
pote.txt_5633,3.872876923,3.869941667,3.914581818,3.073115385,-0.740325,0.639481818,1.469523077,134.1949077,43.19140769,-0.6863,128.7748583,36.529175,0.4945,124.0288636,37.28127273,0.433004385,0.141243,0.277412909,0.177376923,67.36846154,20014.07692,0.086016667,56.54833333,19775.08333,0.105063636,62.38090909,20678.36364,17795.74106,1.570115385,13331.59657,1.358041667,15823.29245,1.262036364,1.050176923,1.045708333,1.026627273,499.443233,487.6633555,507.5219831,0.529061538,0.490784615,0.504046154,-0.03795,0.297475,-0.190258333,0.188454545,0.429163636,0.116172727,4.914915385,-2.193866667,1.576127273,15.35536923,8.018146154,5.743184615,-5.972225,7.024058333,-0.495441667,5.310509091,6.638654545,2.685681818
pote.txt_8699,5.245593939,4.79735,4.911770968,1.247887879,-0.39165625,0.291122581,1.027578788,197.4668364,36.06449091,-0.08968125,181.9256594,29.0497625,0.243345161,190.0754677,30.19154516,0.40849797,0.271256938,0.29210529,0.475324242,82.94242424,9809.704545,0.159940625,72.7665625,8109.171875,0.248748387,76.62677419,8315.225806,11261.20109,0.730709091,6283.674844,0.37386875,8080.471013,0.445680645,1.251778788,1.182925,1.181690323,416.185264,397.2122172,400.6435015,0.349918182,0.516830303,0.368609091,0.052125,0.167725,0.12690625,-0.0658,0.250806452,0.045341935,4.450209091,-0.88716875,0.780732258,9.263872727,3.222557576,3.17739697,-5.04225,0.751384375,0.85410625,0.714370968,0.684512903,0.488125806
pote.txt_9069,5.222522727,4.945765116,4.944188095,0.849740909,0.17567907,0.023702381,0.739470455,173.3295023,35.75402273,0.219281395,169.2138581,32.3312186,0.088266667,169.2794357,33.1389381,0.430132955,0.330704465,0.298426595,1.589025,78.96454545,6914.363636,0.803783721,70.35186047,4794.790698,0.797438095,70.34952381,4275.97619,7580.996423,0.594927273,4982.451388,0.245648837,4115.862345,0.347911905,1.006961364,0.958462791,0.9246,392.0410157,335.3524164,317.8722108,0.409484091,0.300670455,0.421202273,-0.047104651,0.056506977,0.240032558,0.104809524,0.012885714,0.208688095,2.836577273,0.516197674,0.218145238,7.086527273,6.792161364,4.202527273,0.717483721,-0.350909302,0.643595349,-0.883614286,-0.1944,0.23447381
pote.txt_11029,4.781553846,4.745375,4.819672727,1.268523077,-0.034766667,-0.576181818,0.770846154,226.4554692,57.68929231,-0.114833333,216.81685,45.28223333,-0.434381818,205.5992182,40.20595455,0.465712692,0.413708333,0.425982273,0.321215385,64.11538462,9815.615385,0.116133333,58.88083333,6963.083333,0.0222,57.19181818,6107.727273,15220.63291,0.205092308,10392.25374,0.054316667,6766.257018,0.049072727,1.187430769,1.08435,1.069690909,359.7870875,281.5605839,267.5529474,0.470361538,0.387553846,0.248192308,0.26085,0.15,-0.059308333,0.160645455,-0.0126,0.033363636,4.477430769,-0.564875,-2.986190909,13.49388462,5.968023077,2.038107692,0.917358333,0.103391667,0.350033333,-9.473427273,0.993172727,0.653745455
pote.txt_6047,4.91548,4.823892857,4.794969231,1.357313333,-0.347628571,-0.433723077,1.11942,164.1401333,38.21366667,-0.135171429,164.1815786,30.44257857,-0.2845,161.1733154,25.64367692,0.449367667,0.3831875,0.397868538,0.460713333,80.01066667,10398.2,0.107578571,70.37857143,7992.571429,0.189984615,68.23769231,9336.538462,12293.34553,0.33894,8264.239407,0.232471429,10967.12808,0.170784615,1.082733333,1.01305,1.063953846,394.0833242,364.9472066,358.8912796,0.526666667,0.333293333,0.389493333,0.328085714,0.149585714,-0.038357143,0.220592308,0.117684615,-0.104838462,5.383906667,-0.793092857,-1.727923077,10.49136667,5.261093333,3.85842,-3.534921429,0.172357143,0.872242857,-2.359976923,0.318646154,0.606261538
pote.txt_9529,4.150972222,3.831135294,3.92000625,1.059155556,-0.170211765,-0.329775,0.717683333,210.25445,44.46616667,-0.144976471,202.3779059,36.44757647,-0.3284375,195.893475,33.5559875,0.372334944,0.294625824,0.274116313,0.297738889,64.74444444,7941.236111,0.180476471,57.68352941,6520.058824,0.076775,59.335,5368.75,13118.51316,0.172794444,11270.69569,0.074547059,9524.930863,0.03325,1.230883333,1.176641176,1.119475,325.9520879,298.176246,288.0534332,0.44425,0.312466667,0.295661111,0.355911765,0.134023529,0.080047059,0.3883375,0.18516875,0.045325,3.730088889,-0.893970588,-1.6213375,10.11872778,5.029544444,2.459211111,-0.470141176,1.299870588,0.347717647,-1.861225,-0.47088125,0.12469375
pote.txt_5017,3.996433333,3.921663636,3.96145,2.109408333,0.398745455,-0.29484,0.810366667,166.6097167,40.22518333,0.159327273,154.7679636,36.57734545,-0.07398,172.68492,42.17593,0.377206083,0.270703273,0.2269528,0.156,59.78416667,11622.83333,0.090881818,53.40090909,7163.818182,0.05655,52.375,9701.7,12698.85274,0.857783333,9101.139236,0.305772727,12484.4965,0.22663,1.150266667,1.1305,1.10993,358.7892354,286.8741165,322.1602779,0.4909,0.329366667,0.415916667,0.114045455,0.169572727,0.0961,0.08225,0.27759,-0.14434,2.899116667,0.446627273,0.26112,9.522075,6.837925,3.406241667,0.137790909,-3.042227273,1.838945455,4.60034,-0.5422,0.11609
pote.txt_3987,3.925385714,3.4666,3.64734,0.8448,0.156933333,0.0296,0.6391,195.344,24.54887143,-0.122833333,175.7683667,24.081,-0.12994,153.93038,22.27054,0.362039714,0.221122667,0.1677,0.115514286,66.53714286,5946.892857,0.0481,57.95666667,5091.916667,0,58.856,3558.5,12048.92004,0.048057143,9604.17355,0.0157,8179.25976,0.01132,1.056871429,1.023566667,1.01334,293.9687176,236.143132,247.9904285,0.454928571,0.292042857,0.357614286,0.07915,0.11285,0.275366667,0.24508,0.09624,0.21188,2.917442857,-0.5099,-0.87276,6.568457143,6.509828571,2.400757143,-0.580983333,1.744966667,-0.23425,-1.62032,1.2622,0.84054
pote.txt_11025,4.529856757,3.7042,4.024768571,1.708351351,0.184094444,0.398377143,1.021543243,206.6216811,38.69076216,0.564283333,193.9032472,34.08077778,0.485428571,197.2758743,33.58968286,0.637343162,0.593823306,0.594059143,0.578243243,89.23567568,7286.986486,0.419630556,84.97944444,5231.902778,0.373365714,83.74257143,5773.8,8452.929597,0.963935135,6104.934031,0.514497222,5043.769151,0.590965714,0.97287027,0.891036111,0.902297143,369.2501278,345.0903569,340.79481,0.256237838,0.357062162,0.493967568,0.120055556,0.086688889,-0.036869444,0.045334286,0.097457143,0.189314286,4.255181081,2.024705556,1.353005714,8.663608108,4.730435135,3.951797297,1.448444444,0.824411111,-1.915872222,-0.78954,0.033931429,1.618394286
pote.txt_3631,5.8972,5.40464,5.8638,0.6997,0.19112,-0.1846,0.84935,147.46995,24.05391667,0.22764,151.95332,25.3841,-0.001825,154.43505,23.445,0.495967667,0.3784194,0.5043785,0.620266667,98.845,4868.833333,0.38172,93.238,2598.2,0.469275,91.435,2393.25,3191.869117,0.712,1346.08316,0.33686,2648.3503,0.1076,1.09765,0.93298,0.8204,317.8180387,239.8226453,189.3899716,0.222516667,0.31455,0.437433333,0.0069,0.0184,0.30198,0.1457,-0.0245,0.18445,3.044083333,1.0826,0.41075,4.8351,6.743683333,2.320483333,2.8935,3.71446,-0.86184,3.6798,-2.486,1.045
pote.txt_4821,4.282545455,4.12098,3.9928,1.6564,-0.337,-1.186888889,1.228954545,216.9122636,50.46502727,-0.13442,203.8269,35.78479,-0.815288889,202.5147111,30.23682222,0.37749,0.2998736,0.234546222,0.089381818,67.71909091,12334.72727,0.03531,59.285,12235.6,0,52.30333333,12235,17715.08438,0.108163636,17006.66046,0.05991,15945.4856,0.045977778,1.314718182,1.3015,1.3116,378.051261,376.5931035,369.2217483,0.455736364,0.341772727,0.2109,0.2498,0.21072,-0.06516,0.243111111,0.093066667,-0.092888889,6.321990909,-0.96742,-4.776222222,13.95792727,4.290863636,4.066718182,0.92296,-0.92569,2.17052,-8.844855556,0.202522222,1.509933333
pote.txt_1525,5.095542857,4.882266667,4.839638462,1.087732143,-0.213681481,-0.197196154,0.858003571,186.9682321,41.38312143,0.068833333,180.3741,35.23841852,-0.151134615,178.7683308,36.39285385,0.390598286,0.28852263,0.257366462,0.956171429,78.60785714,7134.214286,0.288466667,69.98851852,5949.185185,0.105557692,70.12961538,5598.846154,9033.294639,0.485617857,6454.374148,0.22017037,5157.012527,0.133015385,1.231832143,1.19002963,1.18395,361.5767209,325.9206257,332.4975641,0.347475,0.357817857,0.373014286,0.212459259,0.018007407,0.0613,0.147792308,-0.028676923,0.117588462,3.927582143,-0.489425926,-0.932126923,8.253925,5.061739286,3.969471429,-1.264025926,0.987644444,-1.013114815,-4.481484615,-0.060480769,0.422388462
pote.txt_283,4.329005263,3.690127778,3.851523529,0.914136842,0.092911111,-0.470152941,1.083368421,170.5481,21.06148421,0.402727778,160.9331389,17.16520556,0.023129412,162.3109353,16.15343529,0.468742737,0.422662833,0.405161765,0.346647368,91.47105263,5811.881579,0.203061111,89.38777778,4287.75,0.124235294,85.12529412,3382.926471,7733.161695,0.236768421,6012.627083,0.123955556,6598.541229,0.072217647,1.093973684,1.000022222,0.993205882,325.7259386,301.3841903,290.7775731,0.350942105,0.279826316,0.483278947,0.30715,-0.003205556,0.066644444,0.313641176,0.106317647,-0.087494118,4.840752632,2.115372222,0.107447059,4.414284211,3.895994737,4.509331579,1.283761111,0.172805556,1.699516667,0.176517647,-1.403252941,-0.619370588
pote.txt_7343,4.527795,4.165705263,4.296733333,1.04056,0.29,-0.135377778,0.525865,209.015845,51.26675,0.085842105,201.3197263,41.51462632,-0.256411111,204.4283667,39.53556667,0.4541702,0.364533632,0.329645056,0.31728,59.949,7360.7625,0.101542105,56.2,5284.5,0,51.88555556,4309,12903.24599,0.14194,9031.567221,0.033826316,7695.072417,0.0285,1.0313,0.949089474,0.874077778,319.6937147,247.6233731,231.876766,0.475215,0.360915,0.306915,0.381647368,0.163321053,0.200236842,0.325611111,0.090166667,0.198333333,3.08394,0.324815789,-1.718211111,10.65598,7.69974,1.87018,0.252,2.773257895,0.874247368,-5.30875,3.490133333,0.051377778
pote.txt_8041,5.759320833,5.508791304,5.557836364,1.107808333,-0.223304348,-0.314654545,1.015154167,166.8974458,33.42464167,0.082121739,162.0565348,27.02365652,0.077413636,161.1486364,26.77931818,0.38979175,0.290267522,0.307045455,0.418741667,88.29958333,8235.041667,0.198726087,79.62913043,7125.73913,0.165972727,81.65863636,6851.681818,9377.629279,0.532941667,7287.07003,0.23586087,6176.5501,0.188440909,1.284754167,1.239778261,1.252304545,372.0038436,349.7617509,342.6900215,0.398545833,0.317495833,0.303066667,0.120886957,0.102417391,0.051121739,0.086913636,0.125740909,0.080118182,4.557616667,-0.174765217,-0.105654545,9.106829167,4.503808333,2.708770833,-1.081726087,-0.575208696,1.15973913,-1.265804545,-1.853545455,0.987927273
pote.txt_7801,6.369777273,6.230309524,6.31133,0.777731818,-0.070933333,-0.03692,0.408613636,176.1446909,29.96984545,0.103509524,175.4110286,27.75609048,0.039715,177.06896,27.1052,0.689516455,0.509321429,0.5335736,0.884631818,88.32909091,4244.454545,0.772161905,86.75904762,1507.095238,0.75282,85.982,2105.15,2991.640545,0.480795455,1350.974738,0.14972381,1704.8779,0.189,0.80195,0.7046,0.75615,261.6124843,131.424691,208.6617588,0.371163636,0.287254545,0.684054545,0.04532381,-0.009385714,0.419952381,-0.03374,0.168825,0.45169,1.371654545,0.512942857,0.28859,5.680113636,12.36050909,1.523863636,3.622180952,0.05952381,-0.181171429,3.491575,4.403075,-0.0849
pote.txt_3937,3.8875,2.870333333,3.28904,0.302257143,0.0462,0.15096,0.449157143,237.8982857,33.96301429,-0.011716667,237.0218333,32.66175,-0.0951,239.53734,34.34272,0.517077429,0.364247667,0.13015,2.626957143,56.88285714,3653.178571,0.74115,54.12333333,2271.666667,1.969,47.82,1674.2,9194.5102,0.0578,5435.810833,0.023466667,6323.30538,0.03924,0.739871429,0.66905,0.71952,339.7748123,250.3862287,273.1033612,0.352271429,0.274214286,0.392342857,-0.039983333,0.080216667,0.332716667,0.13964,0.12538,0.2403,0.932442857,-0.130016667,-0.57048,5.784342857,9.2089,5.684871429,-1.79485,0.830933333,2.233983333,-0.12054,0.50748,1.41714
pote.txt_9097,5.191026667,4.902902273,4.788411628,1.078795556,-0.117088636,0.10425814,0.995866667,187.7342422,36.39252889,0.337211364,181.4548932,33.19300227,0.382383721,184.5928907,33.58626279,0.436140511,0.33961775,0.300765837,1.921246667,86.84822222,7222.072222,0.958527273,79.67227273,5556.090909,1.096516279,76.66232558,5514.151163,7330.858356,0.729157778,4887.558239,0.380952273,4688.793853,0.445769767,1.077715556,1.033263636,1.033225581,434.173129,405.5707654,393.2748083,0.322317778,0.359613333,0.480971111,0.003986364,0.070329545,0.097972727,0.009672093,-0.03457907,0.056853488,3.892293333,1.044611364,0.605286047,7.18652,4.425493333,6.082453333,1.087893182,-0.371088636,-0.490586364,0.365718605,0.314032558,-0.330065116
pote.txt_11335,5.23446087,4.761268182,4.644852381,0.591443478,0.08745,-0.225690476,0.665608696,175.4873261,30.19441304,0.2725,170.3767182,28.49779545,0.218052381,171.1317905,28.5134619,0.484247043,0.386113636,0.360761238,1.842434783,76.57043478,5190.619565,1.155740909,71.78454545,3174.022727,1.060209524,68.23904762,3328.071429,5097.619187,0.666295652,2779.530018,0.382522727,3371.802533,0.130690476,1.013343478,0.925195455,0.905580952,359.2924736,297.3905627,301.1927822,0.312978261,0.303743478,0.334004348,0.102631818,0.1083,0.172245455,0.084461905,0.050633333,0.178928571,1.628834783,0.561827273,0.134657143,4.44736087,6.775786957,4.085682609,0.670345455,1.125877273,0.877613636,0.547347619,0.556085714,-0.842738095
pote.txt_11251,4.564230769,4.250088,4.294954167,1.031865385,-0.146972,-0.3593625,0.839253846,182.7219962,40.89753846,0.03798,175.122692,34.549344,-0.186325,176.0844542,31.8384,0.375362269,0.30759224,0.293005792,0.935211538,71.40846154,8792.009615,0.287204,65.2332,7854.44,0.249366667,64.90416667,7313.208333,10557.36898,0.558269231,8188.427512,0.258488,7128.862579,0.3282125,1.168680769,1.128588,1.1418,431.3666161,421.2916692,420.5775545,0.433130769,0.435088462,0.332730769,0.11878,0.34114,0.07926,0.203429167,0.3118875,0.01895,3.373811538,-0.032344,-0.715783333,7.995696154,2.856046154,3.799092308,-0.023324,0.424744,-0.265404,-3.2039,0.231066667,-0.050541667
pote.txt_3955,4.363175,3.9155,4.14695,3.4851,-2.233333333,3.389,1.303675,166.8116,38.484225,-0.6665,151.1212,36.2232,1.20445,163.784,36.7812,0.730198,0.505824,0.604882,0.34815,81.3775,10770.5,0.160333333,65.8,9300,0.21125,77.175,7854.5,7458.72205,1.43065,5803.6058,0.123933333,2941.53795,1.42905,0.9617,1.0112,0.8248,278.5479146,256.4435026,191.2712138,0.185125,0.18565,0.647025,0.131266667,0.1044,-0.356666667,0.1389,-0.06435,0.56,4.139575,-2.9555,3.12955,9.77945,10.622825,6.1794,-5.904,-6.2328,1.903466667,-0.52465,5.9356,5.7698
pote.txt_11773,4.197622222,3.645261538,3.753872,0.885622222,-0.036888462,0.195224,0.654903704,198.8143519,37.92802963,-0.038642308,194.9391615,32.72776538,0.382832,192.973168,35.65676,0.428680111,0.321328,0.32572168,1.909255556,58.11185185,6583.805556,0.668092308,53.19653846,4501.211538,0.993696,53.632,4696.8,9526.219096,0.433618519,7631.512992,0.144496154,7438.60526,0.168992,0.912825926,0.81115,0.840304,419.1177683,369.008774,365.6749816,0.420125926,0.379218519,0.317518519,0.1961,0.218742308,0.113473077,0.124244,0.205344,0.121968,1.900433333,-0.347307692,0.64834,5.505596296,5.619581481,5.768622222,0.554688462,0.500703846,-2.519269231,1.265972,1.645436,1.027104
pote.txt_3131,5.8419,6.0876,5.1984,1.5768,-0.72,2.25,1.8371,146.3212667,14.91206667,-0.0166,153.9846,12.54,2.7556,123.4321,4.3681,0.667509333,0.708,0.501264,0.255133333,112.1266667,9443.666667,0.2442,101.7,357,0.1089,127.69,14161,7174.887233,0.1874,2048.4054,0.0106,10563.7284,0.2809,1.113133333,0.6888,1.5129,240.3889636,19.165356,360.0733954,0.205433333,0.0304,0.4275,0.1581,-0.0224,-0.45,0.2601,0.0064,0.36,7.9931,0.6574,11.9716,7.0347,10.90193333,6.603066667,6.3332,-7.5576,-0.942,8.0656,1.9881,9.8596
pote.txt_8465,3.683585714,3.359037037,3.466430769,1.6764,0.014688889,-1.10445,1.238917857,197.2905786,30.21166429,0.124377778,188.9003926,25.3796,-0.346511538,179.6874346,22.88635769,0.41010375,0.336804519,0.297939615,0.791603571,72.88892857,10480.38393,0.142562963,66.46518519,8788.009259,0.252930769,62.95192308,9361.471154,13818.85947,0.463275,11625.51887,0.25542963,11458.20262,0.144792308,1.096560714,1.0351,1.065757692,416.7284499,410.2513767,407.3109099,0.435614286,0.343067857,0.402732143,0.175581481,0.229418519,-0.010007407,0.220080769,0.206592308,-0.142611538,4.989153571,0.185066667,-2.468111538,9.279642857,3.070935714,5.850296429,-1.011574074,-0.22292963,1.684596296,-4.618707692,-0.635188462,-0.654630769
pote.txt_167,4.34653,4.161,4.158761111,0.892405,0.253247368,0.316344444,0.852605,193.787815,38.93691,0.337178947,189.2853158,33.39166842,0.283416667,191.4477,35.59901667,0.31351745,0.175254421,0.188572556,3.25462,57.5,6748.4,1.800284211,53.85157895,5004.789474,1.394294444,52.51777778,4997.833333,9191.095945,0.23999,7356.453053,0.156421053,7226.49525,0.111972222,1.12261,1.0766,1.068266667,450.2637023,393.2274143,391.9654512,0.43257,0.271355,0.308585,0.180073684,0.1053,-0.082263158,0.157522222,0.153811111,0.132538889,2.37197,0.652184211,0.796205556,5.9367,4.638665,8.70987,1.973531579,0.555389474,1.128078947,2.130338889,0.570011111,0.132477778
pote.txt_9107,5.409504444,4.866047727,4.666165116,1.295584444,-0.116615909,-0.368609302,0.882146667,170.9077489,32.2425,0.112638636,162.9318591,27.25436591,-0.188737209,165.3655512,27.68114884,0.521677222,0.420522727,0.416567512,0.376951111,80.21088889,7757.35,0.173970455,73.71477273,5955.289773,0.184823256,72.60860465,5482.848837,8976.320798,0.718855556,6314.430418,0.295006818,5425.611416,0.207304651,1.067015556,0.990577273,0.971330233,339.2087451,288.203573,274.5215899,0.357248889,0.426051111,0.376526667,0.053409091,0.127025,0.076911364,0.089886047,0.141230233,0.051309302,3.468606667,0.008411364,-0.97827907,8.173446667,7.214546667,2.693211111,-1.072343182,0.426331818,0.215786364,-2.261086047,-1.245486047,0.489206977
pote.txt_4527,2.00356,0.411888889,1.77515,1.54524,-0.0656,-0.69655,0.92992,269.03958,26.69358,0.305255556,251.7324,22.03504444,0.1275125,265.6495,26.6054,0.6750681,0.534722222,0.544092,0.21531,67.255,6578.725,0.144733333,63.28888889,3556.944444,0.136175,60.25375,6172.625,14056.24371,0.58702,12498.59628,0.129066667,13547.98663,0.069475,0.63437,0.528088889,0.660675,347.7397016,345.881094,344.1771078,0.22426,0.41296,0.45037,0.054944444,0.319577778,-0.15,0.030125,0.3864875,0.03055,3.08467,0.4592,0.3275375,7.07662,4.80533,4.97846,0.605933333,0.514311111,-3.597733333,0.84425,-1.383525,2.530225
pote.txt_9767,3.205214286,3.007153846,2.929925,1.128114286,0.498184615,0.009166667,0.552442857,265.2877214,56.27155,-0.003553846,250.9674385,49.48697692,-0.166266667,242.3707333,43.4663,0.292626071,0.175388923,0.222864583,0.3067,46.98714286,10316.01786,0.036046154,44.58769231,8272.153846,0,42.82,6974.25,19861.95649,0.075085714,16138.27612,0.048346154,13045.78313,0.036166667,1.204907143,1.097776923,1.163441667,412.6806902,400.0881672,387.3142252,0.559807143,0.495885714,0.262757143,0.109192308,0.426030769,0.072061538,0.134333333,0.396158333,0.132333333,3.394571429,0.504092308,-1.167958333,14.25092143,1.859114286,1.575807143,6.466892308,0.123607692,-0.557215385,-0.969466667,-0.535608333,0.116633333
pote.txt_4581,4.60187,3.727388889,3.8269,0.96288,-0.242755556,-0.2422,0.81871,227.28687,50.92563,0.051766667,225.7077333,42.20517778,-0.23,226.8058125,32.0259125,0.4255209,0.395706778,0.328260375,0.50282,76.13,7629.125,0.219255556,66.62,6223.166667,0.056925,65.40125,6227.5,12503.47515,0.39393,8366.621133,0.153988889,8572.604288,0.1364875,1.32859,1.252666667,1.2408,377.7797512,379.2890216,372.592371,0.41585,0.43476,0.31669,0.1955,-0.095677778,0.0768,0.23145,0.1385875,0.04585,4.73915,-0.416611111,-1.520325,10.85184,1.58464,2.46821,-3.753866667,0.2632,-0.083411111,-3.114875,0.18145,-1.1482
pote.txt_5577,4.1452,4.1502,4.207418182,1.425969231,0.3403,-0.160545455,0.432561538,222.8990615,57.86055385,0.091916667,204.5854833,52.989475,-0.103190909,198.0473273,47.85352727,0.393777846,0.369920167,0.303998727,0.271853846,48.80538462,8906.538462,0.12765,46.88833333,5883.5,0,45.62,4988.454545,15277.28638,0.250284615,10868.68582,0.022658333,7114.136718,0.039963636,1.115392308,1.0394,0.976,339.8689999,259.6608408,242.1323552,0.525976923,0.418446154,0.322215385,0.3581,0.217108333,0.031716667,0.322390909,0.130463636,0.146036364,2.628138462,0.8282,-0.732690909,12.55236923,6.726053846,1.552046154,3.628141667,1.402833333,0.422133333,-5.0871,2.897690909,0.475563636
pote.txt_4233,4.468266667,4.4103875,4.388542857,2.0887,-0.6960125,0.022885714,1.160733333,178.8356556,37.9138,-0.2686,169.0077625,33.9038625,-0.143214286,168.1861,33.93182857,0.371538667,0.1341875,0.118638857,0.172466667,64.02222222,17785.66667,0.084825,55.0075,14315.625,0.074657143,57.44142857,15623.71429,18470.18619,1.069766667,15027.05182,0.5034,13592.49274,0.793557143,1.101755556,1.07715,1.125985714,464.379279,390.8921378,424.6731623,0.502288889,0.537144444,0.422577778,0.1777,0.26575,-0.15035,-0.339971429,0.312114286,-0.001471429,4.235622222,-1.707125,0.051071429,14.19125556,9.460988889,4.017211111,-0.01665,-0.629225,-0.1639,-2.740714286,0.885028571,0.286657143
pote.txt_5813,4.72365,4.120938462,3.647633333,1.444785714,0.424661538,0.213733333,1.023128571,178.4387643,26.57212857,0.555769231,177.6941538,23.18586154,0.635666667,179.6375667,24.03205833,0.4395715,0.312408154,0.329985,1.422764286,77.54285714,7560.964286,0.799053846,71.75384615,6368.903846,0.636941667,69.11833333,5227.166667,9048.97935,0.626007143,7881.234,0.388207692,7947.022492,0.37545,1.048642857,0.988776923,0.96035,440.1737263,437.7448011,436.4639077,0.466771429,0.336592857,0.441392857,-0.027369231,0.278707692,0.1847,0.227008333,0.2546,0.04035,3.606485714,1.149830769,1.157166667,6.269242857,3.043421429,6.054964286,2.185076923,-0.404784615,-0.892607692,2.594683333,-0.152833333,-1.400016667
pote.txt_3475,3.7654,3.78724,3.777025,4.385366667,1.82122,0.04375,1.8425,103.3979,31.8816,0.5785,105.56314,32.60736,-0.3875,103.41715,30.7476,0.612430667,0.3835528,0.259618,0.2873,83.22,19884,0.20618,72.612,20362.4,0.169,70.0875,19654,12570.6888,2.292866667,11339.172,2.1058,7820.6427,2.082925,0.9411,0.94482,0.9432,470.5370578,481.8780233,464.8298745,0.3656,0.368733333,0.7403,0.13136,0.32708,0.25618,-0.1529,0.216675,-0.1025,5.183566667,1.5373,-1.29785,13.05043333,8.674433333,8.1299,2.35826,8.88386,3.70834,-8.1864,8.4861,0.7654
pote.txt_7989,5.186575,4.637830435,4.748913636,1.167241667,-0.188443478,-0.832518182,0.996104167,175.7350208,35.5077125,0.072486957,168.0394783,26.23760435,-0.346104545,168.3837773,23.11629091,0.366171958,0.26967513,0.269246182,0.366995833,82.54041667,8717.635417,0.143330435,73.23869565,7717,0.133495455,73.41363636,7592.409091,11383.79379,0.463225,8683.631187,0.200791304,8642.577255,0.152704545,1.213045833,1.170982609,1.178627273,398.0755675,391.6866289,387.9376958,0.4356,0.367304167,0.300916667,0.058413043,0.247878261,0.112652174,0.075027273,0.214818182,0.046045455,4.479133333,-0.288669565,-2.393090909,9.664870833,3.476483333,2.924645833,-2.55423913,-0.419504348,0.959152174,-4.694072727,-1.28205,0.851413636
pote.txt_2979,5.459492308,5.160125,5.4243,1.731423077,0.770416667,-0.271,1.260184615,152.6854846,21.43931538,0.548383333,146.995475,16.2288,0.210681818,138.594,15.86231818,0.359693462,0.273243083,0.210843455,0.214261538,89.94615385,12821,0.166675,86.74,9967.25,0.166454545,90.68,10901.81818,11539.14321,0.707923077,8359.456683,0.382283333,7934.2544,0.396018182,1.189861538,1.138275,1.100927273,420.1643364,348.4385205,360.6503991,0.472415385,0.288353846,0.478015385,-0.025441667,0.102041667,0.184833333,-0.072636364,0.096981818,-0.227109091,4.771330769,1.708391667,1.204027273,8.606823077,6.143484615,4.458884615,0.80415,-0.4231,2.416958333,0.508327273,0.758345455,-0.5535
pote.txt_5325,3.953023077,3.48075,3.498981818,1.467546154,-0.408233333,-0.716127273,1.519984615,198.1774769,32.72906923,-0.263733333,194.6653167,24.74413333,-0.282945455,190.0697636,18.88240909,0.335848385,0.247434,0.271970909,0.066338462,76.44461538,14054.01923,0.03895,60.77416667,13047.54167,0.029963636,63.00454545,12744.90909,17170.1657,0.264292308,16735.36573,0.186608333,15860.84839,0.168990909,1.354330769,1.301991667,1.274627273,411.1972701,408.7755781,402.8180703,0.452061538,0.310838462,0.220684615,0.096033333,0.168616667,-0.074733333,0.321572727,0.148690909,-0.045527273,6.9026,-1.21655,-2.217790909,11.12315385,2.742423077,5.284207692,-3.0931,1.262275,0.978325,-5.366372727,0.486172727,1.737481818
pote.txt_11449,4.197912,3.8320125,3.841121739,1.263588,0.406691667,-0.0498,0.830824,229.911704,40.918356,0.237175,223.4842958,35.65933333,-0.005473913,221.7751,35.89837826,0.44650896,0.325522,0.301678739,0.51918,66.8208,9444.69,0.1943375,61.54833333,7504.479167,0.098773913,59.05826087,6571.847826,14511.40059,0.297264,10441.47503,0.158145833,8444.673783,0.125378261,1.105772,1.042929167,1.005465217,373.8314281,337.6905906,332.1830764,0.465296,0.417748,0.400172,0.0442375,0.258795833,0.13965,0.10333913,0.261708696,0.078795652,3.987332,0.8796625,-0.506304348,11.500288,4.295584,2.70744,1.662658333,0.360429167,0.9248,-2.463221739,0.6097,0.32246087
pote.txt_471,4.528514286,3.813865,4.092547368,0.959428571,0.10308,-0.442568421,0.582633333,213.0968714,49.6966619,-0.11166,208.613755,41.824285,-0.384268421,199.7929,37.1464,0.406637619,0.2950639,0.284549684,0.281638095,63.20761905,8259.880952,0.12702,57.02,6370.925,0.007789474,55.76736842,5833.526316,13855.21168,0.167590476,11146.50088,0.08975,9834.019195,0.048368421,1.0743,1.02203,0.961384211,380.8484458,344.5694208,341.6829089,0.520085714,0.462428571,0.321190476,0.127225,0.169255,0.159455,0.099773684,0.117810526,0.141589474,3.42377619,-0.51824,-2.583826316,9.785914286,4.89947619,2.151761905,0.20073,-0.17159,0.18362,-5.023063158,-1.003663158,-0.541263158
pote.txt_5511,5.328766667,5.0242875,4.958957143,0.7184,-0.358,0.632628571,0.331933333,219.2881889,52.95024444,-0.2161125,218.42565,46.8326,0.148371429,221.5577143,50.71841429,0.653589556,0.5283715,0.516182571,0.887866667,72.03666667,5782.777778,0.1998,60.385,4260.375,0.811428571,70.66285714,4828.714286,9290.897289,0.299277778,2903.9925,0.063125,8078.830271,0.259357143,0.860522222,0.864,0.867314286,329.6828468,324.9381455,305.7543498,0.489288889,0.391722222,0.485244444,0.0184125,0.163725,0.3140625,0.057842857,0.125985714,0.318928571,2.334122222,-1.934525,1.551557143,10.51006667,8.101866667,0.3871,-6.8372375,4.67435,-0.032,7.267542857,0.541814286,0.164071429
pote.txt_11555,3.886070588,3.837725,3.867306667,2.149817647,0.02904375,0.0502,1.023564706,141.0060353,34.70578824,0.0152875,140.21345,33.45605625,0.585373333,137.5156667,32.57716,0.410244353,0.312125875,0.294488,1.941588235,61.90352941,10363.52941,0.38725,55.718125,7482.4375,0.7782,55.26,7785.066667,8887.107359,0.976005882,6949.042469,0.4061625,6821.682313,0.37934,0.997888235,0.94506875,0.94222,423.5665584,395.2405595,368.547507,0.462129412,0.231641176,0.429052941,-0.01781875,0.1122625,-0.04539375,-0.047053333,0.136253333,0.034246667,2.502529412,-0.01881875,0.453633333,5.991029412,6.090682353,7.702911765,-1.0836375,-0.667325,-1.21268125,0.643413333,-1.434766667,-3.609513333
pote.txt_9999,5.730641176,5.42025625,5.143386667,0.988970588,0.209775,-0.07632,1.160576471,183.6702059,24.62537647,0.638775,180.6208313,19.28829375,0.258026667,180.3777067,16.50600667,0.550023765,0.417400188,0.462773133,0.597194118,97.07705882,8073.073529,0.34136875,93.28375,5882.15625,0.34022,92.99266667,5839.833333,8503.826641,0.379929412,5838.859319,0.27045625,5338.638307,0.187666667,1.131082353,1.05673125,1.020146667,360.901927,330.913367,305.3126621,0.386005882,0.311723529,0.457147059,-0.10498125,0.19646875,0.15659375,0.125646667,0.063173333,-0.036253333,5.093564706,2.5049125,1.087886667,7.827176471,5.1262,3.556335294,2.53615,0.76458125,0.46218125,0.908033333,-0.992493333,-0.091133333
pote.txt_9337,3.643694444,3.356811765,3.4681875,0.956844444,0.292870588,0.160675,0.430133333,238.8741833,53.20858889,0.006870588,228.3479118,48.82455294,-0.02479375,225.9800438,47.8111625,0.391674444,0.296134824,0.308681438,0.493011111,54.26333333,8191.236111,0.094388235,48.50941176,5831.029412,0,49.055625,4438.4375,15656.01451,0.0933,10877.1823,0.031770588,8534.694256,0.0323625,1.080116667,1.001147059,0.95790625,374.1059337,338.6178233,325.5682055,0.557044444,0.443083333,0.370133333,0.221447059,0.336252941,0.247682353,0.38650625,0.32501875,0.186625,2.713044444,0.129676471,-0.26473125,11.9073,3.601411111,1.272761111,1.580911765,1.487911765,-0.1677,-1.894825,1.89698125,-0.3966125
pote.txt_10937,4.786017391,4.575313636,4.519019048,0.699204348,0.283963636,-0.003933333,0.26023913,218.7578261,54.24352174,0.01465,216.9255273,52.53670909,-0.119338095,214.6362857,50.87121905,0.500893783,0.395969091,0.345984143,0.658504348,65.44869565,5569.782609,0.293922727,57.90181818,3709,0.121038095,54.42952381,2301.142857,9731.163761,0.304486957,6016.683532,0.100759091,2940.967329,0.054866667,0.972917391,0.895572727,0.827419048,297.1418795,225.4922607,204.6246804,0.387569565,0.325034783,0.398369565,0.284927273,0.129763636,0.289959091,0.23922381,0.04702381,0.236442857,1.744691304,0.224886364,-0.922528571,10.24515652,9.003821739,0.628008696,0.147922727,4.005909091,-0.045218182,-7.755609524,3.417152381,-0.30362381
pote.txt_3995,3.3521,2.569766667,1.3693,1.287842857,-0.084866667,-0.2364,0.7459,254.5577714,33.74221429,0.253116667,225.77345,30.30161667,-0.06618,238.26708,24.06378,0.493220286,0.2737315,0.37395,0.184457143,58.27714286,10692.35714,0.07605,55.07166667,7731.041667,0.15704,61.78,3525.9,16943.35724,0.601328571,14491.41648,0.200233333,13762.17488,0.11076,0.865985714,0.763016667,0.57448,401.1301986,379.7597302,348.9065649,0.368842857,0.557142857,0.388771429,0.163416667,0.378066667,0.0203,-0.0586,0.43748,-0.1344,2.715642857,0.4561,-0.57626,9.887585714,7.387742857,3.280357143,2.40265,1.952633333,0.144516667,3.5488,-1.43424,-1.3437
pote.txt_7385,4.047495,3.931242105,3.883027778,1.6908,-0.032231579,-0.607044444,0.893785,196.786455,52.854865,-0.038942105,192.8148,47.26414211,-0.330388889,191.5643222,44.197,0.372148,0.295864053,0.280532389,0.18041,61.262,12185.9,0.031089474,52.57,11604.63158,0.022,48.73833333,11308.27778,15233.77361,0.502345,14320.81958,0.136494737,13294.48589,0.177027778,1.184375,1.132778947,1.160188889,401.865153,395.46352,393.6138775,0.505915,0.340365,0.24402,0.036221053,0.279463158,0.009815789,0.07215,0.226572222,-0.036372222,4.208345,0.014694737,-1.734727778,11.320275,4.173495,3.149755,2.810273684,-0.783773684,1.434052632,-2.582122222,-0.2889,1.096655556
pote.txt_4569,3.963175,3.956728571,3.979466667,2.755125,0.547014286,0.621266667,1.1302,108.8588875,29.7132375,0.330328571,108.221,28.32901429,0.325766667,107.4063833,26.37241667,0.377805625,0.249646857,0.267544,0.1626625,69.3875,14113.25,0.062771429,67.74428571,10384.57143,0.070416667,66.41,8357.833333,11893.66256,1.363875,10595.71237,0.622157143,8238.823967,0.531833333,1.1101625,1.098814286,1.14595,405.216772,373.9157002,345.4124723,0.526375,0.35545,0.568375,0.180028571,0.303928571,-0.000985714,-0.128016667,0.225066667,0.124733333,3.3646125,1.2578,0.80595,9.6567625,7.2603625,4.8282625,6.292985714,0.248071429,1.487814286,2.199783333,-2.823483333,2.491616667
pote.txt_1419,4.595638462,4.37615,4.450854545,1.191907692,0.050666667,-0.542727273,0.840676923,223.2937923,40.74413846,-0.017983333,206.8189833,32.282475,-0.426854545,210.2106455,31.13038182,0.311518231,0.144894667,0.236791636,0.109376923,61.62,9865.461538,0.009075,53.67916667,7769.333333,0.049781818,55.92363636,9496.272727,15362.99907,0.078930769,11773.34975,0.044033333,13934.21433,0.033509091,1.363376923,1.324758333,1.391990909,329.1900995,274.4726091,317.3091839,0.443338462,0.356630769,0.249707692,0.332241667,0.076466667,0.074166667,0.295263636,0.220036364,0.009918182,4.414846154,-0.483066667,-2.087172727,10.92419231,6.063369231,2.741784615,-2.867425,-1.042425,2.115691667,-0.879109091,2.470418182,1.579227273
pote.txt_4023,4.255375,4.132542857,4.019,1.7832625,-0.63,-0.7015,1.6385125,190.333875,38.551875,-0.410628571,184.8387714,21.5693,-0.224733333,185.7458833,22.74311667,0.317342125,0.183101143,0.208662,0.0565625,77.25125,15951.25,0.027814286,64.01428571,15914.14286,0.01815,64.3,15144.16667,19561.01638,0.2909625,18193.55374,0.230657143,18068.6172,0.106333333,1.3509375,1.349642857,1.3707,446.0119002,437.4552856,427.8319966,0.4992125,0.364475,0.233075,-0.124057143,0.138171429,-0.085657143,-0.068933333,0.162,-0.036466667,7.667625,-2.139514286,-2.0098,14.537625,3.356025,5.2980875,-5.254514286,1.279142857,1.282714286,-4.081116667,-0.321083333,2.085333333
pote.txt_5281,4.414441667,4.288309091,4.21454,2.722975,-0.059363636,-0.8096,1.691775,169.4171917,27.94865833,0.149972727,151.9485182,19.41050909,-0.2595,153.66526,23.77159,0.415647083,0.285886364,0.2144444,0.143333333,82.41833333,14958.16667,0.0624,73.03818182,14784.63636,0.04924,68.046,14883.7,14548.25632,0.917366667,12988.416,0.371718182,11869.87576,0.53743,1.3017,1.258690909,1.21797,423.2198477,418.9493241,422.215466,0.400066667,0.339141667,0.436741667,0.205563636,0.152490909,0.002345455,0.06927,0.19352,-0.08704,6.780533333,-0.628963636,-1.30644,11.24223333,4.129233333,6.554733333,-2.364509091,0.963536364,4.045481818,-6.41367,1.95279,2.33091
pote.txt_4397,4.60394,4.248544444,4.2157,1.64499,0.705,-0.7063625,1.59277,175.04272,22.75863,0.861211111,165.3733667,19.88507778,0.53135,168.188875,16.6573,0.3387626,0.292560222,0.181474,2.42831,79.721,9830.3,0.304044444,72.90111111,9048.333333,1.433575,66.935,9278,10440.01265,0.55069,9489.9441,0.404344444,10116.12859,0.16435,1.32032,1.256833333,1.318875,452.555323,446.165676,448.1320104,0.37707,0.17936,0.27523,0.128833333,0.074988889,0.065355556,0.1083,0.043425,-0.1626375,5.72517,2.635022222,-0.722775,7.49324,2.33804,9.44546,1.401344444,0.017055556,-0.288277778,-2.5320375,-0.4487875,-2.7052875
pote.txt_9707,5.03645,4.618804762,4.718975,0.781981818,0.196228571,0.12764,0.4854,210.8370136,37.01271364,0.110757143,203.4987952,34.15092857,-0.033055,204.25052,33.232585,0.435380727,0.29072619,0.23863125,0.420272727,66.45409091,6531.147727,0.127952381,60.49714286,4313.666667,0.033135,57.5525,4029.15,11061.43924,0.162372727,8158.256186,0.047957143,6291.52209,0.046395,1.0328,0.938695238,0.90508,312.4366403,248.3613266,236.9102013,0.453713636,0.358145455,0.393204545,0.202442857,0.145347619,0.164319048,0.132815,0.120755,0.28046,2.59665,0.547490476,-0.4323,8.576722727,8.502027273,1.679190909,-0.305990476,2.6526,-0.841657143,-5.078975,2.883935,0.42568
pote.txt_7137,4.517173684,4.149322222,3.969052941,0.577594737,0.145694444,0.090623529,0.396226316,162.9894895,27.60656842,-0.010311111,150.5545944,24.09153889,-0.112623529,150.1558588,23.43332941,0.278339947,0.1773835,0.152442,0.268021053,66.35526316,4291.328947,0.044005556,64.455,2628.694444,0,62.84235294,2671.882353,7919.447374,0.292363158,4628.457278,0.120894444,5543.174118,0.029705882,1.390789474,1.314211111,1.323682353,273.3265123,242.8708733,253.0810791,0.455784211,0.354042105,0.323963158,0.220477778,0.218994444,0.284622222,0.169694118,0.191741176,0.292576471,1.395989474,-0.208244444,-0.364341176,4.797836842,3.692231579,0.691942105,-1.134705556,0.884472222,-0.057983333,-0.259752941,1.193752941,-0.080676471
pote.txt_7617,4.293747619,3.975985,3.779431579,1.488733333,-0.152815,-1.180652632,1.357657143,207.7609048,40.44222381,-0.07754,202.585575,30.65583,-0.757126316,191.0124368,22.87260526,0.358655524,0.27934235,0.268530632,0.113328571,72.62142857,12446.05952,0.046105,60.1515,10883.275,0.035715789,55.99210526,11760.26316,16443.64905,0.249704762,14682.60328,0.166725,13761.50498,0.089426316,1.416242857,1.38242,1.362615789,377.6936831,356.4462255,358.1086213,0.412414286,0.355190476,0.208604762,0.313915,0.233685,0.009245,0.188663158,0.141757895,-0.035184211,6.380433333,-0.719525,-4.496510526,12.30778095,3.348657143,4.509804762,-0.26806,0.1232,2.45683,-9.034889474,-1.055652632,1.8719
pote.txt_7921,5.5989875,5.250247826,5.290140909,1.0148125,-0.194234783,-0.615563636,0.825754167,188.912925,38.85303333,-0.067765217,182.0155783,32.02413043,-0.355586364,182.6849455,31.27630455,0.363203792,0.250771739,0.239748727,0.430670833,80.13375,8409.333333,0.208073913,70.24,7404.652174,0.133422727,69.76545455,7176.318182,10967.34202,0.528266667,8024.298339,0.239704348,6732.021864,0.144663636,1.235479167,1.185073913,1.193859091,394.9883713,375.5117271,364.5443404,0.415566667,0.397104167,0.2959375,0.073021739,0.199195652,0.147269565,0.025409091,0.160122727,0.092872727,3.8596,-0.644921739,-2.093618182,10.2098625,4.510054167,2.016920833,-2.363730435,-0.188182609,0.921934783,-4.7871,-1.94205,0.684727273
pote.txt_8817,4.925963889,4.558817143,4.37465,0.989422222,-0.070291429,-0.435564706,0.657125,212.099775,43.86596389,-0.060331429,202.95162,38.22537143,-0.327020588,200.5042912,37.41062353,0.443543278,0.3697246,0.314035529,0.6597,68.96583333,6996.520833,0.238891429,61.87971429,5302.814286,0.18225,57.34794118,5253.382353,11285.42003,0.502233333,7785.10654,0.139511429,5808.654212,0.133835294,1.088719444,0.979514286,1.021194118,373.0588004,327.2516837,336.4204965,0.405841667,0.437275,0.305666667,0.197754286,0.1429,0.117131429,0.132508824,0.105235294,0.150470588,3.216769444,-0.416705714,-2.25335,9.787608333,5.255383333,2.380416667,-0.035382857,0.027945714,0.162528571,-6.794620588,0.903223529,-0.265673529
pote.txt_10091,4.63261,4.447266667,4.5229875,1.61661,-0.028555556,0.32325,1.36876,178.97362,24.48039,0.023955556,169.5729444,22.44884444,0.1639625,163.38145,22.7667375,0.2432223,0.140625,0.140625,0.04525,69.843,14156,0.0121,55.99777778,13381.44444,0.018975,55.74375,12740.875,18997.07763,0.23439,18608.43181,0.082777778,18025.32563,0.1290625,1.18058,1.1273,1.0989,456.0177785,461.6784367,461.2776504,0.61956,0.43033,0.29013,0.0561,0.3524,0.024666667,-0.3137375,0.3749875,0.030775,6.44629,-0.171955556,0.9351,12.4946,4.38576,4.55582,2.384355556,-0.317566667,1.722711111,3.9722875,-2.3876875,1.556725
pote.txt_4425,4.25963,4.077544444,4.18125,1.57404,-0.038,-1.14775,1.05325,217.63695,57.41849,-0.009911111,208.2978778,44.36026667,-0.7014,193.1103,33.0889875,0.3734626,0.307402778,0.31546,0.08743,61.419,11641.8,0.0121,52.79,11588.11111,0,51.49625,11488.5,17224.61859,0.08993,16248.19211,0.056933333,14995.69448,0.0391375,1.34941,1.349555556,1.2956625,363.2755438,361.3087785,356.7956037,0.4723,0.3549,0.18699,0.455088889,0.197611111,0.0113,0.4284125,0.096,-0.07225,5.69623,-0.455033333,-4.512575,13.88213,4.45823,3.56322,0.503255556,0.534544444,2.796677778,-8.0334625,-0.5265125,2.4562
pote.txt_8549,3.900863333,3.727241379,3.743028571,1.6796,0.057734483,-0.3239,0.876873333,191.4025033,38.73758667,0.050255172,184.4378655,35.96081379,0.008871429,182.2315857,35.81507143,0.397478333,0.270506724,0.337897321,1.792373333,62.45033333,9124.008333,0.750627586,57.67310345,7535.034483,0.662271429,57.55785714,7873.178571,10447.82843,0.803416667,8094.019745,0.453027586,7632.866571,0.340439286,0.93875,0.902237931,0.886575,464.9384051,447.4502655,444.2056617,0.393166667,0.38886,0.424366667,0.036424138,0.278837931,0.02312069,0.142785714,0.310339286,-0.046853571,2.474943333,-0.116813793,-0.29045,7.310263333,4.213903333,6.518836667,-0.144548276,0.534441379,-0.5215,-2.1817,0.455353571,0.37945
pote.txt_2885,6.360325,6.341063158,6.482455556,1.11592,0.442105263,0.392577778,1.093575,160.20463,31.51391,0.646721053,157.5197526,23.46233684,0.681044444,157.5600278,21.66903333,0.4633237,0.296693,0.402739222,0.40318,99.059,8715.85,0.266831579,98.54052632,6192.526316,0.318588889,98.89277778,7276.055556,8560.175625,0.348925,6595.311358,0.199205263,6956.942922,0.207183333,1.110825,1.020205263,1.067716667,369.3956163,268.0331611,314.0602224,0.399825,0.23716,0.425535,-0.0844,0.063026316,-0.042368421,0.180405556,0.152738889,0.220472222,4.961675,2.999052632,2.84735,8.860165,7.73286,3.5136,7.235552632,-2.560421053,-0.640910526,5.385622222,2.491333333,1.673183333
pote.txt_7135,4.087610526,3.626383333,3.564923529,1.137810526,0.375977778,-0.016941176,0.618526316,231.8855947,52.35165263,-0.074127778,224.4320333,46.46756667,-0.308758824,220.6489588,40.89362941,0.422245684,0.348058667,0.327028588,0.207036842,55.72473684,8615.868421,0.081811111,49.57333333,5791.333333,0,45.41117647,5689.852941,16008.98427,0.135131579,13071.05677,0.019555556,11871.77883,0.029876471,1.020589474,0.896211111,0.899382353,358.0007783,286.188848,303.5634702,0.473568421,0.420168421,0.245631579,0.3327,0.293111111,0.079866667,0.313841176,0.210458824,0.108441176,3.537442105,0.093077778,-1.801735294,12.105,6.425252632,2.218736842,4.520111111,0.173072222,-0.289922222,-3.062488235,2.026564706,0.236917647
pote.txt_2507,4.257644444,4.026076471,4.10221875,2.097566667,-0.158929412,-1.2508125,1.39705,152.4720778,29.43665556,0.031770588,143.9909941,22.32897059,-0.60338125,142.1116375,20.19591875,0.359983111,0.237013882,0.20807025,0.145611111,81.505,11454.77778,0.036611765,71.36176471,9299,0.02371875,70.90625,9811.1875,11376.56976,0.716961111,8976.2475,0.269970588,9848.539575,0.17044375,1.463261111,1.460441176,1.4401125,344.6080759,327.6842634,334.9712843,0.380983333,0.246927778,0.37505,0.206211765,0.125376471,-0.026882353,0.17506875,0.075625,-0.2703,5.512577778,-0.197570588,-2.8092125,9.042783333,3.267238889,5.038605556,-2.739447059,-0.108952941,2.406664706,-5.72585625,-1.16093125,0.96425
pote.txt_7533,4.984855,4.806415789,4.901411111,1.78656,0.217052632,-0.695244444,1.131435,195.385035,32.58164,0.232563158,189.6126842,30.79042105,-0.360294444,187.9833,28.17236111,0.4405341,0.333198842,0.311531611,0.384995,79.8845,11408.85,0.249473684,70.63842105,9775.052632,0.208777778,70.04388889,10132,12208.21103,0.81141,10082.6978,0.5539,9083.604633,0.394122222,1.18852,1.104489474,1.120172222,410.2065304,385.4225186,386.47505,0.42093,0.33169,0.359505,0.029310526,0.145484211,0.001578947,-0.082794444,0.093055556,-0.1811,4.832995,0.836736842,-1.753455556,9.76486,4.3975,3.60161,1.665736842,-0.1912,0.877742105,-2.735822222,0.427005556,0.064461111
pote.txt_10413,4.2459,4.008834783,4.110218182,1.98,-0.567391304,-0.327272727,2.0504,211.2577,19.8102,-0.085165217,189.5897348,11.68128261,0.156945455,183.9513,11.058,0.334764,0.173244522,0.201200727,0.0726,94.14,15248.66667,0.033143478,79.73869565,15237.17391,0.0396,83.82545455,15145.45455,19002.4644,0.1938,16758.41306,0.137108696,16230.45698,0.149363636,1.390233333,1.375995652,1.387663636,424.5837401,420.1775358,415.0550239,0.365933333,0.2451,0.278533333,-0.190473913,0.049252174,-0.032347826,-0.152072727,0.0456,0.001090909,9.287866667,-1.122243478,-0.006290909,13.44586667,1.888733333,6.640566667,-7.26546087,1.880204348,2.017791304,-5.958836364,1.8894,2.686127273
pote.txt_5935,4.667235714,4.587446154,4.571333333,1.141442857,0.372523077,-0.328641667,0.921371429,168.2479214,39.1584,0.235061538,167.6956462,36.2125,0.097725,168.894425,32.239,0.4473235,0.406819462,0.3553785,1.980864286,69.47928571,7972.214286,0.9718,64.20769231,7091.076923,1.231575,58.1475,6389.5,8066.214314,0.492507143,6344.253615,0.323969231,5698.7445,0.192491667,0.999114286,0.927069231,0.937466667,435.0386053,400.8952938,394.8946828,0.426528571,0.356957143,0.380428571,0.186946154,0.190392308,0.185469231,0.113625,0.241633333,0.062783333,3.051957143,0.8984,-0.919333333,5.896921429,4.612864286,6.46285,1.254669231,2.511307692,0.3961,-3.081633333,0.9591,0.76695
pote.txt_7103,5.343983333,4.939152941,5.15295625,1.52975,0.379047059,-0.1847375,0.954861111,180.2268056,44.27403333,0.272652941,176.2778412,41.75963529,0.0444125,169.1206375,38.9979,0.381552556,0.301134,0.2941675,0.399083333,76.90388889,11207,0.123852941,66.38176471,9141.882353,0.2007875,68.85125,9085.1875,12592.32868,0.863316667,8268.890065,0.488570588,8105.488838,0.57646875,1.271638889,1.208111765,1.16304375,413.2232607,378.4970588,387.4798221,0.438294444,0.456611111,0.3504,-0.078029412,0.088070588,0.066423529,-0.04675,-0.0072125,-0.01739375,4.249572222,0.448241176,-0.887275,11.97756667,5.18685,2.802683333,-0.738441176,-0.887829412,0.899211765,-2.0982,-0.57065625,0.90788125
pote.txt_1729,5.340542857,4.75115,4.92072,1.058228571,0.139333333,-0.0748,0.709342857,249.929,59.88218571,-0.17215,243.53285,58.13698333,-0.35072,228.40248,55.20732,0.277313571,0.1844815,0.1946472,0.392971429,64.44857143,9449.285714,0,46.26666667,8951.5,0,49.098,7969.8,15881.01797,0.474785714,12675.23827,0.06175,9536.6691,0.079,1.534757143,1.455566667,1.3884,411.3446602,413.4787541,417.9809473,0.465728571,0.549971429,0.194571429,0.244366667,-0.030866667,0.143466667,0.22792,-0.11664,0.09984,4.9263,-1.120266667,-2.37328,14.31378571,1.724785714,1.582885714,1.405816667,0.050533333,-0.3506,-4.17324,0.49646,-0.40572
pote.txt_8031,3.466191667,3.193130435,3.204795455,1.172329167,0.338626087,-0.155727273,0.68725,217.6188333,47.32074167,0.157786957,209.0192609,40.5723087,-0.195813636,206.0098909,39.43369545,0.305723458,0.224149783,0.210543545,0.7870875,56.7225,8166.104167,0.100278261,52.47304348,6320.173913,0.08125,50.69227273,5356,14354.62691,0.246254167,11812.07522,0.075452174,10864.01199,0.044136364,1.206970833,1.127221739,1.116090909,380.579365,353.5963666,350.1372214,0.448783333,0.3496375,0.269179167,0.292647826,0.268691304,0.120491304,0.255977273,0.252777273,0.062440909,3.094220833,0.303821739,-1.142495455,9.998,3.2533625,3.616254167,2.590521739,0.848273913,-1.027626087,-0.944890909,0.447731818,-0.747381818
pote.txt_10843,5.11607,4.862734483,4.866946429,0.850223333,-0.206948276,-0.190892857,0.75752,197.94083,38.06165,-0.004072414,189.3310517,33.49595172,-0.188403571,193.1547393,34.39004286,0.391257933,0.267766759,0.256619536,0.91319,75.38,6678,0.366086207,66.61793103,4968.793103,0.200389286,66.30178571,4855.892857,9534.78317,0.346273333,6517.198745,0.084582759,6174.033118,0.110585714,1.269153333,1.216596552,1.191071429,320.9254807,262.1760188,261.0944624,0.357193333,0.292466667,0.31761,0.158168966,0.053655172,0.14597931,0.195385714,0.0259,0.051775,3.49097,-0.6662,-1.036507143,8.440023333,6.28516,3.01473,-1.482834483,0.302686207,-0.158751724,-2.556610714,0.306485714,0.424485714
pote.txt_207,4.869944681,4.492452174,4.465188889,1.370812766,0.002626087,-0.368573333,0.933310638,189.4093064,37.30088723,0.213547826,181.4452087,32.4673087,-0.064806667,181.65784,31.62112889,0.472245043,0.382439913,0.350165111,0.640453191,86.83212766,8285.904255,0.323597826,81.4073913,6504.902174,0.320731111,78.21977778,6118.822222,9358.805657,0.72646383,6334.188896,0.410302174,6165.536098,0.287215556,1.131910638,1.089643478,1.079426667,382.6292536,356.2336425,355.6647602,0.388165957,0.347246809,0.495670213,0.066613043,0.135343478,-0.031665217,0.039575556,0.087662222,-0.047855556,4.185002128,1.027463043,-0.408342222,9.048402128,3.981974468,3.264855319,0.83448913,-0.175295652,-0.628380435,-1.490573333,-1.913757778,-0.324546667
pote.txt_5591,4.855361538,4.72605,4.6701,1.885384615,0.098333333,0.564545455,1.845192308,165.2109308,16.18740769,0.441225,156.6418333,12.78033333,0.771072727,160.0291909,15.42493636,0.341193462,0.25392825,0.261685636,0.067015385,90.77153846,13023.38462,0.0363,79.37833333,12658.33333,0.0396,78.32454545,12327.63636,15394.41418,0.177007692,14622.00551,0.122683333,15246.6552,0.121681818,1.298253846,1.2633,1.240609091,408.78172,409.4625626,415.2680437,0.479692308,0.259115385,0.316953846,0.1373,0.1429,0.026466667,-0.008836364,0.208881818,0.071236364,8.462184615,1.433466667,3.1412,10.35737692,2.960576923,6.482623077,-1.008658333,0.48845,4.036233333,3.188654545,-0.980318182,4.403245455
pote.txt_10609,3.9688875,3.9927,3.97845,1.356375,-0.108533333,-1.091685714,1.20203125,178.2778688,30.15474375,0.059426667,153.4942667,20.37384,-0.702835714,158.8430214,16.69066429,0.2289315,0.187349067,0.163618,0.0408375,76.079375,9779.9375,0.01452,72.00133333,6950,0,68.13785714,8414.928571,13396.25292,0.10984375,10119.53492,0.058686667,11474.4629,0.038014286,1.581425,1.58964,1.584621429,319.5702729,293.9084566,310.7146061,0.43706875,0.18965625,0.26875,0.341326667,0.06744,-0.054693333,0.343671429,0.0484,-0.154028571,5.6076,0.133093333,-3.598,8.92805625,2.05166875,3.9526375,-1.339413333,-0.51324,1.815033333,-6.047485714,-1.021607143,1.111221429
pote.txt_11409,5.203520833,4.834934043,4.853852174,1.003245833,-0.120410638,0.129969565,0.968783333,189.1065417,39.6128125,0.372819149,182.7323872,34.03915106,0.401773913,181.653087,33.71437391,0.427462167,0.305679681,0.344498804,1.871839583,85.813125,7121.135417,0.888151064,75.33361702,5656.191489,1.0469,80.49152174,5880.978261,7622.574144,0.653185417,4747.912726,0.392051064,5554.603909,0.390756522,1.140639583,1.081991489,1.077741304,444.8653994,429.2116012,430.3460662,0.37405625,0.36780625,0.4348375,0.094591489,-0.020819149,0.074517021,0.03553913,0.117815217,0.154467391,4.0228125,0.149070213,1.431280435,7.052614583,2.7652625,5.74225625,-0.495548936,-0.021485106,-1.818804255,1.751767391,-0.224143478,0.824054348
pote.txt_1129,3.992133333,3.848576471,3.78240625,1.929188889,0.372294118,-1.0907,0.939633333,173.7725333,43.64362222,0.373858824,163.7270235,39.02995294,-0.0296125,161.9007625,36.7169625,0.404010889,0.277486118,0.288320313,2.675566667,53.12333333,7948.222222,0.578882353,48.64176471,5854.235294,2.28678125,47.8675,6933.6875,9486.292167,0.644788889,7483.166765,0.250535294,6766.433013,0.0802125,1.034677778,1.009370588,1.01288125,415.817271,389.3026565,381.6422842,0.4306,0.250933333,0.356188889,0.369017647,0.111535294,0.012788235,0.3080875,0.13911875,-0.1322,2.537866667,0.541923529,-1.43259375,7.508866667,6.0597,8.734811111,0.063835294,1.034582353,-5.363417647,-2.66151875,-1.43435625,4.71573125
pote.txt_6071,6.0005,5.954892857,5.814438462,0.694213333,-0.001971429,-0.006646154,0.1838,186.0110667,40.27856667,-0.004314286,188.5752,39.45428571,-0.000930769,188.3040923,39.72,0.8950102,0.882089286,0.868615385,0.894433333,80.32333333,2124.933333,0.749242857,78.05571429,414.7142857,0.767892308,77.88461538,140.3076923,2024.868493,0.274813333,810.2099643,0.032685714,843.7748769,0.009830769,0.491633333,0.458042857,0.455753846,147.9483507,63.34620054,16.51831692,0.28676,0.197053333,0.675,0.245628571,0.007742857,0.517857143,0.216046154,-0.134615385,0.519230769,0.79562,0.002485714,0.0475,5.875366667,18.55778667,1.000273333,2.74135,13.44463571,-0.0213,2.425553846,10.14276923,-0.007846154
pote.txt_11915,4.950729412,4.58825625,4.84658,2.065358824,0.4516125,0.438893333,1.236252941,161.5127588,36.32557059,0.57361875,158.716,33.55515625,0.655233333,152.20858,32.87492667,0.553068706,0.420923625,0.472271333,1.260170588,86.36647059,9030.529412,0.44964375,75.835625,6645.5625,0.420613333,81.218,7299.466667,6937.6471,0.957182353,4644.591594,0.44135,4627.523907,0.446753333,1.084976471,1.02874375,0.981473333,372.0745599,301.4443742,341.2471816,0.296047059,0.244347059,0.4826,0.11169375,-0.0684625,0.09920625,0.039826667,0.047753333,0.0918,4.552829412,1.22698125,1.73206,7.238347059,6.280852941,6.5242,-0.45695625,-0.15344375,-0.33528125,0.492966667,2.205053333,0.689753333
pote.txt_8729,4.77850303,4.642153125,4.640683871,1.196378788,-0.14091875,0.201290323,0.871606061,187.4360242,33.3967,0.08851875,181.9212969,28.67622188,0.219329032,184.3460129,31.47797419,0.455429788,0.353779938,0.341150548,0.933245455,79.61909091,7568.151515,0.439490625,73.4946875,5827.90625,0.306590323,73.92548387,4853.16129,9203.884412,0.417045455,6640.083366,0.2017875,5820.215829,0.196006452,1.030530303,0.985103125,0.954177419,356.1091092,299.2531852,283.1284316,0.375909091,0.276406061,0.470906061,0.140659375,0.09433125,0.113159375,0.100567742,0.08413871,0.184232258,3.592712121,-0.066525,0.99996129,8.0653,6.692960606,4.004730303,0.040159375,1.617265625,-0.3913125,0.063432258,-0.150764516,0.500670968
pote.txt_5689,5.527415385,5.432583333,5.209018182,1.445169231,-0.249933333,-0.353736364,1.074030769,137.8588923,26.634,0.391516667,133.9886083,22.90406667,0.235872727,134.7722273,25.05943636,0.510074846,0.408480333,0.414838364,1.589438462,89.00153846,5479.230769,0.669908333,87.26916667,3507.5,0.745890909,83.91363636,2757.181818,3242.170354,0.849315385,2482.733408,0.3741,1934.305527,0.264409091,1.211323077,1.12805,1.063054545,307.8758882,234.571791,230.7876141,0.247007692,0.274169231,0.452738462,0.084058333,-0.007783333,-0.035541667,0.067790909,-0.018545455,-0.086109091,3.333146154,0.829933333,0.397736364,4.490576923,6.526715385,5.847207692,2.938283333,-1.300191667,-2.149966667,2.626490909,-2.173036364,0.603281818
pote.txt_673,3.951316667,3.756382353,3.77698125,2.084327778,0.272970588,-1.2087625,1.063866667,176.0242333,31.55888889,0.362805882,169.3609059,31.14813529,0.03814375,158.8015125,30.2539,0.415170611,0.248768824,0.210166687,2.727044444,60.68944444,8207.166667,0.720882353,53.77352941,5709.117647,2.3985,51.899375,6994.875,8685.731944,0.8271,6573.690482,0.320711765,5854.390037,0.1091875,0.958122222,0.952164706,0.9555625,426.5898048,400.5123296,389.6010287,0.3633,0.241255556,0.458805556,0.111917647,0.095223529,-0.0185,0.2030375,0.13684375,-0.177325,2.546838889,0.477470588,-1.53033125,6.565211111,6.411472222,9.299033333,-0.290352941,-0.732129412,-4.227058824,-3.2831375,-0.51531875,3.233375
pote.txt_9273,5.5904,5.191075,5.058514286,1.612977778,0.2753,-0.219828571,1.270833333,160.7067889,37.40773333,0.47015,159.5020375,29.58095,0.178628571,151.9298429,25.50285714,0.602049444,0.527423625,0.510015857,0.824877778,105.3166667,7648.111111,0.3918875,94.78125,5929.375,0.385571429,93.74714286,5370.285714,5817.125867,0.814922222,3718.041925,0.4643,4339.084414,0.3104,1.228044444,1.199175,1.178057143,367.9819169,354.744365,349.4144727,0.364366667,0.301211111,0.565566667,0.24915,-0.0424375,0.1485,0.257814286,0.026542857,-0.314714286,6.026455556,1.839775,1.555671429,8.284811111,2.542744444,4.316233333,0.9494,0.1618125,1.1136875,2.086857143,-1.057928571,-1.123142857
pote.txt_11719,3.643269231,3.676125,3.655718182,1.213661538,0.2045,-0.403781818,0.868553846,206.0289846,40.13036923,0.103133333,176.966025,30.69204167,-0.382136364,189.4357727,30.80696364,0.167836615,0.144125,0.125724727,0.025130769,60.96923077,9642.769231,0.009075,57.1725,6797.916667,0,54.63090909,8654.363636,15578.18262,0.070946154,11625.26283,0.040158333,13728.37051,0.028972727,1.599230769,1.611633333,1.607690909,327.0194748,298.161995,319.9852954,0.479038462,0.268746154,0.220092308,0.371108333,0.130166667,0.013033333,0.381609091,0.148872727,-0.054727273,4.382676923,0.355866667,-1.838145455,10.47717692,1.917723077,2.662746154,0.0341,0.160525,1.334058333,-1.340318182,0.116,0.818718182
pote.txt_9837,4.770709091,4.658228571,4.668875,0.896909091,-0.130190476,-0.20344,0.614418182,167.94785,30.71189545,-0.136790476,156.5986571,25.43644286,-0.179545,154.746725,25.205135,0.344953318,0.241219571,0.2241243,0.277781818,69.34772727,6074.590909,0.083980952,64.97666667,3741.904762,0.01221,65.8115,3528.1,9126.213341,0.087604545,6702.060267,0.030752381,6248.798955,0.028065,1.274409091,1.203671429,1.184485,277.4829289,233.7290517,227.3222436,0.497222727,0.257840909,0.391922727,0.462352381,0.074604762,0.067152381,0.446685,0.08834,0.06934,3.07795,-0.646938095,-0.7842,6.157745455,6.357759091,2.2022,-0.954714286,1.168771429,0.358219048,-1.61871,2.174345,0.19604
pote.txt_4941,4.302741667,4.171518182,4.25111,3.562175,-1.250909091,1.3069,1.6096,123.9734083,37.33685,-0.183209091,118.8863273,32.72273636,0.42305,124.90428,33.11843,0.563678333,0.425621182,0.4672264,0.1956,79.9575,14404.66667,0.054363636,66.45727273,13957.81818,0.13104,66.065,13899.7,11780.06053,1.336225,8273.175664,0.569027273,11612.9405,0.95672,1.012658333,0.959954545,0.96515,425.3327522,424.493878,433.3740223,0.451533333,0.330308333,0.561558333,0.177727273,0.230936364,-0.189545455,0.15195,0.28941,0.23369,5.944466667,-1.240809091,0.69115,11.17209167,5.624775,7.088308333,-5.514654545,-0.188618182,3.729663636,1.85189,1.5739,4.61641
pote.txt_1669,3.5355,3.266390909,3.24296,1.793066667,-0.014363636,-0.8896,0.93265,222.754725,59.87135,0.010636364,213.6541182,45.52883636,-0.40407,197.37468,39.11986,0.427272083,0.384262636,0.4156069,0.234066667,57.61916667,11002.10417,0.093809091,53.98818182,9640.090909,0.02535,52.308,9366.25,16823.56424,0.31845,14647.06978,0.144954545,12500.24796,0.07703,1.206075,1.134709091,1.10935,402.7579688,396.6925553,396.9378686,0.505683333,0.427583333,0.280825,0.424881818,0.345772727,-0.056763636,0.43744,0.28468,-0.0508,4.816241667,-0.071054545,-2.8024,13.26006667,2.205725,3.656241667,3.044863636,-0.578036364,1.426518182,-5.72736,-0.13749,0.57041
pote.txt_3979,4.87354,4.8567,5.190633333,0.70378,1.00E-04,-0.5186,0.42446,138.79712,40.6084,-0.13495,133.6854,29.06005,-0.302233333,130.0554667,22.91213333,0.2894306,0.2475,0.283754667,0.16642,61.39,7992.8,0.0445,62,7563,0,63.29,5428.666667,9625.89508,0.44952,6808.93385,0.269,4037.758967,0.073133333,1.28008,1.2288,1.266333333,364.6467883,363.42669,340.5152519,0.58496,0.4409,0.18938,-0.06945,0.36195,0.1646,-0.400033333,0.387333333,0.120066667,1.55908,-0.122775,-1.379266667,5.28158,2.8943,0.47536,0.824725,-0.148,-0.02905,-3.207966667,-1.9403,0.3575
pote.txt_10277,3.904841176,3.7997,3.802793333,1.976617647,0.29010625,0.203706667,1.077035294,159.7505647,35.37350588,-0.02194375,156.169675,33.88765625,0.520686667,154.4242333,33.56479333,0.382171647,0.279717875,0.275421333,1.923141176,60.66058824,11260.47059,0.38993125,52.233125,8291.875,0.600366667,52.48866667,9136,11221.24703,0.825529412,8627.760544,0.4273875,9665.24722,0.35824,1.002129412,0.95373125,0.958753333,446.0081078,416.2967147,392.0053351,0.477211765,0.267876471,0.375594118,-0.07836875,0.11926875,0.02469375,-0.011853333,0.208446667,0.051006667,3.040335294,-0.03876875,0.731366667,7.401188235,5.757435294,7.598229412,-1.68910625,0.6692375,-1.554075,2.983553333,-0.861913333,-2.565546667
pote.txt_9701,4.974183333,4.730054545,4.69336,1.149883333,-0.183054545,-0.66927,0.931066667,206.1358,44.343875,-0.157327273,202.7810818,37.35703636,-0.41736,201.29674,32.47295,0.296084583,0.155963364,0.1436402,0.144308333,67.2425,12053.16667,0.0435,56.04454545,11341.18182,0.01885,50.433,10274,15561.66854,0.241608333,14720.15029,0.155309091,13101.7242,0.12632,1.347083333,1.315109091,1.33085,413.7554663,415.3777022,404.9192454,0.489941667,0.456125,0.292133333,0.051481818,0.394445455,-0.050345455,0.04766,0.31258,0.0626,4.687158333,-0.643254545,-2.88299,11.41405833,5.124175,3.141133333,0.639054545,-0.114790909,0.134727273,-7.27704,-3.49167,0.94962
pote.txt_1245,4.695758333,4.544008696,4.469581818,0.789658333,0.316791304,0.022790909,0.658454167,185.1938917,31.3122125,0.162834783,179.7558435,26.77112609,-0.074004545,174.2659818,24.80217273,0.26411,0.155160043,0.167262636,0.807941667,64.44375,7304.677083,0.0968,61.68826087,6051.847826,0.067822727,59.45954545,5289.977273,11105.31185,0.169645833,9764.080865,0.0898,8955.392173,0.085436364,1.301754167,1.250443478,1.235809091,375.84933,347.9893091,339.4697767,0.536433333,0.3406875,0.296816667,0.115765217,0.203126087,0.146913043,0.231663636,0.163081818,0.107363636,2.973316667,0.521017391,-0.730936364,6.180983333,3.685641667,3.2462625,2.05943913,1.213726087,-0.400669565,-0.1354,0.928813636,-0.965054545
pote.txt_3249,5.507475,5.441866667,5.35835,2.795625,-0.388333333,-1.1125,1.73395,131.428725,36.813675,0.089433333,135.6700667,20.7168,0.5703,125.0731,27.72115,0.62279525,0.586412,0.599861,0.330875,93.8075,12270.75,0.192833333,74.53666667,11061.33333,0.14685,86.625,11939.5,9030.24965,1.2153,6338.834367,0.793166667,4885.7466,0.4232,1.247075,1.214733333,1.24665,405.3750598,417.0392031,402.3766153,0.30665,0.44205,0.378125,0.0417,0.3888,-0.125,0.0236,0.15205,-0.215,6.46075,-1.904066667,0.65175,10.2065,2.86045,6.013425,-5.3368,-0.6412,2.776666667,-3.298,-1.74315,3.5614
pote.txt_6499,4.21111875,4.1121,3.998914286,2.199525,0.011466667,-1.155714286,1.5331,195.4303938,28.4851625,0.245066667,177.6872533,20.46177333,-0.500778571,174.0663071,17.45331429,0.379112937,0.2824574,0.236135857,0.219675,79.3775,12985.5,0.07436,74.06666667,12776.26667,0.056571429,70.67928571,13444.78571,15869.51901,0.4874875,12942.78215,0.232033333,13153.99414,0.179385714,1.25399375,1.2316,1.267778571,408.9614036,405.3504541,405.1443293,0.4453375,0.31305,0.389425,0.22836,0.17676,0.032026667,0.02305,0.088028571,-0.162857143,6.74809375,0.522693333,-3.051471429,11.939225,2.95499375,5.5628875,-1.2975,1.39668,2.9698,-8.1054,0.017207143,2.019442857
pote.txt_6149,4.421626667,4.3766,4.4883,0.990226667,0.103557143,-0.464292308,0.7247,226.3990933,40.90791333,0.033121429,214.7454143,34.10040714,-0.287930769,214.7377846,31.36983077,0.243426,0.17075,0.142262769,0.1255,62.08466667,9374.266667,0.062042857,56.63357143,8094,0.018784615,55.12615385,8040.076923,14213.82137,0.13226,11801.99254,0.095542857,11163.43662,0.063946154,1.450133333,1.370421429,1.329515385,365.7319967,335.2943689,340.776492,0.4242,0.427913333,0.294553333,0.263664286,0.238428571,0.092107143,0.232730769,0.233607692,0.039938462,3.835633333,0.0371,-2.062138462,9.18022,3.699686667,2.532353333,-0.620021429,1.342242857,1.369892857,-3.934184615,-0.615038462,1.013207692
pote.txt_12039,4.23091,4.109333333,3.919875,1.71376,-0.025555556,-1.558,1.57272,198.10978,37.35152,0.144666667,193.8464333,27.58344444,-0.9292,194.96975,22.7265625,0.3373501,0.275444444,0.221269,0.05845,77.899,14368.8,0.031533333,67.18444444,14090.44444,0,53.94125,14069.625,17624.37419,0.19706,17072.7747,0.1327,17214.38393,0.05935,1.35487,1.3634,1.343925,421.5146363,411.250841,417.4037286,0.47423,0.29158,0.20549,0.107533333,0.169422222,0.019155556,0.070925,0.1146,-0.1213,7.45242,0.352822222,-5.666725,12.12923,2.19571,5.24823,0.113377778,0.466488889,3.136866667,-10.3799375,-0.9772625,1.608025
pote.txt_5111,5.170433333,5.059827273,5.10823,2.781041667,-0.392727273,-0.248,1.63435,148.7705417,41.12876667,0.306709091,143.7609455,27.83005455,0.27318,145.37351,32.148,0.563803333,0.496345909,0.4944181,0.357558333,92.16416667,11897.58333,0.154890909,80.91909091,11120.18182,0.05379,78.815,10857.2,10339.76594,1.060058333,7796.415709,0.464227273,6062.61164,0.28299,1.199825,1.172663636,1.16394,406.8199912,408.3746139,412.7063534,0.352616667,0.396516667,0.464883333,0.177154545,0.213081818,-0.130818182,0.06611,0.06526,0.07936,6.917816667,0.774781818,-0.42075,10.94178333,3.306658333,6.391258333,-1.903509091,-0.354454545,1.770063636,-5.44516,-1.08686,4.1177
pote.txt_421,5.011893939,4.808784375,4.817719355,0.900836364,-0.171334375,-0.188490323,0.740072727,190.758697,43.02944848,-0.020390625,183.9018656,35.9312625,-0.135906452,182.2283677,36.3983871,0.412878848,0.309052969,0.312439968,0.932818182,74.59151515,6677.878788,0.35408125,66.63125,4920.96875,0.157364516,67.02387097,4871.290323,9350.101248,0.29429697,6234.052078,0.1470875,5747.209071,0.110516129,1.218969697,1.145375,1.173235484,339.7876568,302.0762029,304.9571788,0.409384848,0.352481818,0.382172727,0.3193625,0.06086875,0.084703125,0.281629032,0.037183871,0.076083871,3.661475758,-0.511159375,-0.77716129,8.286018182,5.287039394,3.32120303,-1.393171875,0.381790625,-0.39340625,-2.714932258,1.909787097,-0.967003226
pote.txt_9481,4.475908333,4.094188571,3.908226471,0.999758333,-0.113028571,-0.075794118,0.779761111,199.6647583,33.38935556,-0.058042857,190.0477029,29.66243143,0.130508824,186.9119588,28.73932647,0.353973833,0.2052254,0.233449353,1.520011111,64.22611111,8190.652778,0.67782,58.038,5665.457143,0.458238235,58.81911765,5593.558824,12024.5033,0.336661111,8504.90644,0.130868571,8673.768724,0.104138235,1.0283,0.962571429,0.950255882,398.9832912,339.3379926,321.8240512,0.450336111,0.356130556,0.380938889,0.03362,0.07768,0.15526,0.076576471,0.160323529,0.093788235,2.857986111,-0.738208571,0.386620588,8.33295,6.793880556,5.152394444,-1.689111429,1.191265714,0.633051429,0.770323529,-0.943861765,-0.892655882
pote.txt_11221,4.615553191,4.3251,4.372962222,1.165674468,0.137830435,-0.165351111,0.792819149,197.3077362,36.43458723,0.246152174,192.0312348,34.96338261,0.20696,189.9327222,35.24204,0.481104979,0.382765717,0.333509267,1.996229787,80.00702128,5907.861702,0.9379,73.8726087,4361.728261,1.298528889,72.14088889,4603.533333,6816.03027,0.78156383,4238.334257,0.382780435,3661.226691,0.333602222,0.980402128,0.92326087,0.930875556,405.750288,362.5571828,360.8053406,0.324044681,0.299948936,0.504397872,0.096580435,0.121943478,0.244678261,0.130428889,0.100344444,0.205184444,2.638497872,0.513671739,0.058211111,7.189510638,4.791214894,5.24812766,0.793017391,-1.020402174,0.124852174,-0.617302222,0.351724444,-0.468126667
pote.txt_5097,4.071566667,3.998690909,4.03056,2.805366667,-0.302363636,-1.13,1.454675,163.677475,39.89166667,0.112181818,158.2896273,31.8262,-0.38928,151.97587,26.16601,0.453084583,0.372896455,0.3123194,0.13285,76.61416667,12584.58333,0.039,64.83545455,11433.27273,0.02145,61.4,11417.3,13604.45243,0.788683333,11680.29083,0.218472727,11307.0197,0.15957,1.209366667,1.1841,1.17789,393.4439464,387.2466844,387.7249583,0.43665,0.293391667,0.42225,0.175163636,0.206281818,0.007290909,0.25942,0.12549,-0.12998,6.083341667,-0.269927273,-2.956,11.459225,3.567083333,5.836375,-0.829054545,-1.060854545,3.635563636,-7.38905,-0.65071,2.62375
pote.txt_2683,4.120372222,3.535454286,3.8002,2.869858333,0.193217143,0.253311765,1.3995,196.2388028,37.17493611,0.264745714,181.7349314,31.76958286,0.104788235,183.0035,34.81331765,0.612681028,0.4562476,0.437087412,0.444980556,87.37416667,11547.29861,0.263048571,79.29657143,10068.71429,0.166782353,75.29176471,9698.941176,11429.82537,1.322552778,7635.947686,0.790228571,6150.644418,0.7402,0.981413889,0.939811429,0.970897059,387.9864963,360.0800782,361.1671858,0.235341667,0.328986111,0.559491667,0.011337143,0.090917143,0.048234286,0.013305882,-0.023423529,0.119638235,5.192822222,0.413117143,-0.874547059,11.55669722,5.825886111,5.749363889,-1.514125714,0.400837143,1.951985714,-5.738226471,-0.177044118,2.372626471
pote.txt_11859,5.100692308,5.004033333,4.9608,1.503453846,-0.715566667,-0.182909091,1.282969231,153.9299769,31.66383077,-0.341791667,152.7851917,22.34985833,-0.019227273,152.7331545,23.17263636,0.377307769,0.302664333,0.326234818,0.221376923,79.89615385,11435.38462,0.047408333,67.21916667,9665,0.0759,70.44636364,10159.90909,13523.71024,0.342592308,10507.25526,0.22145,12033.79818,0.168054545,1.137184615,1.075775,1.117254545,398.4358416,365.9052328,352.7384059,0.522453846,0.322338462,0.316638462,0.2886,0.096308333,-0.026216667,0.163972727,0.137954545,-0.095536364,6.034423077,-2.1463,-0.4565,10.5546,5.937007692,4.448438462,-6.4628,-0.016816667,2.074658333,-1.291354545,-0.399727273,1.617254545
pote.txt_9949,4.806408108,4.490813889,4.440557143,1.272324324,0.264163889,-0.193082857,0.925124324,185.2631135,32.71123784,0.367863889,180.1126,28.76894444,0.20954,175.6100943,28.85144857,0.451407351,0.3102315,0.291232943,1.539137838,72.57675676,8409.331081,0.512611111,68.73833333,6209.708333,0.828842857,67.01742857,5939,9528.138935,0.513308108,7029.198075,0.299236111,6383.954266,0.204534286,0.9841,0.947483333,0.947814286,388.5147407,346.7981362,326.7830134,0.393591892,0.299032432,0.401767568,0.018075,0.089983333,-0.009555556,0.031528571,0.096768571,-0.08068,3.180972973,1.136963889,0.220391429,6.946562162,7.061721622,5.690451351,1.194938889,0.779252778,-0.452658333,-0.663314286,-0.608334286,-0.658748571
pote.txt_9927,4.071123529,3.85055,3.747433333,0.951341176,0.447725,0.2156,0.4498,225.3531,54.12482353,0.05843125,218.2833,45.5834125,-0.081133333,215.54518,46.35006,0.402795,0.301079,0.327969467,0.421052941,56.24058824,7470.838235,0.21114375,53.801875,5356.4375,0.03124,49.058,3579.166667,13757.08738,0.168688235,10462.71578,0.10739375,7001.244533,0.052626667,1.122311765,0.99325625,0.992813333,342.0195768,295.7295231,273.7315496,0.494794118,0.390152941,0.310588235,0.4033875,0.24914375,0.181775,0.368646667,0.18372,0.116213333,2.7774,0.40078125,-0.57148,11.15036471,5.237764706,1.524958824,3.24114375,2.58149375,-0.0616,-3.702073333,2.5175,-0.72004
pote.txt_2749,4.316955556,3.606964706,4.19351875,1.701,0.579394118,0.0631125,1.070044444,179.4675278,34.81263889,0.533935294,168.2799529,31.36301765,0.31486875,169.2569875,30.70036875,0.503669056,0.432794118,0.400383688,1.142622222,74.12333333,8773.472222,0.634576471,69.11941176,6830.352941,0.52269375,67.686875,6736.546875,9493.088189,0.770555556,8368.691929,0.579270588,7712.179519,0.4103625,0.977427778,0.862005882,0.91119375,418.9629767,393.326508,392.8379506,0.363088889,0.372827778,0.391966667,0.081947059,0.246752941,-0.013152941,0.15266875,0.26105,-0.1709625,3.684838889,1.067982353,0.5382875,6.7075,4.413338889,5.960494444,3.939641176,-0.133335294,-0.613988235,2.32168125,-1.004825,-0.87740625
pote.txt_6043,4.674873333,4.582821429,4.515646154,1.000673333,0.224828571,-0.187953846,0.54534,222.4972733,50.86832667,0.011778571,213.6718714,47.30097857,-0.248146154,211.0673231,42.16936923,0.421191733,0.320518857,0.275148462,0.292073333,60.54866667,8273.933333,0.130028571,54.48857143,5015.071429,0,50.3,5093.538462,13326.30638,0.098866667,9026.655243,0.029785714,7329.455438,0.035169231,1.148873333,1.047407143,1.072607692,328.4753158,239.1374976,246.0633601,0.445626667,0.40254,0.333586667,0.307085714,0.174207143,0.107957143,0.315784615,0.119423077,0.149453846,3.210573333,0.190985714,-1.766607692,10.54965333,7.384886667,1.84372,1.11805,2.427142857,0.046157143,-7.367638462,2.818315385,0.599730769
pote.txt_4199,2.921877778,2.9584,3.025985714,3.577777778,0.4225,-1.678571429,1.423333333,253.7207667,37.89795556,0.140625,210.395025,34.81,-0.719642857,169.9346286,31.69028571,0.408875111,0.25,0.165597143,0.187777778,64.02222222,16513.77778,0.105625,61.6225,16384,0.060357143,62.55,16226.28571,21180.8004,1.280266667,14689.44,0.837225,9002.815714,0.610814286,1.045655556,1.030225,1.012114286,468.7362757,453.0980532,435.8658833,0.3424,0.433788889,0.508666667,0.0729,0.3136,0.1089,-0.1364,0.207128571,-0.148571429,5.113511111,0.087025,-3.4181,17.1344,3.761288889,5.371877778,1.0404,3.6481,2.235025,-10.96045714,3.7152,0.363657143
pote.txt_11039,4.714275,4.380542105,4.49455,1.031365,0.289547368,-0.147888889,0.52117,213.398405,51.976305,-0.005784211,204.9737211,42.41953158,-0.2975,204.8348056,39.74661111,0.4797584,0.416230263,0.376886556,0.269045,60.1845,7448.0125,0.108263158,56.12789474,5318.289474,0.029188889,51.40166667,4042.333333,12882.43829,0.14728,8823.8036,0.074589474,7520.166944,0.024694444,0.963775,0.869378947,0.813477778,319.4176204,252.8785187,195.1227143,0.438195,0.380355,0.305425,0.336678947,0.150984211,0.124263158,0.303011111,0.002944444,0.150644444,3.0696,-0.052331579,-2.022322222,10.75462,9.072135,1.95603,-0.230410526,5.083463158,0.507663158,-6.901005556,4.598322222,0.344483333
pote.txt_3571,3.6562,3.64648,3.73,3.357716667,0.8782,-1.460025,1.5925,120.09465,33.78001667,0.4945,123.82444,35.1972,-1.19,121.480375,35.658,0.466680667,0.2335528,0.032361,1.4773,69.88666667,17825.5,0.53378,56.712,16305.2,0.15275,49.95,18147.5,13130.17875,1.8206,12524.47884,1.25264,10635.3855,1.4094,0.99285,1.00332,0.987525,503.763148,524.0724011,529.4311719,0.430133333,0.36785,0.585783333,0.06272,0.32458,0.12156,-0.33,0.26215,-0.320775,4.09775,1.06514,-3.063825,11.75205,7.77285,9.00045,3.16984,4.5772,-0.21292,-11.103125,6.013375,-1.315375
pote.txt_9241,4.17250625,4.10284,4.146821429,1.2185125,-0.066213333,-0.852635714,1.04351875,168.3938187,32.3840875,-0.06032,164.7513,27.48374,-0.52385,160.3607143,22.91223571,0.223728375,0.170133333,0.161385857,0.06659375,70.92875,10225.625,0.02574,62.586,9206.066667,0.006592857,59.34785714,8587.714286,13386.91371,0.19051875,12607.18681,0.10626,11561.60514,0.087192857,1.46634375,1.43074,1.421642857,353.636206,351.709921,353.8359131,0.49743125,0.2857875,0.2993375,0.309206667,0.199466667,-0.035733333,0.274564286,0.162242857,-0.041735714,4.89125625,-0.22256,-3.133814286,8.8260625,3.14045,3.5949125,0.715906667,0.17766,1.594533333,-5.944664286,-1.877871429,1.650028571
pote.txt_1875,4.304497059,3.981006061,4.04919375,2.696002941,-1.059981818,0.75808125,1.065885294,191.1037824,47.48639706,-0.214839394,173.6573545,41.6331697,0.30981875,175.1797594,39.8841375,0.618065441,0.490024394,0.497852437,0.412335294,75.32941176,10404.80147,0.150418182,66.69666667,7861.454545,0.28675,72.549375,7956.765625,11187.23561,1.08935,5995.481924,0.261645455,7042.098675,0.741028125,0.946208824,0.892972727,0.877696875,355.9417408,309.464158,298.9171261,0.311355882,0.354958824,0.525170588,0.070560606,0.093633333,-0.17090303,0.027190625,0.125903125,0.05033125,4.031161765,-1.481369697,0.8259625,11.70206176,7.283576471,4.485176471,-4.887327273,-1.840127273,0.258978788,1.112615625,0.01506875,1.692971875
pote.txt_7759,5.235495455,5.105595238,5.05796,1.454654545,0.122380952,0.21852,1.425822727,167.6572364,28.57394545,0.543633333,160.4583095,21.7559381,0.57488,163.19449,22.06485,0.441284818,0.397057524,0.39916665,0.704881818,107.7777273,8777.318182,0.407171429,100.1157143,7863.095238,0.304005,99.4085,8414.3,7786.447495,0.8956,5859.690429,0.577780952,5622.10595,0.467275,1.306986364,1.297833333,1.29606,393.7916479,386.648045,381.1365191,0.268981818,0.147877273,0.360654545,0.12062381,0.067504762,-0.078514286,0.089995,0.010185,0.01604,6.157572727,2.105352381,1.983,9.531259091,2.200895455,4.089659091,2.13942381,-0.140747619,0.497495238,0.41524,-0.18126,2.133495
pote.txt_2069,4.351231579,4.102344444,3.982923529,1.010026316,0.103122222,-0.358117647,0.586521053,221.0952579,50.39338947,0.091166667,206.8824111,40.9344,-0.272182353,202.7032294,38.33774706,0.377856053,0.287076389,0.285723824,0.387305263,62.86105263,8133.065789,0.061638889,58.42222222,5717.777778,0,54.54705882,5877.470588,14098.06565,0.179421053,9733.558989,0.079877778,9260.611482,0.042735294,1.132542105,1.033933333,1.040758824,388.7436888,348.4540824,362.4163621,0.511589474,0.491757895,0.370194737,0.37465,0.213138889,0.1286,0.313994118,0.297029412,0.187517647,3.573615789,0.171161111,-1.894435294,10.55176316,3.729873684,2.122021053,-0.426872222,1.747822222,-0.631855556,-3.868664706,1.305470588,0.227217647
pote.txt_3909,3.949728571,3.94,3.964,1.455228571,-0.2376,0.11988,0.9625,128.7958,47.5632,0.0425,126.752,45.792,0.3145,130.3402,48.2112,0.132621143,0.014588,0.0094584,0.074842857,40.74428571,26968,0.039433333,38.34,26293.33333,0.03042,34.668,27336,27913.81629,1.407785714,24562.836,1.386,27577.02384,1.29816,0.971742857,0.9702,0.97416,640.0721602,623.835828,648.8250993,0.864057143,0.833614286,0.3322,0.593333333,0.728466667,-0.0094,0.756,0.82124,0.08272,2.950042857,0.2499,1.0863,20.5242,12.32648571,2.3098,10.48166667,11.94766667,-0.493,15.314,12.4976,-0.0068
pote.txt_2497,3.954508333,3.981490909,3.98364,2.2262,-1.2249,0.84441,1.46295,172.2592417,39.9945,-0.964190909,155.8824727,29.64375455,0.64036,154.88376,31.88913,0.31623275,0.070127455,0.1990806,0.103275,66.7775,19667,0.0325,53.25454545,19265.18182,0.06822,65.487,19334.1,21657.42451,0.938983333,18000.47378,0.679772727,19563.29196,0.61101,1.12775,1.120545455,1.14177,513.1655025,501.5934236,503.0174527,0.5717,0.511708333,0.354775,-0.205663636,0.261145455,-0.223281818,0.09769,0.39004,0.1262,5.850825,-3.777590909,2.50931,16.59683333,6.513125,4.800158333,-7.060427273,4.805518182,-1.4538,7.36737,4.19525,2.50688
pote.txt_10179,4.415584615,4.473266667,4.556718182,1.000015385,0.0649,-0.320790909,0.521269231,222.3914077,57.02226154,-0.030883333,209.86695,49.81511667,-0.200563636,198.8087455,47.77466364,0.400058846,0.3428565,0.329146455,0.423876923,58.85846154,9999.153846,0.200791667,55.4075,6836.5,0.039336364,54.67909091,4735.545455,15382.68081,0.315353846,10034.12328,0.179816667,5447.011082,0.111781818,1.028592308,0.926933333,0.855454545,390.7733679,315.7816359,300.6832903,0.486530769,0.4549,0.327,0.157441667,0.27975,0.165225,0.041036364,0.193509091,0.144972727,3.000907692,-0.045416667,-1.472627273,13.22555385,7.108830769,1.458315385,1.260933333,0.358866667,0.198708333,-8.233436364,-2.161518182,-0.008345455
pote.txt_333,4.0727,3.466358696,3.483051111,1.240570213,-0.1306,-0.319835556,0.74286383,202.0377404,39.3940234,0.096713043,195.0673413,35.14778696,0.042384444,196.39302,35.77416,0.506826596,0.416245174,0.411893822,1.421568085,68.72617021,7235.010638,0.857273913,62.63130435,4872.380435,0.614826667,61.07822222,5684.744444,9805.720468,0.543129787,7540.56808,0.190173913,7527.469016,0.17066,0.864670213,0.795452174,0.814488889,406.2836044,360.4907384,364.1836807,0.423074468,0.37812766,0.471948936,0.06915,0.18561087,0.083263043,0.119344444,0.201848889,0.125224444,2.656485106,0.054465217,-0.247242222,6.895989362,5.069421277,5.123187234,0.152552174,-0.501897826,0.150443478,-0.177815556,-0.343628889,-0.253533333
pote.txt_3267,4.42325,4.400433333,4.3548,4.25,4.083333333,3.75,2.57905,105.33385,13.13525,2.577033333,104.8117,12.01723333,2.573,103.7674,9.7812,0.709514,0.699097333,0.678264,0.2657,118.97,14768.5,0.248633333,118.8633333,14764.33333,0.2145,118.65,14756,6685.3044,1.5685,6271.9644,1.344233333,5445.2844,0.8957,1.21725,1.2051,1.1808,361.3622395,361.3614733,361.359941,0.15425,0.03965,0.68,0.140233333,0.033633333,0.653333333,0.1122,0.0216,0.6,9.28825,9.156233333,8.8922,8.18,4.16925,10.8466,8.179733333,3.9639,10.8316,8.1792,3.5532,10.8016
pote.txt_10907,5.106409091,4.817195349,4.931869048,1.017311364,-0.050455814,-0.480069048,0.943040909,168.0828091,35.187525,0.085969767,161.1865791,28.78552558,-0.243302381,159.6482048,29.64355714,0.387192614,0.302616605,0.280269833,0.493852273,86.57204545,7845.4375,0.185918605,78.86093023,6220.662791,0.109216667,75.90571429,6661.845238,9660.109427,0.499556818,6611.6533,0.248139535,6853.631933,0.187838095,1.190740909,1.163983721,1.16807381,374.73054,359.1655129,352.5731634,0.421363636,0.354575,0.402354545,0.121502326,0.045202326,0.104711628,0.123997619,0.014185714,0.119809524,4.565161364,0.236467442,-1.491157143,8.619713636,4.24015,3.014963636,-0.509290698,-0.134830233,0.231055814,-3.357735714,0.00667619,0.501311905
pote.txt_509,5.104529032,4.767553333,4.717713793,2.014380645,0.047773333,-0.735482759,1.338041935,182.0221677,35.89575161,0.341893333,173.96582,27.91307333,-0.092451724,173.3856621,28.77232759,0.546535032,0.472125,0.441051724,0.4841,91.16612903,10102.87903,0.236473333,83.41433333,8718.666667,0.199082759,78.02517241,9123.862069,10219.73899,0.88423871,7156.250063,0.46255,6929.411683,0.29757931,1.166470968,1.12189,1.094834483,398.1143203,384.248532,385.5303656,0.346103226,0.347545161,0.434493548,0.111176667,0.096756667,-0.106303333,0.034772414,0.111258621,-0.029310345,5.804270968,1.097616667,-1.092248276,10.28464839,3.669480645,4.59433871,0.064003333,-0.128176667,0.824086667,-4.510668966,-1.088634483,1.203889655
pote.txt_659,5.0899,4.694685714,4.671478049,1.275988372,-0.08257619,-0.141804878,0.98897907,173.0533186,39.9478186,0.181371429,165.8269024,32.09149048,0.200997561,168.5233488,31.4216122,0.495192256,0.436682881,0.416448171,0.390460465,83.78953488,8051.05814,0.176083333,77.16357143,5993.011905,0.101946341,75.57170732,6012.670732,10030.05671,0.376706977,7300.324336,0.141690476,7192.461098,0.11035122,1.091334884,1.032047619,1.012958537,355.177904,318.8031141,308.1784355,0.410237209,0.338962791,0.386730233,0.237571429,0.13292381,0.089730952,0.163085366,0.129295122,0.078097561,4.631676744,0.569119048,0.420039024,9.00362093,5.509572093,3.41455814,-0.291483333,0.524035714,0.588030952,-1.785690244,0.465985366,0.448402439
pote.txt_10679,4.827676923,4.6929,4.686336364,2.534376923,-0.3925,-1.348181818,1.352361538,165.6285923,43.20618462,0.128283333,163.7770833,33.69738333,-0.510390909,156.7492636,34.30806364,0.486818462,0.40496525,0.370375,0.321676923,82.37923077,11307.30769,0.104033333,72.70416667,10679.66667,0.0195,67.29272727,10506.81818,11796.13918,0.958607692,8933.1411,0.383875,7041.2368,0.186236364,1.207230769,1.175966667,1.138854545,403.4531791,410.7597559,413.4651557,0.390907692,0.424176923,0.439892308,0.126741667,0.178691667,-0.063183333,-0.009581818,0.088736364,-0.120945455,5.777461538,-0.056683333,-3.453390909,11.34208462,3.259592308,5.157392308,-1.37265,-0.529108333,2.011858333,-8.967018182,-1.423681818,1.567745455
pote.txt_1125,3.95179,3.771224138,3.769635714,1.261893333,0.179027586,-0.001203571,0.72855,188.1167467,36.02404667,0.066196552,179.4251621,33.82258966,0.020382143,178.8868571,34.352625,0.346929233,0.287159966,0.266794143,1.678243333,57.62166667,8784.975,0.530627586,54.61068966,6451.62069,0.488142857,54.77964286,6581.875,11255.09614,0.551273333,8758.632752,0.263927586,8440.784461,0.287357143,1.037386667,0.948627586,0.961353571,406.6617161,357.0816545,341.301822,0.457906667,0.2922,0.329506667,-0.084206897,0.1553,0.10172069,-0.001260714,0.153053571,0.007260714,2.079293333,0.207706897,0.223471429,6.948183333,5.97753,5.397723333,0.561410345,-0.906606897,0.645258621,-0.159982143,-0.300503571,0.559067857
pote.txt_10651,4.025315385,3.990808333,3.883490909,1.659915385,-0.302583333,-0.979345455,0.916923077,226.9659615,45.67715385,-0.198658333,203.8781917,38.77831667,-0.616572727,200.8964545,33.79917273,0.342231923,0.257895833,0.150333273,0.247784615,57.80153846,13070.92308,0.082708333,53.43083333,10744.66667,0.016781818,50.68454545,10230.36364,19165.98811,0.383853846,14778.4058,0.119233333,11484.22992,0.125181818,1.115169231,1.035075,1.070527273,421.9741214,383.5446654,361.1878633,0.535446154,0.462607692,0.330792308,0.001766667,0.286491667,-0.126883333,-0.256481818,0.188227273,0.045190909,4.431115385,-0.68525,-3.325581818,14.65259231,5.496207692,2.918730769,1.744625,-0.948141667,0.085241667,-9.545536364,-1.491881818,0.459190909
pote.txt_3673,3.798914286,3.79405,3.78724,3.852614286,3.0062,1.82122,1.6825,108.0157,34.7328,1.2225,106.9938,33.8472,0.5785,105.56314,32.60736,0.525192571,0.466176,0.3835528,0.248671429,75.49714286,21172,0.230966667,74.295,20834.66667,0.20618,72.612,20362.4,15360.34834,2.131942857,13684.8582,2.12105,11339.172,2.1058,0.946671429,0.9459,0.94482,501.3616219,493.2434558,481.8780233,0.456228571,0.453257143,0.6661,0.320866667,0.400683333,0.4953,0.13136,0.32708,0.25618,4.777471429,3.4274,1.5373,14.4093,9.338442857,7.0717,9.388033333,9.149033333,5.6703,2.35826,8.88386,3.70834
pote.txt_5733,4.684692857,4.583807692,4.586591667,2.454464286,1.1376,1.279583333,1.476614286,142.5191714,22.93442857,0.830507692,140.0215462,22.40253077,0.707066667,138.22775,21.9504,0.719892929,0.720668846,0.72228475,0.803064286,103.2342857,8998.142857,0.714238462,100.5738462,6380.076923,0.604875,100.0075,5905.666667,4212.357407,1.016092857,2814.024738,0.663515385,2195.805317,0.784525,0.958114286,0.883084615,0.8558,338.508181,310.7465435,302.6668752,0.301892857,0.186178571,0.771042857,0.271761538,0.132753846,0.066153846,0.216225,0.094216667,-0.157708333,5.397721429,3.378538462,2.866091667,6.18755,5.505664286,6.437314286,5.728984615,-1.293846154,3.1046,5.712733333,-0.043225,1.6545
pote.txt_853,5.199582857,4.971985294,4.970430303,1.370502857,-0.167147059,-0.252678788,0.87298,159.9048971,37.58202,-0.041717647,155.0921882,29.29096471,-0.116172727,153.1202061,28.29029394,0.452854029,0.369531853,0.370434333,0.295911429,76.85028571,8050.721429,0.154341176,70.36382353,6635.676471,0.10109697,69.8630303,6189.318182,10108.79594,0.496865714,7698.896726,0.241679412,7167.606688,0.156542424,1.088182857,1.029405882,1.026266667,352.8786841,299.4776412,297.6718088,0.455854286,0.38248,0.371254286,0.212994118,0.093041176,0.108217647,0.146548485,0.097251515,0.110590909,4.026642857,-0.364485294,-1.178866667,8.665551429,6.368257143,2.963654286,-1.705817647,1.732876471,0.419844118,-2.077539394,0.507181818,0.356663636
pote.txt_11803,5.09875,4.873002326,4.867135714,0.837659091,-0.080032558,-0.146745238,0.655143182,181.2989273,38.95360455,0.059055814,176.4285674,35.59562093,-0.109211905,178.9843214,36.06715476,0.428152841,0.328525837,0.26908531,1.579759091,74.06522727,6974.363636,0.784860465,65.87488372,4710.534884,0.827159524,64.94619048,4311.214286,8322.211773,0.549947727,5652.34426,0.166267442,4392.14441,0.320319048,0.971575,0.918432558,0.892219048,388.5463008,323.90662,304.7547311,0.417227273,0.321504545,0.418195455,-0.013811628,0.093913953,0.178530233,0.092557143,0.0203,0.209521429,2.521461364,0.142376744,-0.500564286,7.598531818,7.376668182,4.02385,0.654832558,-0.868781395,0.215195349,-2.280457143,0.524357143,0.286528571
pote.txt_317,5.244428889,4.955902273,4.809067442,1.143284444,-0.2431,-0.138074419,1.083457778,193.9919667,31.91889333,-0.018545455,185.6288,25.84009773,-0.031490698,185.8877349,26.51934419,0.464563956,0.382180864,0.338531,0.383251111,84.948,8965.383333,0.213534091,77.71931818,6577.852273,0.147813953,75.05255814,6902.162791,10619.01296,0.421828889,7708.672023,0.185406818,7156.743944,0.163669767,1.288562222,1.216965909,1.187069767,330.7579715,282.1744857,283.0822604,0.366097778,0.291671111,0.341028889,0.096927273,0.030229545,-0.025225,0.081669767,0.023523256,0.078334884,5.053815556,-0.007918182,-0.605888372,9.001557778,5.765888889,3.186235556,-0.125522727,-0.063520455,0.408513636,-3.045339535,0.794413953,0.999516279
pote.txt_7705,5.636404762,5.35424,5.195642105,2.035295238,0.590505,0.588115789,1.156495238,154.2856,26.51815238,0.721925,147.853045,23.756605,0.800631579,147.3777158,23.26032632,0.530951143,0.36329305,0.365318,1.539461905,97.34761905,8437.714286,1.164425,92.3645,7363.25,1.056110526,90.54578947,7483.368421,4691.001567,1.264490476,3279.94365,0.870805,3207.038653,0.875763158,1.090442857,1.083115,1.064389474,436.9206637,435.5325103,431.669574,0.349204762,0.362814286,0.67772381,0.0069,0.21211,-0.00661,-0.0892,0.219152632,0.063010526,3.487442857,1.85411,1.813236842,6.985838095,3.25492381,5.7343,3.558945,0.451925,-0.283665,3.435505263,0.962236842,-0.741321053
pote.txt_1341,4.961180952,4.78845,4.902542105,0.845495238,0.36472,-0.069884211,0.493385714,202.5702048,43.92196667,0.081435,198.88069,39.684995,-0.184010526,193.8882737,37.67628421,0.47206619,0.35135625,0.361070158,1.079104762,58.22285714,6265.142857,0.224485,53.6055,3948.5,0.204084211,53.61052632,3525.789474,10572.70481,0.062342857,6909.699195,0.02688,5936.817058,0.018136842,0.980552381,0.88582,0.843526316,299.5096177,198.4141444,206.6809637,0.467338095,0.31027619,0.354309524,0.398025,0.058995,0.201535,0.396921053,0.057289474,0.140657895,2.46377619,0.48942,-1.009947368,8.755352381,10.04185714,3.137047619,-1.18978,4.611415,0.22284,-4.029168421,4.606615789,0.055463158
pote.txt_4133,4.361933333,4.389525,4.402757143,2.9658,-0.041875,0.231,1.3515,124.4293889,37.49257778,-0.328225,123.989325,30.5309875,0.0439,126.0824429,32.03408571,0.442691444,0.2691215,0.320192429,0.156688889,68.15777778,16058,0.0793,59.33125,14603.25,0.072428571,54.12,14149.28571,14983.38777,1.244433333,11906.88273,0.9058625,13367.23596,0.7196,0.981666667,0.9748,0.9466,467.2119642,449.6647122,465.0718965,0.581488889,0.453666667,0.504122222,0.20605,0.28355,-0.1075,-0.072471429,0.400071429,0.144514286,4.956911111,-1.2005625,-0.372442857,12.47328889,7.034277778,5.688277778,-3.0069,3.55635,1.807775,0.286957143,-0.446014286,2.165442857
pote.txt_6907,5.011783333,4.878141176,4.896675,1.331516667,-0.252905882,-0.8338125,1.040544444,187.5140778,42.93528333,-0.031488235,172.2753353,28.28245294,-0.5057125,171.2729188,27.15951875,0.313101944,0.227249176,0.2397795,0.232188889,75.62444444,10191,0.055070588,68.60411765,9280.470588,0.0119625,65.60125,9161.6875,13815.5157,0.377933333,10455.47338,0.145817647,9984.3022,0.0787125,1.401688889,1.378188235,1.3800375,403.8728457,391.7376233,389.1282677,0.482427778,0.373061111,0.225594444,0.158952941,0.189852941,0.041129412,0.02371875,0.1500625,-0.0760375,5.127816667,-0.705529412,-2.90435,11.44106111,2.180116667,2.812627778,-2.248288235,-0.680982353,1.639570588,-5.6724375,-0.66754375,0.40451875
pote.txt_4559,5.51277,4.8734,5.1042375,1.358,-0.655555556,0.38375,1.13345,183.11968,20.39416,-0.417188889,171.6447444,16.28027778,0.4019625,165.094025,18.8572625,0.1942973,0.119399667,0.146175375,0.09995,75.79,11693.1,0.021266667,61.62444444,11516,0.0375375,66.49375,10863.125,16257.92711,0.15238,15474.77788,0.072177778,15459.0421,0.0900625,1.22896,1.177544444,1.160425,462.0957185,447.4267052,447.930883,0.63467,0.42343,0.35372,0.133866667,0.249366667,-0.124577778,-0.2835375,0.341275,0.03,5.42976,-2.411422222,1.6776,10.59341,3.46022,3.74403,-3.934033333,0.087933333,0.824833333,4.1065375,-2.1202875,1.41275
pote.txt_10757,4.930025,4.561248571,4.545141176,0.944177778,-0.165508571,0.130111765,0.657122222,178.041125,36.77687222,0.007854286,169.2204914,33.58299429,0.220482353,172.5686235,33.31899412,0.474805222,0.380039686,0.408249588,0.722244444,75.5075,6947.409722,0.294271429,69.178,5202.657143,0.424832353,70.38441176,4878.25,9027.766947,0.6239,5883.854754,0.26664,5786.6484,0.349888235,0.952813889,0.90208,0.886473529,373.2225713,348.3955481,336.0444965,0.413102778,0.455797222,0.433663889,-0.010474286,0.189128571,0.211171429,0.061432353,0.129414706,0.212088235,2.668986111,-0.60558,0.8589,7.509977778,6.281119444,2.684330556,-0.465251429,0.87718,-0.406957143,0.102011765,0.791529412,-0.171144118
pote.txt_5529,4.221761538,4.158058333,3.9877,1.850107692,-0.284125,-1.046618182,0.790415385,223.1031154,47.20594615,-0.142741667,197.6866833,42.11713333,-0.536718182,192.6165727,38.15014545,0.383962692,0.279919,0.158565636,0.324461538,55.11846154,12630.84615,0.126641667,51.7175,10093.33333,0.016781818,49.19363636,9524.818182,17781.27738,0.692346154,11787.10499,0.26165,7003.588973,0.170345455,1.077376923,0.998883333,1.020136364,425.1480645,387.6902824,365.7035767,0.506076923,0.544153846,0.359253846,0.0008,0.445308333,-0.0928,-0.144027273,0.357527273,0.082645455,3.357830769,-0.174058333,-2.434927273,14.41533077,5.700446154,2.412115385,2.143958333,-1.0608,-0.013591667,-8.988263636,-1.672636364,0.637281818
pote.txt_5355,4.164546154,4.242158333,4.211536364,1.269484615,0.041266667,-0.795127273,0.960815385,193.1583077,34.38886923,0.044108333,168.5634583,29.233225,-0.5233,161.4707364,24.66422727,0.194673154,0.151055583,0.130452,0.1625,65.36384615,11541.76923,0.023483333,61.16416667,9135.25,0,60.35,9022.636364,16979.22352,0.302515385,12895.99929,0.177358333,12091.20881,0.058245455,1.306384615,1.301433333,1.294772727,411.5751688,388.6101567,379.5543998,0.547392308,0.371507692,0.266192308,0.091658333,0.233691667,0.054216667,-0.036463636,0.148563636,-0.035818182,4.607515385,0.306233333,-2.861272727,11.93343846,3.513746154,2.821315385,1.519808333,-0.709566667,1.16615,-5.094572727,-2.284481818,0.564909091
pote.txt_7449,3.80612,3.263021053,3.089338889,1.21393,-0.238742105,-0.284177778,0.789905,244.67069,39.32593,-0.231942105,239.3142632,33.20728947,-0.242788889,235.9951667,33.81731111,0.32496675,0.205445158,0.180470667,0.30674,62.206,10892.625,0.166168421,52.90789474,10029.42105,0.053011111,51.03388889,9650.472222,17587.17089,0.382925,16105.28205,0.111084211,14762.42065,0.123738889,1.07964,1.049852632,1.054322222,428.497332,425.8279812,428.0407857,0.461845,0.468075,0.348035,-0.074105263,0.411321053,0.184226316,0.131655556,0.390416667,0.123977778,3.66082,-1.111568421,-1.057294444,12.50442,4.174355,2.64247,1.326,-1.552678947,0.030931579,-2.197805556,0.554327778,-0.325222222
pote.txt_3467,3.82405,3.82162,3.777025,3.45305,0.16622,0.04375,1.5625,111.47905,36.8712,-0.1655,109.87822,34.96608,-0.3875,103.41715,30.7476,0.459764,0.2080472,0.259618,0.2197,69.705,22138,0.13858,61.902,21503.2,0.169,70.0875,19654,17452.593,2.01125,12676.17528,1.89962,7820.6427,2.082925,0.95085,0.95058,0.9432,524.4800449,509.1257009,464.8298745,0.5242,0.51665,0.61045,0.07768,0.36542,-0.03782,-0.1529,0.216675,-0.1025,4.4729,-0.5701,-1.29785,15.42845,9.83645,6.27805,-2.03662,9.45338,0.75682,-8.1864,8.4861,0.7654
pote.txt_5363,4.540869231,4.544541667,4.603563636,1.301269231,-0.071383333,-0.391472727,0.826415385,222.1187692,58.90775385,-0.181333333,211.3165167,45.86460833,-0.401736364,201.7562273,44.24185455,0.388925308,0.323458333,0.301303,0.280392308,60.12769231,12038,0.10575,54.075,9986.916667,0.034845455,54.23818182,8941.727273,17659.17912,0.294784615,13644.60559,0.17285,10703.40265,0.099381818,1.2387,1.178108333,1.149754545,412.5016188,364.7402289,355.3325682,0.539892308,0.4554,0.221915385,0.208491667,0.2262,-0.030183333,0.102081818,0.133581818,0.010772727,4.654723077,-0.8171,-2.170018182,14.84693077,4.782861538,2.086761538,1.703075,-0.262591667,0.62175,-4.548845455,-2.009990909,0.420981818
pote.txt_11071,4.431891304,4.073844444,4.050752273,1.001595652,-0.012924444,-0.091822727,0.721582609,186.3972717,37.86316304,0.256066667,182.3361089,35.65595111,0.127104545,182.1949136,34.53338864,0.529882913,0.449112978,0.446340591,1.627276087,77.21956522,5807.277174,0.863822222,70.70888889,4180.122222,1.038213636,69.62454545,3958.988636,6605.259491,0.571295652,4462.789278,0.339715556,4094.650716,0.271079545,0.903178261,0.831002222,0.840709091,379.4685758,349.7936374,340.6182517,0.371823913,0.2941,0.497108696,0.226906667,0.122973333,0.185188889,0.188875,0.092736364,0.163029545,2.557917391,0.4705,0.157854545,5.912471739,5.52455,4.729321739,0.567395556,2.175877778,-0.428793333,-0.322829545,0.316181818,0.743581818
pote.txt_4263,4.484633333,4.4976625,4.456071429,2.271633333,-1.60375,2.0603,1.084566667,136.0809444,39.05897778,-0.7919125,130.22055,28.44135,0.942442857,125.7124143,32.17397143,0.378483111,0.223118,0.366115143,0.165755556,64.12555556,14763,0.0212875,57.50625,13085.375,0.159342857,63.67285714,13893.71429,15064.08034,0.974033333,10203.33513,0.4286125,13984.25086,0.871928571,0.953977778,0.943525,0.925914286,482.453181,458.0479548,471.3166913,0.613488889,0.525844444,0.481022222,0.065975,0.3047875,-0.2544125,0.314028571,0.476914286,0.2407,4.234411111,-3.3592375,3.700285714,11.64573333,6.814022222,4.591211111,-8.80765,1.1453875,1.03735,10.52041429,2.768014286,4.295714286
pote.txt_10949,4.357893103,3.755589286,3.781874074,0.524465517,0.143560714,0.092448148,0.514827586,197.3603138,35.79251379,-0.031335714,194.1108107,32.9964,0.296640741,194.0364037,33.49849259,0.471853034,0.335326393,0.347028815,2.049727586,67.41068966,4427.301724,1.099217857,61.69714286,2786.75,1.181503704,61.71222222,3186.37037,6903.454117,0.413596552,5368.863646,0.245978571,5238.743004,0.135048148,0.845675862,0.768553571,0.773248148,380.7150409,331.3405553,315.728816,0.356144828,0.316113793,0.427617241,0.200621429,0.170353571,0.205485714,0.157296296,0.112196296,0.345948148,1.378848276,-0.105557143,0.488448148,5.138410345,7.300341379,4.960882759,1.266125,2.101821429,-0.741,1.426707407,2.391237037,1.190725926
pote.txt_2977,6.232184,6.0268875,6.040113043,1.334756,0.426441667,-0.026756522,1.083724,158.445116,23.202368,0.480866667,154.0534917,18.93237083,0.361347826,151.784613,17.91527391,0.41453452,0.273811958,0.190341217,0.481344,97.9556,10537.28,0.374204167,96.26291667,7858.583333,0.283613043,95.62782609,8604.782609,8552.653252,0.72076,5586.083567,0.441045833,5639.412574,0.422852174,1.167532,1.144525,1.151334783,421.8048848,365.2427746,382.998801,0.46636,0.321352,0.540764,-0.093475,0.0387125,0.204125,-0.068608696,0.070395652,-0.04013913,4.353564,1.823070833,1.688217391,7.552212,5.64676,3.63606,2.218841667,-0.951958333,1.138233333,2.131791304,0.138326087,-0.46203913
pote.txt_7565,4.46993,4.326442105,4.314255556,1.81483,0.177336842,0.199122222,1.063075,190.47995,41.18515,0.418721053,173.3758789,35.53176316,0.343855556,187.41765,38.32965,0.41811675,0.283460526,0.310861889,0.344185,78.0405,10412.65,0.135094737,72.68526316,8138.315789,0.128255556,71.64722222,8012.388889,12008.61084,0.72437,7896.628316,0.3204,8525.890756,0.283438889,1.219895,1.155873684,1.135266667,357.54663,303.2650032,308.0036988,0.34336,0.325605,0.42938,0.107305263,0.085947368,-0.046236842,0.085066667,0.078944444,-0.047705556,4.616675,1.960094737,1.712822222,10.90247,5.82625,3.9619,0.239994737,-0.345973684,0.783284211,1.877816667,0.771616667,0.688416667
pote.txt_2223,5.703325,5.550959259,5.664111538,1.129307143,-0.023507407,-0.387015385,1.0512,162.39195,35.73012143,0.208922222,159.4733593,28.05832222,-0.135469231,157.3379885,28.38015769,0.40066425,0.286626556,0.287763885,0.391725,88.34142857,9185.785714,0.114996296,80.95444444,7474.111111,0.168503846,79.30653846,7772.576923,10400.73147,0.47565,7388.891263,0.329318519,7624.220031,0.268965385,1.215921429,1.162433333,1.134196154,374.2577825,348.5175567,349.9696475,0.436717857,0.348939286,0.371039286,0.219744444,0.025977778,-0.064755556,0.188380769,-0.063230769,0.083284615,5.198989286,0.803966667,-1.1637,9.426421429,6.130321429,3.313803571,-0.574903704,1.642248148,-0.348062963,-3.175376923,0.165180769,1.303423077
pote.txt_7023,5.683205556,5.353788235,5.63553125,1.374533333,0.256,-0.5704,0.930733333,181.4234667,31.53591111,0.211911765,174.1095471,29.10445294,-0.23915625,173.66775,26.13374375,0.466389722,0.345942,0.341403625,0.447361111,83.04611111,9612.055556,0.283676471,74.37,7790,0.257575,75.21625,7832.3125,9281.456011,0.742555556,6693.457688,0.607129412,6242.659187,0.4010625,1.158227778,1.069823529,1.10121875,384.9332373,356.1278648,349.0767293,0.430922222,0.313155556,0.3761,-0.018482353,0.087958824,-0.021129412,-0.0133625,0.06525,-0.09555,4.019572222,0.585082353,-1.4253875,7.8503,5.999372222,2.847561111,-0.458529412,0.057217647,0.013564706,-2.3003125,-1.0230625,0.4990625
pote.txt_10531,3.85062,3.87855,3.858923077,1.35184,0.103,-0.861230769,1.12016,195.0160667,35.36206667,0.1617,169.7143714,25.72993571,-0.598830769,176.2348231,22.95738462,0.2122936,0.181535714,0.154052308,0.0363,69.86533333,10245.2,0.015557143,65.78357143,7799.5,0,61.93230769,8900.923077,14909.58873,0.09894,11620.51588,0.059807143,12914.5887,0.035784615,1.58772,1.597228571,1.592453846,331.4266642,307.3122583,323.3845535,0.449846667,0.233766667,0.238746667,0.351635714,0.107,-0.003628571,0.355123077,0.094338462,-0.149846154,5.394533333,0.567028571,-2.992338462,10.15563333,1.927106667,3.622326667,-0.209478571,-0.12565,2.05365,-4.285084615,-0.812384615,1.0482
pote.txt_1375,3.5784625,2.702117391,2.4584,1.532879167,-0.001365217,-0.459863636,1.108675,220.5778458,32.63317083,0.144221739,205.8188174,23.80016522,0.158818182,203.0228045,26.84888636,0.476409792,0.326591174,0.340142045,0.633558333,75.19625,9387.427083,0.184926087,68.19086957,6838.826087,0.259,66.14181818,7924.181818,13786.14046,0.6177875,10878.89222,0.277904348,10797.71443,0.240195455,0.996895833,0.898313043,0.912677273,421.2047325,410.1676333,411.6120509,0.373879167,0.425666667,0.418533333,-0.014434783,0.256865217,-0.008634783,-0.034890909,0.213804545,-0.105877273,4.551879167,0.144486957,0.182209091,9.339270833,2.914666667,4.9951625,-0.4092,0.431791304,-1.637213043,-1.4313,-0.814922727,-0.898027273
pote.txt_445,4.392243902,3.74276,3.859287179,0.976912195,0.2695475,-0.118069231,0.829229268,196.9133756,34.97966341,0.28574,188.1797675,29.8907825,0.166064103,190.6556692,29.30297179,0.480861854,0.392967375,0.376330846,1.400297561,70.00560976,6565.469512,0.606675,64.74,4989.45,0.377774359,62.66051282,4655.051282,9595.439351,0.320731707,7243.208292,0.1898925,6832.300282,0.128692308,0.929090244,0.867595,0.860615385,376.9645369,323.7475968,330.9468368,0.380482927,0.347721951,0.386482927,0.1557025,0.1134425,0.173075,0.181069231,0.123641026,0.138876923,3.116297561,0.6985925,-0.234774359,6.397080488,6.30095122,5.455114634,-0.43509,2.115175,0.149605,-1.621323077,1.064602564,-2.262289744
pote.txt_9247,2.71024,2.051233333,1.8406625,1.85871,-0.292822222,-0.0466875,1.00399,231.06283,39.97675,-0.334888889,232.3726444,37.74431111,0.02335,210.2361875,35.6794125,0.3460862,0.053640444,0.15159725,0.11999,51.407,16673.35,0.015022222,39.93888889,13579.33333,0.046475,43.69,13604.4375,22743.15179,0.93118,22426.44987,0.3492,22401.75364,0.292175,0.93041,0.8632,0.7913375,500.3147807,505.6807168,512.6121807,0.51694,0.60562,0.36395,-0.008933333,0.625388889,0.107577778,0.2382,0.626175,0.0325625,3.55329,-1.287711111,-0.0019125,15.3222,5.8658,3.71459,7.010866667,3.855377778,0.958355556,8.5401375,4.2279625,-0.7657625
pote.txt_9697,4.772283333,4.526454545,4.4774,1.172916667,-0.193881818,-0.7009,0.985566667,190.325875,44.42746667,-0.125990909,187.9620909,37.44103636,-0.48891,183.11719,32.54785,0.331709583,0.167215909,0.157593,0.271741667,67.855,13318,0.061818182,56.22454545,11965.36364,0.03237,50.565,10954.1,16517.76238,0.3201,14534.95685,0.262036364,12984.99123,0.16232,1.248683333,1.236127273,1.20941,417.3258156,417.5565166,403.0879746,0.557741667,0.423625,0.319333333,0.111190909,0.354027273,-0.0255,-0.17056,0.27018,0.06293,4.733775,-0.692909091,-2.97466,13.02719167,6.085708333,3.051075,0.580709091,0.5507,0.048445455,-7.9017,-3.22219,0.40489
pote.txt_6455,4.87294375,4.791193333,4.752092857,1.10775625,-0.093573333,-0.6288,0.89539375,188.1924313,40.49236875,-0.08326,183.8416867,33.77720667,-0.419592857,181.5622429,31.13527857,0.392336875,0.318780533,0.258177571,0.2415125,73.76625,9433.625,0.08096,64.95533333,6561.933333,0.051464286,61.52071429,6714.928571,12201.50148,0.26871875,9038.611947,0.136666667,8154.863364,0.159071429,1.26765625,1.151526667,1.186464286,318.1582744,247.6456942,282.3706883,0.3984375,0.28658125,0.29965625,0.146573333,0.102346667,-0.056266667,0.203921429,0.028,0.00755,4.31418125,-0.445586667,-2.721007143,9.9189875,7.601875,2.82893125,-0.47066,0.57246,-0.234746667,-7.360135714,2.210471429,0.766464286
pote.txt_441,5.9935875,5.695493548,5.70064,1.323975,0.378748387,-0.05988,1.01705625,164.8505844,28.02034063,0.415109677,159.5632742,23.94410645,0.27158,158.1752167,23.64954333,0.446426719,0.325233452,0.2615616,0.62430625,98.5509375,9669.78125,0.4555,92.66483871,8071.806452,0.285266667,90.368,8227.066667,7649.219866,0.8228375,5979.732113,0.512358065,5313.00323,0.467266667,1.10095625,1.060006452,1.064656667,423.6663451,383.7515722,387.6708897,0.432128125,0.312125,0.53649375,-0.118725806,0.083754839,0.1578,-0.046696667,0.059883333,-0.06976,4.159946875,1.75493871,1.143956667,7.305796875,4.81754375,3.446215625,2.978341935,-0.798429032,0.831935484,1.243376667,-0.073213333,-0.60497
pote.txt_11991,4.586075,4.553942857,4.51185,2.9175,-2.557142857,2.645,1.42315,136.28145,41.311875,-0.811857143,127.3433714,27.09918571,1.4181,133.2632,31.45525,0.5011355,0.428529714,0.4641945,0.13285,74.9475,12228.5,0,60.74285714,11651.57143,0.10725,74.665,12040,12605.22245,0.7875,9846.981857,0.094671429,11776.98755,0.451,1.050875,1.0059,1.03175,416.2163463,410.6866067,415.7700412,0.53415,0.348075,0.439725,0.332071429,0.152514286,-0.358,0.5111,0.33865,0.3725,6.14725,-4.935657143,5.8842,10.827425,4.39045,6.10455,-9.851085714,-4.388828571,3.899571429,10.0614,3.9018,6.06515
pote.txt_10195,5.241505882,5.0464375,5.062966667,1.212576471,0.145975,-0.437093333,1.139623529,174.6846647,33.87511176,0.26445625,168.41335,28.017725,-0.286913333,167.16638,28.29896,0.434333412,0.300109375,0.250906467,0.284494118,82.59588235,11102.35294,0.11234375,74.075,8360.0625,0.042086667,69.53,6961.266667,12953.54558,0.432311765,9804.537813,0.20184375,7023.498767,0.13502,1.153947059,1.086675,1.0876,359.2840173,292.2111713,276.8109692,0.420717647,0.292588235,0.311235294,0.15440625,0.058225,0.07315625,-0.046953333,-0.067606667,0.007293333,5.239541176,0.82234375,-1.585093333,11.11432941,8.235058824,3.271735294,0.45769375,-1.32375,1.62228125,-7.362833333,-3.3728,0.320646667
pote.txt_2091,4.7911,4.614964286,4.681561538,1.069226667,0.505628571,-0.077046154,0.55484,209.3893333,49.12592667,0.226842857,197.6590286,43.22135,-0.128407692,197.1662538,41.71316923,0.474574133,0.364921643,0.392759615,0.294973333,61.17266667,7761.866667,0.100278571,57.69142857,5543.857143,0.060907692,56.80076923,4137.615385,12926.38578,0.063346667,9360.315029,0.032092857,7156.067977,0.019546154,1.0361,0.940814286,0.938846154,292.6642343,218.9562074,209.7864765,0.463606667,0.33454,0.33388,0.3062,0.143885714,0.17395,0.287653846,0.089184615,0.029553846,3.217593333,1.171671429,-0.870561538,10.89382,9.430853333,1.818786667,2.21495,3.201578571,0.974228571,-3.233838462,3.259923077,0.250907692
pote.txt_7657,4.533071429,4.4091,4.450442105,0.973642857,0.08114,-0.167168421,0.709014286,158.8905619,34.79935238,0.07265,149.01302,27.147615,-0.128821053,146.2086579,26.96246842,0.320500714,0.23344235,0.204729526,0.184009524,71.9347619,7227.333333,0.041745,67.4525,5463.75,0.013052632,67.19157895,5192.894737,10102.05587,0.200061905,7590.374375,0.096965,7109.92,0.067347368,1.298580952,1.23452,1.218689474,280.9414335,244.6540868,238.5842112,0.454738095,0.209971429,0.33097619,0.255535,0.05908,0.11418,0.267952632,0.020631579,0.132026316,3.329547619,0.00461,-0.871057895,7.60782381,6.805833333,2.228542857,-1.14283,1.825805,0.354305,-3.762105263,0.927621053,0.840184211
pote.txt_11755,4.9017,4.724663636,4.63452,1.548208333,-0.2782,-1.03434,0.894466667,195.199425,49.1504,-0.096036364,191.6056909,41.26754545,-0.64329,183.46519,31.72557,0.396239667,0.222430545,0.1900402,0.296466667,66.93166667,11929.66667,0.076781818,56.71727273,10392.45455,0.01391,53.589,10235.5,14537.27115,0.446975,12707.84376,0.172654545,10942.70413,0.12639,1.235383333,1.220981818,1.21814,409.7345226,403.6308937,387.2561229,0.520975,0.446675,0.365866667,0.042136364,0.311445455,-0.045345455,0.04637,0.23348,0.04583,4.302183333,-0.522272727,-3.69162,11.86251667,5.491891667,3.17775,-0.073772727,-1.065345455,0.502127273,-10.69396,-2.38234,0.72939
pote.txt_6625,3.709264706,3.4185,3.568206667,1.326094118,0.008025,-0.659733333,0.930135294,230.1453706,44.2044,-0.0328875,217.441175,37.21921875,-0.488893333,209.1914533,32.27915333,0.332701059,0.25379775,0.2524546,0.271794118,61.86411765,10684.83824,0.04141875,53.813125,8839.34375,0,52.37533333,8103.533333,17679.6401,0.111105882,13965.70721,0.0540875,12654.54043,0.040893333,1.208558824,1.15609375,1.14806,406.5883865,395.9231511,385.3594705,0.533529412,0.415723529,0.2982,0.313575,0.3363875,0.0687,0.298486667,0.281906667,0.030626667,4.838705882,-0.3069,-2.915053333,12.55233529,2.195994118,3.079047059,0.71504375,-0.13580625,1.26034375,-4.767653333,-0.2442,0.550886667
pote.txt_5507,5.52349,5.303422222,5.2289375,0.68917,-0.125511111,0.312,0.32908,185.12298,50.23987,-0.162966667,182.9342667,43.82556667,0.0337625,185.836975,52.0274125,0.6022931,0.469066333,0.472550375,0.80077,68.526,7057.7,0.218622222,58.20888889,4997.222222,0.558725,63.09125,5750.125,9445.56729,0.38452,4485.041744,0.172544444,7602.833475,0.165925,0.8408,0.846033333,0.859225,354.1972311,349.239285,333.3226462,0.5826,0.43875,0.48089,0.082811111,0.2333,0.360833333,0.0990125,0.1736875,0.3244625,2.15592,-1.316966667,0.4056,10.01828,9.09502,0.5668,-4.295322222,3.929966667,0.153388889,3.4340875,-1.2954875,0.04995
pote.txt_6371,4.3569625,4.357366667,4.340635714,0.7761375,0.0026,-0.04055,0.48504375,165.9297563,34.26900625,-0.182393333,154.73722,31.86386667,-0.012585714,159.5341786,31.55528571,0.31350875,0.2120722,0.227253,1.24260625,66.761875,6072.890625,0.20314,64.682,4265.166667,0.429914286,65.85714286,4375.035714,8133.443169,0.47154375,6037.465333,0.24924,6688.152271,0.194992857,1.001675,0.959306667,0.947764286,407.3362545,351.2915181,360.3239534,0.4601125,0.366825,0.45385,0.237533333,0.16148,0.23506,0.030557143,0.271335714,0.209807143,1.4179,-0.322513333,-0.009828571,5.25040625,5.46844375,3.8937375,-1.531686667,-0.514866667,-0.523526667,2.319271429,-2.476207143,0.107064286
pote.txt_475,5.381524242,5.189196875,5.141196774,0.936930303,-0.1458,-0.188077419,0.765218182,192.458503,36.2824,0.0035875,186.630875,30.91016562,-0.150893548,185.7775516,32.18006129,0.452567818,0.346972219,0.324647839,0.874160606,73.06333333,6870.393939,0.265296875,64.7009375,5222.75,0.177058065,64.77258065,5119.322581,9895.025118,0.273648485,6709.714066,0.113371875,5885.624723,0.075719355,1.098069697,1.040034375,1.034390323,322.0741562,261.9743955,260.7985739,0.415145455,0.32259697,0.353566667,0.251434375,0.028003125,0.12406875,0.190464516,-0.028970968,0.108096774,3.653412121,-0.681871875,-1.179470968,8.709542424,8.033590909,3.229236364,-1.083415625,2.69545625,-0.54565,-4.154941935,1.661003226,0.731619355
pote.txt_11567,4.638238462,4.44155,4.528509091,1.611723077,-0.274,-0.959454545,1.270776923,190.6539462,48.51830769,0.098366667,183.0198167,31.34031667,-0.286345455,173.2443,25.22211818,0.374561,0.35904975,0.360993636,0.222869231,75.72307692,11920.84615,0.0572,66.53333333,11418.75,0.0273,67.15,11377.45455,15354.53039,0.160461538,13639.26119,0.102316667,12281.54669,0.093963636,1.355230769,1.300516667,1.325418182,411.8812348,404.6016353,399.557732,0.521015385,0.344223077,0.282515385,0.350883333,0.208008333,-0.01295,0.380872727,0.136563636,-0.040181818,6.445569231,-0.390716667,-2.797418182,12.44513846,2.098069231,4.378376923,-1.949458333,-0.641883333,2.850941667,-7.992909091,-0.272481818,2.473763636
pote.txt_7141,6.130989474,5.948427778,5.8031,1.510221053,-0.125677778,-0.213305882,1.031263158,184.7685526,33.08391053,0.407688889,172.8622333,29.0106,0.306088235,171.2112353,28.41622941,0.666937211,0.617610333,0.604920765,0.544668421,95.77052632,6857.171053,0.436833333,93.5,5081.305556,0.350805882,90.12117647,4741.470588,5456.848963,1.093278947,3052.670572,0.58065,2275.597335,0.5221,1.189726316,1.109133333,1.070947059,304.1153291,241.4622003,233.5033375,0.189510526,0.288384211,0.354215789,0.042744444,0.049305556,-0.038372222,0.008576471,0.010294118,-0.019276471,3.985178947,1.403372222,0.982582353,8.363826316,7.681778947,2.481468421,2.934394444,-0.314305556,0.184366667,0.168817647,0.484111765,-0.343676471
pote.txt_4471,4.5232,3.891766667,3.9095625,1.63344,-0.570888889,0.14175,1.57696,171.7785,15.90985,-0.114711111,163.7687667,12.76825556,0.3458,157.38215,13.7965875,0.3695584,0.271720667,0.3088785,0.06966,83.392,11045.325,0.0264,68.62555556,9913.166667,0.027225,72.55875,9357.25,14752.57852,0.14644,14307.77696,0.071277778,13862.28693,0.0881625,1.14641,1.049322222,1.037975,404.2257931,405.9040227,401.4868559,0.5063,0.31597,0.32848,0.296022222,0.1768,-0.085288889,0.268775,0.2534125,0.07115,7.22468,-1.319244444,0.9343,8.77311,3.16076,5.94657,-3.971744444,0.040833333,1.218955556,1.62635,-1.8084375,3.1921375
pote.txt_3595,4.20485,4.35936,4.200475,2.1947,1.776,1.21,2.07905,138.72735,16.93208333,2.21112,127.03174,9.60982,2.094525,126.79,13.30305,0.418014,0.430464,0.381514,2.6457,92.30333333,10651.5,0.47058,97.858,11352.6,0.7546,91.56,10570.5,7804.2843,0.623966667,7518.56256,0.44626,7059.4326,0.3774,1.32075,1.32102,1.28115,427.8144199,396.4981981,405.6845909,0.283316667,0.037883333,0.370966667,0.23154,0.01824,0.2472,0.213525,0.02975,0.132,7.116616667,6.3664,5.6682,5.583233333,2.366083333,12.5877,5.69136,1.27182,1.10528,5.0765,0.4323,-1.62855
pote.txt_7999,4.767591667,4.618886957,4.603118182,2.377891667,1.296852174,0.728709091,1.3666625,148.2158792,28.58151667,0.789808696,143.3389739,24.6996913,0.480640909,145.0808727,24.29729545,0.557244292,0.502561609,0.461409727,0.388191667,89.15083333,10388.08333,0.222565217,86.06869565,8818.043478,0.206340909,81.56318182,8243.818182,8251.853358,0.984495833,6563.819635,0.74316087,5832.539273,0.639554545,1.139025,1.092682609,1.072895455,325.9887414,299.3687728,292.9243672,0.305725,0.22235,0.517333333,0.117591304,0.110413043,0.082904348,0.100509091,0.094054545,0.113772727,5.024379167,2.534986957,0.739345455,8.602175,7.006829167,5.3409875,3.696126087,0.746665217,2.849391304,-0.80415,-0.724604545,3.5513
pote.txt_3613,3.921266667,4.00126,3.87505,2.592966667,-1.105,2.5715,1.560333333,131.84725,28.6243,-0.48124,127.27718,24.28506,1.233375,130.35915,28.0244,0.438636667,0.2121472,0.430257,1.428883333,74.34,15889,0.2545,62.142,16350.6,0.30325,74.12,15183,11984.31342,1.2834,9527.6586,1.06566,10576.458,1.15935,1.01445,0.96858,0.9036,486.5182625,473.5025424,482.8657763,0.455566667,0.2693,0.446566667,-0.1623,0.1562,-0.2716,0.1226,0.228225,0.4296,4.642066667,-1.95618,4.02495,8.275516667,5.72245,8.55105,-6.65888,5.22918,-3.7764,5.5223,4.0303,5.67125
pote.txt_9883,5.246978261,4.989027273,4.905633333,0.641452174,0.174036364,-0.041457143,0.270673913,206.3341217,46.09658261,-0.030018182,202.8142955,45.0271,-0.149461905,204.2133571,45.00234286,0.472277826,0.356411,0.299755952,0.598643478,67.62695652,4990.73913,0.252613636,60.43363636,3723.136364,0.121038095,57.26285714,2601.857143,8786.557578,0.29623913,5585.795182,0.107872727,3304.543538,0.0574,0.937443478,0.888340909,0.842971429,301.8637421,252.1431547,227.20892,0.40866087,0.380969565,0.447791304,0.292854545,0.073490909,0.354886364,0.217119048,-0.009566667,0.30962381,1.884282609,-0.098231818,-1.163690476,8.706504348,9.585673913,0.993626087,-0.4897,4.53245,-0.167195455,-6.727395238,3.612795238,-0.31952381
pote.txt_8947,4.5363875,3.335920513,3.524194737,0.8278425,-0.049779487,-0.008876316,0.7679375,215.288505,25.5200425,0.066030769,207.2784179,20.53180769,0.262494737,207.9534105,22.49225526,0.47413895,0.396978641,0.395705789,0.3326925,76.7625,7838.8625,0.218525641,72.23410256,5429.153846,0.207542105,73.06289474,5529.467105,11981.37231,0.4993275,9403.883308,0.202525641,8637.858892,0.200094737,0.86569,0.759735897,0.771831579,408.2957423,363.4390452,365.499255,0.3929975,0.4687925,0.3883375,0.078679487,0.29715641,0.227548718,0.086660526,0.351378947,0.183010526,2.800545,-0.184130769,0.897765789,7.22431,5.31908,2.8704425,0.061148718,-0.6656,-0.140569231,0.448894737,0.321431579,-0.131657895
pote.txt_8819,4.878208333,4.532177143,4.340802941,0.967888889,-0.055331429,-0.391564706,0.594486111,208.5104417,43.33081389,-0.069917143,198.8675057,37.29645429,-0.291108824,196.4539382,36.30025882,0.405376611,0.322388886,0.284609059,0.631366667,66.56972222,7125.798611,0.222182857,60.22942857,5408.114286,0.18225,56.14088235,5402.5,11658.96605,0.424316667,8466.7133,0.103297143,6734.661235,0.126335294,1.056208333,0.956697143,0.992594118,381.5392647,335.4235412,344.8162291,0.441841667,0.453763889,0.339377778,0.162954286,0.216797143,0.159417143,0.071097059,0.199388235,0.182682353,2.864747222,-0.407528571,-1.971655882,9.583258333,5.415133333,2.448594444,0.058034286,-0.019497143,0.1895,-6.523467647,0.620517647,-0.423238235
pote.txt_6865,4.27595,4.125388235,4.06769375,2.422055556,0.165341176,0.50873125,1.290455556,147.7612333,29.0764,0.506623529,144.0481647,28.33001765,0.6588125,142.1583875,27.88909375,0.492997,0.394817,0.348395875,1.934316667,72.83888889,10324.5,0.599029412,64.90352941,7878.705882,0.94484375,64.050625,9790.125,7204.757133,1.1499,5879.059529,0.607782353,6010.221487,0.6457875,1.006927778,0.960270588,0.96193125,426.9130981,407.3685083,418.9392482,0.346933333,0.2516,0.472744444,0.038811765,0.178470588,-0.085129412,0.0118375,0.20310625,0.11378125,3.411627778,0.738317647,1.01454375,5.50425,5.303294444,8.614616667,0.892011765,-1.4148,-2.478864706,1.12845625,0.46913125,-0.96535625
pote.txt_6389,4.01258125,4.053846667,4.0534,2.332925,0.1136,-1.691285714,1.3440625,191.9816313,30.67110625,0.157826667,169.9029933,24.66679333,-0.776435714,157.9310286,22.71553571,0.377721438,0.309059267,0.253761857,0.23246875,74.4075,12236.4375,0.080966667,70.112,11052.2,0.065928571,64.98642857,10274.5,14971.75861,0.6310375,11712.46556,0.33414,10031.16075,0.148871429,1.2264875,1.20596,1.197821429,397.2129469,381.5044567,376.3065039,0.44915625,0.31930625,0.43095,0.275966667,0.183266667,0.015253333,0.195435714,0.135857143,-0.342,5.673475,0.12398,-3.968821429,11.44973125,3.2904375,5.07054375,-0.046013333,0.410713333,2.8545,-7.923028571,-1.976542857,1.358314286
pote.txt_4893,5.157945455,5.09484,4.8208,2.337545455,0.6829,0.918333333,1.192954545,141.7178727,22.65582727,1.00125,131.94534,19.78333,0.89,134.2915778,19.95322222,0.482681909,0.2664973,0.339967667,1.987,90.47818182,8840.909091,0.94456,89.802,7897.2,0.9804,87.74222222,7508,4294.643636,1.185218182,3667.7174,0.73966,3751.555289,0.819644444,1.087327273,1.07372,1.068088889,446.2772299,437.9871283,439.6246694,0.4056,0.228881818,0.724636364,-0.0348,0.20763,-0.02016,-0.178311111,0.176822222,-0.180977778,3.034745455,2.12816,2.125433333,5.3903,3.789090909,7.799481818,4.92105,0.10344,-3.78881,4.850688889,-0.1946,-0.458966667
pote.txt_5763,4.966114286,4.691030769,4.820516667,1.042742857,0.442984615,-0.223466667,0.548757143,196.7093643,49.01389286,0.215369231,195.6901462,43.82403846,-0.176441667,190.091125,38.84653333,0.508346286,0.391781,0.423155083,0.316042857,63.61071429,7071.714286,0.107992308,59.76923077,5117.384615,0.065983333,59.28083333,3261.416667,11286.84645,0.066471429,8318.587554,0.033807692,5388.287525,0.020125,1.028328571,0.938284615,0.930591667,274.0256489,197.7426065,183.4245287,0.455464286,0.306828571,0.349471429,0.388215385,0.1033,0.172161538,0.369258333,0.037825,0.024933333,3.167392857,1.039430769,-1.268158333,9.942921429,9.983771429,1.934235714,1.367269231,3.700853846,1.093823077,-5.323725,3.713583333,0.310441667
pote.txt_97,4.882825806,4.628446667,4.603148276,0.981041935,-0.161393333,-0.1792,0.887703226,198.6943645,39.40455806,0.104026667,190.7869067,32.51455,-0.182082759,190.9995517,34.83870345,0.412052484,0.289375,0.262946828,0.76863871,75.94451613,7197.75,0.249686667,66.525,5565.516667,0.065658621,66.93172414,4546.844828,10628.74332,0.229812903,8253.337387,0.084863333,6344.112762,0.057851724,1.225790323,1.155693333,1.162048276,323.3237087,278.5108312,262.8518076,0.365751613,0.299322581,0.332932258,0.202403333,-0.006866667,0.049416667,0.235775862,-0.065324138,0.034062069,4.340219355,-0.338986667,-0.962348276,8.680612903,6.276035484,3.887764516,-0.41505,0.681506667,-1.654996667,-3.512048276,0.442782759,0.685410345
pote.txt_7815,5.004278261,4.793259091,4.696704762,1.391769565,0.117636364,-0.078014286,0.873826087,186.4910043,36.16279565,0.264336364,176.1936364,32.62027273,-0.05317619,178.8562476,31.72918095,0.402846696,0.320045455,0.297187143,0.391991304,78.59869565,9960.532609,0.179618182,72.68227273,9110.75,0.17232381,68.03857143,8755.119048,10170.42688,0.895530435,7171.481605,0.579445455,7325.118429,0.5482,1.173069565,1.130754545,1.133052381,436.1405456,428.2694665,432.0755573,0.414326087,0.402221739,0.344186957,0.0263,0.227759091,-0.044045455,0.051638095,0.257161905,0.057638095,3.494221739,0.700054545,-0.5942,7.739973913,3.042895652,2.782117391,-0.596109091,0.891736364,0.526013636,-2.564247619,0.0889,1.049690476
pote.txt_6233,4.1511,4.1019,4.042876923,1.780866667,-0.280042857,-0.671607692,1.38936,194.1382467,39.11936,-0.135414286,179.5897214,30.47628571,-0.333823077,179.3834308,29.98426923,0.3504714,0.2255,0.245071538,0.319073333,77.024,14663.46667,0.084335714,65.55071429,12774.28571,0.054861538,63.95230769,13175.46154,17495.49251,0.58826,12716.38461,0.39785,12573.94247,0.317546154,1.23596,1.206135714,1.205876923,448.8774309,441.8769836,437.0982309,0.472466667,0.3739,0.33482,-0.038285714,0.20965,0.036021429,0.147169231,0.209707692,-0.024469231,6.159766667,-0.923135714,-2.410569231,14.07973333,3.734633333,4.466253333,-3.761142857,0.239178571,1.994085714,-6.356084615,2.202546154,0.697246154
pote.txt_9433,3.811646154,3.566966667,3.596481818,0.950153846,0.3476,0.058181818,0.437269231,264.2078615,59.46929231,-0.03755,253.52605,54.71324167,-0.280945455,247.6669909,52.99736364,0.354895385,0.293684083,0.25537,0.368084615,53.32769231,8539.788462,0.164033333,49.205,6022,0,46.61272727,4219.5,16752.40757,0.293330769,12514.22261,0.03365,8131.689418,0.054472727,1.134107692,1.001366667,0.900054545,361.556202,285.3689566,278.7956693,0.392892308,0.407038462,0.206761538,0.173375,0.262558333,0.152733333,0.110972727,0.134772727,0.119081818,2.697715385,0.198616667,-1.371990909,13.95596923,5.639723077,1.045376923,4.46245,-0.613416667,-0.310291667,-5.652881818,1.960109091,-0.4233
pote.txt_321,4.593,4.318154167,4.309017391,1.131512,0.344,0.199234783,0.92164,193.437484,36.234728,0.2976875,188.9191,30.75419167,0.161365217,185.9454609,30.6794,0.4085084,0.325121542,0.285011478,0.291604,70.272,9264.25,0.092708333,64.71666667,7218.395833,0.047656522,63.82869565,5680.5,13092.92612,0.212576,9736.122367,0.0931125,8206.336217,0.080378261,1.189864,1.121141667,1.085634783,340.0171711,286.5633334,275.198293,0.464532,0.353708,0.330644,0.283470833,0.176754167,0.202179167,0.293752174,0.195573913,0.104978261,4.368604,1.095366667,0.525578261,9.839252,5.85654,3.059288,0.6664,2.502204167,1.680391667,-0.846569565,-0.0714,0.807091304
pote.txt_9569,3.562744444,3.544275,3.581985714,2.662933333,1.4755,0.610342857,0.964988889,160.848,45.58947778,0.626025,157.7023,41.3672125,0.299514286,161.7849714,45.40974286,0.415967667,0.384908,0.332325429,0.145277778,63.94111111,11501,0.105625,57.17,10628.875,0.060357143,57.11857143,9436.857143,11542.06941,1.013311111,10398.0163,0.75285,11091.541,0.454814286,1.2147,1.1564625,1.128542857,365.352112,363.518126,356.3905112,0.4528,0.273333333,0.434233333,0.0757625,0.2217875,0.269325,0.030571429,0.247285714,0.056285714,3.4277,1.5077875,1.119371429,9.072322222,3.929288889,4.277644444,1.81905,1.269775,3.3652125,4.524842857,-1.068385714,2.434114286
pote.txt_6381,3.5197375,2.93508,2.877742857,1.10545,-0.227946667,-0.379492857,1.0050625,196.0555813,31.81451875,0.25496,191.6274533,27.63646,0.239107143,191.9396071,24.99432857,0.469055625,0.405690733,0.386233143,1.21346875,70.7025,7895.921875,0.40388,63.52066667,4854.15,0.482721429,64.56071429,5016.910714,11147.77158,0.35900625,8829.20038,0.13864,8765.469586,0.130135714,0.979325,0.8536,0.816107143,389.6281514,364.9635268,351.1301843,0.38973125,0.32541875,0.3971125,0.186853333,0.224473333,-0.07714,0.194392857,0.161014286,0.036342857,3.68865625,0.545293333,-0.120264286,6.7164125,4.5295625,5.97323125,-0.766313333,-1.549413333,-0.483806667,-2.980871429,-0.975714286,-3.114007143
pote.txt_6883,4.71005,3.449794118,3.58270625,0.7797,-0.116752941,-0.3202375,0.6378,212.7698333,30.63662222,0.105305882,196.3608588,26.76578824,0.09630625,203.4547313,27.2102375,0.625886611,0.520388059,0.548428813,0.320661111,70.34722222,7403.611111,0.205258824,67.20882353,3289.176471,0.19533125,65.53125,5227.296875,10619.60634,0.538677778,5149.9902,0.221264706,7492.547662,0.11820625,0.723672222,0.632047059,0.62138125,348.0475657,230.2738835,307.1340844,0.3688,0.445138889,0.303494444,-0.039841176,0.107082353,0.089323529,0.00324375,0.25205,0.107075,2.271005556,0.2088,-0.0340125,6.115733333,8.452266667,2.089838889,-2.404270588,-3.6677,-0.763305882,-1.2541,2.032475,0.26073125
pote.txt_3389,3.26598,3.260575,3.313333333,2.08844,-0.099975,-0.027,1.0255,226.49968,45.39424,0.210625,194.437825,46.9224,0.014166667,189.0406667,45.408,0.184964,0.011382,0.014588,0.09126,44.53,21604.8,0.004225,34.98,22537,0.028166667,37.62,21986.66667,27752.67288,1.04562,27501.6879,0.42635,25788.2904,0.7092,1.03432,1.031475,1.023,568.495591,591.792208,577.2269825,0.64072,0.68774,0.3346,0.5882,0.713975,0.050125,0.433333333,0.643533333,-0.050133333,3.8255,0.827775,0.7089,20.36644,7.27508,2.73672,13.783225,6.522125,-0.015125,11.02,6.229333333,-0.719666667
pote.txt_1021,5.64264,5.367179592,5.326970833,0.696454,-0.039579592,0.0119125,0.853332,178.84349,31.277692,0.19362449,173.6649122,28.01988163,0.263027083,173.3981146,26.90296875,0.37850396,0.27484751,0.242571771,1.695828,82.4932,7078.32,0.681444898,75.99367347,5176.142857,0.85475,75.36854167,5198.416667,7583.6616,0.521076,5179.887884,0.302420408,5200.219288,0.257858333,1.190082,1.115689796,1.131475,407.4994397,363.5299117,351.9948096,0.394796,0.354346,0.401828,-0.042212245,0.13242449,0.11482449,0.001775,0.030270833,0.18744375,3.285126,0.656693878,0.60604375,6.587582,5.25033,4.690466,0.720387755,-0.435136735,-0.086479592,0.747335417,-0.071254167,-0.099252083
pote.txt_6813,5.434333333,4.979070588,5.20170625,1.633394444,0.241870588,-0.2920625,1.103277778,181.2814556,43.3051,0.199241176,177.1856412,40.45294118,-0.05918125,169.7686688,37.8369,0.405928333,0.309000824,0.29536975,0.405133333,80.35277778,11940.33333,0.123852941,67.30411765,9716.470588,0.20346875,69.93125,10020.1875,12959.40192,0.878783333,8630.977006,0.491394118,8552.045138,0.60886875,1.263238889,1.203523529,1.15933125,423.8095382,385.3965863,397.2311865,0.423138889,0.454744444,0.349044444,-0.087605882,0.082988235,0.054941176,-0.033,-0.0145625,-0.05323125,4.906638889,0.037135294,-1.254475,12.42538333,5.131027778,3.349988889,-1.421164706,-1.078076471,1.085411765,-2.92054375,0.14565625,0.7362875
pote.txt_7633,3.949271429,3.274995,3.043236842,1.181833333,0.31357,0.182768421,1.158085714,163.0459571,22.01054286,0.586095,157.10719,19.322815,0.269994737,160.2223211,17.45384211,0.407327429,0.3562007,0.322705421,0.549842857,87.23428571,6119.464286,0.17211,84.1995,4056.975,0.184410526,79.76473684,3725.236842,8072.305114,0.29672381,6612.72032,0.19725,7184.716026,0.124321053,1.275057143,1.18976,1.151184211,296.7272538,275.6311896,260.8580313,0.332638095,0.174019048,0.4054,0.302135,0.015885,-0.04696,0.308984211,0.041263158,0.043847368,4.752261905,2.595595,1.112042105,4.641438095,3.502895238,5.221119048,0.56664,0.73789,-0.64225,1.268478947,0.176268421,0.419552632
pote.txt_8891,4.783586842,4.508591892,4.454266667,1.328560526,-0.322608108,0.544058333,0.891092105,177.2724079,35.62196842,-0.049327027,171.4825405,31.71897568,0.4342,173.8915806,32.19154722,0.459035158,0.322896757,0.305920556,1.495881579,70.78026316,9475.375,0.524445946,64.10432432,7462.094595,0.716369444,65.0025,6229.194444,9858.52725,0.637036842,7584.040962,0.296981081,7035.518417,0.303022222,0.917721053,0.899583784,0.887913889,399.7350912,358.4730519,322.5647034,0.408876316,0.296494737,0.402392105,0.052510811,0.103567568,0.029621622,-0.02505,0.052513889,0.126947222,2.936115789,-0.263591892,1.193275,7.373536842,8.427781579,5.623268421,-1.242997297,0.403518919,0.504964865,1.462219444,-1.761002778,1.431430556
pote.txt_5421,4.850746154,4.526641667,4.5477,1.123784615,-0.030633333,-0.452472727,0.666953846,217.3774154,56.63700769,-0.1833,205.274875,50.51894167,-0.398336364,201.4552545,46.42470909,0.405758615,0.27717825,0.262928,0.417207692,69.54230769,8542.538462,0.108866667,60.58166667,6138.416667,0,57.53,7183.363636,14107.15212,0.304,8995.100825,0.106025,8491.337682,0.062236364,1.214215385,1.198308333,1.208627273,378.3019607,358.9566752,358.4614317,0.486061538,0.439930769,0.312215385,0.139033333,0.003025,0.083008333,0.142245455,-0.116081818,0.146963636,4.190476923,-1.0855,-3.024063636,12.67196923,4.130576923,1.570253846,-1.625741667,0.345841667,0.161133333,-6.796063636,-0.7619,0.1276
pote.txt_6679,5.395870588,5.19714375,5.156666667,1.622694118,-0.1860125,0.310173333,0.877817647,180.1891235,39.04212353,0.07536875,164.1679187,33.145425,0.221153333,168.5350533,33.79735333,0.520656118,0.467605875,0.468344467,0.794647059,87.24882353,8818.882353,0.49551875,79.7975,7134.9375,0.639833333,84.63133333,7197.4,8054.857512,1.038264706,4646.120244,0.6734,4306.692493,0.665713333,1.037835294,1.00934375,1.01896,434.3061413,424.8159966,420.6219274,0.422394118,0.452235294,0.553823529,0.00453125,0.19195,-0.080975,-0.002406667,0.21164,0.020566667,3.613629412,0.1395125,0.78358,8.915505882,3.2698,3.007958824,-0.30009375,-1.36485,0.46785625,1.5474,-0.385106667,0.92578
pote.txt_6797,4.55515,4.402217647,4.38435625,1.420494444,-0.2672,-0.32615,1.0062,192.8288889,30.25321667,0.029894118,177.6855353,25.23157647,-0.08921875,178.3678063,23.6700375,0.378869667,0.236440353,0.24169875,0.264544444,74.37111111,9285.555556,0.038047059,69.01647059,6794.588235,0.069775,67.70875,7653.625,12685.65086,0.338966667,8336.422435,0.097052941,9470.40625,0.216775,1.251155556,1.224947059,1.23248125,329.3233798,300.2274579,299.5604969,0.413205556,0.309766667,0.363477778,0.116347059,0.180517647,-0.044764706,0.1846375,0.1280875,-0.058975,4.398933333,-0.082976471,-1.0238875,9.671044444,5.403955556,3.182955556,-1.361694118,-0.328635294,1.145111765,-2.18826875,-0.597075,1.16086875
pote.txt_1053,4.525454,4.178277551,4.15468125,0.942104,-0.130987755,-0.056254167,0.87698,192.65049,29.632536,0.130093878,185.6951163,26.95350816,0.290870833,185.3902479,27.04572708,0.4309184,0.321689347,0.324537333,1.641986,76.6134,6979.5,0.644895918,69.65836735,5108.459184,0.94005625,70.859375,5353.713542,8672.765014,0.511854,6423.626639,0.228138776,6200.382631,0.258735417,0.951316,0.884634694,0.897095833,412.2781,372.5309966,362.7762715,0.369368,0.302066,0.407154,0.043187755,0.095526531,0.112622449,0.05445625,0.070975,0.14524375,3.089308,-0.065322449,0.524254167,5.91086,5.287822,5.507006,-0.556871429,-0.666673469,-0.671430612,0.295639583,-0.303883333,-0.554972917
pote.txt_3505,3.8827,3.85762,3.865,2.520733333,0.70244,-1.354725,1.2825,119.5602,41.8608,0.2425,115.26052,38.59488,-0.8075,115.538875,38.232,0.307097333,0.2003528,0.030618,0.1521,56.19,24392,0.12506,56.394,23067.2,0.0676,49.815,23035,22334.4972,1.729633333,17197.45704,1.76786,15143.499,1.6605,0.9606,0.95652,0.957825,578.423032,546.6096078,545.7443552,0.6828,0.664566667,0.4806,0.32168,0.50458,0.10036,0.085,0.43855,-0.297275,3.762233333,0.6845,-2.36385,17.80646667,10.99846667,4.4262,5.21188,10.27828,1.48612,-4.619375,10.229125,-2.012375
pote.txt_2503,4.143035714,4.152161538,4.12135,1.3998,-0.327846154,-0.467166667,1.040371429,193.1278357,43.58329286,-0.160853846,177.4603538,33.10316154,-0.275066667,173.6955417,26.39175833,0.2561985,0.218675231,0.210412,0.157464286,68.46,10191.71429,0.008376923,61.35153846,8790.846154,0.036575,61.49833333,8783.416667,14765.64629,0.217228571,11794.29352,0.0634,12687.78315,0.08705,1.457771429,1.410661538,1.468066667,367.0383985,357.253032,347.3447613,0.477992857,0.289328571,0.226521429,0.385969231,0.153015385,-0.026030769,0.428958333,0.1438,-0.1341,5.241007143,-0.990215385,-1.702583333,11.24077143,2.183464286,3.406228571,-2.068515385,-0.4437,1.7579,-1.51375,-0.491375,1.28015
pote.txt_6275,5.16232,4.780114286,4.846269231,0.782646667,0.0441,0.131907692,0.65782,152.12746,29.19874667,0.001478571,144.9992143,23.08613571,-0.014369231,149.1447077,27.56725385,0.2188908,0.143652786,0.155407077,0.152073333,76.62,7490.866667,0.067671429,70.50357143,5799.071429,0.054823077,70.88538462,5456.692308,9264.33696,0.258766667,7823.800143,0.146514286,8509.596631,0.104569231,1.4031,1.353571429,1.359969231,366.0728566,342.2696487,349.0600849,0.553766667,0.28348,0.340173333,0.363135714,0.177878571,0.162028571,0.133092308,0.220707692,0.094815385,3.125986667,0.169714286,0.437061538,5.636173333,3.01218,1.858286667,-0.578757143,1.016142857,0.056592857,2.942630769,-0.738446154,0.577023077
pote.txt_3789,3.748642857,3.7054,3.71686,4.651742857,3.491666667,2.94,1.9225,101.089,30.456,1.1625,94.4274,25.8336,0.9145,95.86576,26.61984,0.656049714,0.625254667,0.5667528,0.306614286,87.08142857,19240,0.309833333,92.4,17277.33333,0.2873,88.83,17657.6,11175.85903,2.373328571,5035.2192,2.512466667,5480.88696,2.44374,0.938314286,0.9312,0.93312,455.1247758,408.0638795,417.1464387,0.320285714,0.326471429,0.7774,-0.041066667,0.1368,0.51,-0.05896,0.14958,0.412,5.386614286,3.092566667,2.3901,12.371,8.342428571,8.659,0.9696,7.2996,6.9144,-0.49536,7.48944,5.93056
pote.txt_2471,3.852358333,3.773609091,3.78664,3.383191667,-1.746909091,1.53461,1.4977,139.8937,47.6737,-0.619,130.1627636,41.11003636,0.61933,141.72209,45.46154,0.505868167,0.303968364,0.4141556,0.189341667,70.37583333,17892,0.050227273,58.20272727,16978.72727,0.13689,60.999,17314.2,15798.25629,1.507233333,10036.82133,0.826181818,15094.21575,1.19739,1.05275,1.021118182,1.03279,468.3469008,451.8466849,466.5435798,0.475491667,0.429025,0.514441667,-0.068327273,0.268590909,-0.202954545,0.06129,0.38508,0.25836,5.25775,-2.578690909,1.57285,14.51736667,6.701108333,6.189775,-7.995163636,1.483745455,1.418372727,6.7965,2.68082,3.93776
pote.txt_11905,4.4748,4.329490909,4.33656,1.903333333,0.028181818,-0.48,1.9736,182.5132667,27.62276667,0.459781818,177.2989455,18.14308182,0.083,171.88281,13.90686,0.362597333,0.302794182,0.2950944,0.0726,93.13,13547.66667,0.0396,78.81727273,13474.45455,0.03267,77.066,13494.6,14983.7931,0.1906,14660.30855,0.131963636,14273.98362,0.12137,1.571933333,1.575963636,1.57317,369.3387274,370.0401193,369.6211583,0.355933333,0.177066667,0.248533333,0.350218182,0.080872727,0.080872727,0.34221,0.04224,0.0408,9.0852,1.2196,-0.81656,11.2291,1.679033333,6.8932,-1.961736364,0.027227273,5.351090909,-5.91004,-0.42018,5.11192
pote.txt_1321,5.444023913,5.308935556,5.281484091,1.18585,-0.231871111,-0.297172727,0.852452174,181.3220348,41.26172609,-0.002953333,177.0150644,33.58562889,-0.140625,174.8279977,34.40255909,0.487417935,0.384022533,0.397835227,0.7473,78.39369565,7452.5,0.240395556,69.96111111,5364.222222,0.198688636,70.8325,5336.681818,9862.672011,0.36316087,6624.308567,0.123246667,6814.27355,0.0748,1.044093478,0.973255556,0.9612,353.1180655,288.3472646,281.7783946,0.430247826,0.340408696,0.381671739,0.151546667,-0.002326667,0.033742222,0.262340909,0.103063636,0.052997727,4.270484783,-0.643708889,-0.664277273,9.178826087,7.316480435,3.448128261,-1.090151111,0.689106667,-0.215197778,-1.613915909,-0.255225,0.321043182
pote.txt_8849,4.303997297,3.798775,3.810814286,2.857810811,1.720536111,1.294422857,1.316013514,151.7289054,23.79477297,0.894902778,142.7603194,21.83052222,0.910171429,142.41806,23.12056,0.748272216,0.7491015,0.752015886,0.914167568,92.52189189,8393.540541,0.646222222,92.05444444,6944.208333,0.716062857,92.39,6756.792857,4114.966732,1.506413514,2985.41295,1.160194444,3073.443486,1.110014286,0.864675676,0.819016667,0.81352,368.9762943,354.5798006,352.8732902,0.257462162,0.321459459,0.746054054,0.097733333,0.248188889,0.183266667,0.152614286,0.183757143,-0.01948,3.759459459,2.784516667,2.65782,5.701102703,4.743394595,6.481143243,3.739519444,0.408191667,2.565138889,3.175097143,0.814705714,1.822625714
pote.txt_5239,4.255833333,4.196072727,4.15764,1.5961,-0.177636364,-1.0636,1.093541667,176.9905917,33.71955833,-0.0168,159.8679636,23.25922727,-0.61419,159.01438,20.24454,0.24641675,0.184315636,0.160093,0.090466667,74.52916667,9936.833333,0.0369,68.31363636,8610.818182,0,65.8,8128.6,12441.52083,0.338325,9988.592891,0.144681818,10527.8038,0.04965,1.558416667,1.537981818,1.52963,338.0409113,332.4601491,326.393998,0.443616667,0.227883333,0.328666667,0.213181818,0.121018182,-0.049236364,0.15085,0.11148,-0.12884,4.856341667,-0.597527273,-3.09332,9.044866667,2.380383333,3.875866667,-2.856636364,-0.074427273,1.356745455,-5.72189,-1.99882,1.03309
pote.txt_5503,5.69709,5.548311111,5.4344375,0.61417,-0.137511111,0.26625,0.31981,177.44167,41.28235,-0.154666667,174.2931667,38.02294444,0.0285875,175.297225,40.0940625,0.5718667,0.429873444,0.416267375,0.80077,69.303,6531.2,0.218622222,59.62444444,4496.222222,0.558725,64.35125,5267.5,8664.38481,0.3842,4000.514411,0.169477778,6991.290075,0.1643,0.82952,0.830366667,0.8458,348.4075631,343.1529383,326.5314843,0.59979,0.43227,0.50828,0.090411111,0.231522222,0.383566667,0.11825,0.1664875,0.376025,1.98099,-1.235366667,0.3138,8.77053,9.45287,0.62712,-4.219488889,4.132077778,0.192677778,2.8915875,-0.9438,0.0649
pote.txt_4451,4.16376,4.072044444,4.009325,2.26769,-0.008044444,-0.98785,1.29736,171.94727,44.23597,0.245644444,161.4421556,35.49298889,-0.4769125,172.1198,37.205175,0.4665751,0.357293222,0.28383675,0.4865,79.93,12909.7,0.278022222,70.96222222,11396.33333,0.1402375,62.08,10603.75,12968.99045,0.96317,8581.198267,0.420833333,7473.177075,0.7453125,1.16524,1.1175,1.120825,422.2074496,413.9426256,422.9847748,0.41999,0.32568,0.44902,-0.082388889,0.229755556,0.226755556,0.253525,0.2165375,-0.117725,5.29049,0.166366667,-2.729225,12.43183,3.97031,4.81211,-1.885966667,-1.557733333,3.431877778,-9.089075,1.7955125,0.4351
pote.txt_3841,3.899457143,3.88,3.892,2.254357143,-1.1313,-0.95256,1.2025,121.8691,43.2864,-0.6375,117.7815,39.744,-0.5015,119.5756,40.9536,0.263478286,0.027412,0.0248472,0.132785714,52.32857143,25036,0.061966667,47.52,23686.66667,0.05746,45.684,24208,23729.32697,1.649171429,17027.3664,1.6056,18534.46032,1.56168,0.963385714,0.9603,0.96228,593.8353141,561.3626498,573.8572854,0.728114286,0.706828571,0.4435,0.186666667,0.496533333,-0.2397,0.268,0.54292,-0.19364,3.559185714,-1.8411,-1.4229,18.4859,11.33047143,3.8971,-1.599166667,10.57283333,-1.7085,0.817,10.8478,-1.4654
pote.txt_4681,3.390209091,3.06138,2.859033333,0.890118182,-0.03344,0.234911111,0.500527273,216.2962,36.39415455,-0.10778,209.18898,35.52292,0.176811111,205.3563333,33.57323333,0.523972273,0.4193625,0.430219111,0.822627273,74.02909091,4820.045455,0.53818,67.928,3086.9,0.354811111,71.32555556,2884.388889,8130.445673,0.558427273,4979.5293,0.24247,3483.176289,0.401177778,0.909645455,0.83306,0.860888889,365.4380791,358.2315415,360.755235,0.392936364,0.372209091,0.5803,0.30211,0.31409,0.26878,0.348177778,0.319944444,0.300066667,1.917345455,-0.45202,0.581111111,6.284354545,2.495927273,2.486236364,-0.70618,-0.17236,-0.20065,-1.138855556,0.430566667,-0.644388889
pote.txt_1269,5.074551515,4.920603125,4.821787097,0.772939394,0.03888125,-0.131367742,0.596036364,188.4187818,41.97436061,0.0993625,182.9942469,37.63970937,-0.163925806,184.4602032,37.3725871,0.409727333,0.329516063,0.327421581,1.010372727,73.73030303,5831.242424,0.542553125,67.7225,4707.40625,0.318445161,65.73903226,4687.129032,8492.193861,0.3554,6401.495778,0.16784375,5601.148881,0.131383871,1.098342424,1.0516,1.044074194,354.6795127,308.4706493,333.4439042,0.419118182,0.382527273,0.42530303,0.310078125,0.1838625,0.234065625,0.264503226,0.134412903,0.197441935,2.969472727,0.141946875,-0.721809677,7.815824242,5.70449697,2.927187879,0.947553125,1.91215625,0.547071875,-1.948409677,2.434980645,0.211751613
pote.txt_7207,5.510972222,5.110494118,5.3649875,1.195055556,0.327482353,0.3965125,1.011605556,151.72565,26.92900556,0.561970588,147.4234118,24.09431765,0.53971875,143.5755438,22.28576875,0.444800222,0.337473059,0.3169245,1.540533333,99.40111111,5809.611111,0.915311765,91.69235294,4657.647059,0.6657875,97.964375,4721.8125,3855.610889,0.808838889,3060.953188,0.393764706,2812.525263,0.4722625,1.20755,1.149858824,1.14055,372.2854535,337.0965533,329.1826721,0.332394444,0.187016667,0.532927778,0.120729412,-0.000623529,0.070947059,0.1423375,-0.00333125,0.0443625,3.714611111,1.836723529,2.21850625,5.638222222,4.070561111,4.873011111,3.891941176,1.099194118,0.337170588,4.24425,0.71058125,0.25591875
pote.txt_4499,4.56569,4.555411111,4.629025,1.20787,0.079088889,-0.1468125,0.9276,155.60306,28.94294,0.102888889,151.1680111,26.81123333,0.3617875,149.7543125,26.2682375,0.3524959,0.321027778,0.327548625,2.55754,65.231,7436.5,0.627822222,64.66111111,5568.555556,1.5713625,67.06,5214.25,7934.54167,0.55827,6075.0943,0.155033333,5572.326463,0.25685,0.9429,0.8973,0.8949125,435.7144395,376.6871943,355.1666692,0.46719,0.20843,0.32752,0.188255556,0.1107,0.084022222,0.3035,0.1030875,-0.130825,2.60103,0.570022222,0.4122125,4.96179,6.01775,7.69878,1.057266667,-1.605177778,0.230733333,1.8525125,-0.196175,0.767775
pote.txt_3919,5.374085714,5.5197,5.45514,1.401428571,-0.126466667,0.1392,1.282257143,188.1908,28.39631429,0.226766667,182.07695,23.642,0.30434,169.51968,22.22742,0.389954429,0.290044,0.2867528,0.1249,79.34,10413.42857,0.05885,73.66,7746.666667,0.02178,71.194,7447.4,12573.3813,0.139085714,10084.94917,0.06775,8413.27232,0.10032,1.361614286,1.19575,1.13558,341.6740272,271.8446161,243.2282214,0.416285714,0.320014286,0.300985714,0.3622,0.091733333,-0.082466667,0.3333,-0.05464,0.075,6.193557143,0.8013,0.29056,8.594571429,6.032657143,4.637342857,0.666666667,-1.8298,2.882933333,-4.3976,3.42434,2.90332
pote.txt_10269,3.957942857,4.0158,3.77928,1.655714286,-0.523333333,-1.078,1.415028571,224.7141,44.23324286,-0.180733333,199.1162167,25.07996667,-0.768,214.25304,29.22234,0.263549714,0.235578667,0.1824416,0.046671429,68.44428571,13109.57143,0.01815,62.19666667,13219.66667,0,49.098,13031.4,18140.98217,0.1261,16307.33715,0.083816667,17456.0589,0.0444,1.6141,1.599816667,1.6172,375.9568216,373.7991689,376.5443236,0.424385714,0.298971429,0.168914286,0.386216667,0.125866667,0.000266667,0.41144,0.14976,-0.07168,7.023485714,-1.6508,-4.37528,13.48874286,1.458271429,4.774342857,-3.662783333,-0.460033333,3.8548,-6.00846,-0.94966,2.65384
pote.txt_7939,4.309704167,3.967582609,4.015763636,1.281916667,-0.077147826,-0.193540909,0.9358375,195.7415,29.55547917,0.270526087,186.5574174,26.26602174,0.189040909,183.0033909,26.31736818,0.412842083,0.334811609,0.307815682,1.1541875,77.35666667,7902.802083,0.350117391,72.27782609,6341.652174,0.555859091,72.01454545,5771.727273,10119.9626,0.524104167,7452.009161,0.226878261,6661.657855,0.263681818,1.0350375,0.974704348,0.9521,408.8842167,384.6349442,379.7007752,0.4032125,0.333954167,0.477920833,0.187852174,0.230982609,-0.000513043,0.10975,0.203586364,0.006863636,3.658791667,0.818530435,0.135763636,7.6488125,3.912020833,4.6958375,1.546613043,-1.032708696,-0.26756087,-0.628668182,-0.929113636,-1.195554545
pote.txt_8541,5.8186,5.510707143,5.785018519,0.819644828,-0.058428571,-0.005703704,0.423703448,180.2795483,30.21172069,0.076117857,176.5288929,27.93513929,0.089,175.0473259,28.14757037,0.703435379,0.577642857,0.600068407,0.919768966,85.89137931,4530.594828,0.81935,85.73285714,1661.517857,0.793403704,85.29185185,2062.703704,3538.832859,0.514441379,1818.121693,0.207728571,1721.615456,0.233096296,0.747727586,0.675678571,0.710762963,278.5177334,165.4060937,208.6256939,0.391582759,0.295024138,0.689562069,0.084578571,0.038510714,0.307678571,0.022485185,0.138840741,0.335325926,1.378406897,0.504075,0.466148148,5.2819,11.07374828,1.772286207,3.587007143,-0.636921429,-0.264896429,3.225592593,3.324414815,-0.467440741
pote.txt_4543,4.0825,3.823988889,3.847875,3.3319,0.611222222,0.606675,1.44577,158.21183,29.87922,0.884388889,141.4793111,28.55746667,0.470375,147.338825,29.34645,0.6677112,0.492395111,0.436158,1.83327,80.079,10037.2,0.796611111,76.01666667,7635.555556,0.8979375,72.61875,8876.25,6303.63884,1.43459,3779.3928,0.7533,4253.682975,0.8098375,0.88443,0.860177778,0.843,349.2915297,287.7745317,267.5020507,0.1883,0.1379,0.63864,0.029555556,0.021855556,-0.043888889,0.048125,0.056725,0.088125,3.71971,1.226066667,0.5507375,7.66324,9.2783,9.36643,1.158533333,-2.815422222,-2.492377778,-0.014575,1.71245,0.97625
pote.txt_10447,5.07471,5.117255556,5.0928,2.08686,0.590333333,0.523375,1.26454,154.92287,34.03975,0.6933,145.3088667,27.07354444,0.350025,153.6027625,22.556,0.4434487,0.383975333,0.402512125,1.01549,79.145,9471.1,0.337255556,74.71888889,9591.444444,0.2385625,71.49875,9230,8840.26958,0.94733,6411.635333,0.462611111,5829.283413,0.693325,1.33978,1.288822222,1.3379375,394.6603395,391.6320839,387.778293,0.38487,0.32433,0.33334,0.190744444,0.127933333,0.128133333,0.0913,0.0956,0.124,4.65363,1.695111111,-0.8810125,8.3908,2.93399,5.55817,0.807088889,0.877477778,1.476722222,-3.4929125,0.8556375,0.919925
pote.txt_4051,5.220466667,5.02164,4.962075,0.8452,0.69968,0.7066,0.18885,230.5476,61.75671667,0.07538,224.03448,59.10018,0.092825,230.355,57.840225,0.6025695,0.4891528,0.444691,0.2738,53.01,6165,0.10952,48.296,2665.8,0.1369,48.67,3249,11878.41877,0.004883333,6530.3023,0.00304,7416.64885,0.00335,0.87695,0.71476,0.75765,213.1363127,100.7551894,120.297809,0.3686,0.326816667,0.3002,0.30208,0.00808,0.206,0.307075,0.0682,0.210625,1.769,0.51112,0.732475,11.62408333,15.18883333,0.54195,-1.00242,10.10128,0.04048,1.222275,10.3754,0.12785
pote.txt_4247,4.0698,4.064525,4.180328571,2.967733333,-1.75375,2.041714286,0.9948,192.0659222,57.56237778,-0.4362625,167.78595,44.625975,0.670085714,173.3402857,47.49428571,0.439358111,0.3088715,0.353555571,0.140833333,55.57222222,12610.33333,0,49.79625,12424.125,0.120714286,55.83142857,12353.42857,14781.32761,0.969444444,10838.33348,0.2176,12881.07883,0.850814286,1.223955556,1.170325,1.1441,420.704237,414.3442827,423.5642157,0.4874,0.473044444,0.401666667,0.302025,0.3141,-0.23145,0.4548,0.460671429,0.319685714,4.254766667,-2.5209125,2.7974,12.53986667,3.699066667,4.597288889,-3.953,-2.0963,2.514075,7.121071429,2.552671429,4.3537
pote.txt_7373,4.141755,4.061178947,4.044061111,2.12826,0.308947368,-0.667444444,1.65951,190.379955,33.60955,0.422705263,177.1721421,25.83867368,-0.0053,177.7458889,23.31961111,0.38181885,0.308961263,0.309676667,0.095255,81.1875,14582.3,0.055821053,73.19157895,14572.84211,0.035088889,69.89555556,14503.88889,16255.32317,0.46822,14760.66866,0.274936842,14426.513,0.208144444,1.32434,1.277352632,1.306055556,414.7751353,412.6225719,409.9321855,0.42466,0.264105,0.284365,-0.042136842,0.163347368,0.078105263,0.127894444,0.141422222,-0.016377778,7.320285,1.454778947,-0.561361111,11.56971,2.590225,5.885565,0.115773684,0.885636842,3.678310526,-3.931794444,0.2388,3.452994444
pote.txt_7777,1.8726,1.281938095,0.732,2.088709091,-0.471942857,0.08182,1.092163636,251.7242773,30.68630909,0.155561905,235.2959667,25.81334762,0.320745,230.101325,24.337095,0.650359273,0.533181857,0.55361875,0.186181818,67.05181818,9010.386364,0.108333333,61.30904762,7217.916667,0.130325,63.4425,5124.625,15295.66764,0.817545455,13036.29834,0.255680952,13289.44172,0.27785,0.639477273,0.59432381,0.54452,410.9716643,409.1850349,406.0825708,0.294059091,0.443059091,0.458972727,0.080914286,0.388480952,-0.012457143,-0.014445,0.38788,-0.1194,3.642204545,-0.225090476,0.34854,8.119495455,2.815618182,5.611818182,-1.668009524,1.182971429,0.280747619,0.85262,1.26128,-2.39107
pote.txt_2607,4.982514894,4.710578261,4.670813333,1.176319149,-0.051071739,0.003884444,0.863129787,175.9034128,28.55530426,0.217095652,169.2727087,25.84601739,0.256002222,170.2589933,27.18822667,0.448466681,0.33247163,0.301209889,1.822408511,80.75340426,6190.941489,0.776665217,75.96782609,4781,1.161204444,75.53111111,4526.511111,6044.56634,0.690523404,4370.568835,0.349965217,3870.716922,0.347804444,1.077395745,1.022323913,1.010986667,392.454374,364.9859674,343.9782457,0.355710638,0.302776596,0.503574468,0.026528261,0.118741304,0.162534783,0.141455556,0.094628889,0.118437778,2.679242553,0.402495652,0.661562222,5.602102128,4.953748936,5.465061702,1.14025,0.361215217,-0.65635,0.613388889,-0.07814,0.084204444
pote.txt_7305,4.115673684,3.952744444,3.997741176,1.280021053,-0.109,-0.233764706,0.941973684,194.0020105,36.80711053,-0.013572222,177.1956111,29.19828889,-0.127470588,174.7888353,27.06497647,0.345797579,0.272688278,0.272587412,0.171610526,67.93263158,9159.013158,0.0132,63.735,6440.611111,0.020770588,63.33588235,6583.764706,14418.57588,0.096673684,10828.21072,0.043938889,10483.90329,0.042817647,1.211631579,1.158922222,1.110705882,356.628502,313.2541403,320.0063853,0.511936842,0.328589474,0.313468421,0.347538889,0.161216667,-0.013388889,0.360805882,0.199229412,0.041976471,4.693284211,-0.214011111,-0.830688235,9.898421053,3.948868421,3.288731579,-0.72845,1.446905556,0.209461111,-1.229717647,0.311088235,1.034458824
pote.txt_11059,4.113514286,3.958338462,3.9966,1.419828571,-0.410923077,-0.961333333,1.322028571,168.6491857,29.28375714,-0.205938462,158.2352077,21.24797692,-0.612316667,157.1156333,18.26611667,0.257045714,0.179092923,0.172056667,0.046671429,80.33,9863.857143,0.008376923,67.23461538,7347.461538,0,67.82333333,7614.333333,12464.55003,0.123957143,10670.30834,0.047607692,10921.83375,0.033958333,1.6067,1.612592308,1.606875,313.5713955,297.6045555,301.3932516,0.420185714,0.162285714,0.271428571,0.4169,0.067446154,-0.085784615,0.402408333,0.054666667,-0.178466667,6.118342857,-1.208461538,-3.0564,8.474114286,2.010271429,4.502257143,-3.070061538,-0.496207692,1.591169231,-4.924216667,-1.324516667,1.149716667
pote.txt_6991,3.796594444,3.531388235,3.4666875,1.356244444,-0.367647059,-0.034,1.035744444,234.3481,49.45591111,-0.304,224.7301,37.28292941,-0.178975,232.0074062,41.38575625,0.318567222,0.263380706,0.221421,0.071344444,59.16777778,11865.34722,0.025817647,50.46823529,10495.11765,0.00680625,47.241875,10354.75,17916.55502,0.113722222,16421.08643,0.053511765,16496.9289,0.04655625,1.378766667,1.319182353,1.29705625,374.4204422,346.6061405,345.2815248,0.459938889,0.357411111,0.168944444,0.354270588,0.205647059,-0.074917647,0.33399375,0.2317,0.0233,5.327794444,-1.575682353,-1.0660875,12.57999444,3.177633333,3.559194444,-0.028841176,-0.208223529,0.946670588,0.39673125,0.35600625,1.7058625
pote.txt_8271,5.745511538,5.441208,5.384783333,0.855719231,0.049512,-0.260575,0.631065385,186.3445654,37.85530769,0.014208,181.38798,33.725976,-0.179883333,176.1598833,33.30738333,0.419435423,0.31249112,0.30102025,0.380776923,75.73961538,6606.730769,0.169684,68.0508,4517.68,0.125383333,65.24833333,4776.208333,9457.221358,0.3827,6694.29484,0.180032,5965.814225,0.111379167,1.164153846,1.07902,1.063904167,322.2969525,259.9025482,270.1002495,0.404107692,0.394061538,0.342873077,0.146364,0.049192,0.16192,0.1604,0.039575,0.157370833,3.179888462,-0.14944,-1.3398125,8.697184615,7.540407692,1.629315385,-0.216396,0.70134,-0.26632,-3.749383333,2.119341667,0.41195
pote.txt_10037,4.505465217,4.229963636,4.161833333,1.219226087,0.375218182,0.1156,0.575630435,194.2857261,53.33323913,0.106777273,193.3262545,46.51785,-0.05652381,193.3316333,44.31820476,0.508133522,0.391397091,0.413427238,0.404586957,63.83652174,8225.228261,0.139086364,57.72318182,5169.318182,0.05207619,54.14761905,6236.857143,12151.66585,0.329943478,8511.650418,0.188218182,8245.744886,0.102914286,0.936791304,0.869913636,0.885609524,350.5076839,291.6383218,303.7460908,0.482178261,0.394047826,0.386465217,0.278963636,0.2304,0.09145,0.290166667,0.227861905,0.196561905,3.044056522,0.402104545,-0.724604762,10.68449565,7.731078261,2.207891304,0.707859091,2.186436364,-0.326609091,-3.61412381,3.6755,0.573695238
pote.txt_7251,7.8296,8.077957143,8.001166667,0.4561,-0.008885714,-0.188416667,0.7541375,147.99835,21.65905,0.412,139.9228571,16.11088571,0.15125,137.6187333,14.15435,0.719882,0.703218286,0.698544,0.6064,90.305,5927.875,0.6238,93.47142857,2268.285714,0.60075,92.225,3300.833333,2491.903487,0.923,671.0312857,0.507342857,684.2720833,0.460683333,0.98885,0.924828571,0.89535,272.9381938,128.9465206,160.431141,0.19865,0.58385,0.2591375,-0.070385714,0.099314286,0.171428571,0.0015,0.09,0.173,1.73635,1.153785714,0.647066667,4.48255,11.58685,0.6835625,3.692957143,-3.319514286,0.176314286,3.527966667,-1.642116667,-0.0133
pote.txt_5199,2.111125,1.450885714,1.5225,0.9686,0.613142857,0.726,0.537025,328.87705,52.854875,-0.151314286,325.9215429,45.80302857,-0.0096,327.3792,45.84825,0.23447925,0.109613143,0.133882,0.038025,34.765,10780.5625,0,33.58571429,7869.857143,0,32.34,9129.75,24624.32598,0.0163,23000.763,0.015828571,24060.84975,0.015,1.198825,1.033685714,1.0335,422.8158495,411.9568549,419.0279016,0.464425,0.57305,0.1317,0.073657143,0.563,0.1008,-0.1221,0.5688,0.0752,3.1547,-0.102228571,0.4914,15.20175,1.14655,1.77405,11.13648571,0.179714286,-0.126285714,12.8633,-1.1227,-1.3132
pote.txt_9755,4.801733333,4.68925,4.686392308,1.509286667,-0.381771429,-0.65,1.1446,159.19912,42.486,-0.220178571,159.21455,34.05317857,-0.418069231,158.9844846,28.34847692,0.381110267,0.314410714,0.336502077,0.19186,74.902,11147.13333,0.040635714,64.31285714,9275.928571,0.037061538,61.03538462,10068.76923,14000.50139,0.297833333,11299.15187,0.1898,12535.56741,0.130107692,1.166746667,1.108464286,1.129076923,393.8067876,361.5418465,357.2678735,0.532066667,0.332273333,0.285953333,0.331692857,0.138407143,-0.019064286,0.224784615,0.111776923,-0.095953846,5.614806667,-1.189164286,-2.672046154,11.29372,5.294526667,3.886366667,-2.823742857,0.181321429,1.5007,-5.268869231,0.322992308,1.071738462
pote.txt_9157,4.553973913,3.788357778,3.807572727,0.489447826,-0.050902222,-0.085031818,0.70958913,194.1443957,31.66383043,0.131635556,189.6400822,27.76778667,0.220984091,189.3086182,27.86435227,0.505535674,0.389747533,0.404143,1.777691304,73.62565217,5266.184783,1.103188889,67.54,3708.2,0.731427273,68.19136364,3234.340909,7562.760693,0.272263043,5597.160842,0.133624444,5411.292305,0.116106818,0.8663,0.777435556,0.8063,363.7791529,306.7827418,307.8441687,0.382704348,0.298934783,0.393656522,0.173366667,0.048268889,0.183688889,0.073740909,0.053961364,0.1383,2.490823913,0.173686667,0.473345455,4.542593478,6.798065217,5.166276087,0.13492,0.448786667,1.868775556,2.27E-06,-0.344179545,-0.857315909
pote.txt_8703,4.971645455,4.79503125,4.789522581,0.874242424,0.051025,-0.226406452,0.721354545,191.2084939,41.34680303,0.139671875,186.3502531,35.76769375,-0.193280645,184.0651839,34.82291935,0.437268576,0.332313375,0.338248645,1.001421212,73.63393939,6495.515152,0.397909375,67.2853125,4634.25,0.215735484,65.32032258,4701.193548,9197.745594,0.253881818,6177.412009,0.1155625,6040.976913,0.08526129,1.167060606,1.0897375,1.098822581,336.0281967,289.8258237,290.0326219,0.438384848,0.356051515,0.42390303,0.3341,0.12285,0.0626375,0.31363871,0.035729032,0.115990323,3.582569697,0.437296875,-1.093154839,8.170515152,5.432036364,3.361554545,0.46005,1.552784375,-0.36331875,-2.541183871,2.073393548,-0.314080645
pote.txt_7613,3.894838095,3.61307,3.518563158,2.686580952,-0.149035,-1.548284211,1.093242857,189.6211333,45.30169048,-0.167075,181.363365,40.291255,-0.453031579,171.2888211,39.88150526,0.52015419,0.35305695,0.376822316,0.238752381,66.56571429,11636.20238,0.07462,56.8765,9414.575,0.093436842,55.39105263,10337.10526,12427.84086,1.094390476,9202.887875,0.430615,8579.856042,0.122478947,1.1608,1.104915,1.066521053,351.0575656,315.11024,315.4150183,0.333338095,0.358004762,0.448666667,0.186115,0.268855,0.057015,0.048805263,0.199973684,-0.070163158,3.872319048,-0.8701,-2.206910526,11.40100476,6.168161905,4.657238095,-1.194415,0.468185,2.23024,-5.063163158,-2.809305263,1.679857895
pote.txt_2185,4.724042857,4.500265854,4.5733375,1.581342857,-0.064078049,0.1573075,0.944195238,181.9563786,42.52407619,0.335397561,176.0580317,36.03513659,0.3407225,177.5622375,38.26167,0.506152857,0.385762195,0.409934725,1.334528571,80.29595238,8633.482143,0.735287805,73.12682927,6387.853659,0.7122325,75.37875,6833.7375,9336.09675,0.82232381,5632.714073,0.375158537,6649.56325,0.4266025,0.933633333,0.905295122,0.90364,426.7588569,393.2798549,390.7819325,0.386464286,0.373083333,0.488797619,0.129395122,0.168673171,0.058621951,0.0250675,0.213455,0.07801,3.63417619,0.592239024,1.403045,9.30707381,5.0647,4.858630952,0.241107317,-0.740956098,-1.00185122,2.375765,-0.1041525,-0.1633475
pote.txt_7479,4.672826667,4.568642857,4.600869231,3.113833333,0.756528571,-0.003015385,1.277453333,130.4171133,32.75178667,0.324,124.6981429,30.53108571,-0.139484615,125.0660615,30.22006154,0.711976,0.619109143,0.602190154,0.34924,81.44466667,14190.93333,0.307542857,81.13928571,7451.857143,0.306246154,78.69230769,11533.38462,8999.877653,1.600793333,3421.974643,0.932921429,4734.392738,1.196061538,0.744286667,0.674914286,0.712861538,345.7988257,191.7082627,284.7790089,0.31094,0.276046667,0.662553333,-0.0779,-0.025821429,-0.034464286,-0.062553846,0.114661538,-0.101923077,3.5761,1.066671429,-0.269238462,9.838133333,13.64807333,5.690853333,0.252235714,-6.163285714,2.008071429,-1.301892308,6.009476923,0.691261538
pote.txt_1989,3.7464875,3.7028,3.681916667,2.82305,1.418314286,0.166183333,1.3133875,138.15905,43.3999125,0.640642857,131.2419714,40.49537143,0.007,134.0911167,40.5702,0.3557015,0.310184571,0.215333333,0.1668875,58.925,21756.125,0.137614286,59.06142857,20323.71429,0.1014,55.12,19845,20079.72326,1.6554875,16447.58254,1.4496,14953.2981,1.324983333,1.0469,1.041257143,1.05625,527.6323334,498.2574332,489.6219023,0.5866,0.5723375,0.48865,0.185657143,0.4616,0.269571429,0.0052,0.410416667,0.032683333,4.0613375,1.723814286,-0.1352,16.5861625,9.1752625,4.9189,7.9813,6.026957143,3.532342857,1.8887,5.285633333,1.54105
pote.txt_4083,6.4102125,5.848857143,5.63435,1.3661625,0.124228571,0.4309,1.130375,135.7873625,17.1968625,0.562142857,129.1402857,15.41561429,0.435666667,129.802,14.37241667,0.48400875,0.305823429,0.346713,0.3817375,102.4825,6849.75,0.202542857,101.58,5561.571429,0.139283333,102.31,5799.666667,3818.333888,0.861025,3258.711143,0.540257143,2840.834533,0.341533333,1.4064,1.403471429,1.39905,302.0069737,292.2280227,268.3309892,0.29045,0.2298375,0.4239125,0.031828571,0.097357143,0.018085714,-0.08065,0.03735,-0.065733333,4.096325,2.460828571,1.724533333,5.1737,5.8143125,3.042,3.370942857,0.274085714,-0.181442857,3.672833333,-0.314316667,0.987666667
pote.txt_9133,4.681193478,4.247984444,4.2161,0.962419565,0.162517778,0.064345455,0.93138913,192.4531609,31.73888478,0.489246667,185.1030222,29.24940444,0.419377273,183.9360932,28.78792727,0.425144696,0.313471289,0.315036,1.821934783,78.73847826,6893.538043,0.790311111,72.58711111,5189.133333,0.835145455,73.20704545,4963.988636,8339.325083,0.633815217,5697.524107,0.382257778,5253.799243,0.418434091,1.094736957,1.020786667,1.034815909,410.3732223,379.9219499,373.5231876,0.343356522,0.335445652,0.389543478,0.058493333,0.097442222,0.146037778,0.068075,0.073577273,0.053009091,3.278854348,1.073468889,0.996943182,6.695276087,4.125332609,5.467169565,0.776868889,0.490804444,-0.833615556,0.511540909,-0.153645455,-1.772065909
pote.txt_823,4.229703333,3.924827586,3.970764286,1.873866667,0.09537931,-0.225171429,1.33598,198.5237833,30.24384667,0.316393103,186.9459655,24.37522759,-0.050207143,175.91365,23.16823929,0.449643133,0.354229414,0.340435,0.265953333,79.762,11028.25,0.065865517,72.89655172,9250.448276,0.122246429,72.33357143,10006.625,14380.72708,0.454423333,11252.36229,0.177086207,10943.78167,0.182725,1.136613333,1.089965517,1.106907143,392.6636643,371.8922228,371.0364469,0.430476667,0.324593333,0.38821,0.272817241,0.178441379,0.021113793,0.147396429,0.13045,0.007585714,5.930986667,0.959103448,-0.650242857,10.74404667,3.66799,4.80076,-0.397775862,1.497624138,1.457589655,-2.340717857,1.023692857,1.471939286
pote.txt_7611,3.8985,3.594025,3.499210526,2.688195238,-0.17227,-1.476442105,1.0849,197.9246238,40.98165238,-0.158285,188.03539,37.541195,-0.452636842,180.0958579,36.24782105,0.505665429,0.32568195,0.361453895,0.237947619,66.8347619,10839.0119,0.0663,57.2865,9143.4,0.093436842,55.86315789,9529.315789,12235.92686,1.039628571,9069.510695,0.361345,8375.888,0.111152632,1.16327619,1.108835,1.069668421,341.9813152,308.5705139,306.5180784,0.321409524,0.343590476,0.456695238,0.191005,0.25671,0.07344,0.067089474,0.187010526,-0.084431579,3.864233333,-0.902335,-2.101310526,10.88511905,5.784638095,4.6612,-1.1142,0.49291,2.17555,-5.173842105,-2.645015789,1.763089474
pote.txt_8487,4.494224138,4.067378571,4.109351852,0.526041379,0.136975,-0.029233333,0.516006897,195.5520724,32.80343793,-0.02415,190.8221893,31.94178929,0.231525926,188.9121519,31.53875185,0.449374586,0.3371895,0.359219148,1.99757931,66.24827586,4548.922414,0.994903571,62.7025,2834.589286,1.102796296,63.14148148,2951.055556,7110.145303,0.417324138,5073.924468,0.247414286,4316.348441,0.141337037,0.812958621,0.743496429,0.747855556,393.7386081,329.653163,307.7435439,0.367710345,0.346103448,0.428237931,0.1862,0.150378571,0.217410714,0.116522222,0.099311111,0.319707407,1.380896552,-0.011185714,0.234062963,4.85422069,7.600262069,5.095168966,1.03095,2.119225,-1.487803571,0.047877778,2.061474074,0.732125926
pote.txt_2881,6.23233,6.214926316,6.367583333,1.00342,0.369473684,0.382577778,1.107975,174.46063,25.49231,0.653668421,169.4597526,18.93341053,0.675666667,166.7350278,18.87721111,0.40937995,0.257199579,0.366280889,0.40318,98.6045,8715.85,0.266831579,98.05736842,6192.526316,0.318588889,98.36277778,7276.055556,8769.106065,0.34921,6762.992389,0.1997,7082.709722,0.207894444,1.22319,1.120247368,1.15425,352.573206,252.9257021,301.5327473,0.35775,0.211585,0.42,-0.106410526,0.0412,-0.049947368,0.167938889,0.138683333,0.217522222,4.8764,2.950578947,2.8566,8.53654,7.468635,3.498525,7.040157895,-2.686315789,-0.648568421,5.338677778,2.507222222,1.661961111
pote.txt_3585,4.2202,4.038375,3.886,0.9789,0.61325,0.414333333,0.51094,205.84492,52.8487,0.209025,211.13715,52.53185,0.091733333,206.8084,52.9515,0.1515612,0.11428825,0.105509333,0.35716,49.31,12746.8,0,36.955,11304.75,0,37.40333333,11470,18949.35992,0.60818,18125.27482,0.05505,16443.42,0.083666667,1.19964,1.24475,1.213333333,476.3770474,444.3739874,453.5022923,0.62296,0.53226,0.20882,0.1019,0.4877,0.1441,-0.034533333,0.4728,0.0912,2.74434,1.59725,0.831133333,15.05584,4.78954,1.0026,10.016975,-0.9403,0.077,5.893933333,-0.882366667,-0.130666667
pote.txt_6965,5.238788889,5.183829412,5.27621875,1.858877778,-0.344129412,1.018525,1.26995,137.6997667,21.03191667,0.077388235,133.3916882,18.19868824,0.8344875,133.2102687,17.44573125,0.612424444,0.551494294,0.559230938,0.487988889,96.20666667,7718.444444,0.371705882,92.21647059,4785.823529,0.30924375,94.266875,5399.625,4977.528972,0.708316667,3849.575335,0.276117647,3695.802294,0.3311375,1.058694444,0.995864706,0.97436875,291.3783158,243.7596104,213.674006,0.3059,0.20315,0.581933333,0.211388235,0.058376471,-0.2665,0.22709375,0.018475,0.21755,4.791733333,0.429129412,3.25273125,5.5921,7.640555556,5.036583333,2.556088235,-1.748111765,1.536476471,4.42719375,0.73074375,2.8860125
pote.txt_1747,4.3984375,4.017646667,4.012285714,1.288125,-0.046133333,-0.349742857,0.58375,210.2880813,45.9830125,-0.07454,193.18116,38.05650667,-0.24755,204.3683929,41.37277857,0.425061688,0.2893472,0.294911714,0.34775,61.25,7973.578125,0.0485,55.842,6351.4,0,52.60928571,5350.071429,13060.80664,0.34439375,8940.40848,0.120946667,8330.534357,0.046535714,1.0439,0.993353333,0.959435714,360.3047278,320.3380579,318.0193026,0.48106875,0.4129,0.35825,0.36934,0.240606667,0.101913333,0.283464286,0.220642857,0.0953,3.0188875,-0.417833333,-1.3071,10.0892,6.04098125,2.22663125,-1.173113333,2.106653333,-0.00298,-4.098442857,0.316821429,0.183778571
pote.txt_91,5.328221429,5.149281481,5.143588462,0.925685714,-0.194711111,-0.230765385,0.831471429,191.4765393,40.06266786,0.079614815,186.255,33.14635556,-0.137011538,184.3356423,34.61443077,0.353312071,0.243979926,0.218721154,0.928696429,78.35892857,7333.321429,0.263614815,69.31555556,6089.851852,0.101496154,69.34269231,6086.692308,9725.930336,0.347414286,7200.760081,0.165748148,6656.285081,0.113119231,1.235464286,1.19502963,1.17975,380.0576126,342.4506523,350.5337661,0.391646429,0.373821429,0.3697,0.204274074,0.037755556,0.097744444,0.141488462,-0.056353846,0.137588462,4.095064286,-0.472992593,-1.073696154,8.136142857,5.090467857,3.927407143,-1.728292593,0.725448148,-1.099237037,-4.735,-0.415565385,0.689469231
pote.txt_10749,4.168896552,3.899739286,3.795155556,0.8667,0.195842857,0.189103704,0.691937931,177.6252172,39.80257586,0.125428571,177.6704607,34.3734,0.250122222,175.5117963,33.64407778,0.401615483,0.292829857,0.292037556,1.935727586,62.72793103,6577.603448,0.799375,57.44607143,4811.892857,0.972440741,57.6237037,4538.166667,9465.869866,0.339513793,7712.473514,0.152735714,7388.598796,0.083948148,1.011013793,0.922657143,0.959444444,404.6382732,367.6371927,376.7491886,0.50322069,0.294555172,0.336624138,0.228335714,0.187171429,0.107603571,0.240351852,0.157781481,0.205544444,2.413296552,0.266521429,0.460051852,6.537527586,4.723458621,5.311168966,1.601296429,0.894346429,-0.313710714,1.184688889,1.010911111,-0.216840741
pote.txt_2417,5.123975,4.945,5.086477778,1.61791,0.006884211,-1.055088889,0.97097,200.56497,37.961565,0.059326316,181.5061368,32.89995263,-0.583955556,175.5004611,28.79036667,0.36394175,0.253106,0.198895778,0.21105,68.3775,12514.45,0.093194737,62.73263158,10065.42105,0.045822222,59.52777778,10275.55556,16138.33833,0.62275,11407.68928,0.330031579,9430.372428,0.226144444,1.166595,1.099363158,1.114366667,421.924518,365.3613416,360.0256805,0.514305,0.43774,0.318405,-0.059668421,0.158610526,-0.020578947,0.030861111,0.024244444,-0.005705556,4.473115,0.051336842,-3.152277778,13.08625,6.666495,2.74174,0.285878947,-0.895673684,0.225936842,-8.9072,0.372016667,0.41255
pote.txt_3997,4.224842857,4.163,4.23222,2.896028571,-0.64065,-1.303,1.724971429,128.3451429,38.64244286,-0.199783333,129.2911167,28.94956667,-0.43168,120.88424,27.36746,0.469496143,0.284162,0.2500916,0.156657143,80.17714286,18456.42857,0.066733333,63.12166667,18705.66667,0.06416,71.342,18063,16195.55453,1.2307,14552.3508,0.967983333,11179.28028,0.93116,1.110014286,1.07465,1.11252,474.0122519,482.3464114,456.1593982,0.492157143,0.395471429,0.460614286,0.266733333,0.274,-0.06985,-0.09794,0.16762,-0.2224,6.530814286,-1.710583333,-1.24986,13.93694286,6.592057143,6.556042857,-3.639583333,5.089016667,2.024083333,-9.11432,4.2594,0.97716
pote.txt_6547,4.49096875,4.52108,4.541728571,1.85683125,-0.557853333,-0.646235714,1.1708875,151.2235813,44.93329375,-0.35286,145.14986,36.61199333,-0.333571429,144.7642286,32.38419286,0.3692935,0.16575,0.300333286,0.22329375,67.364375,16556.1875,0.053713333,56.81333333,14001.8,0.176807143,60.87214286,14135.35714,17617.52226,0.89175,13191.03345,0.570186667,15325.94406,0.413707143,1.05036875,1.010833333,1.015521429,471.6144944,432.104097,426.4898358,0.5747875,0.47535625,0.35435,-0.155446667,0.21782,-0.020393333,-0.138585714,0.278164286,-0.108814286,4.7934625,-1.37182,-1.8637,14.572425,8.07601875,3.900025,-4.2893,0.54148,0.552773333,0.122007143,-1.706264286,-0.0667
pote.txt_8099,5.250848,4.945095833,5.027582609,0.934664,-0.108125,-0.159356522,0.65796,208.154048,38.226592,0.095791667,199.3581792,34.94644167,-0.130791304,202.8423174,35.60894348,0.47323616,0.383276042,0.363096609,0.447884,75.854,7181.86,0.214479167,69.31,5824.145833,0.219147826,68.77217391,5764.228261,10299.70494,0.532228,7422.585258,0.233904167,7655.510843,0.165965217,1.076352,0.9871125,1.033817391,373.0572098,346.1904227,315.7742957,0.39912,0.456228,0.361528,0.1464625,0.124416667,0.1395125,0.048517391,0.034108696,0.155456522,3.242116,0.143766667,-0.517634783,8.11764,5.616248,1.91944,-0.027216667,1.421625,0.241554167,0.06166087,1.310034783,-0.044234783
pote.txt_6291,3.02826,2.827635714,2.709184615,2.683366667,0.0415,-1.576384615,1.40084,251.1426333,34.36716667,-0.123392857,217.0301,28.41191429,-0.578246154,205.3081538,28.5233,0.363554733,0.211105143,0.137838615,0.138453333,65.25466667,16116.68333,0.081528571,59.24,15201.28571,0.0359,56.57692308,15215.80769,22038.82409,0.887693333,17706.71451,0.550014286,15919.12902,0.288984615,1.065133333,1.035392857,1.029053846,472.9474215,459.9676024,459.3793646,0.396126667,0.457013333,0.40734,-0.028185714,0.300878571,0.005785714,-0.043638462,0.263623077,-0.266661538,5.48134,-1.155885714,-2.638038462,16.18696667,3.68698,4.944433333,-0.504057143,3.190064286,0.445357143,-6.603723077,3.151569231,-2.230107692
pote.txt_3185,3.6481,3.6481,3.6481,6.25,6.25,6.25,2.4025,87.2356,21.9024,2.4025,87.2356,21.9024,2.4025,87.2356,21.9024,0.917764,0.917764,0.917764,0.4225,110.25,15376,0.4225,110.25,15376,0.4225,110.25,15376,2806.8804,2.8561,2806.8804,2.8561,2806.8804,2.8561,0.9216,0.9216,0.9216,362.6510836,362.6510836,362.6510836,0.0484,0.0729,1,0.0484,0.0729,1,0.0484,0.0729,1,6.6049,6.6049,6.6049,8.2944,6.3504,11.8336,8.2944,6.3504,11.8336,8.2944,6.3504,11.8336
pote.txt_9431,3.874938462,3.691916667,3.612763636,1.049815385,0.340966667,0.038545455,0.531353846,256.7659462,50.90178462,-0.036008333,241.2824,43.13930833,-0.239990909,232.8419545,43.32734545,0.381739385,0.325939833,0.257806818,0.259430769,50.02307692,9212.942308,0.107916667,47.38333333,6330.25,0,46.20727273,4640.454545,17755.659,0.054853846,13704.67578,0.017408333,9853.306409,0.023027273,1.069361538,0.965475,0.885390909,358.5926717,283.2411468,260.888586,0.496223077,0.453830769,0.275192308,0.246433333,0.2842,0.120366667,0.304845455,0.174581818,0.104590909,3.1924,0.067608333,-1.462572727,12.99448462,6.132730769,1.716076923,4.708958333,1.727991667,-0.167383333,-4.330581818,1.096781818,0.398618182
pote.txt_10319,5.6758125,5.355413043,5.407409091,1.105308333,-0.172565217,-0.7227,0.923004167,173.9156458,37.02757083,0.041547826,166.9481739,28.33336087,-0.325868182,166.8724182,26.23833182,0.383963625,0.279414261,0.277535955,0.414204167,84.23208333,8371,0.171752174,74.72565217,7266.826087,0.142722727,74.59545455,6923.409091,10374.43505,0.521975,7462.82623,0.212956522,6365.601591,0.154631818,1.238208333,1.197795652,1.201309091,384.7405284,360.1975231,351.5358521,0.4234625,0.3544375,0.294420833,0.058817391,0.14973913,0.155195652,0.021709091,0.109572727,0.068227273,4.2458375,-0.307413043,-2.262118182,9.869258333,4.564783333,2.310579167,-2.86736087,-0.107947826,1.301417391,-5.184559091,-1.988522727,0.427095455
pote.txt_6791,3.922022222,3.803470588,3.735575,3.027644444,0.017882353,-0.1725,1.772761111,183.6510556,33.63835556,0.361076471,167.8380941,26.11542941,0.149775,168.5186563,23.57395625,0.485735444,0.367674824,0.36385675,0.155883333,84.33722222,15260,0.075517647,75.81764706,15144.17647,0.07515625,74.849375,15273.3125,15736.9383,0.92105,12689.34691,0.439629412,12457.27991,0.4273,1.148066667,1.142264706,1.13215,431.8649153,424.77178,423.698371,0.372783333,0.283683333,0.431833333,-0.011752941,0.166347059,0.081976471,-0.00594375,0.14089375,0.0506,7.140977778,0.550011765,-0.46251875,12.66947222,3.414877778,6.736527778,-2.545294118,1.3688,3.858082353,-3.8322,1.7719,3.48429375
pote.txt_7461,4.5641,4.052828571,4.230923077,2.362126667,0.360185714,-0.811615385,1.017773333,149.1904067,32.30892,0.161985714,145.2362714,29.77074286,-0.287023077,142.4393231,29.43415385,0.650024133,0.546536714,0.550959385,0.303046667,73.332,12681.61667,0.240592857,72.43785714,6669.785714,0.251646154,70.00846154,8559.461538,10598.21031,1.222013333,4517.806671,0.649678571,7186.148277,0.524869231,0.69464,0.633714286,0.639361538,351.0481677,197.8308861,291.6142129,0.38348,0.34346,0.575646667,-0.110385714,-0.009678571,0.042164286,-0.121953846,0.208892308,-0.231569231,2.975793333,0.437257143,-0.682038462,9.313846667,13.27970667,4.555506667,-1.646714286,-6.653371429,1.724321429,0.0891,2.8343,-0.866723077
pote.txt_1193,4.010624138,3.664003571,3.712825926,1.864475862,0.260257143,-0.03417037,0.862234483,168.7037586,38.3501,0.035532143,162.3574929,34.30642857,-0.100137037,165.5620111,33.88974815,0.411154759,0.315743071,0.282133222,0.251065517,68.41965517,9510.672414,0.075732143,60.39714286,7802.232143,0.073025926,60.45518519,7943.259259,11878.69406,0.717031034,9454.906479,0.336225,10020.41471,0.28742963,1.020534483,0.953489286,0.948596296,388.317635,369.6225773,365.2211016,0.477010345,0.351806897,0.418958621,0.216439286,0.253746429,0.190696429,0.20327037,0.266862963,0.14652963,3.461210345,-0.28535,-0.591625926,8.9329,4.93582069,3.621089655,-0.56545,1.354285714,1.357275,0.206892593,0.658633333,1.17942963
pote.txt_10015,5.023213333,4.847027586,4.804471429,0.946146667,-0.052531034,0.064121429,0.78479,192.7831033,42.3106,0.118613793,188.4245379,37.79375517,-0.005607143,186.0258286,37.54640357,0.370629233,0.273721276,0.247886429,0.873823333,74.93433333,7023.466667,0.319255172,66.74344828,5797.448276,0.132185714,66.7425,5415.285714,9973.67055,0.31071,7879.319269,0.126637931,6917.542007,0.107107143,1.210046667,1.157651724,1.133332143,351.7941711,310.9249164,297.9358629,0.383156667,0.33911,0.35463,0.27227931,0.074686207,0.116289655,0.25245,-0.021557143,0.127446429,3.91445,-0.206013793,-0.002057143,8.529793333,5.775896667,3.686203333,0.566586207,1.071451724,-0.442034483,-1.9021,1.321053571,0.7931
pote.txt_7785,4.808013636,4.39342381,4.37779,0.789468182,-0.067009524,-0.0388,0.754568182,216.6216227,42.19395909,-0.127042857,207.2414524,36.36193333,0.17834,201.89945,35.18407,0.257991864,0.175470905,0.18734445,1.156859091,75.35318182,7333.693182,0.1758,66.21809524,5928.047619,0.4532,66.73,5823.4,11367.76067,0.470136364,8371.460857,0.227433333,7779.32293,0.23089,1.313518182,1.253866667,1.26334,432.2549852,418.2393446,415.4983082,0.38705,0.430568182,0.332013636,0.14957619,0.141538095,0.134961905,0.076535,0.12889,0.12757,3.688281818,-0.524314286,0.14463,8.952890909,1.879795455,3.696118182,-0.275942857,-0.490342857,-0.45387619,-1.196675,-0.415385,-0.87953
pote.txt_11987,5.101792308,5.0874,5.132109091,1.201984615,0.036816667,-0.935654545,0.795584615,207.3501538,61.55540769,0.046991667,194.93745,50.703375,-0.582363636,183.8526818,47.01782727,0.407127231,0.35368175,0.333472273,0.531361538,72.49230769,10654.76923,0.23535,66.25916667,8497.666667,0.047254545,62.73181818,6741.818182,15023.31764,0.653030769,9360.657658,0.366958333,4133.357136,0.213963636,1.112976923,1.083433333,1.024509091,439.6823177,391.8104852,391.2192865,0.434969231,0.534707692,0.260038462,-0.035025,0.08725,0.111683333,-0.051609091,0.035345455,0.116427273,4.297215385,-0.022941667,-3.356036364,14.83070769,4.775538462,1.866038462,0.664633333,-0.239875,-0.323391667,-11.52651818,-2.983372727,0.201290909
pote.txt_757,4.16230625,3.834687234,3.78516087,1.121266667,0.064768085,-0.325065217,1.013560417,196.7998479,35.00416667,0.210280851,191.5978787,30.69569149,0.226617391,188.5448391,29.51898261,0.440861479,0.355733447,0.3235915,1.663133333,75.61875,7413.770833,0.542931915,69.96595745,5688.824468,0.76006087,67.36304348,5819.076087,9521.982973,0.44800625,7478.930855,0.257657447,6780.640741,0.180686957,1.080847917,1.008370213,1.030182609,410.849529,388.3793038,382.5738174,0.37466875,0.3000875,0.39264375,0.171153191,0.139253191,0.080129787,0.238280435,0.108282609,-0.014380435,3.881129167,0.530412766,0.01013913,6.934308333,3.358785417,6.100295833,0.335597872,-0.307576596,-0.929248936,-1.108345652,-0.102458696,-1.184747826
pote.txt_401,5.025218182,4.837433333,4.764515,1.597768182,-0.155590476,-0.92374,0.581568182,199.2019455,47.02524545,-0.076009524,185.2346952,40.34855238,-0.36138,184.42641,35.60079,0.452395909,0.342927905,0.29752355,0.317618182,65.97909091,9111.409091,0.153704762,61.68285714,6853.952381,0.12654,58.3905,7124.45,12572.8187,0.4707,9465.737343,0.103861905,7502.11028,0.06535,0.964077273,0.927261905,0.923055,374.9928352,315.6025592,298.0573961,0.488568182,0.412690909,0.464113636,-0.054204762,0.2695,0.013033333,0.03504,0.17023,0.15738,2.701654545,-0.081204762,-2.05489,11.05262727,8.040531818,2.242077273,0.988666667,-0.304242857,-0.514509524,-7.33572,-0.659125,0.71607
pote.txt_2415,4.784111111,4.638552941,4.56585,1.36605,-0.178752941,-0.4924875,0.741327778,220.8806444,49.51877778,-0.103382353,212.9653176,42.03636471,-0.27221875,217.9491938,41.82291875,0.307226167,0.221793294,0.2144965,0.309233333,65.26777778,10187.33333,0.110011765,58.65,9024.411765,0.05403125,53.9225,8927.9375,14549.10994,0.453638889,11210.18253,0.253605882,10600.89186,0.20830625,1.276577778,1.219452941,1.21838125,422.2703374,397.3104937,395.2197979,0.452783333,0.456305556,0.302133333,0.250094118,0.259782353,0.020882353,0.08686875,0.2752625,0.001525,3.832911111,-0.760347059,-1.69973125,11.68245,3.821222222,2.46735,-1.279341176,0.370852941,0.879641176,-5.35786875,-0.337625,0.5655125
pote.txt_3263,4.810825,4.9172,4.7766,3.25,2.75,3,2.667325,114.382975,8.751675,2.694733333,116.8772,6.172466667,2.6643,113.59975,7.07465,0.605389,0.560264,0.589764,0.1873,123.33,14464.75,0.1441,124.6766667,14359.33333,0.1617,123.17,14458.5,8624.5164,0.9247,8857.5804,0.485833333,8004.5064,0.5883,1.365075,1.4022,1.34685,360.7178174,360.5022439,360.7166682,0.207175,0.023025,0.52,0.2108,0.011466667,0.44,0.18615,0.014,0.48,10.629925,10.94513333,10.4319,8.1228,3.078675,10.3531,8.103466667,2.5098,10.1736,8.1224,2.77065,10.3306
pote.txt_11715,4.114725,4.072536364,4.17729,2.8774,-0.479818182,0.45664,0.956475,138.021125,42.33453333,-0.105418182,126.8987636,33.22492727,0.21925,119.44073,30.3497,0.43274775,0.311183091,0.401975,0.140833333,62.895,10129.75,0.038409091,59.79363636,8692.545455,0.0845,62.934,9905.7,10973.67118,0.955858333,7971.640282,0.327572727,7882.72298,0.62871,1.089225,1.069318182,1.03184,375.3265376,351.4899238,368.2611882,0.5386,0.345008333,0.49405,0.368136364,0.204918182,-0.1078,0.40727,0.24687,0.16554,3.68145,-0.783118182,0.16721,9.32325,4.77465,4.618758333,-1.513072727,-1.156054545,3.030009091,-0.47637,1.11415,4.23416
pote.txt_5085,4.826775,4.683109091,4.61727,1.855,-0.097272727,0.396,1.769325,168.6925,17.17235,0.230827273,159.6609,13.54508182,0.57262,163.6889,16.53062,0.32785425,0.231443182,0.2377278,0.063525,87.695,12928.58333,0.0297,74.98636364,12521.72727,0.03267,73.388,12144.3,15796.97132,0.16835,14990.93979,0.1083,15714.94788,0.10576,1.280366667,1.240609091,1.21338,412.8407471,413.9524868,420.7875086,0.497991667,0.280175,0.313366667,0.126136364,0.155309091,-0.003854545,-0.03573,0.22913,0.04236,8.169733333,0.475454545,2.25816,10.54835833,3.041616667,6.201208333,-1.833590909,0.352118182,3.506836364,2.70096,-1.27716,3.85761
pote.txt_3849,3.949728571,3.94,3.964,1.455228571,-0.2376,0.11988,0.9625,128.7958,47.5632,0.0425,126.752,45.792,0.3145,130.3402,48.2112,0.132621143,0.014588,0.0094584,0.074842857,40.74428571,26968,0.039433333,38.34,26293.33333,0.03042,34.668,27336,27913.81629,1.407785714,24562.836,1.386,27577.02384,1.29816,0.971742857,0.9702,0.97416,640.0721602,623.835828,648.8250993,0.864057143,0.833614286,0.3322,0.593333333,0.728466667,-0.0094,0.756,0.82124,0.08272,2.950042857,0.2499,1.0863,20.5242,12.32648571,2.3098,10.48166667,11.94766667,-0.493,15.314,12.4976,-0.0068
pote.txt_1531,3.701404167,3.387369565,3.373118182,1.0428125,0.319643478,-0.071290909,0.77205,207.1035833,39.33695,0.134834783,195.7343391,32.39374783,-0.239913636,191.6828909,29.67269545,0.280347292,0.217995783,0.207827,0.704854167,57.93666667,8136.104167,0.059973913,54.41521739,6263.891304,0.0519,51.80090909,5777.090909,14393.07009,0.073245833,12409.96476,0.047708696,11794.08589,0.038054545,1.220283333,1.139713043,1.135727273,375.4183822,347.0857968,340.5322445,0.4936375,0.347170833,0.263725,0.318630435,0.24363913,0.053691304,0.336140909,0.195931818,0.078190909,3.5852125,0.539521739,-1.438404545,8.942620833,3.4384375,3.969875,2.183191304,0.908869565,-0.055065217,-1.435695455,1.069772727,-0.683995455
pote.txt_5491,3.87198,3.849666667,3.729725,0.95796,0.215377778,0.2706,0.28081,246.92188,54.93363,0.033133333,231.4994,47.7869,0.0685,238.2690625,46.9749,0.4098195,0.233612667,0.283611125,0.80656,50.857,8806.6,0.224044444,48.42666667,5348.444444,0.5041,52.295,5501.5,16868.13931,0.13343,7464.255178,0.081744444,8279.177888,0.1169,0.88342,0.849355556,0.848,445.0347471,428.5319358,425.0554328,0.6949,0.56578,0.48082,-0.005066667,0.532833333,0.38,-0.15845,0.522875,0.444025,2.27782,0.1158,0.3951125,13.46489,2.77433,0.5693,-1.657511111,0.345511111,0.0993,0.64135,-0.472225,-0.026475
pote.txt_10145,3.63238,3.016305263,3.100233333,3.48239,2.666326316,1.908544444,1.49992,150.562275,23.25086,1.190410526,143.0012632,21.48947368,1.115955556,143.8159389,22.511,0.8210966,0.812980316,0.806010833,0.72328,96.376,9367.3375,0.561073684,95.59473684,8268.973684,0.618266667,94.55333333,7207.819444,4059.84762,1.744345,2941.509311,1.485310526,3360.107461,1.283472222,0.796185,0.764273684,0.752022222,366.0437981,366.1223644,366.2859671,0.203675,0.280575,0.848105,0.097757895,0.248036842,0.360210526,0.136183333,0.237088889,0.024444444,4.174315,3.604642105,3.350011111,5.83344,4.37271,7.482375,3.869305263,1.783484211,4.190131579,3.717333333,1.4082,2.167022222
pote.txt_10371,4.003371429,4.003695,4.034178947,1.341942857,-0.2693,-0.106063158,1.205785714,171.8515476,28.99819048,-0.07148,150.64544,19.654605,0.093936842,156.9933316,19.8646,0.232176,0.1810486,0.198880842,0.041485714,77.51809524,9478.285714,0.01089,72.4835,6598.35,0.017194737,73.33368421,8098.421053,12724.01172,0.111157143,9838.01589,0.05089,11032.18959,0.067063158,1.587942857,1.594035,1.590389474,312.3895881,288.9973965,302.9361417,0.434604762,0.173604762,0.27687619,0.35772,0.06306,-0.09666,0.350147368,0.079536842,-0.007326316,5.584095238,-0.37768,0.201157895,8.406952381,2.08807619,3.997047619,-1.584385,-0.734345,1.468335,-0.766447368,-0.184273684,2.255915789
pote.txt_10877,4.330175,3.632515789,3.678016667,1.026945,-0.102178947,-0.142555556,0.50314,211.3845,38.361705,-0.096605263,201.2691684,36.50831053,0.005066667,201.3561889,34.72637778,0.53114935,0.391290211,0.376021611,0.475895,69.738,7928.025,0.230378947,63.19052632,5894.263158,0.163522222,63.67055556,4452.75,10492.79521,0.596045,6882.178495,0.282921053,4969.339989,0.246305556,0.760705,0.697257895,0.698355556,362.940293,295.6079089,287.7500326,0.384775,0.359025,0.42453,-0.040184211,0.166331579,0.108731579,-0.006955556,0.150527778,0.132327778,1.883995,-0.152889474,-0.252894444,7.250485,8.29067,1.965575,-0.809221053,-1.597052632,0.014657895,-4.1778,0.564466667,-0.727866667
pote.txt_8445,5.058310714,4.871196296,4.830534615,0.984846429,-0.102333333,-0.073642308,0.800853571,183.6165071,41.88216786,0.087033333,179.7956222,34.58856296,-0.045030769,178.5499846,36.0467,0.377718821,0.288930556,0.270688038,0.833725,73.95607143,7247.571429,0.234518519,65.90962963,6048.703704,0.101496154,66.66846154,5962.730769,9854.485968,0.286914286,7581.618522,0.139985185,6931.224262,0.091303846,1.201928571,1.162992593,1.156461538,368.8354746,325.0031393,344.9678528,0.420510714,0.348289286,0.341467857,0.311311111,0.048585185,0.10877037,0.280057692,0.013292308,0.098038462,3.943467857,-0.476188889,-0.518623077,8.014092857,5.291078571,3.765228571,-1.459914815,1.812559259,-0.493581481,-3.24345,0.863742308,0.815323077
pote.txt_4649,4.264863636,4.19286,3.994733333,1.771818182,-0.028,-1.465555556,1.471027273,203.6867545,39.4462,0.15198,192.2651,28.8472,-0.940444444,191.4556444,21.02412222,0.30449,0.25,0.215598667,0.0495,72.67,13142.63636,0.02178,63.018,12995,0,53.93666667,13332.66667,17929.1479,0.133372727,17116.11558,0.08568,16871.4141,0.051422222,1.413490909,1.36873,1.399711111,405.4291351,405.5237826,405.6152489,0.486272727,0.329336364,0.217390909,0.27125,0.2104,0.00132,0.266955556,0.118666667,-0.111022222,7.248009091,0.24764,-5.540622222,13.10476364,2.185136364,5.0097,0.85995,-0.00342,3.3578,-9.943566667,-0.474988889,1.912822222
pote.txt_1389,4.286817391,4.033327273,3.963304762,1.096895652,0.422745455,0.243314286,0.464082609,197.5925217,52.34614348,0.137204545,196.0390091,46.80306818,0.02452381,198.3006143,46.23910952,0.463230739,0.363942545,0.354583333,0.463713043,61.16391304,7695.445652,0.17575,56.55727273,5168.909091,0.026,52.91095238,4970.333333,11924.64014,0.33153913,8465.207995,0.188463636,6547.673919,0.103366667,0.991534783,0.915995455,0.91917619,351.9477328,299.9246085,288.5306256,0.505491304,0.400865217,0.404943478,0.294959091,0.252090909,0.1859,0.295252381,0.225138095,0.215714286,2.515756522,0.482595455,-0.318738095,10.19103913,6.564582609,1.785408696,1.333140909,2.591809091,-0.231781818,-4.266547619,3.023980952,0.139466667
pote.txt_10795,5.239920455,4.984846512,4.925707143,0.708059091,-0.070209302,-0.112802381,0.63895,184.2007455,38.84913182,0.053474419,179.8370791,35.45328605,-0.104152381,180.4599881,35.9780119,0.423064773,0.326226419,0.26896031,1.589393182,74.99795455,6781.477273,0.806586047,66.46511628,4599.930233,0.827995238,65.17761905,4145.261905,8279.133493,0.524038636,5579.23076,0.159197674,4294.928781,0.310547619,0.997756818,0.939976744,0.903533333,389.4163339,324.9563299,305.3659437,0.417436364,0.323304545,0.395504545,-0.027076744,0.076876744,0.206586047,0.103509524,0.0049,0.221159524,2.562486364,0.147134884,-0.512585714,7.625622727,7.235797727,3.755015909,0.662413953,-0.717204651,0.429151163,-2.30307619,0.33925,0.354730952
pote.txt_2781,7.698365217,7.6896,7.679528571,0.208973913,-0.0384,0.005790476,0.171265217,179.3802957,27.3787087,-0.004736364,177.9876,23.66727273,0.0229,178.4935048,24.4996619,0.697748826,0.416454545,0.472375667,0.483321739,89.26608696,2811.130435,0.472254545,89.01818182,186.5454545,0.47552381,88.89333333,593.5714286,2600.092574,0.095721739,1252.654855,0.007272727,1446.020281,0.020971429,0.671147826,0.5488,0.563142857,169.1907785,15.49322555,39.24577209,0.2816,0.19116087,0.576469565,-0.130763636,-0.090872727,0.576818182,-0.061614286,-0.043290476,0.576471429,0.656208696,0.187236364,0.257528571,5.227091304,20.90725217,0.437595652,5.228336364,4.512145455,0.244636364,5.222928571,7.5716,0.271671429
pote.txt_7753,4.905172727,4.584542857,4.42387,0.633627273,0.16552381,-0.140205,0.538145455,204.3513409,36.87911818,0.074333333,190.7782286,32.0923,-0.198405,191.261,31.782505,0.450291727,0.332224857,0.3545361,0.4259,74.00863636,6302.295455,0.205795238,70.20095238,3946.904762,0.29898,69.891,5577.425,9781.857759,0.429690909,4965.383319,0.29027619,6020.175395,0.28516,0.927131818,0.824852381,0.880155,373.093146,313.8061736,356.5229412,0.364231818,0.501336364,0.4056,0.048419048,0.124314286,0.228714286,0.16052,0.277195,0.321625,2.473627273,0.089014286,-0.617,7.151363636,6.189622727,1.858931818,-2.054990476,2.721571429,-0.013557143,-1.62582,1.871715,-0.2966
pote.txt_8375,4.933774074,4.744592308,4.742616,0.880092593,0.087907692,-0.205304,0.626496296,180.5782148,37.33478889,-2.69E-05,173.8491962,32.39175,-0.263256,175.089616,30.581232,0.406085444,0.320385154,0.30623276,0.309237037,71.97814815,6770.296296,0.063073077,65.395,4651.269231,0.102952,63.4524,4612.28,9536.829941,0.223192593,7083.962335,0.073907692,6473.749724,0.099988,1.175333333,1.112280769,1.130944,293.2347027,239.2825257,237.4102253,0.435037037,0.254407407,0.344174074,0.266969231,0.098753846,0.070657692,0.348328,0.029156,0.104196,3.153807407,0.137065385,-1.240516,7.614540741,7.487244444,1.930203704,-0.051811538,2.526069231,0.485346154,-3.183756,3.855028,0.34792
pote.txt_3501,3.82405,3.78562,3.822025,3.45305,-0.37,0.714025,1.5625,111.47905,36.8712,-0.5735,104.49592,31.33728,0.1225,110.145025,35.2836,0.459764,0.2157416,0.25,0.2197,69.705,22138,0.1521,67.41,19939.2,0.1521,63.2025,21609,17452.593,2.01125,8154.89352,2.03138,13472.2449,1.918225,0.95085,0.94464,0.950625,524.4800449,471.6417939,511.6847582,0.5242,0.51665,0.61045,-0.16632,0.22626,-0.176,0.1521,0.390625,0.070225,4.4729,-1.8247,0.2704,15.42845,9.83645,6.27805,-9.28512,8.62848,0.02752,0.874225,9.517225,1.677025
pote.txt_7245,7.431483333,7.68426,7.53655,0.33815,-0.28032,0.22435,0.555133333,178.4446,28.40895,-0.0092,175.41216,23.64,0.2568,182.1773,27.1416,0.761858833,0.75,0.769059,0.55355,90.49666667,5439.5,0.56536,93.24,283.2,0.5245,91.8525,4590.25,3314.77555,0.658633333,909.92408,0.02384,1330.953875,0.665025,0.857616667,0.68768,0.8732,231.3611985,21.0443196,221.588807,0.229466667,0.303816667,0.300783333,-0.1271,-0.10528,0.126,0.12425,-0.12265,0.28585,2.024,0.34162,0.9968,5.1816,15.33403333,0.262433333,4.07198,-4.45952,-0.1446,3.09475,14.642675,0.064775
pote.txt_11307,5.31152,4.500078571,4.976507692,1.19736,-0.067714286,-0.200338462,0.67492,206.3616667,54.90742667,0.053471429,206.1504929,50.60947143,-0.040338462,209.5064615,50.72195385,0.558047267,0.426643857,0.445001077,0.744553333,84.53333333,6117.483333,0.280928571,72.63571429,3315.714286,0.421484615,76.12384615,4169.115385,9567.080913,0.652426667,4025.862707,0.192842857,6008.2234,0.179507692,0.91702,0.8466,0.847076923,369.9310363,303.6309754,304.6727384,0.36238,0.497166667,0.511493333,0.18365,-0.158142857,0.276764286,0.015230769,0.032453846,0.323969231,4.06702,-0.015328571,-0.379807692,10.80787333,6.06424,2.645513333,-4.540557143,0.729378571,0.776564286,-0.236384615,-1.678876923,0.201792308
pote.txt_7619,5.280147619,5.068405,4.876294737,1.488733333,-0.152815,-1.180652632,1.285771429,142.2930571,21.61129048,-0.0024,141.595395,17.72655,-0.568157895,141.3143526,16.42214211,0.379745429,0.31392015,0.313472947,0.113328571,76.73571429,10440.34524,0.046105,66.8315,8545.075,0.035715789,64.15526316,9605.947368,12937.0988,0.247761905,11466.87912,0.159345,11524.26338,0.077284211,1.0879,1.01816,1.022084211,398.3613866,377.4092466,375.5467524,0.584757143,0.395457143,0.327004762,0.457435,0.257065,-0.029395,0.272547368,0.147947368,-0.171131579,5.930604762,-0.457445,-3.671352632,8.376352381,5.382942857,4.777880952,-0.62806,0.3452,2.98693,-5.996205263,-2.010126316,2.500384211
pote.txt_5279,4.414441667,4.424454545,4.3701,2.722975,-0.017636364,-0.503,1.691775,169.4171917,27.94865833,0.129,152.2470818,18.13053636,-0.05508,159.36172,24.52367,0.415647083,0.246930545,0.1833,0.143333333,82.41833333,14958.16667,0.0624,73.48454545,14497.18182,0.04924,69.702,14746.9,14548.25632,0.917366667,12305.9328,0.379781818,12256.26618,0.61386,1.3017,1.281190909,1.23626,423.2198477,421.1458858,426.1922128,0.400066667,0.339141667,0.436741667,-0.037890909,0.149618182,0.016963636,0.03103,0.19036,-0.14656,6.780533333,-0.732745455,-0.75468,11.24223333,4.129233333,6.554733333,-3.4643,0.281027273,3.251627273,-3.40948,1.59359,2.38812
pote.txt_10727,4.672542857,3.973,3.830136842,0.916080952,0.050455,-0.153410526,0.970180952,197.6172095,29.53947619,0.43772,190.38662,26.98324,0.374163158,190.3718737,25.72252632,0.469879048,0.3461764,0.316979526,1.554366667,82.02142857,7373.357143,0.83757,74.511,5485.825,0.7469,74.58736842,4815.5,9007.384214,0.546652381,6537.460895,0.220665,5303.502432,0.263721053,0.999047619,0.935395,0.891973684,391.9136863,339.8929277,330.5709997,0.318933333,0.265371429,0.397219048,0.066085,0.132665,0.033645,0.001273684,0.049621053,0.088557895,3.463552381,1.31465,0.365268421,7.473490476,6.350385714,5.21987619,1.37175,-0.79667,-0.17089,-1.636552632,-1.630310526,-2.470484211
pote.txt_11749,5.358256667,4.571106897,4.46995,0.39494,0.039034483,-0.019042857,0.680403333,184.1927333,27.27893,0.381348276,176.6472931,24.74798276,0.217085714,175.5693857,23.52928929,0.514071333,0.426194448,0.418726679,0.929083333,94.642,3527.8,0.43367931,91.96931034,2646.310345,0.590071429,89.35464286,2324.053571,4572.443567,0.586733333,2428.579003,0.270551724,3039.227746,0.250214286,1.137686667,1.063772414,1.08785,321.2224205,276.0329914,276.4993319,0.313473333,0.280333333,0.4232,0.115386207,-0.053310345,0.317096552,0.043539286,0.073410714,0.277739286,2.943056667,1.607734483,0.924442857,4.62251,4.57315,2.107043333,1.524696552,1.02777931,1.076196552,1.899246429,0.718735714,0.269321429
pote.txt_9503,5.233976087,5.073628889,5.065884091,1.228865217,-0.17092,-0.122577273,0.906308696,181.9485935,45.5241087,0.084028889,177.1358422,37.72706889,0.099570455,176.1523364,37.15702045,0.476650739,0.3846068,0.405560273,0.7149,80.27217391,7923.391304,0.259557778,72.12155556,6103.377778,0.219875,73.5575,5991.727273,10056.74442,0.389926087,6856.281409,0.136893333,7115.903432,0.115679545,1.081373913,1.021593333,1.017952273,375.5936007,329.8010075,316.7129889,0.406480435,0.356428261,0.377584783,0.179646667,0.037482222,0.057615556,0.220938636,0.127590909,0.095302273,4.528615217,-0.126157778,0.145172727,9.384534783,6.007173913,3.6831,-1.446142222,0.594235556,0.519786667,-1.164306818,-0.272465909,0.670106818
pote.txt_7043,4.374311765,4.33390625,4.290093333,2.180811765,-0.1086,0.37256,0.971417647,153.9712647,32.79018235,-0.11156875,148.5454813,30.44995,0.254613333,150.4968,31.53266667,0.601183882,0.50131075,0.486434267,0.672682353,78.66588235,10831.52941,0.31605625,71.61125,7977.875,0.42396,73.048,9466.666667,7974.275665,1.085694118,5213.983962,0.6328875,6686.396407,0.645966667,0.843029412,0.81185625,0.827866667,394.6282767,370.3958831,396.4422263,0.466117647,0.331429412,0.667570588,-0.03073125,0.2478,-0.1743375,0.04988,0.277733333,0.08624,3.207252941,-0.42579375,0.823473333,7.173070588,6.412617647,4.454376471,-1.7374,-1.2055125,0.13396875,1.622993333,0.404986667,1.5829
pote.txt_3443,3.7654,3.78724,3.777025,4.385366667,1.82122,0.04375,1.8425,103.3979,31.8816,0.5785,105.56314,32.60736,-0.3875,103.41715,30.7476,0.612430667,0.3835528,0.259618,0.2873,83.22,19884,0.20618,72.612,20362.4,0.169,70.0875,19654,12570.6888,2.292866667,11339.172,2.1058,7820.6427,2.082925,0.9411,0.94482,0.9432,470.5370578,481.8780233,464.8298745,0.3656,0.368733333,0.7403,0.13136,0.32708,0.25618,-0.1529,0.216675,-0.1025,5.183566667,1.5373,-1.29785,13.05043333,8.674433333,8.1299,2.35826,8.88386,3.70834,-8.1864,8.4861,0.7654
pote.txt_4701,3.754454545,3.72465,3.775133333,3.029690909,0.27542,-0.996111111,1.366136364,150.4777,43.63699091,0.18765,142.82646,36.4134,-0.441888889,136.9374778,34.77455556,0.441251364,0.371825,0.247408889,0.166609091,69.78909091,15580.81818,0.0845,62.495,13195.2,0.047377778,59.15333333,13924.44444,14547.56083,1.278972727,11833.758,0.65465,9584.670156,0.624233333,1.194954545,1.19013,1.183866667,420.7794289,394.5587352,397.7492023,0.446354545,0.362227273,0.481809091,-0.0751,0.24483,0.13498,0.099166667,0.172455556,-0.1042,4.883918182,-0.31883,-1.915922222,12.83626364,5.6338,5.602618182,0.67289,-1.53656,3.53149,-7.799611111,2.484355556,1.376588889
pote.txt_4979,4.417125,4.343181818,4.40667,1.083808333,0.447909091,-0.0922,0.656925,227.0230167,53.1394,0.234172727,219.3779,45.03418182,-0.15602,215.40216,40.59819,0.414937583,0.317478545,0.3417708,0.319458333,60.25583333,8917.583333,0.100263636,57.58454545,6120.454545,0.07128,55.969,5744.5,13949.64234,0.113066667,8912.259145,0.071790909,8711.6854,0.05592,1.199058333,1.076972727,1.07166,333.1848664,254.0293176,244.5696724,0.437908333,0.378758333,0.318966667,0.377790909,0.130654545,0.096318182,0.34678,0.12484,-0.05041,3.7368,1.080218182,-0.90215,11.52159167,6.382275,2.33725,-0.014054545,2.965927273,1.148018182,-3.06417,1.26522,0.623
pote.txt_7,4.975846154,4.664766667,4.684554545,1.267292308,-0.012966667,-0.841781818,0.872453846,218.8377,55.29540769,-0.00455,207.1624167,47.77124167,-0.549018182,203.4423818,42.82209091,0.439509692,0.329657417,0.301108545,0.425584615,74.31769231,9557.923077,0.117941667,64.98166667,7825.083333,0,61.39909091,8319.363636,14615.40738,0.325415385,9834.408658,0.130825,9262.3631,0.068345455,1.202584615,1.187308333,1.1963,392.9598834,379.4720794,377.6174025,0.465076923,0.437346154,0.310338462,0.113,-0.006075,0.118591667,0.109445455,-0.127318182,0.050472727,5.100261538,-0.6087,-3.844427273,13.29202308,4.053284615,2.328061538,-1.995075,0.275191667,1.283558333,-7.896509091,-1.7353,0.403618182
pote.txt_8977,4.628956098,4.2645175,4.222694872,0.977819512,-0.177625,-0.020738462,0.742926829,180.172978,34.4601122,0.1366375,172.70361,30.1298675,0.08415641,172.5906564,31.09598462,0.454562049,0.33725695,0.335101487,1.646941463,73.72707317,6000.280488,0.8648325,65.656,4258.775,0.543317949,67.88179487,3893.538462,7555.770595,0.456439024,5305.731193,0.1776175,5761.816831,0.157146154,1.021792683,0.9704975,0.976541026,372.9010063,330.8462782,319.4756396,0.420936585,0.340639024,0.494482927,0.155735,0.0879125,0.1974375,0.198369231,0.154035897,0.126905128,2.704978049,-0.340845,0.355020513,6.167356098,5.424343902,4.988643902,-0.451185,0.313885,-1.30465,1.024905128,0.017079487,-0.789476923
pote.txt_6653,4.150723529,4.1111125,4.017793333,2.183935294,0.48614375,-0.197993333,1.025447059,193.1164353,34.17131176,0.36475625,180.166975,33.464625,0.257733333,174.9547667,32.99984667,0.520504176,0.39904775,0.320649067,1.718817647,73.44705882,8754.823529,0.81435625,68.62625,6153.6875,1.23234,67.228,6506,8753.231429,1.006035294,5070.073756,0.504125,4614.944787,0.43784,0.872623529,0.835275,0.830073333,390.6183109,330.0290334,283.3046196,0.250723529,0.262058824,0.545458824,-0.04630625,0.10334375,0.14779375,0.01196,0.06618,0.0152,2.823129412,0.610175,-0.193626667,8.387258824,8.039541176,6.814223529,0.64005625,0.8054875,-0.105,-1.134926667,0.43474,-0.4183
pote.txt_4931,4.14405,4.050872727,4.10606,2.411241667,-1.079181818,-0.1114,0.816475,142.0617,44.82933333,-0.279881818,136.4658727,40.65791818,-0.23449,144.92415,42.50146,0.356414417,0.272146455,0.1707736,0.107033333,56.1375,11256.75,0,50.03636364,10749.09091,0.0169,46.452,10132.7,13414.62328,0.81505,11636.04234,0.092072727,12207.04902,0.38894,1.0941,1.052163636,1.06702,402.2980311,399.5418397,399.5225856,0.6179,0.418966667,0.429125,0.171254545,0.328536364,-0.125736364,0.45926,0.35747,-0.12158,3.326116667,-1.227245455,0.01546,10.51225833,5.355658333,3.692833333,-0.034081818,-2.278263636,1.673745455,1.35272,2.84612,0.3361
pote.txt_9325,4.988177778,4.8951875,4.932257143,2.854922222,0.064125,0.884214286,1.745133333,134.9854667,26.18537778,-0.0540875,130.1157125,22.403575,0.786028571,136.3263,26.54247143,0.487401333,0.1957535,0.319676571,0.2568,87.46555556,16722.22222,0.116475,73.625,15764,0.210414286,74.31428571,16594.42857,12394.01939,1.477177778,7419.021,1.296475,12315.29983,1.266071429,1.280511111,1.25865,1.259014286,451.1068246,450.0188022,471.0434673,0.3606,0.461366667,0.4838,0.1224375,0.3648125,0.02375,0.0596,0.406657143,-0.041528571,5.976144444,-0.4200125,2.008085714,10.78798889,5.558466667,6.459188889,-5.7441,3.6928,2.075625,4.910628571,3.911242857,2.483171429
pote.txt_10085,4.744642105,4.408416667,4.507488235,1.856805263,0.031877778,0.619564706,1.201121053,164.2394263,36.00634211,0.611361111,160.7400944,32.95354444,0.752935294,156.9378941,33.70986471,0.499405053,0.344598778,0.406044176,1.923573684,80.45947368,8398.368421,0.785655556,69.63166667,5981.888889,0.616035294,71.13352941,6685.352941,6856.191626,0.858794737,5030.195378,0.266111111,4534.926865,0.437217647,1.100463158,1.050827778,1.017182353,392.0675141,328.8117402,363.2009241,0.310736842,0.225742105,0.439473684,0.14035,-0.02115,0.010894444,0.053388235,-0.032305882,0.142258824,4.083057895,1.164177778,0.969305882,6.529478947,5.718752632,7.632905263,0.185833333,-0.701522222,-2.088905556,-0.046458824,2.277135294,-1.230805882
pote.txt_2851,5.13368913,4.813,4.777011364,0.774832609,-0.017171111,-0.027045455,0.782873913,189.6821587,35.54181522,0.218988889,184.4506156,31.65927333,0.255306818,184.8535136,31.89383864,0.35415437,0.262186111,0.234535045,1.868878261,80.95826087,6415.440217,0.868202222,74.61488889,5134.311111,1.073818182,71.91045455,5014.545455,7651.190702,0.615684783,5157.138373,0.32718,4941.747305,0.280188636,1.115963043,1.085606667,1.084156818,441.0236918,417.7673491,408.010459,0.365463043,0.376136957,0.42413913,-0.00224,0.154355556,0.194702222,-0.001763636,0.085929545,0.200743182,2.827928261,0.64574,0.287477273,6.803043478,3.457226087,4.915686957,0.970546667,-0.165184444,0.129897778,-0.555277273,0.114920455,0.450231818
pote.txt_6211,5.3244,5.15815,5.164369231,0.973426667,-0.438664286,0.138523077,0.76064,181.7639933,40.42846667,-0.186257143,175.1844857,36.16975714,0.034446154,176.3427692,36.85315385,0.380707467,0.295483143,0.340067308,0.906613333,72.708,6999.866667,0.427978571,64.46785714,5218,0.218,67.95538462,5215.076923,10050.45719,0.309646667,6384.600607,0.0595,7116.467431,0.192769231,1.169386667,1.111728571,1.085338462,385.1531619,353.1541715,357.3606492,0.503613333,0.4029,0.371866667,0.297721429,0.059164286,0.089478571,0.356415385,0.028369231,0.131561538,4.040026667,-1.543192857,0.461207692,8.371413333,4.616033333,3.51384,-2.66825,0.624042857,0.618264286,0.793853846,0.8421,-0.773669231
pote.txt_10895,5.281510714,5.062725926,5.00735,1.01,-0.232896296,-0.193926923,0.851189286,198.7760607,47.64243571,0.035548148,192.7044185,38.29045926,-0.151373077,193.0039846,40.49875385,0.468759,0.363781889,0.347759077,0.974921429,76.59392857,7442.571429,0.310233333,67.21592593,5489.185185,0.169423077,67.10961538,5798.307692,10010.32476,0.323953571,6547.185663,0.129088889,5990.770312,0.096653846,1.165189286,1.093722222,1.1319,346.4925579,285.1061878,301.4214017,0.357414286,0.371160714,0.347196429,0.230077778,0.005059259,0.057451852,0.19815,-0.064292308,0.123688462,4.225239286,-0.614566667,-1.188465385,9.486964286,6.581071429,3.837571429,-2.112911111,0.9341,-0.930755556,-5.273619231,1.514538462,0.420507692
pote.txt_6889,4.650411111,4.494358824,4.415475,1.500783333,0.226141176,0.266025,1.05135,164.4533833,30.55772778,0.456905882,161.7172647,27.75563529,0.455375,159.6382687,26.71755,0.5494615,0.454111941,0.440824688,2.09,87.43222222,6509.388889,1.318376471,81.29294118,4826.882353,1.21468125,78.68125,4997.9375,4357.568222,0.905566667,2910.253494,0.615158824,2738.011238,0.48310625,1.004744444,0.989488235,1.00269375,393.5775868,392.4321263,387.7255726,0.313416667,0.240111111,0.571116667,0.239929412,0.122147059,-0.129470588,0.1677125,0.17880625,-0.08606875,3.179822222,1.078382353,1.05939375,5.930983333,4.173455556,6.300638889,2.675758824,-0.136288235,-1.154511765,2.16254375,-0.1134875,-2.10320625
pote.txt_3143,4.808366667,4.3739,5.0997,4.243466667,2.525,-1.2,1.6017,122.1902667,26.6016,1.1935,108.344,24.9912,-0.0155,129.4524,28.08,0.945176,0.937882,0.958,0.4642,100.5,10253.66667,0.45175,102.375,7874,0.481,94.5,372,2003.655233,1.9042,1931.3859,1.44495,1055.8914,0.0338,0.718933333,0.7296,0.5376,242.1074224,190.9424588,19.233834,0.0643,0.074733333,0.854166667,0.0583,-0.00135,0.125,0.0682,-0.0756,-0.75,4.4153,3.5466,0.4883,7.187233333,13.81013333,7.919066667,7.3584,-3.5784,5.4008,6.4224,-13.5072,-1.032
pote.txt_2085,5.519418367,5.379160417,5.355176596,1.169355102,-0.2113375,-0.343170213,0.89202449,180.8739,40.52531633,0.017285417,175.8106813,31.78654167,-0.14982766,175.061517,33.38375319,0.560959531,0.490674187,0.474474277,0.668422449,79.57020408,7712.469388,0.239610417,72.623125,4964.125,0.216121277,72.51510638,4827.914894,9587.627802,0.301383673,6239.792517,0.099441667,6142.981494,0.075697872,1.005508163,0.922385417,0.899734043,312.4239763,233.8601825,217.9638935,0.390540816,0.283932653,0.376938776,0.101054167,0.036916667,0.009722917,0.201948936,0.040325532,-0.005761702,4.304108163,-0.313447917,-0.787823404,9.246722449,9.708608163,3.43735102,-0.2530125,1.182985417,0.01105,-2.067485106,0.789191489,0.387025532
pote.txt_9083,6.264244444,5.590456818,5.600002326,1.939957778,0.967813636,0.739723256,1.565953333,150.8735089,21.00504222,1.230352273,145.9885932,17.59261591,1.24322093,145.4811302,17.8835186,0.591884356,0.524576727,0.511694791,1.169406667,101.7895556,9529.811111,0.707565909,96.06886364,8772.75,0.740990698,96.40255814,8742.906977,4901.634767,1.426104444,2944.253014,1.038393182,3742.654002,1.127586047,1.331426667,1.266870455,1.266609302,420.421721,418.2851891,418.0954005,0.207026667,0.438553333,0.35732,-0.032656818,0.182611364,0.026247727,0.024151163,0.187811628,-0.010186047,5.082662222,3.532409091,3.616637209,6.307306667,2.297442222,5.812517778,2.946806818,1.0558,0.405418182,3.700181395,0.578265116,-0.457267442
pote.txt_4845,3.782922222,3.7386,3.699785714,2.609,1.8333875,0.685371429,1.075733333,139.7533333,32.04447778,0.759725,131.990975,30.3743875,0.259871429,135.0573714,29.09755714,0.336023222,0.2759115,0.186,0.144588889,64.68222222,14481.11111,0.1077375,62.325,11070.5,0.060357143,60.25571429,9598.142857,14558.8041,1.214511111,11767.62738,0.882025,10852.19654,0.474157143,1.114022222,1.1121375,1.143285714,421.7042895,387.1076001,373.5509062,0.532066667,0.396233333,0.518066667,-0.015275,0.30405,0.3318375,-0.273614286,0.291157143,0.169371429,3.426366667,2.3584375,0.912871429,11.27338889,6.641433333,4.314288889,6.4066625,1.5385125,2.8685625,2.858728571,-1.511185714,1.197657143
pote.txt_6593,4.3802375,4.21974,4.309457143,1.60928125,0.20652,0.2202,1.08751875,189.4466188,30.48635625,0.162753333,178.7001,27.54085333,0.13035,172.0913143,26.09585714,0.296844688,0.176859267,0.203766857,0.0914125,65.29875,12884.1875,0.02156,57.96533333,11220.66667,0.036735714,58.32785714,10792.35714,17143.83726,0.35943125,14911.81415,0.124233333,13798.00831,0.160085714,1.12865,1.08106,1.079264286,413.7662857,380.4558802,373.1454447,0.55869375,0.38569375,0.3134375,-0.033326667,0.25584,0.102373333,-0.200971429,0.220871429,0.0615,4.920075,0.400573333,0.378621429,11.36955,5.6289875,3.66580625,1.818213333,-0.329886667,1.95994,0.078607143,-1.634857143,1.752435714
pote.txt_5345,4.075046154,4.01255,4.0898,1.946215385,-0.326666667,-1.048181818,1.151292308,190.3006077,37.22247692,0.0692,177.2714917,30.929775,-0.5422,170.3717636,25.08484545,0.351615462,0.233664333,0.218768909,0.245238462,72.92,10499.23077,0.02695,63.69916667,10140.91667,0.083909091,66.18,9637.909091,12183.5113,0.5407,9944.477325,0.170275,11095.54388,0.192609091,1.484876923,1.480208333,1.468727273,347.1823646,349.1082936,346.2327072,0.404869231,0.2839,0.388738462,0.346483333,0.184333333,0.019133333,0.312518182,0.126136364,-0.316581818,4.992607692,-0.221483333,-2.929481818,9.312423077,2.432638462,4.430523077,-3.091258333,-0.083083333,2.876966667,-3.458027273,-1.915954545,1.191309091
pote.txt_6691,4.731682353,4.67655,4.67328,1.383388235,-0.11285,-0.892266667,1.023223529,170.0394706,32.52558824,-0.01539375,158.4749688,24.7586,-0.557513333,153.56916,23.65032,0.30917,0.246734375,0.231275,0.168294118,72.15117647,9322.529412,0.0342375,65.7125,8274.625,0,63.97133333,7460.2,13290.93144,0.195694118,11502.97156,0.089925,9799.795087,0.04724,1.223205882,1.2232375,1.22068,365.6466864,354.6850725,345.6099435,0.528405882,0.304411765,0.302458824,0.38323125,0.1744625,-0.032275,0.424726667,0.09006,-0.13594,5.044694118,-0.3208625,-3.029793333,9.626805882,4.646835294,3.526494118,0.11,0.7255875,1.73336875,-6.247393333,-0.623693333,1.758453333
pote.txt_11259,5.199134783,4.957818182,4.92857619,1.006121739,-0.006890909,-0.519847619,0.761378261,204.8135652,37.90488696,-0.042313636,195.1048909,32.09484091,-0.406190476,194.9414619,28.62843333,0.431649217,0.291277136,0.25735381,0.417847826,76.33826087,8139.434783,0.181377273,69.17045455,5832.909091,0.060019048,65.16809524,6175.714286,11734.4345,0.254008696,8503.879736,0.106290909,7536.76709,0.080085714,1.1455,1.089572727,1.115561905,341.7678079,277.8468162,289.6361056,0.433913043,0.325747826,0.366982609,-0.05765,0.118622727,0.106881818,0.101057143,0.050619048,0.058780952,3.865930435,-0.139663636,-2.366085714,9.936895652,6.856613043,2.083865217,-0.580836364,-0.157718182,0.133518182,-6.488828571,1.174933333,-0.091390476
pote.txt_5067,4.662691667,4.465372727,4.53864,1.811158333,0.290354545,-0.98652,1.03095,128.6267833,26.77005,0.0324,124.1074909,25.89691818,-0.52479,123.79398,24.36964,0.38231025,0.235082091,0.1987736,0.179025,74.16666667,11386.5,0.098327273,66.46,9194.181818,0.07267,65.657,8882.6,11001.61863,0.753708333,8988.281364,0.6464,7477.2532,0.50255,1.066633333,1.052763636,1.0173,378.5161776,355.5271256,346.0308535,0.509608333,0.350708333,0.4965,0.358236364,0.212336364,0.032436364,0.21433,0.1168,-0.22141,3.877108333,-0.135763636,-2.20695,8.178858333,7.933941667,4.185483333,-0.078127273,0.875972727,1.796572727,-5.82544,-1.43917,1.12371
pote.txt_8309,3.830084615,3.428088,3.2947625,1.741603846,-0.573004,0.4523875,1.009357692,190.9381538,33.14223846,0.274232,174.5613,31.217984,0.5351125,182.5686958,31.36968333,0.472605846,0.29224724,0.310210667,2.607326923,63.40807692,7153.826923,1.590608,57.386,5136.44,1.024729167,57.63833333,5163.354167,8216.2064,0.752465385,5498.079772,0.141896,6279.133833,0.353208333,1.008038462,0.922876,0.941954167,399.6808928,341.9478453,372.5151684,0.314211538,0.262507692,0.417738462,0.168672,0.084696,-0.06242,0.135675,0.131304167,0.131654167,2.388365385,-0.415308,0.743295833,5.946926923,5.598969231,8.497661538,-1.413028,0.080004,-0.75476,0.5824125,1.4113,-1.88245
pote.txt_4921,4.114725,4.016536364,4.07966,2.8774,-0.136727273,0.00424,0.956475,138.021125,42.33453333,-0.058345455,132.9938,39.51559091,0.01745,138.63851,40.03479,0.43274775,0.335566909,0.336975,0.140833333,62.895,10129.75,0.038409091,55.98545455,9125.909091,0.04225,53.89,9683.9,10973.67118,0.955858333,9108.212309,0.3249,10095.26429,0.3441,1.089225,1.073281818,1.07352,375.3265376,361.6768993,377.7723134,0.5386,0.345008333,0.49405,0.4439,0.251972727,0.046936364,0.4632,0.30014,0.04908,3.68145,-0.374554545,-0.11536,9.32325,4.77465,4.618758333,-0.461863636,0.581263636,2.571681818,0.5423,0.5051,3.15408
pote.txt_2041,4.299362069,4.127625,4.1329,2.427582759,-0.081185714,-0.223525926,0.912210345,165.5142103,39.98532414,-0.100167857,152.4240286,36.240425,-0.092048148,157.4441185,38.56628889,0.552099207,0.377605643,0.360365741,0.314993103,70.35965517,10811.75862,0.169364286,64.39392857,8149.285714,0.140292593,65.16666667,8406.222222,10468.6994,1.013172414,6538.1219,0.585889286,7221.605844,0.443637037,0.933027586,0.888396429,0.899596296,341.2872359,277.6455017,287.9215817,0.390989655,0.313889655,0.550655172,0.0491,0.108764286,-0.108560714,0.079803704,0.164507407,-0.03172963,3.093862069,-0.333892857,-0.281711111,9.705593103,9.185524138,4.02822069,-2.188610714,0.477857143,0.620332143,-0.639940741,1.712314815,0.594344444
pote.txt_11371,4.930184,4.563061224,4.61686875,0.705458,0.06602449,-0.060972917,0.680838,210.004664,41.869786,0.1213,203.100398,36.9262,-0.0426375,202.5355021,36.41172708,0.3845534,0.277524939,0.251053813,1.559392,68.4138,7141.01,0.72132449,63.01673469,5001.367347,0.6770125,61.73854167,4723.9375,10789.5739,0.263386,7639.954708,0.096140816,7045.483269,0.097729167,1.105244,1.020683673,0.999435417,397.6309616,348.5552319,324.8618357,0.42933,0.354022,0.316306,0.00644898,0.135422449,0.123365306,0.0378125,0.084258333,0.133358333,2.945316,0.18222449,-0.5177,8.05323,5.694878,4.260522,0.01667551,0.75694898,0.442097959,-1.066204167,-0.717554167,0.08438125
pote.txt_5143,4.925975,4.718654545,4.78468,2.224741667,-0.187636364,-1.4528,1.26485,172.1613417,44.9815,0.074981818,170.3277091,35.86140909,-0.73544,164.85519,35.54625,0.450906333,0.331782818,0.3067861,0.313275,80.05666667,10968.25,0.0609,67.56727273,9658.090909,0,61.389,9285.2,12545.24408,0.800483333,9308.710909,0.207636364,7634.01676,0.09801,1.231033333,1.205827273,1.19952,406.8533538,402.4622033,405.9221791,0.41945,0.45345,0.393216667,0.1327,0.181836364,0.045890909,0.05041,0.08612,-0.07428,5.708508333,0.092554545,-4.29107,11.59605833,3.002025,4.601041667,-0.938181818,0.088863636,1.524072727,-9.92603,-0.65409,0.19169
pote.txt_10209,4.174877778,4.1987,4.153085714,2.398266667,0.6864,-1.421271429,1.5022,129.9845556,41.57523333,0.3659375,126.71435,33.0003,-0.997371429,125.7622714,29.33801429,0.365555667,0.18597225,0.093454286,0.1256,68.84,20777.22222,0.0791375,62.805,20965.25,0.050885714,54.29428571,20829.85714,19729.49921,1.216411111,18529.99995,0.898925,16113.64089,1.119214286,1.081144444,1.0834875,1.065685714,521.1893085,521.7823557,514.5027531,0.605011111,0.521011111,0.407344444,0.0093,0.39985,0.0906625,-0.030842857,0.282485714,-0.271871429,5.599722222,1.370075,-3.837028571,15.85373333,8.087711111,5.2597,5.239175,5.8888,1.7388375,-8.2953,6.977242857,-1.450471429
pote.txt_5409,5.017730769,4.717266667,4.727236364,1.203784615,-0.080166667,-0.802509091,0.847415385,203.7433,51.27054615,-0.028175,187.26795,43.46350833,-0.511154545,194.2187455,39.60561818,0.437758615,0.326010417,0.297767636,0.425584615,77.51769231,8684.076923,0.117941667,68.76833333,6925.083333,0,65.18090909,7926.636364,13087.13718,0.324838462,8238.9872,0.130158333,9108.893373,0.062663636,1.200592308,1.18595,1.195354545,376.1638072,365.8235988,364.2564673,0.463946154,0.400546154,0.337938462,0.113375,-0.030775,0.160375,0.109545455,-0.080045455,0.090618182,4.856569231,-0.8235,-3.416354545,11.94193077,4.2019,2.254807692,-2.950025,0.512025,1.350433333,-6.486836364,-1.807209091,0.633181818
pote.txt_10883,4.99684,4.8097125,4.649843478,0.820272,0.072483333,-0.259565217,0.567696,199.068564,37.892824,-0.013404167,184.820025,32.45819167,-0.301008696,187.1256478,31.4610087,0.43351172,0.315994792,0.292301304,0.353116,72.1204,6477.92,0.0951,67.84208333,3285.5,0.115182609,65.17347826,4071.26087,10106.79623,0.144072,5738.140175,0.060016667,5581.518748,0.035178261,1.185532,1.109808333,1.110278261,268.8339476,197.1227794,198.8039852,0.409532,0.249692,0.375324,0.282370833,0.047958333,0.086654167,0.249491304,-0.011052174,0.16813913,2.914804,-0.016245833,-1.612347826,8.615488,8.489836,1.494144,-0.74135,2.029879167,-0.073266667,-4.285878261,4.342465217,0.099126087
pote.txt_1147,4.97651875,4.699829787,4.615741304,0.921364583,0.08313617,-0.164641304,0.749839583,178.8896104,36.60882917,0.189053191,176.3850404,33.44644255,0.187191304,175.6198478,33.69438478,0.439092667,0.321702426,0.333209239,1.67880625,76.934375,7133.630208,0.724987234,71.44255319,5311.340426,1.055430435,69.85478261,4987.423913,7762.800835,0.674514583,5653.443951,0.36327234,5180.043924,0.261143478,1.018014583,0.963691489,0.955941304,407.965148,360.6798931,351.2699444,0.398875,0.293329167,0.374285417,0.046155319,0.131908511,0.133148936,0.015702174,0.143467391,0.14248913,2.47963125,0.382159574,0.066667391,7.155772917,5.4729875,4.173264583,1.359482979,0.932740426,-1.129448936,0.743817391,-1.14143913,0.426123913
pote.txt_7067,5.516183333,5.346529412,5.20613125,0.834894444,-0.121623529,-0.3732875,0.471944444,177.62155,33.80843333,-0.031294118,169.1575412,31.47171765,-0.25335625,171.5728125,30.4442,0.482825667,0.329727941,0.312670125,0.5508,80.01722222,5967,0.273776471,76.42764706,3082.764706,0.257225,72.600625,4050.0625,7376.840683,0.561611111,3676.846741,0.090511765,3996.702506,0.13191875,0.998855556,0.938758824,0.9597,288.5003032,190.881206,216.920245,0.371955556,0.247966667,0.452522222,-0.062364706,0.075829412,0.267435294,0.08040625,0.007875,0.25441875,1.940955556,-0.2196,-1.1556,8.033755556,10.6385,1.046138889,-0.256705882,0.060611765,-0.048805882,-1.9951875,1.4999375,0.20335625
pote.txt_5967,4.457571429,4.194,4.2543,1.308228571,-0.025723077,-0.692033333,0.984657143,208.2322929,41.48391429,-0.095138462,200.1028231,33.46978462,-0.549416667,193.414125,28.91989167,0.337126071,0.215767077,0.209910833,0.109342857,65.51714286,9900.357143,0.008376923,53.17384615,9099.307692,0,52.64916667,8744.5,14612.03546,0.085128571,13280.20313,0.044792308,12203.90311,0.031133333,1.379357143,1.362146154,1.312966667,312.9423316,286.8604078,279.6535418,0.432221429,0.282635714,0.245671429,0.406784615,0.1204,0.087938462,0.394758333,0.052166667,0.01385,5.007785714,-0.7874,-3.31095,11.05612857,5.797914286,3.360928571,-1.579130769,2.2762,2.129876923,-6.683391667,1.122591667,1.899758333
pote.txt_3229,4.5992,4.56,4.5992,1.45305,-1.215,1.45305,1.73905,129.5773,28.10405,-1.411,129.4315,15.048,1.73905,129.5773,28.10405,0.251514,0.029736,0.251514,0.0629,78.425,21530.5,0.0429,61.02,20230,0.0629,78.425,21530.5,21331.017,0.72365,18414.0648,0.5724,21331.017,0.72365,1.2465,1.2177,1.2465,523.1912008,497.113281,523.1912008,0.63005,0.4834,0.29045,-0.51,0.0784,-0.282,0.63005,0.4834,0.29045,7.15625,-5.2938,7.15625,15.31405,7.6553,5.29105,-13.49,5.1465,-2.669,15.31405,7.6553,5.29105
pote.txt_10987,5.4279,5.189417647,5.3341,1.033455556,0.062917647,-0.602125,0.703372222,174.6011222,33.70262778,0.056270588,162.7880824,28.02747647,-0.31543125,167.3754812,30.7697375,0.482923667,0.360602941,0.327780375,0.534011111,75.58666667,8462.847222,0.378370588,69.77941176,7356.088235,0.17784375,64.72875,7022.03125,9935.519739,0.616866667,7560.019788,0.422123529,6362.650288,0.2669375,0.95975,0.932676471,0.90655,393.1854868,365.3927858,364.740004,0.508611111,0.423877778,0.406911111,-0.044188235,0.222041176,0.226635294,0.01646875,0.17949375,0.13630625,2.997044444,0.316788235,-1.72263125,8.298072222,6.624438889,2.137461111,0.8913,0.092358824,-0.089723529,-4.00756875,-1.13850625,0.14019375
pote.txt_8821,4.967661111,4.653717143,4.743585294,1.390169444,-0.128617143,-0.3415,0.954041667,173.9835028,36.72826389,-0.057811429,166.2250371,29.89700286,-0.056567647,164.2778206,27.76971471,0.446542889,0.336244429,0.351211588,0.270691667,78.67722222,8563.284722,0.133197143,70.52228571,6531.057143,0.103947059,71.28294118,6778.647059,10710.36894,0.450519444,8102.309486,0.222374286,7817.474476,0.179505882,1.174261111,1.101994286,1.107935294,334.4531807,283.8064158,289.8154423,0.41325,0.279091667,0.33995,0.18218,0.059851429,-0.029225714,0.171585294,0.070185294,0.041364706,4.411677778,-0.487025714,-0.855205882,9.104969444,6.617030556,3.106072222,-1.756397143,0.384771429,0.364754286,-2.214276471,0.314535294,0.568394118
pote.txt_8519,4.778131034,4.537907143,4.503014815,1.207437931,-0.159228571,-0.058866667,0.972389655,175.7976034,37.54773448,0.037232143,167.3789929,26.005425,-0.037992593,170.2211889,30.05387407,0.391520655,0.324490571,0.336494333,0.286631034,78.00655172,8107.663793,0.144257143,72.3425,6414.446429,0.1178,72.27148148,5763.185185,11063.7761,0.228151724,8631.439107,0.152553571,8113.306604,0.13897037,1.221775862,1.149621429,1.156014815,351.462339,321.5037296,308.1217858,0.45567931,0.328610345,0.35957931,0.386575,0.122503571,-0.005435714,0.351974074,0.028244444,-0.031825926,4.901086207,-0.067042857,-0.412848148,8.413865517,4.39447931,3.580913793,-1.357221429,0.286732143,0.939960714,-1.216711111,0.580981481,0.469851852
pote.txt_27,4.169388,3.979283333,3.949726087,1.95684,-0.0225875,0.014065217,1.126528,176.359996,33.160148,0.0431625,157.5838583,27.51488333,0.257,160.4175565,28.44719565,0.41921508,0.265590292,0.325862913,0.864412,70.8256,11029.65,0.27315,64.58791667,9287.229167,0.2958,66.43,9449.130435,11995.52415,0.80648,7159.783467,0.592308333,8885.297778,0.489686957,1.134028,1.078658333,1.07676087,409.8087252,383.6539039,389.5300311,0.413104,0.38008,0.439964,0.197395833,0.23405,0.078966667,0.189586957,0.253691304,0.024695652,3.963768,-0.595379167,0.238173913,9.073288,4.911036,5.489108,-3.877820833,1.751875,-0.081420833,0.634108696,0.741026087,0.062278261
pote.txt_7145,4.777047368,4.575261111,4.664182353,1.550505263,-0.503666667,0.034494118,0.856394737,205.9743368,33.99235789,-0.059555556,192.5922111,27.43961667,0.064470588,192.1579176,28.24885882,0.346779316,0.259700611,0.210853765,0.1747,69.35631579,10110.75,0.077333333,63.66722222,8436.305556,0.069517647,64.25058824,8183.352941,14543.3956,0.386336842,11903.14148,0.082183333,10974.62821,0.110017647,1.121457895,1.037216667,1.027694118,392.6572387,346.1030146,328.5195191,0.489468421,0.388231579,0.397257895,0.119044444,0.230205556,0.033277778,-0.185741176,0.218570588,0.225723529,3.799689474,-0.525644444,0.043417647,10.71055789,5.779068421,3.113742105,-0.842238889,0.176461111,-0.471372222,-0.631847059,-2.0376,1.097958824
pote.txt_727,5.565685106,5.359076087,5.304244444,1.136148936,-0.104804348,-0.141655556,0.895657447,177.5218426,34.41205745,0.187691304,170.9148783,30.24417174,0.327151111,172.9702556,30.43807778,0.461779617,0.336312783,0.300118822,1.725197872,76.01595745,6890.489362,0.622123913,69.53086957,4945.804348,0.945842222,67.86155556,4952.288889,7277.095836,0.669474468,4721.953604,0.329847826,4488.259373,0.263742222,1.147351064,1.081015217,1.073064444,368.3901306,309.1405651,302.5091947,0.329259574,0.371146809,0.358821277,0.131934783,0.082930435,0.081445652,0.102251111,0.042668889,0.109344444,3.083559574,0.055047826,-0.068675556,6.966585106,6.9163,5.167789362,-0.424763043,0.386080435,-0.769382609,-0.007057778,0.609531111,-1.384762222
pote.txt_4173,3.602622222,2.5350625,2.746271429,0.889022222,0.3013,0.215142857,0.427555556,247.1757333,49.63047778,-0.012175,237.19565,37.3952,-0.198,229.0759429,33.84844286,0.380132778,0.285486125,0.2285,0.295222222,51.19333333,8199.5,0.0975,50.67,5885.3125,0.117657143,51.12571429,6145.071429,17461.06274,0.081011111,14268.76213,0.04055,13943.73671,0.071057143,0.916266667,0.7827375,0.837214286,444.2109348,438.7533149,442.6337179,0.610755556,0.569955556,0.325666667,-0.0189125,0.5581875,0.2952,0.159728571,0.5546,0.305171429,2.625322222,0.0598125,-0.8848,11.22803333,2.447766667,1.827955556,2.8426125,-0.4325,0.1078625,2.639885714,-1.0015,-1.134314286
pote.txt_3115,3.7654,3.73405,3.82,4.385366667,2.1125,-2.025,1.8425,103.3979,31.8816,0.5425,98.0233,27.7992,-1.3175,108.811,33.696,0.612430667,0.479,0.040236,0.2873,83.22,19884,0.2535,83.475,18228,0.0845,56.7,21080,12570.6888,2.292866667,6149.3886,2.34065,9491.8968,1.8252,0.9411,0.936,0.9504,470.5370578,430.7702775,498.8894715,0.3656,0.368733333,0.7403,-0.0858,0.16875,0.265,-0.22,0.2646,-0.47,5.183566667,1.3364,-3.9321,13.05043333,8.674433333,8.1299,-2.6928,7.7742,4.4548,-13.68,9.198,-2.924
pote.txt_9447,4.236335484,3.758206667,3.780348276,1.468954839,0.106486667,-0.060465517,0.90086129,204.3722903,43.16207097,0.20866,194.5129133,37.46066333,-0.106127586,192.9771552,38.0169069,0.463046226,0.360969433,0.358657552,0.9013,75.43419355,8800.540323,0.34607,68.371,7309.666667,0.228772414,66.92172414,6763.896552,11440.80896,0.792812903,9106.403133,0.428653333,7286.212297,0.3916,1.046525806,0.97087,0.978234483,407.2208988,384.7112193,367.6080554,0.351074194,0.350912903,0.362751613,0.091543333,0.17356,-0.04033,0.091855172,0.073175862,0.153093103,3.633651613,0.339586667,-1.17597931,9.85686129,4.549393548,3.976464516,1.86686,1.417633333,-0.225233333,-2.946144828,-0.33817931,0.164789655
pote.txt_6311,3.641566667,3.363342857,3.303715385,1.215706667,0.095,-0.184307692,1.10932,207.5895867,40.68274,-0.033914286,202.7765143,32.61101429,-0.063653846,195.2128462,33.53241538,0.282662133,0.1815625,0.184537385,1.082246667,62.41066667,11276.21667,0.096021429,54.31928571,9623.25,0.097730769,52.90307692,9232.346154,16639.05377,0.190066667,15325.86474,0.121864286,14947.04083,0.075215385,1.197626667,1.135692857,1.116684615,451.799753,437.2958008,437.4298656,0.48832,0.383853333,0.248333333,0.018964286,0.2865,0.013007143,0.030661538,0.250023077,-0.016284615,4.77618,-0.196685714,-0.8031,10.90459333,2.75852,5.64686,1.296407143,0.564392857,0.201764286,0.237884615,-0.706423077,-1.536484615
pote.txt_1895,5.015416667,4.758503448,4.736546429,1.470453333,0.245741379,-0.4687,0.837946667,154.5263167,30.84707333,0.157689655,147.667631,28.14364828,-0.148710714,148.083075,27.88996429,0.445532,0.299250966,0.269504464,0.629373333,79.04966667,8019.6,0.207924138,73.46241379,5707.724138,0.144889286,71.99142857,5465.035714,8362.979627,0.6381,5526.878345,0.401655172,4883.917914,0.266346429,1.044996667,0.970224138,0.9948,331.2945036,266.9342277,276.3183161,0.413113333,0.286263333,0.50791,0.190541379,0.044034483,0.071589655,0.076528571,0.012507143,0.025732143,3.247016667,0.423637931,-0.847925,7.515913333,8.431663333,3.728433333,0.021244828,0.401989655,0.869982759,-2.993,-0.469517857,-0.010428571
pote.txt_8379,4.808292593,4.54255,4.540452,0.990366667,-0.071976923,-0.231248,0.70452963,205.5430519,40.71175926,-0.085123077,197.3166115,34.6724,-0.252524,196.076192,32.606664,0.392069,0.292052346,0.26237164,0.271448148,67.78444444,8662.703704,0.056603846,59.48,6801.230769,0.068688,60.2656,6093.56,12751.22684,0.235622222,9374.280577,0.091365385,8671.972784,0.073892,1.163888889,1.098530769,1.080152,345.5177895,303.2938858,271.1758417,0.4446,0.374333333,0.313155556,0.11465,0.184676923,0.065361538,0.181484,0.1182,0.06538,3.551466667,-0.623057692,-1.2898,9.754848148,6.311751852,1.985451852,-1.5984,1.971765385,0.457119231,-3.181932,1.285028,0.070088
pote.txt_9933,4.5992,4.56,4.5992,1.45305,-1.215,1.45305,1.73905,129.5773,28.10405,-1.411,129.4315,15.048,1.73905,129.5773,28.10405,0.251514,0.029736,0.251514,0.0629,78.425,21530.5,0.0429,61.02,20230,0.0629,78.425,21530.5,21331.017,0.72365,18414.0648,0.5724,21331.017,0.72365,1.2465,1.2177,1.2465,523.1912008,497.113281,523.1912008,0.63005,0.4834,0.29045,-0.51,0.0784,-0.282,0.63005,0.4834,0.29045,7.15625,-5.2938,7.15625,15.31405,7.6553,5.29105,-13.49,5.1465,-2.669,15.31405,7.6553,5.29105
pote.txt_7149,4.216836842,3.877733333,3.9263,0.904484211,0.1626,-0.240611765,0.472573684,201.9744684,44.63321053,0.0354,185.3497111,37.75907778,-0.246588235,182.8497706,34.40542353,0.271376526,0.188155111,0.197387235,0.3545,62.75368421,7694.013158,0.0232,59.47333333,5340.25,0,57.28764706,5641.588235,13637.42475,0.184678947,9367.2297,0.052405556,8965.155394,0.039152941,1.204836842,1.147505556,1.122464706,393.8824049,366.5850152,365.2804693,0.580110526,0.397573684,0.353489474,0.287305556,0.301222222,0.196666667,0.131247059,0.281511765,0.244952941,2.6419,0.154677778,-1.447964706,9.954910526,2.556605263,1.3609,0.016533333,1.009072222,-0.300377778,-3.592552941,-0.028435294,-0.203817647
pote.txt_11517,4.989020588,4.448072727,4.387365625,1.177832353,0.231072727,0.1104625,0.800347059,181.4573559,39.77525588,0.345742424,176.1687788,35.40459394,0.266546875,174.4366594,34.02838438,0.589918353,0.488171303,0.453847656,1.931608824,78.46676471,5342.573529,0.859969697,72.08909091,3989.969697,1.274575,70.3421875,4171.96875,5856.318882,0.636479412,4692.264364,0.328763636,4164.044769,0.39298125,0.870447059,0.822039394,0.829603125,348.244582,285.9087839,290.5981181,0.319214706,0.307952941,0.489479412,0.147193939,-0.014687879,0.218133333,0.191959375,0.12496875,0.1641125,2.8192,0.816566667,0.45,6.311932353,7.981111765,5.722188235,2.014484848,1.116318182,-0.491530303,0.9224125,2.62015,0.397225
pote.txt_5663,2.8776,2.111508333,1.845745455,1.529630769,0.439033333,-0.005272727,0.828538462,177.5539077,29.46217692,-0.025166667,166.7468667,24.16226667,0.280390909,162.3732182,20.86115455,0.421255385,0.259814833,0.327125,0.108476923,70.71461538,5963.75,0.035208333,69.3875,4043.75,0.046445455,68.87,2505.045455,9778.698623,0.469269231,8625.521117,0.255091667,8205.331409,0.051581818,1.162976923,1.024041667,1.048372727,300.5097157,277.314604,274.3632938,0.380907692,0.242938462,0.419238462,0.3373,0.171008333,0.168033333,0.350163636,0.139072727,0.018763636,3.024423077,0.114308333,0.898418182,5.108753846,2.758453846,3.885176923,2.682241667,-0.556908333,0.899533333,-0.479472727,0.597909091,-2.176781818
pote.txt_7119,4.44045,4.190341176,4.09970625,1.856277778,-0.328282353,-1.03745,1.035116667,184.0072333,35.4252,-0.160511765,165.4861118,28.68973529,-0.607425,161.1232188,28.53408125,0.364010111,0.221116824,0.158525125,0.181016667,69.72055556,13090.44444,0.088388235,63.92352941,11581.88235,0.04244375,56.848125,11251.9375,14818.79698,0.746961111,11431.1692,0.416882353,10035.49273,0.29018125,1.145344444,1.1245,1.09415625,417.0191139,402.7582914,392.1939058,0.478511111,0.3914,0.358705556,-0.013905882,0.288888235,-0.166005882,0.069075,0.19334375,-0.07883125,3.962088889,-0.644135294,-2.558525,10.71517778,5.227327778,3.400522222,-0.161917647,0.316158824,-0.229141176,-7.35618125,-0.1129875,0.14248125
pote.txt_9775,3.9641625,3.625852174,3.618618182,1.210529167,0.251121739,-0.169254545,0.741375,200.4823542,37.15777917,0.148347826,191.9383391,33.05293478,-0.186468182,188.2865364,31.03784545,0.299710708,0.214772957,0.214647091,0.717920833,56.73,8167.3125,0.059973913,54.38217391,6549.26087,0.0519,51.38954545,6045.704545,13866.38182,0.184833333,12324.9625,0.056165217,11492.15693,0.045281818,1.144520833,1.071369565,1.046604545,393.0037627,368.5287928,361.6888837,0.520729167,0.39875,0.304541667,0.4366,0.300195652,0.054982609,0.376840909,0.261309091,0.037704545,3.33885,0.725417391,-1.11,8.3502875,3.943533333,4.117433333,2.706878261,1.555078261,-0.136204348,-0.276677273,0.383513636,-0.404427273
pote.txt_1777,4.4078375,4.239082609,4.320045455,1.036483333,0.164008696,-0.016727273,0.7118,197.7151958,42.6812375,0.158695652,190.977687,36.11113043,-0.162468182,189.1861182,34.00418636,0.390800417,0.338213174,0.318662864,0.849170833,60.87708333,7738.427083,0.195904348,56.4473913,6170.217391,0.111322727,55.55909091,5540.204545,12527.45573,0.101879167,9992.416878,0.064717391,9555.249605,0.054681818,1.038758333,0.974252174,0.939045455,374.1221971,312.8868905,330.4491289,0.4973,0.3751125,0.332958333,0.381678261,0.166830435,0.165513043,0.436040909,0.217572727,0.103804545,3.448895833,0.143178261,-0.912877273,8.872533333,5.988583333,3.92945,0.407769565,2.59223913,-0.199043478,-1.256213636,3.560009091,-0.043609091
pote.txt_627,6.092157143,5.979069231,6.176891667,1.872,0.234984615,-0.262666667,1.248942857,161.8476214,20.25535714,0.479669231,159.9162846,16.8126,0.212375,160.9408833,18.16006667,0.463903857,0.276754308,0.229868083,0.448664286,100.0842857,11082.57143,0.335592308,95.38769231,9024.076923,0.352583333,96.05666667,8612,8223.861507,0.925185714,6353.467862,0.455784615,5461.783233,0.406616667,1.176221429,1.163330769,1.167883333,421.4458371,386.8211652,380.6974824,0.414285714,0.270557143,0.56135,-0.096561538,0.137323077,0.061446154,-0.105366667,0.061233333,-0.136316667,4.638557143,1.909176923,0.999508333,7.7633,5.267771429,4.340771429,2.067630769,-0.540453846,0.320038462,1.883566667,-0.7568,-1.078566667
pote.txt_4349,3.71901,3.434855556,3.359025,1.09972,0.273555556,-0.04275,0.60883,254.45065,47.7459,-0.106033333,245.5399778,39.20444444,-0.3125875,230.1728375,39.3290875,0.3792084,0.278084889,0.259953125,0.2825,52.128,9511.725,0.027133333,46.68666667,7148.5,0,46.7325,6136.875,18277.85171,0.06927,15853.67703,0.021522222,12967.38198,0.0245125,1.02081,0.9602,0.890375,388.494585,340.0272454,318.8003981,0.52596,0.47846,0.29638,0.393022222,0.375133333,0.076577778,0.1753125,0.2535875,0.0825625,3.48403,-0.273422222,-1.7608125,12.88432,4.88741,2.02982,5.038644444,1.432966667,0.265311111,-1.9834375,0.9898125,0.4536875
pote.txt_9513,4.910870968,4.747803333,4.809106897,0.930087097,-0.094593333,-0.089682759,0.604183871,183.6753903,38.28702903,0.100486667,178.5896933,35.06488667,-0.065282759,177.134169,35.03111724,0.412391194,0.3100713,0.297050759,0.969680645,72.63193548,6149.677419,0.384336667,64.658,4931.833333,0.267524138,65.39172414,4306.689655,8520.526484,0.381583871,6239.483153,0.165436667,5047.030269,0.085765517,0.980119355,0.950573333,0.935413793,371.2527759,337.8228559,318.1252876,0.426190323,0.371632258,0.470916129,0.258303333,0.1276,0.205306667,0.251196552,0.096982759,0.197082759,2.787525806,-0.406163333,-0.419865517,7.252745161,6.485019355,3.35916129,-0.80063,2.204776667,-1.191313333,-2.862251724,1.822286207,0.622448276
pote.txt_2925,5.51069,5.479215789,5.645038889,1.189645,0.361736842,0.391433333,1.27167,185.973635,25.608045,0.599557895,180.1180316,21.38863158,0.658266667,173.8193167,19.36370556,0.44321745,0.338573105,0.339854167,0.447455,97.4055,10408.75,0.308184211,95.80157895,6923.631579,0.310672222,99.02722222,6277.888889,11584.39124,0.468455,7985.616505,0.254110526,6322.286417,0.301372222,1.083315,0.992526316,0.973827778,370.6012134,275.4370984,254.7776537,0.320395,0.225205,0.393065,-0.025078947,0.060978947,-0.103710526,0.023766667,0.01465,0.099088889,5.503405,2.694342105,2.909933333,10.712695,7.979515,3.76441,6.149794737,-2.409215789,-0.669210526,4.758972222,-2.330872222,1.147883333
pote.txt_4279,3.774383333,3.54342,3.812025,1.172083333,1.073,1.00375,0.3323,252.4696333,62.3226,0.31104,251.4192,54.93188,0.284825,232.474175,57.84485,0.182949167,0.0859028,0.12860075,0.084016667,35.145,10860.66667,0,30.496,10944.6,0,32.7275,10213.5,20685.196,0.079183333,20821.17828,0.02112,19257.64615,0.018575,1.16105,1.17218,1.167725,461.8843589,451.6067444,448.2696205,0.63955,0.632466667,0.2263,0.13104,0.61342,0.09348,0.26025,0.61475,0.19475,2.776683333,2.44724,2.33035,14.51911667,2.900533333,1.134716667,12.2294,0.7683,0.59918,11.729925,1.1975,0.798825
pote.txt_1889,4.8294,4.517142308,4.595612,1.674433333,-0.11135,-0.079992,0.8276,162.6949481,35.07264074,-0.00255,159.7764154,33.9759,0.066216,158.27146,33.943408,0.507281444,0.408003231,0.391055,0.493374074,81.61074074,8190.824074,0.214576923,72.96730769,5641.442308,0.368384,75.2872,5848.58,8031.696596,0.938514815,4685.837062,0.378276923,5886.979316,0.45048,0.901007407,0.847973077,0.83968,361.8735497,314.1182123,280.1722712,0.344907407,0.348696296,0.549840741,-0.020665385,0.090546154,0.099953846,0.1311,0.125456,0.173772,3.113985185,-0.171053846,0.36346,8.139514815,8.299144444,3.566711111,-1.582661538,0.527042308,0.574926923,1.119312,0.25866,-0.1689
pote.txt_453,4.46036,4.065189474,4.005511111,0.82351,-0.181542105,-0.185755556,0.75565,204.43436,35.72858,0.085378947,195.4769263,33.96432632,0.003155556,201.20965,34.70752222,0.38314105,0.301933474,0.231624222,1.686795,78.9465,5851.6125,0.806136842,72.01473684,4273.473684,0.712083333,67.40388889,4056.666667,8186.49323,0.59218,5091.021574,0.274463158,4759.323111,0.231005556,1.07438,1.010547368,1.009977778,414.1680014,383.2005793,367.6766154,0.32115,0.335425,0.434875,0.018431579,0.076994737,0.200268421,0.065944444,0.003438889,0.14545,2.8669,0.070573684,-0.828222222,7.008295,3.624355,4.62495,-0.212847368,-1.238778947,0.308157895,-2.381944444,-0.32895,-0.563344444
pote.txt_5425,4.492192308,4.244975,4.286827273,1.254738462,0.0369,-0.520327273,0.748923077,210.3402231,55.64181538,0.020625,198.2528167,48.22471667,-0.352436364,189.7147091,43.64782727,0.390941308,0.275001167,0.263531545,0.360476923,67.72692308,9101.923077,0.009075,58.92666667,7552.083333,0,57.42818182,7170.636364,14849.63614,0.1936,10059.69878,0.066775,10270.99082,0.042,1.171084615,1.160933333,1.168481818,375.1589493,361.1623601,348.4009719,0.501638462,0.428723077,0.339784615,0.236675,0.03375,0.196891667,0.122672727,-0.037209091,0.081581818,4.464446154,-0.6497,-2.666609091,12.56267692,4.271807692,2.328307692,-2.504266667,0.868791667,1.292358333,-5.335272727,-1.662063636,0.395181818
pote.txt_12161,3.897625,3.89304,3.962821429,1.1187375,0.069333333,-0.127128571,0.85616875,191.2273875,43.38704375,-0.076173333,183.74798,37.64912667,-0.083842857,173.64935,32.06288571,0.202158938,0.177250933,0.182441429,1.0762875,59.80375,8470.875,0.00726,54.46066667,7288.733333,0.2926,56.34142857,7292.142857,13277.46061,0.1754875,11105.63227,0.051506667,11205.80077,0.085007143,1.4390125,1.423813333,1.417707143,379.4999896,355.7032866,358.6829553,0.48974375,0.2637125,0.20884375,0.425146667,0.169653333,0.043386667,0.427078571,0.150271429,-0.029421429,3.85793125,-0.091306667,-0.863428571,9.39489375,2.09094375,4.49684375,-0.91886,0.4939,0.495053333,-0.5442,0.213785714,0.835885714
pote.txt_11133,5.269211429,4.871347059,4.942748485,1.438874286,-0.186847059,0.178245455,1.156445714,194.9481743,38.12682571,0.129658824,181.8390529,31.57744412,0.226881818,187.8334606,32.29269697,0.4181358,0.297852941,0.303421727,0.593417143,92.81457143,9510.035714,0.263552941,82.94147059,8139.632353,0.336581818,84.80333333,8394.757576,10416.91174,0.946937143,5596.631818,0.549338235,7580.056458,0.643812121,1.263637143,1.217673529,1.219090909,428.6019618,422.6440378,426.703357,0.286137143,0.458077143,0.389691429,-0.01125,0.074655882,0.118323529,-0.050018182,0.102936364,0.049378788,5.08136,-0.035170588,0.338906061,10.39144,2.410557143,3.527334286,-3.669,0.122805882,1.169326471,0.369548485,0.550515152,0.181433333
pote.txt_6549,4.49096875,4.51572,4.557042857,1.85683125,-0.513633333,-0.652835714,1.1708875,151.2235813,44.93329375,-0.21734,145.5108267,36.56319333,-0.280771429,144.7800143,32.96533571,0.3692935,0.226934267,0.286031714,0.22329375,67.364375,16556.1875,0.061846667,58.06133333,14269,0.119292857,61.00071429,13443.5,17617.52226,0.89175,13695.47409,0.60764,13812.69039,0.564378571,1.05036875,1.002233333,0.997092857,471.6144944,441.9901907,431.7952229,0.5747875,0.47535625,0.35435,-0.031433333,0.29006,-0.046526667,-0.050628571,0.306064286,-0.126014286,4.7934625,-0.858113333,-1.5283,14.572425,8.07601875,3.900025,-1.571753333,1.376406667,0.68954,-0.087392857,-0.966157143,0.077871429
pote.txt_8347,4.347251852,4.285630769,4.295944,0.943725926,0.077076923,-0.241684,0.637066667,173.7724741,35.71824444,-0.006515385,167.7241538,32.20923077,-0.227816,167.17214,29.895208,0.209998,0.153548615,0.15735664,0.186740741,65.55037037,7753.814815,0.004188462,60.07461538,6731.076923,0.04306,57.4184,6229.36,11665.96323,0.245274074,10292.26612,0.063715385,9736.977912,0.05806,1.397618519,1.330157692,1.360888,336.0410252,320.8709145,311.8912026,0.501885185,0.302577778,0.304707407,0.300265385,0.235307692,0.123876923,0.3329,0.189772,0.107372,3.148111111,0.101669231,-1.245624,7.950562963,4.005992593,2.022581481,1.336680769,0.876538462,0.903907692,-2.18352,-0.4953,0.846584
pote.txt_10511,4.669025,4.473827273,4.5432,2.299958333,0.403809091,-0.51852,1.22415,127.1923833,26.77784167,0.231454545,122.3106909,25.90333636,-0.21935,122.8163,24.37173,0.45358225,0.304787909,0.2489,0.214233333,77.88666667,12587.75,0.117827273,70.21272727,10910.45455,0.09412,68.369,9989.3,10905.82449,0.991508333,8786.553655,0.735854545,7375.29544,0.58947,1.004758333,0.988563636,0.97671,394.6104012,377.4316578,357.4606164,0.469233333,0.35345,0.5478,0.288227273,0.217872727,0.035381818,0.18832,0.11736,-0.12421,4.415483333,0.4006,-1.18625,8.86965,8.213733333,5.170941667,-0.039809091,0.443245455,3.2182,-5.0274,-0.83992,2.23213
pote.txt_5753,4.796564286,4.821938462,4.735458333,1.286664286,-0.02,-0.508183333,1.002957143,168.5704714,40.47076429,0.087515385,159.5736154,29.5342,-0.287408333,150.4880333,25.35589167,0.335169714,0.225415615,0.244829833,0.197785714,73.72071429,10403.92857,0.033353846,69.10461538,8406.923077,0.04015,68.5275,8090.416667,13130.8607,0.30655,9351.811346,0.222038462,10305.42985,0.135233333,1.288878571,1.214492308,1.223708333,375.3495938,336.9894214,317.7500557,0.493978571,0.33605,0.286942857,0.286523077,0.100523077,0.101076923,0.176175,0.077416667,-0.130925,4.8816,0.254615385,-1.616175,10.04253571,5.090878571,3.27765,-3.266430769,1.683476923,1.846015385,-2.586191667,0.415408333,0.230933333
pote.txt_4573,4.4877,4.1260125,4.129485714,3.159377778,-0.4934875,0.150871429,1.546233333,121.6549889,41.73444444,-0.55925,116.6282,38.3598,-0.042928571,113.0424429,35.79325714,0.493748556,0.14468225,0.274103143,0.406888889,80.73777778,20002.22222,0.1301625,61.63875,19857,0.2392,71.81571429,19327.42857,15551.27951,1.961388889,10708.99545,1.8123125,10550.112,1.9194,0.965377778,0.9604125,0.957385714,520.0800844,515.0345497,494.8362348,0.4673,0.570355556,0.645022222,0.0073,0.1720375,-0.0847375,0.0206,0.260242857,-0.2313,5.164011111,-1.964725,0.231614286,15.18635556,8.885388889,6.199333333,-6.8541375,8.723425,-0.0072375,-1.911414286,8.473214286,-1.0369
pote.txt_1137,4.922282609,4.438977273,4.4613,0.542834783,0.002877273,-0.042533333,0.523008696,203.6840478,37.3068087,0.032881818,195.8453045,31.59977727,-0.056457143,196.6262286,28.82751429,0.492866609,0.419385091,0.394825381,1.044152174,64.96608696,5734.293478,0.490381818,60.99681818,4027.25,0.4649,61.70190476,4119.952381,9152.232396,0.397082609,6337.482091,0.173595455,5833.223329,0.216247619,0.924108696,0.851845455,0.828571429,386.5994458,329.1281684,339.9323003,0.407969565,0.511269565,0.323295652,0.130681818,0.243554545,0.237090909,0.046047619,0.373538095,0.203633333,1.937126087,-0.379531818,-0.53217619,6.150443478,5.786982609,2.903565217,-0.506322727,1.211427273,-0.281190909,-0.253457143,0.837142857,0.042538095
pote.txt_4565,5.01608,4.9547,4.8351125,1.77925,-0.115555556,-1.264375,1.68262,174.86147,29.23521,0.373655556,168.8300667,17.10332222,-0.626275,167.595775,14.953275,0.3806126,0.316304,0.261618,0.13366,86.16,12715.2,0.056833333,77.89111111,12483.44444,0.0367125,66.85625,12172,14989.21188,0.31632,13057.21612,0.174866667,12504.08616,0.1426,1.37813,1.373566667,1.35785,408.2738671,402.8700011,407.9761542,0.43438,0.35859,0.24301,0.052077778,0.194444444,-0.003288889,0.0717,0.16095,-0.175125,7.64889,0.690111111,-4.2072,11.37926,2.21956,5.44855,-1.0054,-0.3902,3.697488889,-8.814,-0.8145375,2.022925
pote.txt_5379,3.337516667,2.9514,3.00965,1.592741667,-0.237709091,-0.68428,0.8211,246.8561583,47.15798333,-0.206472727,218.1135545,40.31085455,-0.53575,228.34934,37.05042,0.309448,0.199465909,0.0913958,0.2264,50.56083333,13067.35417,0.047209091,46.97545455,10911.27273,0.01846,45.824,10389.4,21097.20288,0.394533333,17023.51051,0.1035,15195.53793,0.13454,1.078425,1.004936364,1.01542,457.2075224,449.1594763,444.2413158,0.565791667,0.5385,0.311483333,-0.010327273,0.46,0.018854545,-0.24028,0.42786,0.07306,3.972533333,-0.636645455,-2.46575,14.91113333,3.45895,2.747233333,3.817818182,-0.598227273,0.305209091,-2.76765,-1.22235,0.61483
pote.txt_6529,3.73886875,3.48568,3.316907143,1.28035,0.238666667,-0.299714286,1.2122125,202.3297438,38.413075,0.152053333,197.4868867,30.72815333,-0.153964286,196.8786214,32.20015714,0.29632475,0.202875933,0.173480143,1.0214125,66.490625,11456.51563,0.09688,59.21066667,9925.766667,0.09075,53.32142857,9694.892857,16259.34594,0.19574375,15008.38898,0.132466667,15270.00846,0.075142857,1.21733125,1.16084,1.130928571,446.0668556,432.1476405,438.0758107,0.47405625,0.3602625,0.2553125,0.03504,0.267826667,0.03614,0.000785714,0.237021429,-0.029692857,5.22589375,0.614533333,-1.235078571,10.72715625,2.71036875,5.91015625,1.747686667,0.659306667,0.84562,-0.777164286,-0.525035714,-1.527664286
pote.txt_3165,4.304366667,4.0874,4.5267,4.57,1.75,-2.75,1.6753,101.0979,22.83523333,0.837,96.6223,22.581,-0.7285,106.009,23.2596,0.658717667,0.638507,0.35925,0.281666667,85.10333333,12602.66667,0.21125,86.1,12896,0,61.95,10416,6744.329633,1.9057,4606.3461,1.4872,6405.8118,0.1183,0.890433333,0.8976,0.8736,389.1414267,381.5354712,400.4198588,0.3656,0.256633333,0.7788,0.1342,0.1431,0.21,0.22,0.2133,-0.58,5.1138,1.42635,-3.7522,7.941633333,6.367233333,8.443766667,0.2736,-0.0126,8.1356,-7.7472,-6.3756,4.4376
pote.txt_10813,4.218320833,3.872078261,3.782577273,1.233325,0.358226087,-0.069018182,0.8519625,230.9232083,37.86178333,0.2266,220.937187,33.90048696,-8.64E-05,222.8215864,34.61466818,0.428837458,0.322587565,0.280640136,0.4778,68.03333333,9437.21875,0.190747826,62.68608696,7340.608696,0.103263636,59.34,7175.75,14312.37554,0.31385,10081.78073,0.165373913,9313.036918,0.131977273,1.112641667,1.043147826,1.026477273,375.3643885,336.4688738,354.1211729,0.437529167,0.42105,0.405579167,0.062552174,0.255234783,0.136382609,0.095413636,0.301295455,0.071354545,3.984329167,0.7485,-0.476031818,11.03326667,4.428266667,2.844175,0.961973913,0.504056522,0.904647826,-1.694477273,0.222459091,0.398622727
pote.txt_387,3.914525,3.528952174,3.608490909,0.877279167,0.382347826,-0.0008,0.6380125,220.5716417,40.19771667,0.188713043,208.5503174,35.46132174,-0.13885,209.7678727,33.20630455,0.273700292,0.186283826,0.173868045,0.784333333,54.86375,7741.4375,0.059973913,52.14304348,6160.021739,0.0519,49.50363636,5426.386364,13824.19984,0.0834,11848.60824,0.057826087,11258.20031,0.041063636,1.279508333,1.178386957,1.161777273,379.6879153,356.2173937,351.5913696,0.492341667,0.406866667,0.276554167,0.412895652,0.314452174,0.121656522,0.429336364,0.2737,0.082877273,3.068379167,0.828382609,-0.924690909,8.184595833,3.2038625,3.573641667,2.300017391,1.288034783,-0.626152174,-0.34235,0.871654545,-0.362859091
pote.txt_3653,5.5872,5.4846,4.78152,0.76,-0.065,-0.11,0.475128571,236.2321714,45.64958571,-0.157983333,216.8894667,29.53396667,-0.30208,230.20584,33.90618,0.051674714,0.031516167,0.0364416,0.144171429,60.07428571,10990.28571,0.056066667,56.00166667,10693.5,0,45.57,10989,16885.92617,0.140114286,14234.59982,0.091266667,15554.4669,0.0468,1.6036,1.587066667,1.6068,458.8886097,465.8255497,448.2744795,0.615314286,0.488614286,0.275371429,-0.205533333,0.482816667,0.188866667,-0.38776,0.4896,0.10496,2.781485714,-0.849533333,-1.43416,12.52124286,1.903771429,1.076842857,-2.8379,-0.513383333,-0.359783333,-4.5671,-1.22158,-0.67816
pote.txt_3729,3.798914286,3.7927,3.75124,3.852614286,1.180183333,1.285,1.6825,108.0157,34.7328,0.2625,106.10445,32.7888,0.1705,100.18084,28.97856,0.525192571,0.326333333,0.3912472,0.248671429,75.49714286,21172,0.1859,69.96,20482,0.2197,78.12,18798.4,15360.34834,2.131942857,11031.2928,2.059033333,6817.89024,2.23756,0.946671429,0.94575,0.93888,501.3616219,484.7132646,444.3941163,0.456228571,0.453257143,0.6661,0.0728,0.316666667,0.13515,-0.11264,0.18792,0.118,4.777471429,0.625733333,0.2827,14.4093,9.338442857,7.0717,-0.314783333,8.936216667,2.60295,-4.89024,8.05896,2.97904
pote.txt_5001,5.087491667,5.142209091,5.08658,1.517158333,-0.0598,-0.37245,1.014416667,187.0349,38.34355,0.115709091,165.3102455,33.07443636,0.15282,173.99108,36.28573,0.471781333,0.326429273,0.3107778,1.160491667,82.90833333,9239.770833,0.378481818,79.79909091,6607.727273,0.60677,80.67,7572.5,9630.604392,1.032408333,4890.317809,0.746172727,5772.80704,0.62215,1.084358333,1.027654545,1.03731,418.9359558,378.9549236,373.2004807,0.311325,0.442566667,0.443591667,0.0862,-0.113709091,-0.023109091,0.06095,0.31407,0.08378,3.595975,0.450354545,0.55179,9.617283333,5.439825,4.769766667,-1.793663636,0.682518182,-1.734745455,1.06481,-0.72166,-1.50947
pote.txt_5729,4.278571429,3.586123077,4.016783333,0.987835714,0.3194,-0.174416667,0.552421429,232.4002429,58.39223571,0.052215385,225.9084923,52.51265385,-0.267533333,222.82185,51.20286667,0.464831429,0.402510692,0.36725575,0.442278571,60.31285714,8152.232143,0.1412,52.36615385,5906,0,46.48666667,6368.625,13838.85566,0.224071429,10116.7911,0.087630769,9279.414317,0.044866667,1.126457143,0.971053846,1.033916667,382.0706747,348.6318473,344.0778198,0.492128571,0.455485714,0.311864286,0.446915385,0.300069231,0.103546154,0.413433333,0.262675,0.105325,3.431985714,0.349569231,-1.856458333,11.56486429,3.859778571,1.754392857,1.019076923,1.963784615,0.060684615,-5.55235,2.252825,0.46185
pote.txt_7541,4.03822,3.898268421,3.8541,2.17602,0.119263158,-0.622333333,1.18543,172.466535,30.64018,0.158489474,156.0376263,26.88494211,-0.223622222,164.5856444,29.09773889,0.4045841,0.295005105,0.211665111,0.23448,77.038,10094.6,0.089236842,68.25315789,8071.947368,0.011916667,63.89611111,6478.444444,11397.31055,0.647305,8143.022516,0.277352632,7258.722983,0.107155556,1.278415,1.227926316,1.207261111,330.9891191,306.6505081,290.5945389,0.394985,0.2276,0.459225,0.205826316,0.134705263,0.057905263,0.173794444,0.099127778,-0.129344444,4.75551,0.326778947,-1.275011111,9.129565,4.483785,4.60852,-1.189036842,0.570510526,1.908505263,-4.552966667,-1.390916667,1.1666
pote.txt_3269,2.143133333,0.3894,3.0753,0.507333333,0.0876,0.312,0.501766667,294.7328667,33.8651,-0.5063,295.86195,23.5098,0.336,256.4968,44.144,0.339129667,0.237125,0.021,0.064033333,43.16,12325.41667,0.039,45.6,4355,0,32.24,17952,22771.90817,0.187866667,19672.6565,0.0688,25033.7472,0.1008,0.644566667,0.4654,0.7704,500.3139987,453.9573628,569.2887275,0.5678,0.563666667,0.167066667,-0.37195,0.55115,0.15,0.7372,0.561,0.0544,2.078033333,-1.7784,0.9702,9.208966667,2.6156,1.725166667,3.8491,1.5928,0.5129,6.8388,3.016,0.0045
pote.txt_3645,5.238771429,4.8374,5.28814,1.722114286,-0.5934,0.802,0.692414286,174.5685429,53.35154286,-0.309333333,173.3051333,52.89413333,0.36678,175.60278,49.74532,0.488095286,0.3218935,0.3618278,0.410642857,73.10285714,7280,0,55.91666667,6295.5,0.1794,66.294,5449.2,9767.924343,0.634928571,6845.027383,0.06685,7689.07204,0.44308,1.062842857,1.061883333,1.07848,335.4403259,342.1532594,320.078021,0.437885714,0.431814286,0.470428571,0.285833333,-0.109183333,0.176833333,0.27788,-0.10792,0.0342,3.829028571,-2.386066667,1.52586,10.1468,7.090571429,3.026671429,-5.493583333,1.493283333,-0.004216667,2.60064,3.41236,-2.12572
pote.txt_7711,4.820009091,4.696442857,4.705615,0.798954545,0.094314286,-0.13151,0.477686364,165.6411864,33.84298182,-0.054161905,155.2626524,28.88003333,-0.150085,152.77871,27.744615,0.341715318,0.23318519,0.2240236,0.160240909,67.79227273,5399.454545,0.047804762,64.87047619,2830.52381,0.01221,64.5645,3502.7,8401.84475,0.084559091,5945.450119,0.028814286,6127.38532,0.028255,1.223845455,1.135033333,1.091965,268.6852572,203.0818625,215.0409962,0.453686364,0.274168182,0.386086364,0.418228571,0.044404762,0.11647619,0.39545,0.09226,0.15342,2.454713636,-0.118995238,-0.90783,5.514254545,7.654004545,1.836068182,-0.45672381,2.456690476,0.295433333,-1.93739,3.186285,0.521685
pote.txt_635,5.105008333,4.589008571,4.827691176,0.849105556,0.336137143,0.053352941,0.825066667,169.4229139,30.01791667,0.463025714,166.1514971,27.57483429,0.357673529,166.5493382,26.54398529,0.513317194,0.430904371,0.398450176,1.794502778,79.44444444,6257.597222,1.011208571,75.88028571,4250.185714,1.056461765,73.92058824,3706.691176,6276.221039,0.623613889,4121.221123,0.2809,4075.850991,0.304094118,0.913122222,0.834745714,0.808179412,366.9931842,275.7621787,281.1137051,0.336388889,0.270080556,0.384752778,-0.028608571,0.09362,0.248517143,0.033832353,0.059664706,0.19785,2.398119444,1.220268571,0.689520588,5.672241667,7.801780556,4.950613889,2.034468571,-1.309317143,0.664011429,1.603288235,1.357494118,-0.431779412
pote.txt_6267,5.38832,5.155042857,5.038892308,2.146653333,-0.540214286,-0.455230769,1.17742,134.6451267,18.96839333,0.073814286,132.5414214,17.36272857,0.005861538,134.0037769,16.37426923,0.507981533,0.402989071,0.398809846,0.25128,77.366,8820.083333,0.107107143,69.06142857,7142.071429,0.043661538,71.47615385,7291.846154,8884.591187,0.84118,7370.392643,0.159171429,5993.377977,0.148669231,0.971266667,0.927764286,0.929392308,374.7524626,347.4945171,341.742139,0.475093333,0.43916,0.45606,0.272542857,0.231221429,-0.110085714,0.089261538,0.364438462,0.045923077,4.361893333,-0.384257143,-0.381784615,6.69314,6.099906667,4.85778,-1.349964286,-0.185335714,1.578221429,-1.811961538,-1.338361538,2.521076923
pote.txt_1771,4.37765,4.14726,4.318435714,1.14285,0.163226667,-0.061142857,0.61654375,227.0500687,46.183175,-0.127073333,211.9503867,36.96598,-0.28965,208.0048214,35.42222143,0.378937562,0.31745,0.271963286,0.12579375,52.55875,8870.203125,0.052786667,48.61266667,6598.7,0,48.16142857,5550.535714,16161.05501,0.0425625,13124.32595,0.015046667,11172.08758,0.017107143,1.07856875,0.95722,0.887135714,337.7789872,280.1710446,242.5846618,0.50856875,0.4160375,0.255175,0.366526667,0.242986667,0.069873333,0.348892857,0.092464286,0.082557143,3.5552,-0.53714,-1.736828571,11.62169375,7.4974375,2.2512375,2.3681,2.962486667,0.523293333,-3.201907143,3.633071429,0.961521429
pote.txt_2609,4.956319149,4.674804348,4.64076,1.198778723,-0.098923913,-0.01064,0.874957447,181.9132106,29.16988936,0.150421739,174.1051783,26.41460435,0.253171111,174.2954111,27.69757778,0.447174426,0.3242645,0.307426244,1.822408511,79.93276596,6541.218085,0.737806522,74.87413043,5011.326087,1.171893333,74.38044444,4816.533333,6723.790306,0.690887234,4574.469365,0.349745652,4205.992478,0.350191111,1.066348936,1.013763043,1.00534,400.6263747,368.1678565,349.8583973,0.356661702,0.317297872,0.497855319,0.008584783,0.118508696,0.151730435,0.11476,0.100671111,0.116122222,2.759582979,0.262886957,0.621062222,6.11702766,4.92602766,5.469197872,0.546830435,0.103928261,-0.370897826,0.421146667,-0.36778,0.040931111
pote.txt_11853,4.349715385,3.752575,3.617727273,1.145507692,-0.014666667,-0.326690909,1.095138462,211.4513385,31.11583077,0.201291667,207.73385,26.16313333,-0.071318182,198.2885,24.94992727,0.374096231,0.217626167,0.247976,0.268315385,77.94153846,9484.403846,0.03575,68.64666667,7357.916667,0.0717,68.20636364,7300.090909,13611.92937,0.140684615,11150.22441,0.08065,10543.64304,0.087481818,1.282723077,1.23415,1.227154545,352.3377994,337.7578217,328.2920477,0.416946154,0.290430769,0.349823077,0.105758333,0.180133333,0.01475,0.198754545,0.120990909,-0.111854545,5.104046154,0.513116667,-0.6398,9.634846154,3.923576923,3.780776923,-1.138025,-0.710616667,0.144591667,-2.551836364,-0.223636364,-0.200436364
pote.txt_4065,4.0401,4.0401,4.0401,0.0676,0.0676,0.0676,0.1764,170.0416,38.44,0.1764,170.0416,38.44,0.1764,170.0416,38.44,0.25,0.25,0.25,0.04,38.44,18496,0.04,38.44,18496,0.04,38.44,18496,17466.2656,0.5184,17466.2656,0.5184,17466.2656,0.5184,0.5184,0.5184,0.5184,585.4173812,585.4173812,585.4173812,0.9409,0.4356,0.0256,0.9409,0.4356,0.0256,0.9409,0.4356,0.0256,0.2401,0.2401,0.2401,1.9321,5.3824,0.0001,1.9321,5.3824,0.0001,1.9321,5.3824,0.0001
pote.txt_10975,4.211130556,3.871448571,3.73435,1.993341667,0.113354286,0.440047059,1.149475,186.300475,38.61765833,0.133574286,176.5212771,30.18478,0.094511765,178.1331265,29.02425,0.551846528,0.430321429,0.460893382,0.460875,74.2,10038.07639,0.22916,67.29457143,8722.835714,0.119544118,67.06205882,8699.308824,11944.59914,0.589125,9788.058069,0.274397143,9863.096659,0.389347059,0.9828,0.93722,0.951276471,357.2684724,319.0804022,324.9256083,0.378852778,0.316538889,0.434422222,0.215757143,0.17612,0.06208,0.231041176,0.152508824,0.174879412,4.711191667,0.114217143,-0.480888235,9.751869444,6.925102778,5.196325,-0.410037143,0.93988,2.504842857,-1.325482353,1.434129412,2.782929412
pote.txt_6745,4.990316667,4.850858824,4.9098375,1.118666667,0.105552941,-0.421625,0.74425,209.1381333,44.95805,-0.017023529,200.3525059,38.81431176,-0.43740625,193.0570937,34.47946875,0.462673667,0.342089059,0.335831563,0.254088889,66.19944444,7865.847222,0.052982353,57.44117647,6362.441176,0.0152625,55.415625,5670.46875,12999.92492,0.139177778,10349.81198,0.038888235,8487.546713,0.0344125,1.056683333,1.000358824,0.987225,316.4907367,271.4913434,234.3681555,0.440433333,0.389938889,0.32285,0.333129412,0.036635294,0.125547059,0.31491875,-0.08341875,0.11269375,4.203522222,-0.398335294,-2.84808125,10.44604444,8.347977778,2.852027778,-0.151552941,2.780811765,0.842623529,-7.2043625,3.51249375,0.45644375
pote.txt_5443,4.723330769,4.8063,4.890145455,1.115484615,-0.047916667,-0.723654545,0.774861538,214.2570615,50.86802308,-0.093908333,200.3077333,43.490725,-0.456054545,187.7531273,39.61314545,0.395710538,0.325002333,0.300814364,0.516884615,66.51846154,10458.38462,0.17815,61.78166667,7780.166667,0.034845455,60.12727273,6551,15318.91145,0.306223077,10329.64632,0.190666667,6626.677755,0.103145455,1.133061538,1.052041667,1.009009091,401.9536191,358.3466487,348.6510225,0.535146154,0.491269231,0.385869231,0.202933333,0.17735,0.035475,0.1268,0.020245455,0.141390909,4.418846154,-0.404875,-2.960863636,12.95567692,5.131923077,2.5046,1.545683333,-0.163041667,0.379908333,-9.030190909,-2.110436364,-0.391027273
pote.txt_2939,2.810703125,1.783145161,1.773113333,2.12421875,0.247574194,-0.013206667,1.131184375,228.2099406,37.7228375,0.327716129,218.4680161,31.15504839,0.26023,221.2731233,33.1167,0.600754844,0.508134871,0.464167133,0.28951875,71.9634375,10170.92188,0.139603226,65.10580645,7941.290323,0.159726667,63.80633333,6397.691667,14706.58807,0.913565625,12229.55684,0.349158065,12861.70361,0.284176667,0.793515625,0.722516129,0.682853333,411.0414443,397.8834391,397.1473169,0.3105125,0.44465,0.46584375,0.103967742,0.2724,0.145741935,-0.077283333,0.314006667,-0.061373333,4.175334375,0.531803226,0.501713333,10.30915313,4.217134375,5.24308125,1.146729032,0.744674194,1.167187097,1.561453333,0.297313333,-1.004863333
pote.txt_407,5.187545238,5.017680488,4.997615,1.132314286,0.122668293,-0.32415,0.744285714,161.2018167,30.50395714,0.146685366,156.0676195,26.33171707,-0.18065,154.82515,25.08482,0.35669781,0.275424463,0.2459493,0.350459524,79.52380952,7026.214286,0.183763415,74.49243902,5724.560976,0.1295675,71.91775,6108.025,8796.483257,0.378566667,6899.076124,0.170429268,7143.32441,0.129725,1.154028571,1.103712195,1.1125575,359.2871646,325.774535,338.5746867,0.485704762,0.333290476,0.468459524,0.256517073,0.11702439,0.176807317,0.1831425,0.1320825,0.16521,3.498261905,0.590434146,-1.1424075,6.913107143,5.20602381,2.740419048,0.057478049,1.56955122,0.377521951,-2.752825,1.484365,0.57674
pote.txt_6755,4.253966667,4.192558824,4.1694875,2.405855556,0.555588235,-1.41058125,1.150766667,141.5221889,27.88752222,0.556876471,136.4476471,27.45201176,0.0314375,137.4020063,27.63144375,0.462703778,0.350932235,0.335941875,2.722511111,63.56888889,7702.666667,0.632029412,58.77352941,5518.823529,1.95590625,57.99375,6043.8125,6283.084733,0.960666667,5311.657635,0.418417647,4805.765869,0.0922625,0.936766667,0.901541176,0.89131875,406.5822723,356.1392139,342.3893394,0.394233333,0.194233333,0.494888889,0.325835294,0.0668,0.056447059,0.230175,0.09621875,-0.34226875,2.709333333,0.874035294,-1.460175,5.0934,7.045033333,10.00996667,0.952988235,0.900623529,-4.833705882,-2.03856875,-3.95695625,3.38959375
pote.txt_2901,6.550261111,6.552847059,6.61813125,0.993244444,0.268235294,0.3729,1.198372222,165.2274833,18.78579444,0.675323529,155.7029353,12.19666471,0.747925,157.1158,14.91836875,0.440753944,0.276206706,0.39415975,0.447977778,107.0611111,8598.777778,0.298223529,106.9523529,5590.117647,0.3584125,106.184375,6905.6875,7766.127233,0.387433333,4936.083941,0.223335294,5861.390256,0.23108125,1.141038889,1.036711765,1.0761,357.8589098,242.3568512,290.5690218,0.338322222,0.188833333,0.468822222,-0.109235294,-0.009817647,-0.050576471,0.14574375,0.09411875,0.2285625,5.083955556,2.894458824,3.13585,7.903827778,8.215555556,3.738433333,5.6995,-2.888682353,-0.744488235,5.4103,3.0716625,1.59703125
pote.txt_2663,4.34535,4.305536364,4.37218,2.895508333,-0.230363636,-1.504,1.684175,144.32725,38.53373333,0.26,140.0373727,29.74385455,-0.63933,138.39449,21.24077,0.48964825,0.404123727,0.3562416,0.143333333,81.96416667,14640.91667,0.0528,69.93,14235.81818,0.03419,65.068,14294.3,13839.9264,0.90745,12499.81648,0.301545455,12360.0405,0.37737,1.183033333,1.153154545,1.14675,420.3820774,419.6410329,422.9176624,0.449116667,0.310416667,0.428991667,0.152890909,0.205590909,0.030927273,0.2056,0.11144,-0.2008,6.937316667,0.313818182,-4.14001,11.99395833,4.452725,6.700666667,-1.3737,-0.206090909,4.275627273,-9.68232,-0.5781,3.00978
pote.txt_3879,3.899457143,3.91,3.892,2.254357143,-0.68445,-0.95256,1.2025,121.8691,43.2864,-0.2975,122.26675,42.768,-0.5015,119.5756,40.9536,0.263478286,0.021,0.0248472,0.132785714,52.32857143,25036,0.0507,42.93,24990,0.05746,45.684,24208,23729.32697,1.649171429,20795.1012,1.4958,18534.46032,1.56168,0.963385714,0.96525,0.96228,593.8353141,592.5992389,573.8572854,0.728114286,0.706828571,0.4435,0.39,0.6125,-0.12455,0.268,0.54292,-0.19364,3.559185714,-0.7956,-1.4229,18.4859,11.33047143,3.8971,4.44125,11.26025,-1.10075,0.817,10.8478,-1.4654
pote.txt_2533,4.352465217,3.937045455,3.875252381,1.775952174,-0.630481818,0.445809524,1.43983913,197.5118435,29.94469565,-0.091831818,180.5049227,23.56144545,0.367447619,187.5076714,24.35962381,0.381587043,0.224372455,0.273418,0.142573913,81.79565217,12085.79348,0.042954545,69.59681818,9967.022727,0.067357143,71.82380952,11149.09524,14389.15514,0.481204348,11916.03818,0.134995455,12979.16966,0.379647619,1.396652174,1.323777273,1.296333333,371.0558604,345.2649888,350.309683,0.365982609,0.283452174,0.31433913,0.087713636,0.116240909,-0.097081818,0.1452,0.132514286,0.072219048,6.312278261,-0.814372727,1.177961905,10.62916957,3.70723913,4.902834783,-3.483454545,-0.155031818,1.074427273,0.576938095,1.688138095,2.021838095
pote.txt_10169,3.923266667,3.31245,4.66,0.9015,0.018,-0.6318,0.7182,228.6532667,47.32426667,-0.016,240.26905,47.9888,-0.7565,148.887,45.216,0.149472333,0.014889,0.028014,0.595266667,63.58666667,16486.66667,0,44.2,14916,0.1729,62.64,9520,22786.5543,1.011866667,18817.9299,0.1708,3498.9948,1.4688,0.978333333,1.01115,0.891,572.5429235,565.3288305,572.5908983,0.5324,0.5743,0.257366667,0.4332,0.5015,0.1921,0.14,0.196,0.3102,2.9619,-0.0891,-2.4786,19.04576667,5.705,0.543533333,3.7638,3.315,0.38025,-15.295,5.2925,0.714
pote.txt_11569,5.219806667,5.092757143,4.978738462,1.41816,-0.212,-0.842615385,1.17634,185.2744333,43.07225333,0.164671429,178.3466429,27.95925714,-0.231330769,171.6771769,24.20980769,0.325538067,0.308741071,0.310244615,0.238006667,80.048,11560.2,0.097085714,72.48,11104.07143,0.048976923,69.29923077,11155.69231,14325.29493,0.18088,12781.54736,0.1325,11986.09082,0.107507692,1.372986667,1.327357143,1.327030769,430.7745236,425.8843875,421.1411248,0.545626667,0.35818,0.325966667,0.401557143,0.242421429,0.075814286,0.317753846,0.192861538,0.0278,5.86264,-0.038671429,-2.425753846,11.5602,2.222006667,3.958873333,-0.841235714,-0.117671429,2.619678571,-7.139561538,-0.222530769,2.100015385
pote.txt_9173,5.698317021,5.26616087,5.222391111,1.345393617,0.315556522,-0.16712,0.87392766,196.5322319,34.91549787,0.317556522,189.8479609,31.74238913,-0.003522222,186.1887156,30.42193778,0.458155213,0.354942326,0.329628089,0.548565957,83.9,9271.111702,0.375015217,77.81565217,8370.358696,0.2732,75.24911111,7771.344444,9350.515643,0.86017234,6901.287357,0.591552174,5697.214093,0.454426667,1.161895745,1.079456522,1.093877778,420.2595507,397.8280556,387.1266297,0.373625532,0.489880851,0.446040426,-0.079282609,0.257880435,0.184452174,0.017824444,0.234237778,-0.001964444,3.584404255,1.104808696,-0.286015556,8.247944681,4.347417021,2.816846809,1.133302174,1.042873913,0.738752174,-1.4153,0.115397778,0.158368889
pote.txt_5795,4.259235714,3.767492308,3.867341667,1.444278571,-0.112507692,-0.645116667,0.738635714,186.6416857,42.66794286,0.005176923,185.5416692,37.88269231,-0.019775,184.38125,38.44863333,0.476089357,0.432738231,0.46536225,1.431185714,65.31428571,6748.660714,0.317115385,60.43615385,5438.307692,0.447916667,61.9875,5278.458333,8957.457643,0.590642857,6158.596123,0.297946154,5647.508375,0.176191667,1.0267,0.955069231,0.923225,389.2432423,359.1612733,341.0577012,0.429978571,0.335664286,0.409528571,0.295561538,0.136038462,0.0475,0.228516667,0.131458333,0.025041667,2.688785714,-0.454476923,-0.638108333,7.318357143,4.811657143,4.992007143,-1.7338,0.674661538,-1.751946154,-4.205116667,0.52995,-0.428275
pote.txt_1685,4.514585185,4.173119231,4.13234,1.264507407,-0.004969231,-0.02536,0.748422222,201.2131,44.26112593,-0.10955,194.6985269,37.5419,-0.091888,192.779252,33.947792,0.461637926,0.366074269,0.33012888,0.372322222,68.23296296,8293.12037,0.175734615,61.04923077,5971.903846,0.095548,59.47,6465.14,12479.43691,0.266751852,10431.18305,0.117415385,9542.070596,0.15096,1.076125926,0.996019231,1.022632,354.5699194,319.8568018,308.493699,0.483414815,0.368203704,0.38077037,0.271446154,0.224442308,-0.029842308,0.310084,0.165124,0.159188,3.847477778,-0.330730769,-1.014248,10.11996296,5.570251852,2.604766667,2.347973077,-0.827334615,0.537238462,-2.357316,1.769332,0.889112
pote.txt_10927,5.224080645,4.95105,4.996631034,1.005216129,-0.05874,-0.362703448,0.716490323,182.6827806,41.67503226,0.019443333,177.01896,33.97388,-0.2172,176.1360759,37.37175862,0.487946742,0.3850398,0.371534966,0.47276129,79.85193548,6681.096774,0.192126667,72.31333333,4548.533333,0.114151724,70.43793103,3864.724138,9416.202019,0.307606452,6413.35706,0.106366667,4846.251079,0.102131034,1.041758065,0.958753333,0.965051724,318.6683779,247.3398545,256.4312184,0.411264516,0.300916129,0.40253871,0.234833333,0.050046667,0.152876667,0.212096552,0.009724138,0.12812069,3.761551613,-0.239926667,-1.243486207,9.080093548,7.681867742,2.206551613,-1.042743333,1.80792,0.215146667,-3.763568966,2.302648276,-0.365127586
pote.txt_4089,4.1438625,3.953514286,3.9687,0.6422125,0.270228571,0.0895,0.207325,246.3876,55.06605,0.097828571,243.7925143,53.60631429,0.035183333,242.3508,52.79535,0.401524375,0.319555571,0.2675,0.6355625,52.535,6882.75,0.294142857,48.89142857,5795,0.087566667,46.465,4988.5,12500.76669,0.1362625,9212.398786,0.081742857,7221.393867,0.042666667,1.13635,1.101371429,1.068866667,340.7508678,338.2587276,322.5205242,0.4878625,0.4523375,0.432125,0.488628571,0.4107,0.307657143,0.488766667,0.368333333,0.21925,1.7437375,0.626214286,-0.017166667,10.4658625,5.3318875,0.817675,3.000942857,2.825114286,0.221228571,-1.480716667,3.242116667,0.039433333
pote.txt_11175,4.253966667,4.248075,4.228014286,2.405855556,0.635625,-1.421671429,1.150766667,141.5221889,27.88752222,0.49965,136.9840875,27.4800375,0.0235,136.0719286,27.53932857,0.462703778,0.3604115,0.355182571,2.722511111,63.56888889,7702.666667,0.5598125,58.8375,5437.5,1.695142857,59.69285714,5947.142857,6283.084733,0.960666667,5383.67,0.428725,4594.473,0.095385714,0.936766667,0.8912875,0.868242857,406.5822723,350.1819041,322.5572819,0.394233333,0.194233333,0.494888889,0.337125,0.0665875,0.07685,0.216228571,0.0899,-0.354942857,2.709333333,0.880475,-1.407185714,5.0934,7.045033333,10.00996667,0.88475,1.1096875,-4.2478625,-1.812428571,-4.134042857,2.3385
pote.txt_3441,3.7654,3.75124,3.77905,4.385366667,1.285,2.782775,1.8425,103.3979,31.8816,0.1705,100.18084,28.97856,1.0525,104.751175,32.3352,0.612430667,0.3912472,0.469382,0.2873,83.22,19884,0.2197,78.12,18798.4,0.2366,76.59,20183,12570.6888,2.292866667,6817.89024,2.23756,11800.9908,2.17595,0.9411,0.93888,0.943425,470.5370578,444.3941163,477.6251612,0.3656,0.368733333,0.7403,-0.11264,0.18792,0.118,0.2192,0.3427,0.437725,5.183566667,0.2827,2.90465,13.05043333,8.674433333,8.1299,-4.89024,8.05896,2.97904,6.367825,8.805325,5.366425
pote.txt_5863,3.678978571,3.448269231,3.1614,1.3692,-0.78,0.595333333,1.112264286,229.32405,31.44871429,-0.641661538,220.3582385,22.3753,0.418908333,211.01895,27.19024167,0.301250071,0.172766,0.226282417,0.052842857,62.09285714,10838.25,0,51.28615385,10057.5,0.028875,57.56833333,10157.58333,18520.23451,0.089907143,17733.87976,0.034230769,17517.05308,0.072016667,1.174035714,1.1559,1.130816667,411.522666,409.1424028,405.7161255,0.514871429,0.425992857,0.248371429,0.145523077,0.271792308,-0.078492308,0.259175,0.349725,0.068466667,5.443314286,-3.632615385,2.0611,11.28775714,2.519042857,4.118764286,-2.091584615,-1.794215385,2.100869231,4.901133333,1.236233333,0.787058333
pote.txt_653,4.683335,4.349963158,4.460794444,0.920485,0.383336842,0.035444444,0.38389,216.83178,53.5579,0.039373684,209.0553,45.85415789,-0.208233333,208.7596667,43.14831111,0.49297645,0.427217105,0.386554,0.36442,58.032,6791.1625,0.148994737,54.60263158,4530.710526,0.029188889,50.10666667,3099.833333,12373.75499,0.148915,7909.5559,0.075757895,6271.580256,0.024961111,0.92175,0.830752632,0.770655556,318.2561317,251.413893,193.6227016,0.45719,0.39864,0.337425,0.359421053,0.197847368,0.220263158,0.333783333,0.050644444,0.224422222,2.485065,0.202115789,-1.463994444,10.54342,9.105575,1.479295,-0.067378947,5.686663158,0.033173684,-6.552427778,5.309344444,-0.133694444
pote.txt_5975,4.339784615,4.267925,4.252363636,1.525015385,-0.554166667,-0.338,1.270784615,183.8719154,43.84894615,-0.09065,172.5960833,28.197575,-0.065236364,171.7021909,24.21499091,0.378838769,0.314582167,0.303358545,0.333061538,80.72076923,10579.30769,0.01815,69.32,9790.083333,0.0924,72.69727273,10011.72727,13375.41605,0.278184615,10420.67396,0.096816667,12067.37599,0.145336364,1.358676923,1.393083333,1.431118182,380.6224687,372.6993442,362.3746941,0.445538462,0.262853846,0.293984615,0.325283333,0.107158333,0.03615,0.377845455,0.102327273,-0.127527273,6.200515385,-1.322408333,-0.875654545,11.27987692,2.040023077,4.256892308,-6.721858333,-0.504191667,2.717991667,-1.720190909,-0.488245455,1.964890909
pote.txt_5051,4.633366667,4.427127273,4.52219,2.277316667,0.381527273,-0.47102,1.17095,124.5862083,24.27525,0.187672727,118.9943909,22.86733636,-0.13255,121.48068,23.18769,0.458643583,0.324491182,0.2688264,0.212825,80.92416667,10259.5,0.107545455,73.74727273,8724.363636,0.08567,71.204,8265.7,8560.666525,0.894516667,6682.353345,0.632854545,6759.34996,0.4154,1.061758333,1.030836364,1.00551,351.544684,344.8383095,332.366176,0.430308333,0.27675,0.561425,0.179709091,0.168236364,0.052018182,0.22638,0.0963,-0.13921,4.232441667,0.260509091,-0.8907,6.98985,7.352933333,5.111408333,-1.144027273,1.279590909,3.138745455,-3.63924,-2.19568,2.49357
pote.txt_685,5.162144737,4.651808108,4.728227778,1.893368421,-0.437010811,-0.119205556,1.104723684,174.9350737,42.77886842,0.095113514,164.7655486,34.03788919,0.082069444,171.7830722,34.22865833,0.593674789,0.544983108,0.529325222,0.45365,84.97184211,8694.671053,0.212816216,76.98810811,6736.567568,0.187763889,74.95972222,7096.493056,9030.334974,0.8974,5326.937011,0.322789189,5474.317139,0.438355556,1.069063158,1.001283784,1.022391667,353.220016,313.2205187,314.4569625,0.298986842,0.370105263,0.388439474,0.08137027,0.125264865,-0.088994595,0.082938889,0.082097222,0.062027778,4.504552632,-0.244683784,-0.906402778,9.959681579,6.070618421,3.831702632,-2.407262162,-0.965686486,-0.096737838,-3.792255556,0.541291667,1.565569444
pote.txt_2089,4.026871429,4.028861538,4.003375,1.266542857,0.030923077,-0.1633,0.84955,191.7718571,44.82906429,0.005646154,175.4961923,35.79826923,-0.123941667,171.6515083,29.24695833,0.224858214,0.195176308,0.189725667,0.149685714,64.02571429,9248.857143,0.008376923,58.69307692,7470.846154,0.036575,58.03166667,7742.083333,14293.69497,0.197342857,10949.88054,0.057123077,11965.78898,0.08105,1.468571429,1.420861538,1.481016667,353.4274703,338.5977564,331.1086046,0.497478571,0.291728571,0.228264286,0.415415385,0.166953846,0.043415385,0.455908333,0.153,-0.0548,4.396207143,-0.021353846,-0.998583333,10.66500714,2.255235714,2.70255,-0.602546154,0.416176923,1.193892308,-0.562716667,0.230825,1.040591667
pote.txt_7041,4.000970588,3.97874375,3.87654,2.192976471,-0.2490125,0.20618,1.181417647,152.8692647,32.15321765,0.03186875,147.6658375,29.8746625,0.476746667,149.5559067,30.9707,0.431216588,0.312007813,0.271571333,1.977647059,65.86823529,11302.35294,0.5114,58.961875,9183.9375,0.771533333,57.286,10481.73333,9332.806865,1.0172,7779.298662,0.4617125,8749.695047,0.473493333,0.974723529,0.9302125,0.95044,447.6080424,419.3266618,442.4755062,0.418023529,0.259782353,0.449429412,-0.03475625,0.168175,-0.085825,0.036626667,0.207266667,0.066773333,3.162335294,-0.4753875,0.70234,6.387776471,6.008852941,8.391317647,-1.6577125,-0.8491125,-2.66285625,0.962993333,0.429626667,-1.18678
pote.txt_2427,5.206557143,5.156561538,5.1524,1.576585714,-0.372153846,-1.154,1.378857143,127.4980429,19.86385714,-0.074776923,127.3535154,15.18653077,-0.688716667,127.6755,15.39686667,0.275347286,0.217471154,0.184581,0.049085714,73.80857143,13221.57143,0.023353846,67.38230769,12644.15385,0.00715,59.92666667,12415.66667,15378.16787,0.289114286,14650.92804,0.160407692,14964.1366,0.132733333,1.1433,1.138992308,1.0993,441.8422187,434.7811464,440.6562081,0.6829,0.407414286,0.330014286,0.120015385,0.209330769,-0.0808,0.088333333,0.184233333,-0.233566667,6.378642857,-0.796523077,-3.877733333,9.781085714,5.4985,5.041942857,-1.8381,-1.477130769,2.935069231,-5.211816667,-3.059533333,2.072816667
pote.txt_9053,5.130268182,4.880946512,4.86687381,0.880968182,0.183604651,0.038416667,0.730504545,174.7261636,36.91914091,0.211390698,171.3811953,33.46817209,0.084216667,170.8200167,33.92187619,0.431534159,0.332341419,0.304646833,1.585945455,77.30522727,7177.545455,0.798934884,68.74023256,5148.604651,0.795009524,68.63357143,4502.5,8001.798518,0.601579545,5407.024056,0.248860465,4408.805967,0.35377619,0.984352273,0.937518605,0.905685714,399.3895004,345.052,326.4586982,0.416363636,0.2936,0.402840909,-0.051890698,0.096169767,0.222567442,0.112209524,0.063885714,0.183697619,2.738122727,0.497660465,0.177138095,7.468970455,6.80705,4.115909091,0.869706977,-0.367060465,0.443855814,-0.84662619,-0.204228571,0.273940476
pote.txt_9543,5.079882609,4.819054545,4.886857143,0.930069565,-0.017363636,-0.362952381,0.600604348,185.3809826,38.79839565,-0.079240909,178.3504818,32.82256818,-0.267571429,176.1366857,28.80005238,0.409321913,0.281226636,0.311043619,0.336204348,70.47869565,6854.652174,0.072663636,63.11136364,5006.181818,0.049333333,62.10571429,4898.285714,10429.77114,0.155947826,7551.107209,0.055222727,6720.085814,0.035566667,1.17866087,1.11385,1.115752381,304.0033603,250.1453094,260.9232094,0.487656522,0.293117391,0.368165217,0.1742,0.073922727,0.139604545,0.25227619,0.07182381,0.155633333,3.198469565,-0.533145455,-1.808071429,8.6026,7.15943913,1.75616087,-2.14005,1.730568182,0.1159,-4.518609524,2.106566667,0.394428571
pote.txt_6049,4.928013333,4.838185714,4.801984615,1.39742,-0.268485714,-0.650646154,1.08134,161.83974,37.23116667,-0.112907143,161.82625,30.37656429,-0.458161538,159.9512154,25.43306923,0.4290834,0.345132929,0.381965769,0.342786667,73.36066667,10659.53333,0.074942857,64.30142857,8311.142857,0.156223077,63.28307692,9592.846154,13242.53267,0.21596,9842.739707,0.146092857,11768.65396,0.118192308,1.08394,1.012414286,1.0649,391.7104428,361.5318128,357.6797606,0.592026667,0.372233333,0.38288,0.350992857,0.214335714,-0.017078571,0.265315385,0.121315385,-0.101146154,5.351053333,-0.8178,-2.547676923,10.28254667,5.547653333,3.92232,-2.800857143,0.000278571,1.475,-3.651084615,-0.113030769,1.120738462
pote.txt_591,5.5001,5.279656522,5.131922727,1.376054167,-0.055826087,-0.122972727,0.723308333,183.47945,49.37993333,-0.022552174,175.1072174,43.11856087,-0.156031818,176.1935727,43.48252273,0.561107125,0.469907609,0.439179273,0.3333375,75.49583333,8134.458333,0.164856522,70.00608696,5629.173913,0.077413636,65.15863636,5120.590909,9984.009529,0.462616667,6512.253539,0.236204348,5131.880455,0.142922727,1.035404167,0.96003913,0.912509091,295.0423606,230.7742915,200.3363866,0.378583333,0.31915,0.396066667,0.1305,0.027965217,0.03123913,0.137154545,-0.071409091,0.139768182,3.6113625,0.021965217,-1.115054545,10.423725,10.66755833,2.445270833,0.788369565,3.157508696,-0.15153913,-4.708877273,2.369640909,0.708431818
pote.txt_8939,4.43446,4.04854359,4.140884211,0.603875,-0.015648718,0.009128947,0.5583825,191.6743325,36.237855,-0.099641026,189.1408718,33.12447692,0.133834211,189.6202842,33.73637368,0.3727511,0.267629974,0.2386685,1.943755,60.30875,7124.98125,0.756741026,54.76769231,5321.807692,0.715857895,53.47763158,4789.815789,9368.416245,0.2735525,7460.065959,0.124064103,7003.015713,0.097065789,1.00549,0.930784615,0.934681579,407.1253149,360.7035007,360.2748115,0.5166675,0.317325,0.363145,0.058015385,0.200384615,0.145684615,-0.052886842,0.177747368,0.181057895,1.6869625,-0.235730769,-0.007563158,5.528845,5.2061725,4.6949975,-0.378069231,0.319348718,0.002925641,-0.773047368,-0.398678947,-1.356792105
pote.txt_2443,5.323485714,5.054945,4.934605263,0.714990476,0.02304,-0.096694737,0.579166667,175.022781,46.02831429,0.08666,172.01924,39.800635,-0.061794737,172.0397316,38.52792105,0.309122429,0.23569515,0.200788,1.270928571,72.69952381,7612.142857,0.48407,64.526,6862.8,0.457731579,58.68842105,6947.736842,9643.691552,0.600966667,7360.64947,0.27734,7273.241247,0.199394737,1.1546,1.132525,1.144273684,452.9216119,447.5294404,444.5197246,0.509542857,0.438280952,0.29362381,0.03176,0.232575,0.23074,-0.046331579,0.258578947,0.193594737,2.43397619,0.128565,-0.384142105,8.366128571,2.49907619,2.570119048,-0.009965,-0.201365,0.043545,-1.796284211,-0.343684211,0.499515789
pote.txt_1233,3.713885714,3.479007692,3.476158333,1.173571429,0.374430769,-0.365633333,0.746628571,242.8169571,48.81028571,0.172130769,221.7410385,42.50596923,-0.45405,219.1312083,35.36970833,0.364768929,0.321694462,0.2622245,0.335914286,62.02928571,9718.875,0.079707692,59.07615385,6787.923077,0.157383333,53.535,6557.208333,17240.84554,0.203464286,11928.96269,0.112161538,11790.64733,0.0928,1.103771429,1.012107692,1.021733333,393.125435,351.2245788,326.5596083,0.462707143,0.404164286,0.284678571,0.134061538,0.2444,0.011769231,0.160391667,0.156166667,0.104391667,3.946457143,0.8189,-2.648566667,13.14042857,3.862078571,2.176485714,2.366730769,1.494207692,-0.8315,-5.434058333,0.598541667,0.153358333
pote.txt_11789,5.130281818,4.951297674,4.947390476,0.739595455,0.169902326,0.111502381,0.633959091,165.8894795,31.84515909,0.20977907,163.5511395,30.34023953,0.145764286,163.2404167,30.74717857,0.416279727,0.32778586,0.28181681,1.555713636,77.37568182,6031.931818,0.831913953,70.74,4022.581395,0.894342857,72.1147619,3724.52381,6560.700048,0.5528,4217.870719,0.227093023,3625.022536,0.343147619,1.008790909,0.942744186,0.91077381,364.2396366,306.6129669,287.7159902,0.41055,0.254868182,0.429065909,-0.030644186,0.052144186,0.290118605,0.104371429,0.01872619,0.245602381,2.168656818,0.39315814,0.563733333,5.868406818,7.486706818,3.808522727,0.871865116,-0.33472093,0.733032558,0.289661905,0.29117619,0.277064286
pote.txt_159,3.902672727,3.520684375,3.467967742,2.326212121,0.264509375,0.329383871,1.098806061,171.8778273,35.06524545,0.3214375,165.2829438,31.06073437,0.378896774,166.904471,32.1769,0.463192,0.364316844,0.332574387,1.581278788,68.27424242,8671.80303,0.52594375,63.7603125,6547.90625,0.651203226,62.84774194,6662.193548,9019.799267,0.935175758,7213.233744,0.4693625,6923.790987,0.444358065,1.093448485,1.0372,1.046154839,387.5456429,358.5583709,348.6409117,0.360548485,0.241875758,0.455630303,0.177890625,0.14921875,0.025509375,0.175603226,0.110632258,0.013029032,3.260842424,0.5666,0.590580645,7.423469697,4.958639394,7.290854545,-0.0275875,-0.523840625,-0.171125,-0.106393548,0.582232258,0.410309677
pote.txt_9189,4.395010638,4.043441304,3.947793333,1.143553191,0.177228261,-0.345177778,0.952317021,200.9822298,35.95165319,0.28566087,196.665463,31.78993043,0.28472,192.75174,31.35890889,0.449194234,0.358653087,0.3141102,1.672170213,75.99829787,7038.404255,0.614593478,70.52978261,5336.494565,0.77634,67.06933333,5530.222222,8978.259785,0.537121277,6996.684639,0.30896087,6251.124207,0.185962222,1.062908511,0.983591304,1.011511111,415.5268273,381.2053788,378.0931533,0.341074468,0.326861702,0.40667234,0.153743478,0.114247826,0.103397826,0.230955556,0.108337778,0.134142222,3.548138298,0.748741304,-0.022126667,7.006051064,4.012004255,5.950170213,0.710273913,-0.65126087,-0.208076087,-1.388257778,0.686662222,-1.950193333
pote.txt_7007,4.320816667,4.242758824,4.141725,2.205133333,-0.122823529,-1.0975,1.668933333,187.4305833,25.80548889,0.252247059,171.2163412,17.46383529,-0.47656875,169.8132125,16.70460625,0.392685278,0.300050647,0.261931375,0.207366667,84.74555556,13116.11111,0.072017647,78.34235294,12922.70588,0.0787875,72.50875,12626.9375,15279.98672,0.464533333,12607.89558,0.226147059,12413.30955,0.17783125,1.282761111,1.266011765,1.2423,403.5294027,399.937016,401.2049836,0.424755556,0.278977778,0.386155556,0.225464706,0.129988235,0.017858824,0.07754375,0.084025,-0.20175,7.328483333,0.341529412,-2.87115,11.50882222,2.847561111,6.0403,-2.482776471,0.900752941,3.545305882,-7.2218,-0.35154375,1.9083125
pote.txt_9039,5.082777273,4.838406977,4.803583333,0.973377273,0.139586047,0.083578571,0.761888636,170.6970727,34.41906818,0.222086047,166.3592326,31.20370698,0.116252381,166.099569,31.95179524,0.433590659,0.328565256,0.302628976,1.555345455,77.62931818,7197.545455,0.755446512,69.52534884,4934.837209,0.758580952,69.0502381,4506.595238,7637.04435,0.624327273,5094.900288,0.249,4157.472629,0.374154762,1.003325,0.955527907,0.922209524,389.2630766,332.7898205,314.8950429,0.410309091,0.2796,0.422984091,-0.036486047,0.081534884,0.196813953,0.101238095,0.042569048,0.16995,2.743668182,0.482581395,0.244169048,6.973909091,6.907468182,4.344890909,0.685237209,-0.437444186,0.057418605,-0.976014286,-0.1524,0.17627381
pote.txt_7239,6.976366667,7.1823,6.942,0.285283333,-0.04608,0.0444,0.273483333,174.6419333,31.52468333,-0.00396,170.97696,28.056,-0.001925,177.4773,31.185,0.812877333,0.8168,0.823,0.50375,78.78166667,4292.833333,0.51208,81.36,187.2,0.47545,78.075,170.25,3229.07035,0.372683333,828.13136,0.01352,946.126925,0.01035,0.564283333,0.49056,0.4354,164.7091247,13.3629464,11.66153575,0.235883333,0.291533333,0.394266667,-0.0589,-0.1176,0.339,-0.050375,-0.077,0.3675,0.62835,0.13566,0.082175,4.42935,20.09695,0.276616667,3.31378,7.86848,-0.1002,2.926875,10.5458,-0.03975
pote.txt_11805,5.116884091,4.848581395,4.795764286,0.706468182,-0.045530233,-0.165535714,0.624768182,180.8704909,38.12593636,0.021102326,176.0907721,34.7394814,-0.18677619,176.3249214,35.10887857,0.393067295,0.295622093,0.244573738,1.536745455,73.08113636,6753.681818,0.682806977,64.85790698,4640.44186,0.658257143,62.83357143,4137.047619,8441.27427,0.482106818,5771.542856,0.154967442,4505.812112,0.230914286,1.047861364,1.001469767,0.965147619,386.2414559,329.1060036,310.0781081,0.439029545,0.322431818,0.390293182,-0.002665116,0.074755814,0.20364186,0.109459524,0.010842857,0.218535714,2.508584091,0.090939535,-0.814538095,7.277179545,6.671109091,3.737302273,0.288809302,-0.3622,0.351786047,-2.880104762,0.056492857,0.272538095
pote.txt_4291,5.5077625,5.031571429,5.336,1.5533625,-0.2294,-0.4882,0.913025,174.57855,29.1473375,-0.159285714,167.5229714,26.9524,-0.238883333,164.40995,26.14521667,0.44625875,0.273605143,0.336497667,0.2474875,74.88875,11518.875,0.192785714,69.52,8665.142857,0.149466667,69.07166667,4658.5,13049.71914,0.5802875,8929.845443,0.4126,6422.0378,0.11845,0.9379,0.8526,0.784516667,370.047641,276.3999067,183.9999401,0.4729875,0.374,0.4707875,-0.229742857,0.138085714,-0.113114286,0.171783333,0.018233333,-0.09565,3.6394,-0.541214286,-1.129333333,10.7648625,11.2798375,3.2118,-0.966228571,1.962114286,-1.333271429,-4.649266667,-7.46885,0.56835
pote.txt_10439,3.33785,3.3234,3.33785,3.73,-2.75,3.73,1.40605,193.9556,48.01725,-0.992,161.9556,40.2948,1.40605,193.9556,48.01725,0.501514,0.279736,0.501514,0.21125,67.13,13848.5,0,51.45,13764,0.21125,67.13,13848.5,13315.40145,1.43305,8177.463,0.169,13315.40145,1.43305,1.3058,1.248,1.3058,375.2602375,375.048337,375.2602375,0.298,0.29565,0.5128,0.1628,0.1944,-0.16,0.298,0.29565,0.5128,4.95865,-4.6774,4.95865,12.92525,3.70565,6.397,-12.0672,-2.5956,3.3712,12.92525,3.70565,6.397
pote.txt_2143,4.99,4.526965217,4.6857,1.204958333,-0.295721739,0.074127273,0.931758333,176.8077458,30.2113,-0.098373913,169.7311609,26.0575,0.211540909,167.4433409,24.96622273,0.424574708,0.287819435,0.335466545,1.022354167,78.08875,8787.59375,0.360943478,68.48956522,7869.173913,0.259859091,75.1,7232.840909,9790.509333,0.582654167,8022.373665,0.281508696,8089.969118,0.379659091,1.017008333,0.994547826,0.983931818,405.8776455,395.0075786,389.08424,0.460045833,0.310958333,0.387066667,-0.052873913,0.092021739,0.022669565,-0.06095,0.136177273,-0.096872727,3.751020833,-0.93193913,1.088813636,6.8855875,5.378758333,4.438058333,-2.292865217,-0.450626087,-0.177208696,1.053436364,-0.819059091,-1.581881818
pote.txt_5465,3.997692308,4.075983333,4.058018182,1.406592308,-0.146066667,-0.785818182,0.722453846,195.6560769,38.17088462,-0.102066667,169.6454417,34.399875,-0.354318182,162.9879909,32.55873636,0.247047077,0.177419,0.142476,0.333353846,60.71076923,10624.69231,0.053458333,57.2875,7722.666667,0,57.07636364,7843.909091,15599.95322,0.503123077,10446.6634,0.193358333,8630.311027,0.084072727,1.196246154,1.170041667,1.148636364,409.9865468,386.7205404,377.7531466,0.560330769,0.404753846,0.364653846,0.092625,0.286683333,0.02555,-0.036727273,0.226272727,0.085636364,3.295407692,-0.018933333,-1.9252,11.62611538,3.900753846,2.239723077,1.495075,-0.681133333,-0.181208333,-4.7397,-2.1384,0.761490909
pote.txt_59,3.4697875,3.180791304,3.190568182,1.228395833,0.260147826,-0.201863636,0.8121625,225.962875,43.94480417,0.186,215.3850261,36.48881739,-0.276759091,211.1095909,35.57795909,0.30554175,0.232280217,0.197198227,0.791625,59.30916667,8928.729167,0.1139,54.36391304,7140.130435,0.10255,52.44545455,6493,15190.30199,0.258333333,12687.87817,0.121104348,11801.27459,0.074418182,1.209170833,1.123386957,1.117022727,390.751808,366.6592765,361.7945275,0.426979167,0.3496375,0.270375,0.167204348,0.2485,0.058656522,0.166345455,0.2034,0.015036364,3.588666667,0.250452174,-1.466395455,10.5210625,3.1643125,3.990966667,2.138226087,0.37003913,-0.629352174,-1.602527273,0.352431818,-0.585554545
pote.txt_723,5.230280851,4.9753,4.89178,1.169357447,0.022306522,0.146651111,0.965538298,183.8752362,37.14185319,0.428873913,179.6141087,34.42328261,0.413062222,180.5362733,34.39874444,0.442339617,0.359873804,0.315986422,1.8838,85.66531915,7178.558511,0.9366,79.07673913,5596.043478,1.130315556,75.57311111,5669.6,7143.387898,0.792225532,5007.374609,0.438376087,4530.610442,0.478793333,1.047938298,1.008243478,1.006324444,437.5972897,411.6375494,400.301836,0.335091489,0.367940426,0.487610638,0.02741087,0.084245652,0.083173913,0.020246667,-0.003704444,0.093211111,3.743014894,1.366252174,0.729288889,7.272502128,4.570038298,5.967404255,2.134343478,-0.455221739,-0.604778261,-0.015053333,0.539611111,-0.231375556
pote.txt_4533,4.53219,4.555577778,4.5763875,0.56179,-0.4121,0.2997875,0.44713,193.86347,35.31398,-0.200711111,182.1012111,29.89357778,-0.010175,189.840725,33.356725,0.3043945,0.159069444,0.273737875,1.27124,63.206,5803.9,0.650833333,57.52888889,5359.777778,0.470375,59.1675,4947.5,8445.55897,0.19086,6655.353744,0.090566667,7646.80115,0.1917375,1.17777,1.090144444,1.0762625,407.5410636,407.3258162,421.8177846,0.5219,0.44457,0.48659,0.484244444,0.346211111,0.265788889,0.515,0.4189875,0.3350375,2.03766,-1.428866667,0.7284125,4.89429,2.75066,3.4287,-2.697377778,1.182766667,0.750722222,3.169375,1.589225,0.7943
pote.txt_11637,4.633212245,4.323314583,4.386665957,1.300028571,0.046289583,-0.075755319,0.912095918,173.7207592,30.22564898,0.208754167,167.8825396,27.36126042,0.192657447,165.4574255,26.85093191,0.426853245,0.288181729,0.287674064,1.556610204,72.86938776,9113.887755,0.551052083,67.82479167,6396.739583,0.818542553,66.60702128,6962.925532,8932.598355,0.618906122,6471.129538,0.329604167,6518.095915,0.323753191,1.011389796,0.926760417,0.963697872,413.2705935,365.5997951,353.1711429,0.444253061,0.262695918,0.423755102,0.031308333,0.12663125,0.019764583,0.025508511,0.12052766,0.042580851,2.803834694,0.443785417,0.043908511,5.842704082,5.938673469,5.758126531,-0.221866667,-0.972066667,-0.9070875,-0.604121277,-0.732676596,-0.100304255
pote.txt_10393,4.07745,3.95726087,3.8988,1.5811,0.109304348,-1.365,1.558825,184.555375,20.309875,0.328286957,166.3339217,15.81727391,-0.9047,166.03895,12.32055,0.266698,0.17973913,0.103368,0.05445,87.0075,11676.75,0.028408696,79.52478261,9661.347826,0,75.145,9698.5,15240.9508,0.145975,12348.05713,0.100221739,12966.7248,0.05035,1.4587,1.443013043,1.4514,360.817905,344.0287118,346.7677046,0.407675,0.193825,0.305,-0.097056522,0.067234783,0.014817391,-0.00765,0.042,-0.288,7.002,1.246313043,-4.0828,10.085625,2.164775,4.98245,-1.587634783,-0.120169565,2.152591304,-6.887,-0.30315,-0.8478
pote.txt_1513,3.4782,3.04714375,3.1211,0.845741176,0.343575,0.10832,0.505458824,285.8762765,44.71050588,0.07214375,272.4137563,40.35793125,-0.175453333,264.9594267,37.68589333,0.292610353,0.163510438,0.111384267,0.293735294,49.45647059,9430.676471,0.13406875,46.76375,6895.40625,0,46.302,5896.433333,18789.18857,0.077164706,15195.23227,0.0607875,13082.29991,0.0578,1.237505882,1.122225,1.063326667,391.4711524,357.2923696,343.6206967,0.471747059,0.523435294,0.282147059,0.2314,0.42051875,0.167975,0.110346667,0.35478,0.144773333,2.924252941,0.40091875,-1.145706667,11.95021176,3.042505882,1.502417647,4.2262375,0.54980625,-0.3728625,0.17208,0.802633333,-0.454093333
pote.txt_833,4.565573333,4.403015909,4.39867907,1.754382222,0.056475,-0.247855814,1.181113333,185.2685822,33.95514444,0.535702273,176.6050227,30.04014773,0.11,173.4214116,28.55315581,0.492747,0.43039775,0.397870791,1.389877778,79.39844444,8739.316667,0.770895455,73.76113636,6762.068182,0.584916279,71.56023256,6581.034884,9358.316929,0.714248889,7025.676364,0.269613636,6507.5556,0.286583721,1.116411111,1.057818182,1.04657907,376.7037942,338.7471426,323.0789665,0.320257778,0.244877778,0.404031111,0.152963636,0.119345455,0.019647727,0.133425581,0.074923256,-0.034327907,4.31104,1.525965909,-0.226544186,8.586686667,5.4947,6.070893333,2.041897727,-0.275686364,0.139220455,-1.026539535,-0.855962791,-0.496637209
pote.txt_4115,5.239122222,4.926975,4.892471429,2.534355556,-0.85875,1.450514286,1.205333333,161.7485667,39.70002222,-0.036925,151.9987,39.1966,0.718471429,160.2906714,39.01425714,0.601256222,0.419670125,0.444323429,0.624877778,100.89,7923.888889,0.4103,97.16875,5626.5,0.316642857,95.88142857,5965,5921.349522,1.302033333,3238.020575,0.5467375,3226.977743,1.046657143,1.079411111,1.0591,1.067928571,327.9310422,329.182204,332.2317388,0.2121,0.3444,0.6989,0.0567875,0.0244875,-0.33275,-0.046457143,-0.200442857,0.096771429,5.049533333,0.6365125,2.339385714,8.952388889,6.4456,5.216522222,-0.1648,-2.2145625,-0.62445,1.631214286,2.654785714,-0.437328571
pote.txt_11793,5.162188636,4.933144186,4.94987381,0.975840909,0.170804651,-0.01217381,0.753754545,172.4197568,36.18102045,0.239123256,168.1281744,32.79646512,0.09587381,170.1767024,33.59351429,0.456527841,0.359166674,0.305980167,1.591836364,78.38159091,7085.613636,0.82077907,70.26186047,4814.883721,0.893507143,70.35380952,4368.595238,7543.183677,0.620788636,5005.879577,0.250855814,4052.43156,0.357469048,0.950086364,0.897193023,0.8747,387.3414302,322.6055251,303.7030236,0.399347727,0.299743182,0.447940909,-0.030127907,0.075665116,0.214093023,0.080657143,0.022342857,0.198721429,2.793090909,0.571355814,0.238309524,7.172345455,7.517956818,4.473222727,1.026367442,-0.657816279,0.4334,-0.787966667,0.158378571,0.207571429
pote.txt_8281,4.6168,4.496504,4.487295833,1.0197,0.016624,0.09575,0.717303846,180.1397692,43.87353846,0.027296,177.103488,35.76998,0.000854167,176.6833375,38.8448,0.443632538,0.365045,0.314813083,0.574411538,67.54769231,8404.346154,0.191296,60.442,5784.48,0.125070833,60.63041667,5807.791667,11553.49292,0.147038462,8651.061536,0.048204,8151.845629,0.051466667,1.0828,1.018852,0.987016667,320.0149506,247.9695225,241.5159452,0.482857692,0.281026923,0.341780769,0.20008,0.065068,0.195744,0.206841667,0.1215,0.166233333,3.458373077,-0.35832,-0.145875,9.0795,7.908503846,2.868330769,-1.037404,2.87714,0.394672,-0.659320833,1.980283333,0.7244125
pote.txt_4325,4.136922222,4.0461375,3.971842857,2.517588889,-1.0467375,1.185571429,1.764366667,148.7604333,29.23594444,-0.5683625,142.2363875,25.2373125,0.300357143,148.2297857,25.62222857,0.371819556,0.089118,0.241252,0.135822222,79.78777778,19706.55556,0.047575,63.20625,19719.625,0.109385714,66.87428571,19386,18831.0888,1.1193,15997.25205,0.8191625,18766.76194,0.824485714,1.163011111,1.1465625,1.124871429,490.8948668,491.6161692,492.5917634,0.494966667,0.418744444,0.4287,-0.0943375,0.2437875,-0.1833875,0.021514286,0.2851,0.153371429,6.674188889,-2.0098375,0.810642857,14.74216667,6.702511111,6.179555556,-6.4817875,6.138575,-0.4456125,3.249085714,4.976157143,2.199028571
pote.txt_10391,4.07745,4.018891304,3.8988,1.5811,0.036521739,-1.365,1.558825,184.555375,20.309875,0.297269565,162.5303043,14.79596522,-0.9047,166.03895,12.32055,0.266698,0.186978261,0.103368,0.05445,87.0075,11676.75,0.028408696,81.67304348,9643.826087,0,75.145,9698.5,15240.9508,0.145975,12111.11557,0.101069565,12966.7248,0.05035,1.4587,1.451986957,1.4514,360.817905,341.4512047,346.7677046,0.407675,0.193825,0.305,-0.056747826,0.06053913,-0.010521739,-0.00765,0.042,-0.288,7.002,1.156434783,-4.0828,10.085625,2.164775,4.98245,-1.564017391,-0.128443478,2.138543478,-6.887,-0.30315,-0.8478
pote.txt_11263,5.083281633,4.83666875,4.838882979,0.960240816,-0.162525,0.030053191,1.068804082,169.5973837,32.94268367,0.1984375,165.6807271,27.53772708,0.311655319,165.2856383,26.73020426,0.436734755,0.365577562,0.380954787,1.494008163,83.30816327,8201.127551,0.473779167,75.94083333,6013.885417,0.598793617,78.14319149,6129.851064,8493.508778,0.455065306,6450.830192,0.250552083,6141.300826,0.244119149,1.06145102,1.003579167,1.015493617,407.6065689,370.1684273,354.5863052,0.411720408,0.304620408,0.369353061,0.041102083,0.042608333,0.003816667,0.053953191,0.000617021,0.035334043,4.426895918,0.366147917,1.204385106,6.094273469,4.76737551,5.705226531,0.3333875,-0.746658333,-1.745079167,0.690631915,-0.281276596,-0.295908511
pote.txt_3335,3.85924,3.865,3.88,2.89366,-1.354725,-1.1313,1.3945,116.32774,39.86496,-0.8075,115.538875,38.232,-0.6375,117.7815,39.744,0.368164,0.030618,0.027412,0.17914,61.596,23490.4,0.0676,49.815,23035,0.061966667,47.52,23686.66667,20381.73552,1.84228,15143.499,1.6605,17027.3664,1.6056,0.9567,0.957825,0.9603,556.8458372,545.7443552,561.3626498,0.61936,0.6054,0.53254,0.085,0.43855,-0.297275,0.186666667,0.496533333,-0.2397,4.0465,-2.36385,-1.8411,16.85526,10.53366,5.16694,-4.619375,10.229125,-2.012375,-1.599166667,10.57283333,-1.7085
pote.txt_5617,4.709476923,3.5946,3.431954545,1.061,0.035816667,0.203418182,0.884030769,206.2492615,28.87026154,0.168533333,204.2612167,27.62806667,0.216863636,211.7464273,26.94311818,0.596334462,0.496355333,0.495703273,0.564638462,81.31769231,7578.346154,0.305575,72.6775,5171.958333,0.336336364,74.41636364,3582.363636,9437.257331,0.717876923,4393.097567,0.429758333,5287.667864,0.323663636,0.897230769,0.764508333,0.738763636,352.889934,286.605458,267.5090143,0.290476923,0.414653846,0.383646154,-0.004433333,0.140483333,0.14605,-0.046318182,0.183054545,0.093,3.072715385,0.37835,0.581036364,7.437846154,6.215461538,2.816284615,-2.28345,-0.114525,-0.516925,-0.168590909,-0.032381818,0.504663636
pote.txt_3451,3.82405,3.82162,3.822025,3.45305,0.16622,0.714025,1.5625,111.47905,36.8712,-0.1655,109.87822,34.96608,0.1225,110.145025,35.2836,0.459764,0.2080472,0.25,0.2197,69.705,22138,0.13858,61.902,21503.2,0.1521,63.2025,21609,17452.593,2.01125,12676.17528,1.89962,13472.2449,1.918225,0.95085,0.95058,0.950625,524.4800449,509.1257009,511.6847582,0.5242,0.51665,0.61045,0.07768,0.36542,-0.03782,0.1521,0.390625,0.070225,4.4729,-0.5701,0.2704,15.42845,9.83645,6.27805,-2.03662,9.45338,0.75682,0.874225,9.517225,1.677025
pote.txt_9909,5.693171429,4.275816667,4.48132,0.695271429,-0.308266667,0.2448,0.9688,197.3828571,30.21084286,-0.013666667,197.1204333,27.78753333,0.29004,203.2887,28.50018,0.567506,0.515773167,0.59045,0.790328571,100.77,5260.464286,0.389083333,83.86166667,3919,0.79494,99.892,2946.1,6475.408971,0.618014286,2973.408033,0.196216667,5003.52398,0.5499,1.015914286,0.8175,0.85172,412.3706132,414.4421014,403.730418,0.355871429,0.487157143,0.538814286,0.11775,-0.132716667,0.352,0.20516,0.2052,0.25608,5.094714286,-0.376566667,2.28166,6.3163,2.516771429,3.479428571,-3.415466667,-0.637633333,1.1963,5.21428,-1.55302,-1.3217
pote.txt_4617,3.617881818,3.11607,3.436511111,1.701054545,-0.50772,0.386888889,1.021790909,193.8571636,43.59403636,-0.1676,188.7628,39.20476,0.162955556,196.2890333,35.51467778,0.384782909,0.281925,0.322043222,0.232845455,72.77636364,9472.659091,0.06474,62.182,8648.05,0.0726,67.63777778,7577.055556,13796.73321,0.485809091,11884.58282,0.0843,11870.40006,0.207222222,1.188427273,1.12667,1.076144444,382.0896002,388.3103124,387.7820183,0.420027273,0.305209091,0.322781818,0.23715,0.20548,-0.04375,0.230988889,0.243966667,0.038,4.593590909,-0.80929,0.226333333,10.68017273,2.507727273,3.684745455,-2.31161,0.88699,-0.38832,2.224822222,0.358666667,1.109466667
pote.txt_4463,4.80722,4.886533333,4.8451,2.04449,0.436333333,-0.77775,0.88353,194.90082,43.21214,0.2959,183.2577556,39.95228889,-0.323475,166.456125,32.2869,0.3993112,0.298470667,0.2095295,0.39899,66.046,10966,0.224188889,61.73111111,9371.666667,0.047125,57.435,10267.875,13453.6487,0.81081,10645.36074,0.465266667,7808.567725,0.2103125,1.19108,1.1683,1.1768625,428.5967774,422.7557239,429.3697469,0.50333,0.50391,0.42641,0.1442,0.459211111,-0.041577778,-0.00095,0.46825,-0.065025,3.55076,1.229033333,-1.6655125,11.72592,3.17013,3.13721,4.619611111,-0.280766667,0.441466667,-5.3032625,0.6999375,0.0158
pote.txt_12095,6.59508,6.028478947,6.156188889,1.948125,0.597273684,1.168711111,1.33197,164.024595,22.505145,0.8102,156.1304684,19.68027368,1.01785,152.4558222,18.61776111,0.56077995,0.431787316,0.419254667,0.59276,110.3255,9116.9625,0.488294737,105.2005263,7859.868421,0.514494444,108.2788889,8694.194444,5287.47908,1.245295,3778.652253,0.857789474,3953.309433,1.067,1.27123,1.174821053,1.220755556,405.7660806,386.3415979,405.130912,0.28868,0.328675,0.568325,0.085457895,0.096442105,-0.025410526,-0.080455556,0.267733333,0.019933333,5.01878,2.868605263,3.731344444,7.644915,4.2057,4.42101,4.060063158,0.751989474,-0.395357895,4.993338889,1.482994444,0.145311111
pote.txt_11867,4.587718182,4.12499,3.966655556,1.655709091,-0.705,0.149777778,1.484363636,161.5139273,31.97216364,0.03785,160.10106,18.16192,0.613933333,161.8592,19.46395556,0.444351091,0.4374458,0.459776222,0.224136364,87.33727273,10341.02273,0.06765,76.883,9262.3,0.087266667,81.48111111,9799.888889,12933.64976,0.300518182,11686.6228,0.14134,12817.42049,0.168955556,1.107536364,1.04008,1.073888889,411.2985736,409.1723678,404.3437115,0.4692,0.293718182,0.308490909,0.30716,0.11703,-0.10092,0.378622222,0.171644444,-0.043222222,6.961909091,-1.31946,1.765133333,9.644018182,2.842181818,5.493318182,-4.26074,-1.41145,1.46431,0.701422222,0.192066667,2.181133333
pote.txt_1753,4.95793617,4.676386957,4.642288889,1.323578723,0.050971739,0.079493333,0.924285106,181.5469809,29.17187872,0.250421739,173.6646043,26.41687609,0.283837778,173.7281044,27.7002,0.465371532,0.342210761,0.323159578,1.831397872,80.88255319,6847.920213,0.78585,75.70891304,5373.217391,1.181282222,75.21777778,5345.6,6699.33223,0.751602128,4546.113261,0.415345652,4152.556744,0.416884444,1.050551064,0.998913043,0.990453333,404.7355381,373.7657033,355.5568282,0.346353191,0.317997872,0.510953191,-0.001171739,0.119315217,0.17743913,0.12088,0.102413333,0.139882222,2.897040426,0.446941304,0.65974,6.2934,4.99746383,5.720804255,0.766132609,0.247134783,-0.423847826,0.29376,-0.007002222,0.27548
pote.txt_1891,5.265140625,5.003916129,5.00084,1.516315625,-0.305677419,-0.340386667,0.782140625,172.9386469,40.65199062,-0.084312903,165.6083742,34.5739,-0.0831,166.4037333,35.88955333,0.459753969,0.368971774,0.358533333,0.358165625,76.48375,7883.9375,0.162109677,68.00387097,5339.83871,0.099873333,67.02366667,5501.866667,10173.58299,0.538765625,6466.075845,0.13976129,6580.612147,0.081746667,1.021365625,0.961203226,0.95767,352.5701773,275.009978,283.9235431,0.4428375,0.343528125,0.41966875,0.205741935,0.05866129,0.031348387,0.177696667,0.09775,0.00531,3.756428125,-0.621222581,-0.38268,9.534071875,7.450215625,2.8019125,-2.698609677,-1.343470968,1.142864516,-1.48156,0.31081,0.43506
pote.txt_12075,4.854511111,4.322775,4.608857143,1.759166667,-0.623125,-0.160714286,1.8557,190.5369111,25.27857778,-0.1383,180.406275,14.3478,0.391285714,169.3481429,11.41438571,0.367319556,0.239184,0.290886857,0.148511111,91.52888889,13344,0.027225,73.8075,13600,0.073071429,86.04142857,13753,15185.08448,0.351133333,13801.89319,0.125025,13375.64237,0.215785714,1.522477778,1.51325,1.4883,392.0519062,390.9384574,391.3487082,0.340366667,0.310144444,0.228533333,0.0819,0.1302,0.009,0.049542857,0.049142857,-0.008571429,8.198755556,-1.49985,0.573371429,11.59988889,1.559244444,5.857877778,-7.080925,0.342425,3.40525,-4.2032,0.783557143,3.803885714
pote.txt_2201,4.574763158,4.246911111,4.202917647,0.834336842,0.2726,-0.114305882,0.413584211,206.5385737,42.49911053,0.078311111,191.8798556,34.59404444,-0.203423529,191.0695059,32.96972353,0.285684263,0.187215278,0.205335765,0.290221053,58.44105263,7513.434211,0.081577778,55.84277778,5509.916667,0,53.08470588,5185.647059,13304.45968,0.092631579,10000.73924,0.049933333,8986.151159,0.032835294,1.227610526,1.159638889,1.1298,373.3897232,340.2958571,336.550365,0.589347368,0.435968421,0.355005263,0.245883333,0.329216667,0.198033333,0.2197,0.321664706,0.264435294,2.477163158,0.339438889,-1.367988235,8.990273684,3.959578947,1.408557895,0.642911111,2.1217,-0.363261111,-3.562694118,1.458170588,-0.078794118
pote.txt_1697,4.4533375,4.132564103,4.106428947,1.5056225,0.169241026,-0.426876316,1.0200175,178.2596925,36.2880525,0.303641026,174.3521667,31.96971282,0.110157895,174.1042289,31.37016842,0.49884765,0.406030641,0.390235,1.5873925,76.27225,7889.2875,0.831169231,68.75435897,5821.820513,0.679613158,67.13236842,5889.921053,8851.924878,0.6819375,6261.898126,0.370874359,5724.201671,0.270094737,0.9631975,0.906628205,0.895965789,389.9422356,345.8876176,333.2394436,0.3487075,0.27303,0.41606,0.160264103,0.142869231,0.119335897,0.122760526,0.127686842,0.022152632,3.52724,0.348879487,-0.274789474,8.07289,6.23277,5.9322925,0.286528205,1.198005128,0.149525641,-1.422873684,-0.07135,-1.475697368
pote.txt_10869,5.066261905,4.30399,4.169257895,0.566347619,0.18276,0.201410526,0.306042857,211.6086571,38.85390476,0.013215,204.57872,35.059895,-0.033721053,207.2981053,35.68792105,0.52736181,0.382575,0.363616947,0.3511,64.39619048,6408.166667,0.123495,59.238,4356.475,0.132936842,59.02894737,4422.657895,10930.5489,0.186852381,7757.61313,0.08539,7445.319121,0.063105263,0.755138095,0.669355,0.735052632,326.3326621,262.5453854,289.8781215,0.472004762,0.391142857,0.379128571,0.111815,0.16393,0.30429,-0.062447368,0.200315789,0.294589474,1.701004762,-0.099055,-0.167184211,7.570380952,10.4626381,0.946238095,-0.728425,3.14753,-0.58657,-1.096463158,3.143478947,0.4436
pote.txt_4905,3.8178,3.76208,3.812611111,2.960836364,-1.23156,0.829111111,1.041372727,168.0722273,47.32782727,-0.40644,157.6426,46.31087,0.350522222,160.6629111,44.67355556,0.524805636,0.3856847,0.449834889,0.203418182,68.94090909,10711.09091,0.0962,60.743,9045.5,0.093888889,63.69444444,8735,11282.13738,1.043236364,9113.1908,0.0966,7133.855622,0.679911111,1.094990909,1.04132,0.975944444,339.2887856,309.3356786,288.8994867,0.376081818,0.278972727,0.508863636,0.236,0.21068,-0.27231,0.221033333,0.108,0.161111111,3.794463636,-1.23068,0.635488889,10.85,6.228427273,4.611390909,-0.18251,-2.41055,0.35232,-1.200722222,0.3404,3.466855556
pote.txt_9087,4.471348889,4.121188636,4.066937209,1.114695556,-0.110702273,0.026548837,0.900748889,190.0131533,35.67108,0.059681818,182.3277909,29.09613409,0.203653488,179.9524349,30.21391628,0.409365511,0.324562818,0.313061047,0.49092,79.31977778,9007.488889,0.249929545,71.74,7033.965909,0.271513953,73.70209302,7103.430233,11365.46616,0.649384444,7739.638105,0.373352273,7818.114226,0.342727907,1.108906667,1.058868182,1.048265116,420.7519185,411.9992511,410.9313784,0.404282222,0.438328889,0.375068889,0.103522727,0.319818182,0.028506818,0.020253488,0.332893023,0.14695814,3.657573333,0.037588636,0.658490698,8.922717778,2.800422222,2.843268889,-1.324047727,0.378815909,-0.435545455,-0.072697674,0.012269767,0.472706977
pote.txt_10943,5.029992857,4.861448148,4.845492308,0.927078571,-0.224214815,-0.09535,0.777742857,181.7238286,41.79146429,0.019725926,176.9744333,34.3206037,-0.072773077,175.1280462,37.64060385,0.375909786,0.270647111,0.259130885,0.880953571,72.88142857,7622.357143,0.239766667,64.57518519,5975.555556,0.108396154,65.01692308,5863.192308,10179.67275,0.267939286,7659.129485,0.138266667,6737.136312,0.142019231,1.162985714,1.123948148,1.103846154,373.4557016,331.6574994,345.0335027,0.447182143,0.400128571,0.400139286,0.259940741,0.057462963,0.121237037,0.299015385,-0.0356,0.144646154,3.886303571,-0.686255556,-0.826576923,8.017139286,5.726053571,3.938285714,-1.778903704,1.013711111,-0.719574074,-4.571057692,1.137269231,0.910292308
pote.txt_129,4.95461,4.825193103,4.802617857,0.988083333,0.031048276,-0.442242857,0.77117,177.5315767,35.56071,-0.011744828,170.4059069,29.62396897,-0.320625,168.2146214,28.153975,0.381373667,0.288795966,0.255882929,0.268,73.78833333,7659.633333,0.09067931,67.35793103,5579.793103,0.050046429,63.87321429,5217.357143,10371.97767,0.231053333,7976.553248,0.112758621,7309.84715,0.088582143,1.279136667,1.189986207,1.167714286,296.2853384,238.0679826,240.4370655,0.433726667,0.25747,0.33009,0.237458621,0.059948276,0.040889655,0.296746429,0.0268,0.045096429,3.773293333,-0.12622069,-1.985860714,8.257093333,7.09232,2.35911,-0.562693103,1.765189655,0.46822069,-4.950807143,2.277803571,0.730517857
pote.txt_8667,5.24105625,5.01146129,4.931666667,2.092996875,-0.329187097,-1.00756,1.1243875,173.1846469,42.2139,0.128190323,165.4089226,33.32634194,-0.361233333,164.1353333,33.87072667,0.582438875,0.496940839,0.442758333,0.600365625,81.015625,9253.375,0.228303226,74.56580645,8089.064516,0.148733333,69.313,7656.566667,9727.820566,0.77956875,6856.147229,0.298535484,5571.708613,0.136996667,1.026175,0.974070968,0.979426667,340.2622026,306.2320085,300.0994497,0.332590625,0.36020625,0.453146875,0.116103226,0.130083871,-0.029512903,0.035566667,0.04162,-0.099026667,4.69925625,0.114367742,-2.44591,10.1634625,7.97109375,4.74003125,0.129396774,1.008206452,1.49596129,-6.13133,-0.494926667,1.054
pote.txt_10715,4.318692308,4.276808333,4.233827273,2.263269231,-0.271666667,-1.646818182,1.334523077,198.3268077,42.29361538,-0.020408333,182.5939,32.65913333,-0.844627273,173.6155636,25.81603636,0.376532154,0.290864583,0.258857273,0.151061538,69.13461538,12811.15385,0.02695,59.49916667,12426,0,53.01818182,12253.36364,15834.63002,0.641815385,12832.79132,0.160575,11596.86926,0.0945,1.359130769,1.371366667,1.3458,403.9617093,397.9405628,399.692216,0.427938462,0.4057,0.2913,0.215475,0.31935,0.047683333,0.2213,0.277527273,-0.127109091,5.822515385,-0.404658333,-4.530872727,12.83988462,2.6233,4.716515385,-1.193683333,0.177158333,3.179525,-9.248572727,-1.154872727,2.3054
pote.txt_10021,4.155,3.245145833,2.980886957,0.901456,-0.159775,0.009104348,0.739236,218.637852,41.457316,-0.040154167,212.0996,32.69120417,0.13673913,209.1016,33.7991913,0.45127728,0.335055542,0.324494565,0.609152,71.6376,7118.57,0.2842,64.53041667,5244,0.315234783,62.98434783,5020.978261,11798.01367,0.36744,10578.44903,0.201691667,10442.09376,0.099756522,1.023044,0.8788125,0.847247826,385.9565746,343.827524,350.5726662,0.375132,0.473676,0.401904,0.16725,0.314545833,0.165491667,0.147165217,0.297513043,0.077195652,3.481248,-0.1831625,0.207552174,7.88742,4.605,3.834212,-0.184620833,0.925279167,-1.078483333,0.96386087,0.582091304,0.2719
pote.txt_4957,6.338625,6.057272727,6.2124,1.310633333,0.649090909,0.004,1.286308333,168.5606667,17.34485833,0.691936364,161.9149727,12.18576364,0.51721,162.58943,14.95089,0.346699167,0.237596,0.1380431,0.416466667,102.2808333,11546.33333,0.318836364,100.3772727,10791.36364,0.25067,99.567,11287.7,9973.901983,0.626741667,7845.700182,0.453736364,7226.13974,0.41689,1.3186,1.307863636,1.35195,461.1660706,445.1513295,453.5936534,0.488933333,0.2975,0.471366667,-0.091554545,0.160081818,0.261163636,-0.09881,0.08397,-0.01108,5.305458333,2.652672727,2.18417,7.932508333,2.858875,3.9061,2.259136364,1.409972727,1.801136364,1.32269,1.98477,-0.04234
pote.txt_8901,4.741338462,4.519668421,4.54812973,1.598346154,-0.375426316,-0.022016216,1.057041026,186.0155897,38.62873077,0.180984211,176.9351553,33.84589474,0.170081081,178.5969892,33.62548108,0.499303487,0.382361474,0.371753,1.629205128,78.19128205,8459.153846,0.699776316,71.30894737,6042.842105,0.888264865,69.97513514,6637.432432,8625.339697,0.665669231,5808.430224,0.222273684,5663.374078,0.330143243,1.055169231,1.008897368,0.996010811,382.3100311,332.8134326,338.4796544,0.346371795,0.30015641,0.474751282,0.014165789,0.082068421,-0.142392105,0.096151351,-0.012289189,0.038505405,4.037825641,0.525726316,0.077389189,7.717112821,6.069782051,6.339948718,0.507539474,-2.160439474,-0.738705263,-1.508237838,0.889062162,0.959367568
pote.txt_7179,4.3787,4.179633333,4.210029412,1.719621053,-0.215666667,-0.919176471,1.338210526,209.7929,34.35172105,-0.013833333,200.5935056,28.14955,-0.472741176,197.1330647,27.14168824,0.350281526,0.235639667,0.239995059,0.3004,80.55368421,11898.26316,0.060866667,69.03,10916.55556,0.060994118,66.23705882,10953.64706,15791.91852,0.449194737,11928.59605,0.182,12002.0606,0.238482353,1.313036842,1.273877778,1.267976471,412.6526716,416.7045613,413.5906906,0.425936842,0.313436842,0.310215789,-0.045416667,0.174772222,-0.003677778,0.111641176,0.130764706,-0.126764706,6.221742105,-0.415266667,-2.941394118,12.59351579,2.330973684,4.078447368,-2.219066667,-0.584838889,1.628438889,-6.519741176,0.260376471,0.155082353
pote.txt_2585,4.404791667,4.250390909,4.36545,2.375766667,-0.736218182,-0.5334,0.756275,146.7597917,43.50933333,-0.257627273,138.2265545,37.07877273,-0.23913,135.7026,36.96554,0.43960075,0.292189364,0.2769361,0.151258333,60.4575,8849.166667,0,51.29090909,7944.909091,0,53.271,7394.9,10772.86489,0.717883333,9380.855136,0.063909091,9381.0312,0.05994,1.038558333,1.035381818,0.9881,345.1906223,345.5361204,339.4697104,0.542575,0.345466667,0.457591667,0.478209091,0.281036364,-0.028163636,0.46283,0.26409,-0.1535,3.13405,-0.952163636,-0.50352,9.046458333,6.639583333,3.640125,-1.308127273,0.775936364,1.702709091,0.23629,0.51524,1.51336
pote.txt_4669,3.007454545,2.2214,1.6724,1.606190909,0.05702,0.395177778,0.874109091,231.7629818,39.16929091,0.33574,215.07366,34.48003,-0.113566667,224.6844556,28.09288889,0.530440727,0.4417625,0.395375,0.330427273,66.29545455,9357.159091,0.25585,64.252,7031.575,0.173044444,61.58333333,6511.444444,14079.18429,0.803218182,12981.73408,0.33678,12578.14223,0.574388889,0.893463636,0.80526,0.677377778,376.3377581,367.671069,365.9608798,0.31,0.398045455,0.3978,0.01585,0.35845,-0.06862,0.075466667,0.358411111,0.093555556,3.124472727,1.0542,-0.799166667,10.14782727,5.669209091,3.907745455,4.72136,-0.1897,-0.97984,2.594511111,0.322622222,0.322744444
pote.txt_6055,4.585553333,4.229064286,4.210776923,1.222826667,-0.315085714,-0.141661538,1.0912,169.6701067,33.04625333,0.113335714,168.4875786,25.18635,-0.038276923,168.2192385,20.98166923,0.530024133,0.520284714,0.515939077,0.702073333,86.618,7856.483333,0.291842857,79.49142857,5942.464286,0.256592308,79.63307692,6059.807692,9588.69316,0.304006667,6136.415514,0.176785714,7431.392662,0.191292308,0.9915,0.928871429,0.939630769,391.4439195,387.8622466,387.2570449,0.514746667,0.31462,0.492893333,0.392114286,0.187642857,0.019628571,0.450161538,0.203446154,-0.197615385,5.180306667,0.011857143,-0.298538462,8.096706667,2.792773333,4.115073333,-2.784128571,-0.702614286,0.483128571,1.062676923,-0.945415385,-0.115384615
pote.txt_4003,3.9945875,3.9826,3.687266667,1.12835,-0.751428571,0.890333333,0.711725,236.4928875,51.735075,-0.561942857,217.0832857,34.87107143,0.456466667,210.20785,53.16125,0.377026125,0.255081286,0.329882,0.326725,61.2025,9980.53125,0,51.40571429,8803.285714,0.236816667,61.6,8340.25,17265.56781,0.1224375,12932.48654,0.050214286,15041.3798,0.120816667,1.0826,1.060828571,0.9814,444.2411888,446.957051,434.6032547,0.5715,0.497375,0.324325,-0.025757143,0.400857143,0.095685714,0.127533333,0.417983333,0.00125,3.9242875,-3.437714286,3.157716667,12.549175,2.1053375,2.459275,-8.397585714,0.195657143,-0.082942857,11.16453333,-0.25415,-1.092083333
pote.txt_1127,3.918888889,3.735788235,3.71506875,1.63655,0.068558824,-0.927825,0.824116667,188.6564444,48.10112778,0.138082353,178.5018235,42.74187647,-0.0231875,176.0783625,40.5684375,0.384171389,0.237279412,0.2542795,2.6801,50.84388889,7876.722222,0.590882353,46.45058824,5354.647059,2.28955625,45.65625,7228.8125,10630.40727,0.5103,7887.543129,0.138494118,7258.325813,0.0857375,0.996816667,0.964947059,0.97909375,435.8618638,408.7100021,398.7859415,0.438716667,0.301961111,0.334422222,0.300429412,0.132911765,-0.079911765,0.2918125,0.16479375,0.004675,2.307577778,0.141788235,-1.39751875,8.157744444,5.785716667,8.110661111,-0.756611765,-0.737676471,-4.851488235,-3.28359375,1.59574375,3.89595625
pote.txt_5719,4.4324,4.040092308,3.918441667,1.944692857,0.191907692,-0.000316667,1.051614286,170.6076429,24.08574286,0.248930769,158.6259538,23.68606923,0.237358333,168.13875,23.8139,0.647899857,0.583099385,0.5443565,0.485364286,91.48857143,7326.178571,0.345984615,86.77230769,5194.230769,0.357208333,88.30916667,4172.291667,5192.064671,1.154835714,3211.404338,0.578492308,3457.104725,0.555975,0.991385714,0.934223077,0.991066667,338.4609806,307.2818717,296.4630705,0.268414286,0.2393,0.5623,0.143853846,0.005015385,-0.050184615,-0.020991667,0.109241667,-0.1315,3.452507143,0.948684615,1.380783333,4.766428571,5.312671429,4.262942857,0.539392308,-0.1333,0.115853846,1.860458333,-3.050783333,-0.508208333
pote.txt_2171,5.339277273,5.164447619,5.192265,1.135313636,0.072857143,-0.31997,0.488527273,207.1220045,46.24110909,0.022957143,198.0547,39.10157619,-0.21875,191.73677,37.97745,0.428202091,0.278166,0.32848955,0.30905,63.76681818,8402.772727,0.109542857,59.05619048,5880.714286,0.09082,56.2665,5700.45,12815.85717,0.2236,9116.428657,0.042485714,7263.631235,0.05331,0.984145455,0.9238,0.924185,358.1977716,269.3757262,257.2888245,0.507477273,0.419440909,0.407186364,0.137695238,0.209604762,0.153833333,0.24811,0.117785,0.188575,2.683863636,0.186047619,-1.4608,10.81958636,8.905727273,1.723704545,0.490438095,0.253004762,-0.123771429,-6.61429,2.214555,0.74706
pote.txt_11549,3.700088235,3.615425,3.612926667,2.330711765,-0.16801875,0.0882,1.218352941,153.5820941,34.54423529,-0.18531875,149.076375,32.61758125,0.74386,146.33146,32.51114667,0.377334235,0.22199825,0.259656533,1.915782353,62.38117647,12164.41176,0.35986875,53.015,9958.625,0.693166667,53.54666667,10174.53333,11362.99265,0.993511765,8979.866413,0.45225,10164.90399,0.39278,1.037894118,1.00095,0.998973333,467.2805186,464.1494424,449.3982747,0.474405882,0.267552941,0.401329412,-0.05635625,0.15944375,-0.0623625,-0.065413333,0.240313333,-0.01104,3.426735294,-0.69439375,0.856586667,7.596570588,4.441011765,8.289029412,-2.8150125,0.53309375,-1.31008125,3.347486667,-1.08488,-4.56736
pote.txt_8289,4.68575,4.32146,4.211375,1.373573077,0.937488,0.667416667,0.698811538,182.5966692,45.88117308,0.464388,178.179536,40.78138,0.341054167,178.9060167,39.8503,0.455086077,0.3604078,0.373160292,0.287823077,64.23615385,8714.432692,0.129128,59.834,7125.8,0.117004167,58.74458333,7404.5,11741.03083,0.467123077,9443.136148,0.319804,9347.470171,0.301004167,1.069665385,0.993516,1.020729167,361.7529938,325.4834356,332.1560044,0.467369231,0.456215385,0.367176923,0.297884,0.306196,0.247076,0.308245833,0.282029167,0.1947375,3.163765385,1.639516,1.173329167,9.626523077,6.2784,2.600980769,2.893096,2.709744,1.82384,1.690429167,3.543566667,1.4001875
pote.txt_3493,3.7654,3.71686,3.73405,4.385366667,2.94,2.1125,1.8425,103.3979,31.8816,0.9145,95.86576,26.61984,0.5425,98.0233,27.7992,0.612430667,0.5667528,0.479,0.2873,83.22,19884,0.2873,88.83,17657.6,0.2535,83.475,18228,12570.6888,2.292866667,5480.88696,2.44374,6149.3886,2.34065,0.9411,0.93312,0.936,470.5370578,417.1464387,430.7702775,0.3656,0.368733333,0.7403,-0.05896,0.14958,0.412,-0.0858,0.16875,0.265,5.183566667,2.3901,1.3364,13.05043333,8.674433333,8.1299,-0.49536,7.48944,5.93056,-2.6928,7.7742,4.4548
pote.txt_8809,4.739683333,4.086274286,3.973838235,1.184872222,0.017274286,-0.175208824,0.818191667,187.6794333,38.49987778,0.201097143,179.51604,34.17525714,0.101255882,181.1983941,33.10766765,0.498892028,0.426971829,0.428410118,0.549002778,84.0775,8023.222222,0.295014286,79.60142857,6388.085714,0.228894118,76.98411765,6194.955882,8817.590414,0.815405556,5967.932963,0.491162857,5109.497032,0.351655882,1.0257,0.966908571,0.969261765,399.054915,376.0692905,371.0516616,0.389644444,0.391077778,0.426655556,0.094391429,0.161017143,0.04994,-0.067676471,0.1327,0.161682353,3.513047222,0.961665714,0.437520588,7.013716667,3.562730556,2.930077778,0.198897143,0.190202857,0.363148571,-2.258476471,-0.509138235,0.561841176
pote.txt_1201,3.636641176,3.42108125,3.631833333,2.154770588,-0.97463125,1.13844,1.398417647,192.4177765,38.47878824,-0.05510625,172.37485,26.87023125,0.502953333,182.3233733,35.63704667,0.432732941,0.303574625,0.311226867,1.118441176,71.29294118,12447.83824,0.363475,59.765,10277.8125,0.435593333,65.57666667,11727.56667,14759.23451,0.665170588,11646.63546,0.145025,12525.64523,0.523533333,1.121476471,1.09165,1.112893333,443.0853371,436.3493043,441.7969709,0.425923529,0.328594118,0.385205882,0.06709375,0.17086875,-0.211975,0.071546667,0.224233333,0.127013333,5.381852941,-2.00813125,2.230846667,11.26131765,3.277935294,6.974147059,-4.85583125,-0.85811875,-3.0020375,3.684546667,1.762286667,3.221053333
pote.txt_1639,4.445830769,4.452175,4.517263636,0.963823077,0.2783,-0.099181818,0.417261538,232.4559538,55.58898462,0.014591667,216.4241,49.834475,-0.196945455,219.0526,45.65335455,0.370508615,0.290605333,0.283654,0.286507692,53.81076923,8456.846154,0.13135,51.42,5793.416667,0,47.78454545,4810.363636,14533.35865,0.092438462,10104.04771,0.0337,7105.930064,0.036654545,1.185123077,1.103908333,1.056590909,351.233557,275.7390222,255.6327659,0.486784615,0.457946154,0.313946154,0.325975,0.221908333,0.15345,0.318318182,0.140990909,0.143081818,2.780838462,0.19685,-1.508772727,11.16971538,6.158123077,1.362015385,1.555266667,3.0014,0.15685,-7.639618182,2.619781818,0.426572727
pote.txt_9225,5.044638776,4.7363625,4.817468085,0.733687755,-0.10695,-0.041361702,0.384542857,184.2103265,35.11850612,-0.0205125,178.93835,33.08257292,0.051655319,179.5666021,31.99701277,0.610588755,0.517752896,0.527119085,0.963840816,81.69142857,4255.290816,0.6557625,78.76541667,2747.385417,0.783289362,79.93808511,2497.787234,4913.783653,0.523606122,2295.162644,0.219385417,2604.034502,0.322291489,0.863789796,0.81069375,0.811244681,301.9783336,263.517219,255.0782689,0.4143,0.307657143,0.614595918,0.1626125,0.177947917,0.365154167,0.156978723,0.150717021,0.400285106,1.480969388,-0.003114583,0.186414894,6.190859184,7.538246939,1.166797959,0.63385625,2.27055,-0.1044375,1.007106383,1.879802128,-0.142446809
pote.txt_10177,4.377923077,4.3638,4.475663636,1.025084615,0.21585,-0.055,0.442461538,203.9180769,60.55704615,0.024433333,195.907,50.21878333,-0.077309091,185.3157455,47.26614545,0.437479769,0.333335667,0.393976,0.404138462,54.37615385,9231.846154,0.1233,51.9275,5938.75,0.030945455,51.94181818,3423.727273,14381.37731,0.164007692,9576.6534,0.073566667,5486.716164,0.031781818,1.0786,0.975875,0.931736364,350.4072921,274.2437988,245.5387625,0.568638462,0.425361538,0.334969231,0.22775,0.224466667,0.170466667,0.314472727,0.153818182,0.136781818,2.820830769,0.158783333,-0.868545455,12.31316154,7.1328,1.344915385,1.5336,0.95425,0.236583333,-6.439927273,-0.693390909,-0.052081818
pote.txt_7509,4.456306667,3.953471429,4.108007692,2.3252,0.4586,-0.246861538,1.051213333,149.6504067,34.11819333,0.061028571,145.8511429,31.46777143,-0.253946154,144.7255077,31.05526154,0.640766733,0.479142857,0.498920923,0.304173333,72.95533333,14137.88333,0.228428571,70.82142857,7829.928571,0.267046154,70.06384615,10060.30769,11763.48214,1.299446667,4276.608357,0.854042857,8443.440708,0.828761538,0.704773333,0.642971429,0.649723077,367.327294,201.9529231,308.4966024,0.38348,0.36588,0.567946667,-0.114785714,-0.044728571,0.110714286,-0.024476923,0.234807692,-0.081215385,2.989746667,0.227714286,-0.659253846,10.33560667,13.74114667,4.492733333,-3.838857143,-5.136742857,1.288885714,0.819746154,5.509261538,0.300823077
pote.txt_153,4.461028125,4.33343871,4.34275,1.487490625,-0.283774194,-0.238636667,0.797653125,174.7532094,36.61419063,0.106454839,170.5629548,34.68723226,-0.050166667,171.75461,34.95732667,0.466774812,0.378336935,0.3604639,1.840221875,68.94875,7303.125,0.808190323,62.52483871,5528.419355,0.875966667,62.62,5355.966667,6874.238059,0.749940625,4928.279987,0.275709677,4725.819483,0.308986667,1.03901875,0.970448387,0.962436667,389.9531014,352.0172462,341.6006538,0.395475,0.265175,0.462503125,0.145574194,0.090083871,0.016751613,0.140943333,0.07326,-0.079423333,2.342696875,-0.163825806,-0.409936667,5.757453125,5.6397625,5.815628125,-0.660380645,0.382616129,-0.917377419,-1.137126667,0.16501,-0.898056667
pote.txt_1189,4.75694,4.441552632,4.562783333,1.068865,0.314494737,-0.131888889,0.51637,208.646405,53.983505,-0.007805263,200.9931947,43.62045789,-0.297588889,200.2148056,41.13327778,0.49773965,0.443368421,0.418553222,0.269045,60.336,7448.0125,0.108263158,56.36315789,5318.289474,0.029188889,51.70166667,4042.333333,12812.79481,0.147185,8789.853747,0.074542105,7510.024789,0.024672222,0.92632,0.843847368,0.792944444,325.0250905,255.9714275,195.4219773,0.45222,0.38888,0.30727,0.3484,0.153936842,0.130563158,0.308866667,-0.000477778,0.158144444,3.098025,-0.042305263,-2.025488889,10.862495,9.16021,1.961055,-0.224357895,5.353384211,0.510268421,-6.96295,4.985433333,0.342816667
pote.txt_5181,4.772766667,4.696690909,4.82297,2.365058333,0.034118182,0.15355,1.4616,162.1352167,27.66291667,0.0151,153.1248455,23.08760909,0.63232,143.74199,22.91439,0.417949167,0.247751273,0.2916208,0.968808333,82.0575,12686.75,0.132009091,74.05545455,11720.72727,0.43436,81.892,12260.5,11374.3562,1.168733333,7292.494145,0.679436364,8215.57125,0.76552,1.2133,1.179481818,1.22262,450.7584931,443.8884598,439.3729947,0.356516667,0.387175,0.424483333,0.045090909,0.270281818,-0.040363636,0.093,0.20925,-0.19572,5.017566667,-0.460745455,1.24823,9.737033333,3.9865,6.419941667,-3.909781818,0.5686,2.361390909,2.20366,1.59912,0.87397
pote.txt_7491,4.40579375,3.929093333,4.181671429,2.5705,0.917513333,-0.2913,1.13566875,145.7494813,33.35470625,0.351526667,141.6031,31.03168,-0.164914286,140.7850214,30.17134286,0.658079062,0.566886133,0.556248,0.31156875,75.28625,14215.26563,0.262513333,74.674,8845.133333,0.276757143,73.70357143,8824.5,11203.69453,1.3967375,5518.069253,0.944406667,5801.522586,0.80945,0.718325,0.662406667,0.640257143,367.0350308,224.67906,266.265569,0.3625375,0.34756875,0.59495,0.00264,0.022753333,0.14256,-0.091928571,0.127942857,-0.130035714,3.21569375,1.122993333,-0.354714286,10.20803125,13.279225,4.9515375,0.52052,-3.69218,2.149166667,-1.417864286,3.460028571,-0.38885
pote.txt_4915,4.127558333,3.885372727,3.80804,1.035591667,-0.185890909,0.03411,0.835558333,192.5853083,37.09426667,-0.219090909,186.7624909,31.04579091,0.60189,185.53637,34.58161,0.405592667,0.320405273,0.2306417,2.192616667,62.99833333,7754.604167,0.732345455,55.59727273,5681.590909,1.28048,52.98,6523.95,9914.6137,0.366183333,7950.241836,0.134218182,9484.90633,0.09915,1.002075,0.993527273,1.02778,427.9514772,401.1488999,432.0932148,0.463208333,0.279775,0.351941667,0.008372727,0.142336364,-0.031590909,-0.09197,0.17777,0.05678,2.562008333,-0.725809091,0.90134,6.098758333,4.634616667,6.7921,-1.677136364,-2.047436364,-0.124336364,0.66548,-0.24377,-1.62802
pote.txt_10575,3.935353846,3.976875,3.986345455,1.437169231,0.0065,-1.189818182,1.254515385,193.8551538,33.42230769,0.157716667,168.4643,23.31680833,-0.761818182,164.8329364,16.73683636,0.233587692,0.199625,0.167674182,0.041884615,73.72,10799.69231,0.01815,70.1325,8525.916667,0,67.40181818,9086.363636,15066.42295,0.1132,11939.16602,0.068941667,12214.28324,0.040927273,1.573976923,1.583933333,1.5759,339.539244,315.79412,323.6098833,0.435938462,0.226776923,0.243938462,0.320208333,0.100833333,-0.020766667,0.3208,0.051272727,-0.188436364,5.958553846,0.546266667,-3.9004,10.36719231,1.911753846,4.105107692,-0.195508333,-0.443575,2.410625,-6.633536364,-1.218527273,1.159490909
pote.txt_12125,4.466386364,4.176895238,4.18155,1.168218182,0.068085714,-0.224395,1.162568182,183.4030136,33.06621364,0.101114286,179.7206095,28.39259524,-0.102415,180.850135,27.07818,0.320760182,0.246828048,0.21310275,0.938,71.11,11589.64773,0.163847619,61.87666667,10292.7619,0.36685,58.753,10103.475,14720.084,0.388586364,13435.93419,0.2445,13293.49675,0.1475,1.172577273,1.086347619,1.131745,453.4377747,452.1859991,451.9452907,0.535259091,0.361254545,0.264040909,0.102533333,0.224242857,-0.032414286,-0.047115,0.19786,-0.008265,5.051877273,0.379838095,-0.81018,10.10837273,3.516390909,4.950059091,2.169695238,0.350290476,-1.650809524,-1.299885,-0.643085,0.595825
pote.txt_2145,4.0732,3.720213043,3.803768182,1.425020833,-0.571926087,0.632418182,0.921516667,191.7583625,34.53217083,-0.321704348,180.5091957,30.20552174,0.345163636,185.0123864,32.73905,0.440175417,0.273295261,0.328929318,1.0264,66.67958333,10994.42708,0.513386957,58.68521739,9431.26087,0.2765,64.49136364,9935.568182,12752.61618,0.594975,10152.21697,0.344234783,10885.24583,0.398395455,0.952075,0.938830435,0.9293,418.1260208,406.2783222,402.5868321,0.481766667,0.366645833,0.442279167,-0.044221739,0.248673913,-0.100552174,-0.120190909,0.289218182,0.221413636,3.364983333,-1.239669565,1.561854545,8.901829167,6.115925,4.696504167,-2.141017391,0.129217391,0.208986957,2.556336364,0.058536364,1.221754545
pote.txt_6485,4.2878875,4.217973333,4.179428571,0.97455625,0.05376,-0.322314286,0.5783125,212.3235625,49.67881875,-0.092993333,203.3833867,41.73030667,-0.297757143,198.1442286,38.32175,0.35215025,0.265044467,0.242354143,0.35015,63.30375,7774.375,0.157806667,59.20866667,5744.533333,0,54.57357143,4987.928571,12469.61697,0.2013375,8813.362573,0.098913333,6870.091471,0.038771429,1.26355625,1.160713333,1.157721429,325.1777452,274.236161,256.0639465,0.43049375,0.32396875,0.3161,0.333006667,0.15008,0.0988,0.353207143,0.103257143,0.103678571,3.1917,-0.294333333,-1.873892857,10.3870875,5.35853125,1.858075,0.33384,1.012533333,0.730446667,-6.9952,2.281257143,0.521171429
pote.txt_4351,5.0339,3.476933333,4.489425,0.20077,-0.069333333,0.123675,0.34834,233.74044,33.40231,-0.007277778,225.8718,31.74,0.1748,233.890875,30.497725,0.8402389,0.810111111,0.8189375,0.56028,83.996,985.075,0.504022222,83.2,130.8333333,0.4689125,79.075,928.125,5076.84772,0.20638,1699.696833,0.010222222,4987.201375,0.1211625,0.41332,0.393244444,0.3843,207.5563492,20.63479378,205.6917047,0.13837,0.37132,0.56062,0.106433333,-0.104222222,0.558333333,0.117475,0.1437375,0.5448,1.71966,0.303577778,0.72485,4.34257,15.16162,2.28983,0.748288889,-1.476977778,0.435666667,3.13685,14.0332875,0.484975
pote.txt_3911,3.949728571,3.97,3.964,1.455228571,0.20925,0.11988,0.9625,128.7958,47.5632,0.3825,131.23725,48.816,0.3145,130.3402,48.2112,0.132621143,0.008176,0.0094584,0.074842857,40.74428571,26968,0.028166667,33.75,27596.66667,0.03042,34.668,27336,27913.81629,1.407785714,28330.5708,1.2762,27577.02384,1.29816,0.971742857,0.97515,0.97416,640.0721602,655.0724171,648.8250993,0.864057143,0.833614286,0.3322,0.796666667,0.844433333,0.10575,0.756,0.82124,0.08272,2.950042857,1.2954,1.0863,20.5242,12.32648571,2.3098,16.52208333,12.63508333,0.11475,15.314,12.4976,-0.0068
pote.txt_5147,4.925975,4.720054545,4.78924,2.224741667,-0.372,-0.9848,1.26485,172.1613417,44.9815,-0.000290909,170.3797091,35.86186364,-0.43,163.87751,35.54834,0.450906333,0.337189364,0.3569125,0.313275,80.05666667,10968.25,0.093990909,67.39272727,9370.636364,0.02145,64.101,10391.9,12545.24408,0.800483333,9385.284291,0.323927273,7532.059,0.18493,1.231033333,1.204627273,1.15893,406.8533538,403.0061163,417.351942,0.41945,0.45345,0.393216667,0.170254545,0.187690909,-0.086654545,0.0244,0.08668,0.02292,5.708508333,-0.3419,-3.27037,11.59605833,3.002025,4.601041667,-1.106781818,-0.251136364,0.882254545,-9.12799,-0.05484,1.30011
pote.txt_10973,5.135431034,4.902535714,4.993918519,0.957193103,-0.147692857,-0.358925926,0.878231034,159.3765655,31.91007931,0.043228571,154.04325,25.04975714,-0.205607407,154.1343037,25.75345556,0.391115483,0.308397821,0.300513889,0.315231034,84.38344828,7119.62069,0.120225,79.49178571,4925.714286,0.07697037,78.57962963,4956.888889,8361.781203,0.367175862,5918.933579,0.163689286,5389.050274,0.093707407,1.337124138,1.300053571,1.271896296,308.3120683,272.066719,273.06632,0.414906897,0.213227586,0.340989655,0.170625,0.042110714,0.009653571,0.177448148,0.020311111,-0.002048148,4.14447931,0.112396429,-0.971266667,7.282934483,5.487393103,2.376786207,0.010964286,0.046596429,0.033239286,-2.745881481,-0.584362963,0.587114815
pote.txt_3347,3.85924,3.822025,3.82,2.89366,0.714025,-2.025,1.3945,116.32774,39.86496,0.1225,110.145025,35.2836,-1.3175,108.811,33.696,0.368164,0.25,0.040236,0.17914,61.596,23490.4,0.1521,63.2025,21609,0.0845,56.7,21080,20381.73552,1.84228,13472.2449,1.918225,9491.8968,1.8252,0.9567,0.950625,0.9504,556.8458372,511.6847582,498.8894715,0.61936,0.6054,0.53254,0.1521,0.390625,0.070225,-0.22,0.2646,-0.47,4.0465,0.2704,-3.9321,16.85526,10.53366,5.16694,0.874225,9.517225,1.677025,-13.68,9.198,-2.924
pote.txt_4273,4.087466667,4.05185,4.057842857,2.820922222,-0.251,-0.990571429,1.4179,135.7560556,36.04758889,-0.34325,122.91845,32.38425,-0.385785714,118.6275,30.02965714,0.387304111,0.181934,0.207672571,0.158566667,67.19333333,18485.11111,0.0898625,57.705,17801.5,0.066857143,62.00142857,16636.57143,17080.27078,1.3737,13177.25363,1.15075,10023.7836,0.962028571,1.081788889,1.0065,1.007785714,481.8827966,477.9554569,454.9062178,0.550322222,0.472088889,0.487188889,-0.3302,0.329775,-0.115525,-0.166428571,0.285328571,-0.182485714,4.917,-1.152375,-1.299985714,13.9365,7.607622222,5.572488889,-2.66285,2.4651625,0.3625875,-5.699671429,1.848785714,1.248842857
pote.txt_5183,5.086218182,4.9174,5.257066667,2.385890909,-0.3774,0.574333333,1.405054545,160.7521545,26.80514545,-0.17132,148.9307,21.91053,0.602166667,141.8567,21.65822222,0.426954636,0.2170278,0.309919778,0.958181818,75.69909091,12924.45455,0.10244,67.382,11912.8,0.440122222,74.21,13043.11111,11442.40564,1.237309091,6389.44878,0.74482,8417.890467,0.931633333,1.259054545,1.22765,1.298144444,451.8245594,444.9817427,440.6148024,0.371681818,0.509063636,0.398927273,0.14106,0.41391,-0.07922,0.106622222,0.416155556,0.0872,4.454581818,-1.22464,0.817755556,9.378436364,4.002572727,6.161245455,-5.02004,-0.31179,2.54397,1.357422222,1.857111111,2.541944444
pote.txt_8565,5.465943333,4.961696552,5.025935714,0.84692,-0.022372414,-0.367789286,0.735876667,202.95492,34.34616667,0.051234483,195.6445345,29.20964483,-0.217510714,191.9626357,27.10041429,0.475982933,0.357858241,0.333567929,0.398976667,75.66266667,7258.641667,0.244472414,70.29689655,5449.758621,0.168225,66.98535714,5277.839286,10097.54692,0.319736667,7624.158093,0.128272414,6408.325589,0.158839286,1.164313333,1.046217241,1.097628571,318.4327507,259.1792338,249.5413666,0.3727,0.400273333,0.34836,0.074372414,0.145058621,0.080806897,0.100896429,0.099503571,0.148196429,3.361096667,0.198603448,-1.459167857,8.448876667,7.257143333,1.995093333,1.126596552,0.331831034,0.150406897,-4.747714286,0.86685,0.615278571
pote.txt_9261,6.32405,5.73,6.32405,3.205,1,3.205,1.4825,118.7716,14.78765,1.1625,114.5084,12.9636,1.4825,118.7716,14.78765,0.4623265,0.079514,0.4623265,0.37945,109.205,12296,0.377,109.2,11904,0.37945,109.205,12296,5221.0724,1.58485,4629.3924,0.9464,5221.0724,1.58485,1.205,1.1712,1.205,458.1159922,448.0588282,458.1159922,0.377,0.2609,0.8042,-0.1848,0.1809,-0.78,0.377,0.2609,0.8042,4.33925,3.7008,4.33925,7.05125,4.689,6.53285,6.9408,4.3848,-3.8184,7.05125,4.689,6.53285
pote.txt_9563,3.816981818,3.59136,3.7188,1.588181818,-0.506,0.805555556,1.262690909,236.2234182,48.76337273,-0.4736,235.85868,40.44978,0.603822222,237.2818889,46.15405556,0.236536727,0.1581472,0.204702222,0.0396,61.71181818,12990.09091,0,42.826,12853.8,0.0242,54.01888889,12927.22222,19002.03374,0.108509091,19048.0248,0.0358,19108.3617,0.079755556,1.6256,1.6354,1.630422222,377.7617565,379.3755905,378.5466512,0.443054545,0.332218182,0.1472,0.44548,0.24192,-0.04736,0.445888889,0.302222222,0.072888889,6.4612,-2.45336,3.1012,14.10500909,1.398063636,4.196472727,-0.11732,-0.44702,2.23048,8.901388889,0.708455556,3.4084
pote.txt_10771,4.686693548,4.574083333,4.495672414,0.68366129,0.08964,0.084917241,0.624251613,200.4394323,41.5747871,0.031153333,195.67151,38.02309,0.196255172,197.7055034,37.14680345,0.37822229,0.286140733,0.271928655,2.017570968,65.58419355,6584.096774,0.754976667,59.85333333,4978.233333,0.965741379,58.4637931,5620.37931,9612.714242,0.339977419,6345.67616,0.16777,6862.332486,0.130351724,1.08546129,1.016683333,1.063075862,424.2055378,384.9899517,407.3471398,0.489280645,0.33213871,0.34123871,0.13639,0.183443333,0.11291,0.229917241,0.158744828,0.21567931,2.501119355,0.148713333,0.178162069,7.63176129,3.980667742,4.364474194,-0.36939,0.681203333,-0.22689,0.045941379,1.419686207,0.024327586
pote.txt_6869,4.3322,4.1832,4.13384375,2.358588889,0.274541176,0.62633125,1.2775,140.5037889,27.09350556,0.538976471,138.2229294,26.84857647,0.67435,136.1437625,26.25029375,0.502149,0.409083353,0.367349875,1.936538889,73.64055556,10667.55556,0.639029412,66.12705882,8141.941176,0.95546875,65.4075,10196.375,6851.553972,1.178144444,5707.426406,0.674888235,5753.45545,0.739175,0.941838889,0.889647059,0.90103125,437.8879864,418.687226,431.1028631,0.368783333,0.247,0.472744444,-0.049705882,0.1766,-0.085129412,0.09199375,0.19961875,0.11378125,3.240944444,0.962852941,1.18744375,4.63625,5.543377778,8.561266667,1.483305882,-1.109358824,-2.438682353,1.38920625,1.48250625,-1.1775875
pote.txt_1343,5.117595238,4.903035,4.872715789,0.917252381,0.21404,-0.167731579,0.6937,212.3434429,44.1036381,0.10528,208.190525,39.169225,-0.275731579,203.1746526,35.4951,0.460842,0.3277007,0.349267526,1.026504762,65.66238095,7491.52381,0.22062,59.5495,5013.7,0.332631579,59.25684211,5034.368421,11197.83944,0.168009524,7354.28467,0.06289,6992.846368,0.092657895,1.098809524,1.01201,1.000905263,337.4663256,251.0095983,249.8847339,0.406314286,0.336795238,0.31372381,0.215725,0.047505,0.088635,0.224921053,0.012057895,0.037747368,3.370457143,0.3163,-1.408410526,9.237238095,8.364880952,3.49857619,-0.98703,1.51397,0.490495,-4.354089474,2.599347368,0.195726316
pote.txt_10147,4.021115385,3.667366667,3.486445455,3.910315385,3.1987,2.555036364,1.646384615,131.6033308,23.26063077,1.361375,124.3298,21.3629,1.295572727,125.9343273,22.33035455,0.848605846,0.847746583,0.840128818,0.797953846,100.7823077,10335.48077,0.642991667,100.4583333,9225.166667,0.695863636,99.42636364,8342.227273,2993.391546,1.963946154,2378.197742,1.73805,2215.6272,1.5701,0.867176923,0.8427,0.8272,359.416668,359.9464744,359.8572002,0.198623077,0.248646154,0.880769231,0.050083333,0.2191,0.383333333,0.114654545,0.214081818,0.116363636,4.549315385,4.064,3.806,6.470830769,4.602246154,7.839692308,5.308066667,2.411883333,4.948358333,4.914436364,1.795936364,3.225918182
pote.txt_651,4.943191304,4.705881818,4.810561905,0.75516087,0.227954545,0.049804762,0.462095652,189.7800913,42.87839565,0.004313636,188.53965,39.18665,-0.054095238,186.7363857,38.04605714,0.424366,0.280864273,0.297570762,0.934143478,63.06086957,5750.086957,0.276445455,58.40227273,3752.545455,0.20772381,56.00333333,2908,9306.218296,0.075108696,6735.355573,0.027959091,5284.925986,0.022361905,1.072478261,0.967613636,0.953852381,293.1620723,208.6712701,215.4595031,0.438926087,0.276408696,0.363404348,0.284718182,0.099818182,0.121363636,0.283304762,0.034419048,0.209309524,2.190126087,0.298536364,-0.625985714,7.581534783,9.285052174,2.849643478,0.409981818,3.479540909,-0.267636364,-3.822590476,4.18082381,-1.361885714
pote.txt_9741,4.383716667,4.170990909,4.113,1.106608333,-0.057218182,-0.40432,0.867641667,229.5707167,38.82031667,-0.152372727,217.3789455,34.01292727,-0.40888,205.73895,30.44392,0.2245325,0.076184364,0.0921694,0.240633333,66.9175,12288.16667,0.041863636,56.48636364,9592.727273,0.09842,54.241,9859.7,18406.9764,0.331091667,13566.75037,0.197309091,14123.98839,0.0554,1.258058333,1.179554545,1.2184,420.403717,380.5665998,351.5683645,0.4752,0.398733333,0.277483333,-0.035190909,0.205709091,0.101027273,-0.23548,0.20075,0.09938,4.12905,-0.775481818,-2.20352,13.96495,5.111925,2.083816667,-2.330145455,-0.299463636,-0.122445455,-4.83878,-1.70633,-0.5285
pote.txt_9485,4.458916667,4.01752439,4.1225475,1.247442857,-0.098143902,-0.0975375,0.765959524,192.1144286,35.2011381,0.081060976,184.7197805,32.05456098,0.2571825,182.6009475,32.8992725,0.427919714,0.300961707,0.30073715,1.495278571,67.26738095,7547.636905,0.78514878,62.52829268,5507.04878,0.61252,62.3855,5324.2875,9848.6213,0.674964286,6717.286866,0.308995122,5797.323273,0.26654,0.99445,0.921134146,0.943095,404.8158391,369.3440226,348.8932521,0.406204762,0.357380952,0.381640476,0.024287805,0.206009756,0.030173171,0.07856,0.149985,0.06045,2.427261905,-0.142709756,0.388955,7.740052381,5.526602381,4.715369048,-0.109609756,0.233587805,0.231941463,-0.6804875,-0.3636025,-0.6238
pote.txt_4033,4.152075,4.075085714,4.11785,3.105,-2.9,2.855,1.446325,155.484725,63.705675,-0.8944,144.8135143,38.1633,1.4433,154.7015,62.02865,0.5772015,0.567521714,0.5615765,0.13285,73.005,13544.75,0,56.38285714,13526.14286,0.10725,72.845,13538.5,14558.17865,0.7883,11131.33431,0.107357143,13938.16865,0.4519,1.079075,1.043442857,1.06085,430.6905163,425.1816221,430.6893671,0.491175,0.364275,0.37125,0.3133,0.156514286,-0.207142857,0.47015,0.35525,0.33125,6.584575,-5.814314286,6.38655,13.9468,3.495825,5.95375,-12.71108571,-3.4344,3.410771429,13.9464,3.1878,5.93125
pote.txt_9333,4.191161538,4.1406,4.166672727,1.475107692,-0.043,-0.772545455,1.424353846,178.6333385,31.13806154,0.0623,166.3957333,21.89225,-0.4102,159.0355364,16.07183636,0.286433846,0.243,0.226631273,0.053338462,79.37230769,11897.53846,0.02915,70.67166667,10574.83333,0.0159,71.71636364,10081.63636,14158.242,0.172984615,12671.45182,0.12975,12051.89084,0.092,1.514153846,1.484283333,1.530054545,356.6443168,346.197218,335.0335395,0.4429,0.202123077,0.235138462,0.252966667,0.094133333,-0.023333333,0.300863636,0.049018182,-0.112072727,6.585238462,0.310566667,-2.223872727,9.273838462,2.118492308,4.847346154,-0.841308333,0.492316667,2.425566667,-5.006990909,-0.685290909,2.207109091
pote.txt_1965,5.221118182,5.037595238,5.01112,1.173309091,-0.012590476,-0.37382,0.543577273,217.5454227,47.57892273,-0.021138095,208.1659952,41.46637143,-0.247825,201.183845,39.447165,0.426662955,0.276745381,0.28445345,0.366540909,66.16818182,8847.454545,0.134561905,60.26904762,6365,0.08749,57.617,5897.7,13638.99425,0.289136364,9410.040357,0.052452381,7355.985105,0.05853,1.0048,0.944638095,0.932725,362.2602996,276.9873772,263.3459468,0.473877273,0.392890909,0.380945455,-0.023385714,0.173595238,0.113819048,0.227495,0.104505,0.15753,2.879809091,0.010257143,-1.554725,12.02378182,8.588613636,1.60025,0.178847619,-0.569661905,-0.529733333,-7.04476,0.00125,0.73012
pote.txt_6615,5.070029412,4.59374375,4.84842,0.835205882,0.383475,0.051866667,0.396152941,233.0120765,56.60071765,0.01385,224.8488188,51.09739375,-0.230973333,224.44058,49.36151333,0.463205118,0.370688375,0.348859267,0.391494118,61.21647059,6529.661765,0.206925,56.728125,4005.28125,0.070053333,54.62066667,2945,12669.76724,0.214858824,8129.317144,0.06933125,6073.937567,0.036033333,1.005735294,0.8711625,0.83272,326.297811,224.2034166,204.8312422,0.414329412,0.506852941,0.360835294,0.29423125,0.07501875,0.2846625,0.190686667,-0.210373333,0.286846667,3.042629412,0.279875,-1.755606667,11.07341176,8.506135294,1.681388235,1.0229,1.4510875,-0.13133125,-4.683213333,5.06874,-1.08608
pote.txt_3853,3.798914286,3.76405,3.75124,3.852614286,2.55935,1.285,1.6825,108.0157,34.7328,0.8825,102.50855,30.8232,0.1705,100.18084,28.97856,0.525192571,0.472588,0.3912472,0.248671429,75.49714286,21172,0.242233333,78.885,19531.33333,0.2197,78.12,18798.4,15360.34834,2.131942857,9917.1234,2.23085,6817.89024,2.23756,0.946671429,0.94095,0.93888,501.3616219,462.0068667,444.3941163,0.456228571,0.453257143,0.6661,0.117533333,0.284716667,0.38015,-0.11264,0.18792,0.118,4.777471429,2.3819,0.2827,14.4093,9.338442857,7.0717,3.347616667,8.461616667,5.06255,-4.89024,8.05896,2.97904
pote.txt_11063,4.733772,4.472377551,4.45360625,0.88583,0.0548,-0.119027083,0.733338,186.040994,35.147774,0.147502041,182.3686245,32.24540816,0.159820833,178.7352812,32.82457083,0.41911146,0.298791102,0.314605604,1.750104,74.2332,7028.59,0.711289796,68.67285714,5230.846939,1.013079167,68.383125,4927.854167,8429.931148,0.614502,6375.701449,0.336928571,5777.9507,0.250175,0.995728,0.929142857,0.937227083,412.064114,366.882781,360.1347709,0.40852,0.28676,0.373962,0.058383673,0.151644898,0.143334694,-0.009372917,0.140960417,0.150039583,2.399428,0.181355102,0.12671875,7.048922,5.388126,4.437052,1.196673469,0.8841,-0.950314286,0.865816667,-1.133775,0.446366667
pote.txt_1113,4.192790625,4.081945161,4.089916667,1.956559375,-0.248109677,-0.006956667,0.9713375,185.7333031,39.13645313,0.266170968,179.4164129,37.52746452,0.17715,178.12898,37.49095667,0.525565188,0.378507194,0.3907963,1.980990625,73.03375,8434.1875,1.07803871,64.62548387,6004.419355,1.089093333,66.92633333,6419.166667,8162.166347,0.95876875,4875.842435,0.340551613,5308.006843,0.519333333,0.946459375,0.912022581,0.90947,409.812878,370.7354663,356.050305,0.34874375,0.255196875,0.509775,-0.012812903,0.126267742,0.022948387,0.130436667,0.109696667,0.011393333,2.85774375,0.02636129,0.19421,8.195909375,5.598384375,6.426428125,-0.611032258,-1.449422581,-1.37576129,-0.161836667,0.703196667,-0.738966667
pote.txt_9749,4.732969231,4.6245,4.623827273,2.615576923,-0.465,-1.48,1.395123077,187.3563231,45.42814615,0.057733333,172.5262083,34.12409167,-0.582254545,164.7731727,35.35042727,0.482146462,0.39269325,0.352260091,0.321676923,79.41230769,12573.69231,0.104033333,69.97333333,11681.25,0.0195,64.52454545,11645.36364,14251.79505,0.959923077,10016.7849,0.38785,7650.603127,0.200063636,1.167292308,1.153416667,1.119654545,432.9981045,427.3773213,431.6581813,0.394346154,0.476676923,0.419215385,0.063416667,0.183025,-0.049183333,-0.039381818,0.104690909,-0.095490909,6.067923077,-0.518016667,-3.827209091,13.20373846,3.159369231,5.172346154,-2.553616667,-0.173083333,1.917658333,-10.27349091,-0.729536364,1.455163636
pote.txt_1123,4.337309375,4.248235484,4.25147,1.862496875,-0.180206452,0.274276667,0.9299625,170.1736188,39.02673125,0.34106129,167.3252419,37.16792903,0.29501,166.8263433,37.25297333,0.559802594,0.448410871,0.472797233,2.045253125,75.0953125,7795.71875,1.242941935,66.96580645,5359.419355,1.15496,70.07966667,5498.533333,6100.930141,0.98324375,3760.565752,0.375435484,4159.296733,0.598806667,0.92915,0.886396774,0.882973333,398.8540375,361.9933475,344.8764183,0.361109375,0.228903125,0.5317875,0.045532258,0.113380645,0.0016,0.190596667,0.09681,-0.023186667,2.61,0.203770968,0.676813333,6.655615625,5.724328125,6.4476125,0.023648387,-1.491374194,-1.221716129,1.092336667,0.141233333,-0.73455
pote.txt_3045,5.741636842,5.3928,5.164352941,1.435873684,-0.3139,-0.797617647,1.091968421,184.6301105,38.49245789,-0.046016667,171.1445,30.87559444,-0.491094118,177.3705706,26.87590588,0.407576842,0.276138889,0.292674,0.341536842,80.43052632,11046.47368,0.153683333,69.24944444,10162.72222,0.060688235,63.50470588,10858,13144.06278,0.651984211,9691.925294,0.257783333,9713.340841,0.236288235,1.200715789,1.141083333,1.167594118,434.0152764,405.3251833,426.7391006,0.451342105,0.528621053,0.337984211,-0.112733333,0.203894444,0.086127778,0.119876471,0.163035294,0.090564706,5.059210526,-0.469411111,-3.081294118,11.51527368,4.560042105,3.179268421,-1.985605556,-1.123666667,0.681222222,-7.082035294,-0.237905882,1.560847059
pote.txt_1313,5.444023913,5.308935556,5.283772727,1.18585,-0.231871111,-0.317036364,0.852452174,181.3220348,41.26172609,-0.002953333,177.0150644,33.58562889,-0.143679545,174.6169295,34.48589545,0.487417935,0.384022533,0.400988318,0.7473,78.39369565,7452.5,0.240395556,69.96111111,5364.222222,0.198688636,70.80181818,5333.545455,9862.672011,0.36316087,6624.308567,0.123246667,6789.755402,0.071504545,1.044093478,0.973255556,0.962222727,353.1180655,288.3472646,281.7917278,0.430247826,0.340408696,0.381671739,0.151546667,-0.002326667,0.033742222,0.260336364,0.102831818,0.052504545,4.270484783,-0.643708889,-0.687336364,9.178826087,7.316480435,3.448128261,-1.090151111,0.689106667,-0.215197778,-1.773904545,-0.269325,0.322593182
pote.txt_8321,4.599676923,4.441964,4.533916667,1.873019231,0.350904,-0.220016667,0.894903846,191.61985,41.57381538,0.141612,184.574124,36.902004,-0.0905625,190.6142042,40.32105833,0.473445577,0.33633888,0.344689833,0.270369231,71.10192308,10031.42308,0.147032,63.1572,5633.88,0.139,63.07875,7419.291667,11354.92523,0.703626923,7119.996432,0.285592,10208.75647,0.1624125,1.162307692,1.11532,1.123370833,314.0376105,213.6504477,266.0028994,0.351830769,0.312238462,0.431746154,0.125548,0.056136,0.075724,0.112758333,0.146120833,-0.04005,3.715773077,0.375232,0.0075875,9.844988462,8.325576923,3.530257692,-1.516336,-3.010868,1.119412,4.347995833,0.751279167,0.108208333
pote.txt_931,3.925125,3.762913043,3.705977273,1.0485,0.024034783,-0.300945455,0.76315,198.9501417,42.604475,0.090873913,187.9613565,33.26537826,-0.227009091,183.6038455,34.74553636,0.290270333,0.224630435,0.202700727,0.793225,62.63416667,8083.802083,0.118530435,57.11913043,6649.391304,0.04125,55.37409091,6067.204545,13265.27485,0.166566667,11014.149,0.04656087,9573.852155,0.039927273,1.205066667,1.156234783,1.132686364,387.3202353,346.7352699,349.5591616,0.4707875,0.3378375,0.2874,0.379391304,0.17933913,0.178330435,0.335840909,0.216131818,0.098009091,3.5473,-0.259713043,-1.487518182,9.136279167,3.482470833,3.8085875,-0.006065217,0.539008696,-0.536943478,-3.127677273,-0.086977273,-0.168081818
pote.txt_2579,4.07985,4.0843,4.15041,2.964066667,-1.495090909,-0.5752,1.1677,137.571925,40.64013333,-0.4982,133.4665545,32.4183,-0.10158,130.00408,31.88294,0.462801,0.322779,0.3294736,0.149908333,70.635,10721.83333,0,57.84454545,8906.363636,0.02145,62.634,9233.8,10635.71288,0.978858333,9123.711191,0.078190909,9413.053,0.15351,1.146291667,1.136981818,1.08626,368.4891444,358.7908615,368.8955225,0.476941667,0.293533333,0.496016667,0.387154545,0.186472727,-0.215836364,0.39846,0.22944,-0.1665,4.50145,-2.568527273,-0.5558,9.392375,4.406916667,5.301716667,-4.888436364,-1.971318182,2.062290909,-0.80124,-1.14744,2.82277
pote.txt_8701,4.787663636,4.576853125,4.614616129,0.784251515,-0.063471875,-0.486058065,0.718009091,193.4540758,37.83614545,0.052315625,187.6360219,32.29990313,-0.274867742,183.7153645,31.0039871,0.37233803,0.261793844,0.254277323,0.92089697,74.56242424,6668.575758,0.35990625,68.6278125,4899.71875,0.13436129,67.57096774,5164.354839,9027.264279,0.290763636,5963.316659,0.15055,5789.89839,0.084406452,1.267284848,1.21703125,1.215990323,359.9610163,334.4330992,327.0481884,0.415981818,0.365390909,0.41160303,0.31415625,0.154203125,0.109159375,0.268119355,0.175551613,0.109648387,3.369006061,0.05441875,-1.532854839,7.134772727,3.755930303,3.208469697,-0.939634375,0.39283125,-0.32846875,-3.561112903,0.546612903,-0.403383871
pote.txt_8239,4.609711538,4.313032,4.1711875,1.519453846,-0.029432,-0.232295833,0.841823077,170.6194423,39.23646538,0.052508,163.019096,36.2886,-0.082041667,168.1062708,34.8863875,0.422214808,0.32361556,0.339554958,0.395373077,77.18692308,9626.201923,0.158604,70.5808,8041.4,0.1054125,67.48708333,7828.333333,9703.721315,0.836719231,6895.365012,0.511352,6397.604671,0.410670833,1.137030769,1.083916,1.059020833,404.1741001,392.3086768,394.379725,0.449773077,0.361611538,0.400426923,0.128356,0.21226,-0.043172,-0.054258333,0.216525,0.104225,3.3566,0.162628,-0.528979167,7.343384615,3.244530769,3.011515385,-0.528456,0.363224,0.404504,-3.373166667,-0.116354167,0.501658333
pote.txt_7811,5.853943478,5.5709,5.484971429,1.032182609,-0.110163636,-0.594009524,0.811421739,183.0700261,40.52058696,0.006504545,176.4010091,31.3684,-0.335690476,178.3526619,31.78924286,0.414792957,0.317612364,0.313129619,0.462517391,80.84869565,8175.956522,0.247227273,70.78909091,7360.681818,0.175947619,68.28714286,7085.857143,10313.34614,0.483621739,7919.996923,0.222177273,7008.954652,0.1694,1.184547826,1.129781818,1.118214286,398.7900634,379.0938685,366.6140277,0.466591304,0.39333913,0.323991304,0.239195455,0.162954545,0.160013636,0.085657143,0.17692381,0.088171429,4.084634783,-0.337131818,-2.092595238,9.931573913,4.875930435,2.099334783,-1.582495455,0.663472727,1.195609091,-4.353771429,-1.591504762,1.190080952
pote.txt_9571,3.853888889,3.80905,3.866328571,3.424488889,-0.10725,-1.235714286,1.239166667,183.1893778,51.14244444,0.044975,184.3298,49.125675,-0.302142857,180.8689714,50.42168571,0.596859667,0.48896875,0.484926571,0.248622222,69.00777778,12310.77778,0.1129375,57.13375,10251.875,0.137428571,56.57,9525.428571,11725.28299,1.273655556,9848.159188,0.425225,10477.4922,0.082385714,1.112322222,1.1012,1.064771429,346.1390446,294.5170571,291.8076504,0.306733333,0.290455556,0.522422222,0.2524625,0.176825,-0.0101625,0.269028571,0.225385714,-0.286342857,4.474866667,-0.13425,-0.934757143,12.28137778,6.681811111,5.707388889,0.375775,-0.681875,2.837375,1.726128571,-4.806842857,1.455914286
pote.txt_821,4.42201875,3.42496,3.15735,1.04644375,0.252766667,0.061871429,0.994125,205.3541563,21.090775,0.671506667,193.4944,18.44494,0.558707143,185.5025071,18.02608571,0.465678875,0.412083333,0.393463286,0.2333625,76.275,8560.25,0.148966667,73.026,6031.633333,0.114857143,72.56428571,5057.267857,12282.47368,0.53596875,9192.60196,0.2315,9211.484943,0.156228571,1.05218125,0.912906667,0.860692857,388.4147438,345.3755557,351.707298,0.36815,0.505725,0.3544125,0.080826667,0.311966667,0.113733333,-0.182542857,0.317771429,0.043042857,3.63879375,2.383786667,1.658614286,6.9296875,4.3889,3.6331875,-0.468306667,1.104593333,-0.14996,-0.965071429,-0.042978571,-1.740364286
pote.txt_937,4.6189675,4.441912821,4.492928947,1.0779275,0.197064103,-0.02845,0.6169225,168.62577,35.3499,0.059902564,165.1990051,33.44596154,-0.013297368,165.3255263,32.82496842,0.410266025,0.320057692,0.315591,1.608505,69.7765,5959.85,0.577853846,63.90666667,3976.769231,0.690136842,62.95447368,4356.526316,7076.998658,0.5052175,4643.474021,0.267628205,4841.455892,0.208452632,1.017085,0.972838462,0.979013158,359.3149494,308.4582407,313.4433746,0.44453,0.2566775,0.4599825,0.196397436,0.046348718,0.186592308,0.180084211,0.113952632,0.186221053,2.0130125,0.068315385,-0.164960526,5.7443425,6.368685,4.49208,-0.477382051,1.721782051,-0.589730769,-0.469468421,1.480847368,1.048523684
pote.txt_5139,4.906575,4.696654545,4.75134,2.582241667,-0.244363636,-1.1447,1.438925,162.294675,37.28369167,0.210218182,160.5943636,30.5923,-0.43899,153.99187,32.73595,0.490312583,0.375156545,0.3209125,0.348483333,86.99083333,11222.83333,0.113490909,75.31636364,9802.454545,0.02145,71.839,9541.1,10909.89637,1.037816667,7784.273355,0.409963636,6364.02973,0.18905,1.229425,1.193027273,1.2089,395.4060446,391.614177,393.6387176,0.354475,0.402116667,0.471341667,0.084454545,0.132772727,-0.049236364,-0.03038,0.02417,-0.08214,5.935508333,0.218136364,-2.85837,10.64445833,3.296025,5.498766667,-1.437609091,-0.355409091,1.738845455,-7.61986,-1.13979,1.27612
pote.txt_999,2.647966667,1.518125,1.584142857,1.742888889,-0.3432,-0.079542857,0.906866667,257.1369444,28.28625556,0.0092625,260.308,26.9045625,0.1651,252.1478571,26.17257143,0.655728444,0.4250295,0.50525,0.429477778,70.24666667,7755.75,0.156,60.555,3937.71875,0.263771429,64.83428571,3008.214286,13674.38539,0.682466667,8379.208462,0.091125,9412.625429,0.096914286,0.658911111,0.568425,0.534142857,361.7928115,305.482136,298.4837849,0.282533333,0.404444444,0.541522222,-0.0726,0.262675,0.158625,-0.098728571,0.254071429,0.106857143,3.065377778,-0.319275,0.1463,8.697922222,5.532277778,4.378422222,-4.489875,-0.978275,-0.1139,-0.430771429,1.232028571,-1.748414286
pote.txt_8883,4.840868421,4.720886486,4.664255556,0.823736842,-0.017135135,-0.276561111,0.650884211,185.6326158,37.94104211,-0.068394595,179.8277081,34.15324054,-0.211408333,177.9118444,30.76119167,0.247660895,0.155913676,0.154602222,0.689631579,69.15368421,8237.526316,0.254605405,60.79378378,6119.756757,0.138544444,59.39916667,5827.916667,11675.02282,0.323173684,8745.698924,0.091537838,7985.072317,0.118544444,1.301705263,1.228521622,1.228341667,364.3750717,311.9880749,310.5602684,0.470268421,0.290078947,0.3076,0.123110811,0.157497297,0.10492973,0.0871,0.123755556,0.164294444,2.893110526,-0.189643243,-1.417683333,9.290942105,5.612794737,2.528652632,0.140772973,0.17122973,-0.040718919,-4.604247222,-0.428988889,-0.643469444
pote.txt_9489,4.415790909,4.48141,4.411222222,1.427018182,-0.3928,-0.735822222,0.920090909,188.8365364,54.36415455,-0.2836,172.40708,37.75178,-0.446855556,174.6614889,38.12471111,0.439737455,0.4189847,0.388425889,0.262790909,67.58727273,9643.818182,0.07128,63.112,6712.8,0,57.35555556,8091.555556,13761.44239,0.109409091,9507.89011,0.05527,10980.27854,0.031644444,1.217409091,1.10707,1.120777778,351.2181336,301.203844,308.9160635,0.511709091,0.328472727,0.296872727,0.46105,0.12945,-0.1253,0.4502,0.120922222,0.002722222,4.967609091,-1.54626,-2.885088889,11.56992727,4.630245455,3.191390909,-2.37312,-0.20726,0.66318,-5.485944444,1.305377778,1.404166667
pote.txt_959,3.615945833,3.352130435,3.334404545,1.050491667,0.299113043,-0.094663636,0.7723625,205.72105,39.91254583,0.129504348,194.3488826,32.43126957,-0.248027273,191.0747455,29.62689545,0.306336292,0.231599043,0.220780909,0.767866667,59.9175,7982.395833,0.07016087,56.85130435,6267.652174,0.06255,54.03818182,5299.727273,14262.12322,0.068929167,12094.21707,0.046634783,11266.1893,0.035936364,1.201191667,1.122847826,1.123440909,368.8477286,338.6831541,333.204781,0.4997625,0.323841667,0.279675,0.232852174,0.216578261,0.082730435,0.263377273,0.176963636,0.093631818,3.558870833,0.553195652,-1.566359091,9.1331125,3.324745833,3.805354167,2.276343478,1.322986957,-0.584130435,-1.683095455,1.053309091,-0.846436364
pote.txt_3567,5.291266667,5.23924,5.55,0.7347,0.148,-0.338,0.592866667,181.1197667,51.7473,0.1847,175.72312,32.60026,0.14625,171.8239,22.7971,0.165014,0.0637778,0.0363125,2.632966667,55.15,8187.333333,0.70528,55.952,6397.2,0.7975,55.64,7968,12076.71247,0.114733333,8974.51148,0.10172,9973.5532,0.0672,1.220466667,1.27004,1.2688,538.535773,545.8706758,541.9485094,0.656433333,0.4018,0.247933333,0.1596,0.24578,0.23292,-0.6594,0.36515,0.2028,2.014833333,0.35112,-1.2024,8.675266667,2.263633333,6.449966667,0.5851,0.58224,0.37858,-4.49465,-2.3055,1.7205
pote.txt_4861,3.444563636,3.43829,3.4204,3.616363636,0.166,-1.961111111,1.549681818,195.3837636,41.91844545,0.12516,162.89881,33.70997,-0.658822222,163.7364889,32.87703333,0.493900364,0.3787972,0.262683556,0.201945455,72.91090909,14340.81818,0.10595,68.232,14496.1,0.023833333,60.05222222,14391.22222,14161.25062,1.329181818,9709.68789,0.76047,9140.8484,0.251877778,1.275072727,1.20493,1.230466667,388.9464371,386.9266295,389.6057091,0.297281818,0.287909091,0.507090909,0.0853,0.17609,0.14416,0.107688889,0.1678,-0.108444444,5.651463636,-0.52346,-3.441022222,13.08803636,3.6067,6.642881818,-3.40871,1.20415,4.5953,-10.26617778,-0.480566667,3.070977778
pote.txt_3111,4.295533333,4.21095,4.3548,2.855866667,-0.52,3.75,1.778166667,126.9031,21.57016667,-0.6741,133.334,20.987,2.573,103.7674,9.7812,0.556342667,0.4165,0.678264,0.190466667,92.12666667,16011,0.098,67.58,16524,0.2145,118.65,14756,10278.95813,1.218466667,10292.6208,0.7992,5445.2844,0.8957,0.9843,0.7884,1.1808,436.0472867,459.9424563,361.359941,0.416466667,0.171633333,0.461866667,-0.35405,0.1155,-0.128,0.1122,0.0216,0.6,6.2722,-1.47735,8.8922,6.097366667,4.573633333,7.2311,-3.9754,4.5588,-0.0329,8.1792,3.5532,10.8016
pote.txt_2537,4.204368421,4.06035,4.063876471,2.387563158,0.1425,-1.266764706,1.281394737,192.5685316,57.46525263,0.0469,185.0809389,47.9228,-0.5487,182.0190118,41.65977647,0.444755947,0.361264667,0.338236882,0.192863158,69.55105263,14699.05263,0.100738889,60.52666667,14230.44444,0.043288235,58.80470588,14064.82353,18042.47496,0.686663158,16179.69137,0.439672222,14163.48553,0.303694118,1.077715789,1.053705556,1.058129412,470.8305088,467.6411444,458.7513779,0.517894737,0.470589474,0.333152632,-0.021311111,0.248883333,-0.033572222,-0.152523529,0.172664706,-0.159941176,6.1064,0.287772222,-2.6323,15.04161053,3.631042105,4.642331579,2.991244444,0.425366667,1.247644444,-4.718047059,-0.277323529,0.128276471
pote.txt_7973,6.040525,5.69536087,5.831845455,1.390633333,0.324678261,0.045563636,1.045425,162.965225,24.37690417,0.342473913,156.2566478,17.8846913,0.386045455,155.2340682,18.76644545,0.406373917,0.265513304,0.194248773,0.465429167,95.51875,9998.5,0.346273913,90.41434783,8062.869565,0.263859091,92.46909091,9038.818182,8526.271338,0.631104167,6711.694678,0.344182609,7297.071236,0.376081818,1.159358333,1.134608696,1.152195455,410.2395818,355.4338308,377.8493076,0.464541667,0.3099875,0.555091667,-0.116382609,0.1192,0.194321739,-0.106636364,0.123113636,-0.057218182,4.225025,1.114295652,1.917668182,7.263020833,5.364804167,3.797270833,1.407595652,-1.367152174,1.180821739,3.481313636,0.218827273,-0.569590909
pote.txt_10845,4.967772973,4.760841667,4.7859,1.030451351,-0.076533333,-0.351954286,0.812281081,198.3674108,41.59702432,0.052263889,192.2876778,34.74680556,-0.216902857,189.8901229,34.12041143,0.421734676,0.293122694,0.311819429,0.762959459,72.77324324,7712.891892,0.212513889,64.49027778,5045.722222,0.162905714,64.56942857,5601.028571,11118.00795,0.228054054,6976.375461,0.094827778,8211.795691,0.059454286,1.170010811,1.085977778,1.089202857,340.7457079,275.728796,276.0834355,0.417308108,0.318408108,0.342345946,0.276252778,0.036719444,0.001752778,0.254171429,0.075417143,0.063194286,4.034897297,-0.375336111,-1.278808571,9.323240541,6.497151351,3.364086486,-1.872172222,0.586425,-0.282222222,-1.930757143,-0.29666,-0.032377143
pote.txt_9105,5.404411111,4.855295455,4.667534884,1.384928889,-0.154775,-0.396027907,0.869333333,168.4962,32.08966667,0.110715909,159.838675,27.18387955,-0.177495349,162.9777163,27.61827674,0.525052222,0.424481386,0.423727395,0.382713333,78.09222222,7813.861111,0.180661364,71.75022727,6152.039773,0.189813953,70.47209302,5454.406977,8790.781389,0.775964444,6076.03823,0.333045455,5329.169502,0.207653488,1.05382,0.973977273,0.970123256,339.100287,292.7299579,270.9596679,0.356744444,0.451026667,0.388826667,0.080456818,0.1947,0.075386364,0.064881395,0.133274419,0.043372093,3.255708889,0.030740909,-0.925353488,8.038295556,7.336957778,2.817257778,-1.020906818,0.529495455,0.516186364,-2.381123256,-1.407569767,0.511609302
pote.txt_11413,4.726414,4.255126531,4.16811875,0.701186,0.085620408,0.147735417,0.61002,226.755188,44.059392,-0.047969388,220.4607306,40.95327755,-0.062927083,221.6374458,40.78422917,0.35805118,0.256596367,0.259624417,1.112512,63.2526,8934.99,0.393044898,55.16632653,7496.295918,0.400866667,54.26416667,7701.770833,13449.02584,0.413136,10114.58874,0.209489796,10621.69441,0.195516667,1.137468,1.061106122,1.062452083,444.5665743,431.8036901,434.1475262,0.519952,0.49518,0.308444,0.130104082,0.252408163,0.189116327,-0.057772917,0.275766667,0.19014375,2.988562,-0.240761224,-0.1051125,9.936734,2.956278,2.53601,0.045518367,0.501387755,-0.400289796,1.278310417,-0.013647917,0.057554167
pote.txt_6931,4.499552941,4.40310625,4.323113333,2.1908,0.305225,0.210173333,1.120041176,151.8725647,29.81688235,0.30278125,146.4818937,28.14773125,0.4617,147.85534,27.54768,0.552994353,0.490818563,0.419961133,1.370764706,77.03705882,9791.941176,0.4332625,72.200625,7341,0.7348,68.19533333,9111.133333,6784.190165,1.083782353,5334.644813,0.5986875,5965.971693,0.55134,0.9461,0.9206875,0.93936,404.2033337,383.6874947,407.4487563,0.388541176,0.297935294,0.5508,-0.00745625,0.1948625,-0.152775,0.03252,0.228093333,0.093046667,3.246247059,0.861525,0.70688,5.732770588,5.443582353,6.456794118,1.16116875,-1.9190625,-0.31589375,1.151333333,0.365746667,-0.658526667
pote.txt_4673,4.066663636,3.61617,3.699655556,1.458518182,-0.1322,0.408933333,1.293236364,195.4701273,26.37635455,-0.11472,190.30924,20.79704,0.406422222,186.1533778,22.10625556,0.347669273,0.2750722,0.225975333,0.807290909,74.87818182,12535.75,0.06796,65.936,11641.15,0.217933333,69.57888889,12107,14354.82388,0.466081818,12967.21778,0.37365,13162.57424,0.358344444,1.120263636,1.0228,0.973544444,457.5171422,451.3488836,449.897798,0.469254545,0.295781818,0.301245455,-0.06999,0.22977,0.00334,-0.062022222,0.222566667,-0.070977778,4.951809091,-0.03288,0.885811111,7.810772727,2.779390909,5.985218182,-3.01914,1.88682,0.76197,1.782866667,1.858711111,1.007577778
pote.txt_7455,4.355675,4.098057895,4.212033333,2.067305,-0.234631579,-1.388472222,0.88255,177.03992,38.857375,-0.016621053,167.0112211,34.75937368,-0.53285,157.9795556,32.72788889,0.42810495,0.314078211,0.272685111,0.28783,70.776,8965.55,0.133763158,64.54,7450.052632,0.105316667,61.40944444,8915.166667,9024.119325,0.952405,6160.561042,0.462831579,5633.561272,0.241111111,1.264845,1.225431579,1.198627778,347.3516553,345.2518641,350.7315287,0.32058,0.39204,0.47128,0.197852632,0.2979,-0.2412,0.153133333,0.330866667,0.083577778,3.02233,-0.234463158,-2.468466667,8.19201,4.47459,3.676195,-1.327947368,-0.836178947,1.839221053,-6.404844444,-0.309977778,2.077838889
pote.txt_4345,3.36913,2.015822222,1.472475,1.62336,-0.099511111,-0.0807,0.98518,252.91481,27.18819,0.232122222,246.5987111,26.07836667,0.2793375,253.7793,24.7366,0.6595445,0.466472222,0.533203125,0.47117,78.351,7669.075,0.205111111,68.17666667,4643.75,0.27565,69.03,2969.375,12398.09046,0.78583,7625.903767,0.326988889,8697.765562,0.111,0.80038,0.658866667,0.560975,365.7067847,313.9076443,308.7892198,0.26004,0.37921,0.48753,-0.0704,0.221788889,0.136555556,-0.0992875,0.186725,0.0965,3.59984,0.544311111,0.6500125,8.77677,4.99426,3.94107,-3.0054,-0.760377778,-0.074488889,-0.846625,1.120925,-1.549375
pote.txt_6397,3.334925,2.85028,2.787857143,0.57135,0.392186667,0.071714286,0.4936375,134.671325,18.4603,0.391386667,129.3090333,18.01218,0.141728571,131.0282143,17.26552857,0.205236125,0.186850933,0.18075,0.032625,73.16875,2622.90625,0.02442,72.946,2234.733333,0.018385714,72.73857143,1772.571429,6158.963863,0.0401875,6044.648293,0.032766667,6080.207143,0.018471429,1.4709875,1.38498,1.364785714,217.3894976,218.1772522,219.1192294,0.4553,0.0974125,0.3783,0.4437,0.054346667,0.281866667,0.433871429,0.054342857,0.168228571,1.86395,1.485733333,0.528285714,1.197925,2.5899875,1.8601375,0.067613333,2.09026,-0.24416,-0.475971429,1.321528571,-1.007385714
pote.txt_35,4.509107143,4.044643902,4.0087725,1.68392381,-0.12925122,-0.1383375,0.89867381,176.2069548,34.15608571,0.164702439,169.9070415,30.23317073,0.16375,169.04136,31.0632375,0.506625405,0.407824195,0.366115275,1.37772619,68.9602381,8188.994048,0.630197561,63.75853659,5705.890244,0.480125,62.6005,5956.1125,9134.350098,0.761302381,6306.234722,0.352536585,6174.326195,0.2943725,0.867521429,0.812236585,0.80335,397.6420315,339.5971448,333.2326803,0.378261905,0.360114286,0.449130952,0.08175122,0.1508,-0.001278049,0.089855,0.17431,0.0002825,2.717988095,-0.227278049,0.1941075,7.165740476,7.335461905,5.802669048,-0.987019512,-0.404178049,-0.563185366,-1.5703775,0.2749975,-1.5120125
pote.txt_6209,4.72792,4.627485714,4.640023077,2.219626667,0.405428571,-0.309615385,1.8284,122.60206,22.07622,0.219,121.5637429,14.87393571,-0.027607692,120.8423615,15.32033846,0.375512133,0.252658714,0.233535231,0.11166,86.706,17306.06667,0.085942857,80.90571429,17094.71429,0.071130769,80.68,16997,15812.76921,0.823593333,13680.64007,0.6158,12847.96375,0.646630769,1.200673333,1.203214286,1.207823077,458.353079,445.4026424,440.333814,0.527833333,0.352026667,0.405093333,-0.208085714,0.117857143,0.020185714,-0.105192308,0.095269231,-0.122923077,7.375853333,0.864792857,0.128461538,11.85134667,6.18062,6.593506667,-3.486664286,2.993642857,2.581435714,-5.986215385,3.361776923,2.282738462
pote.txt_2697,4.623678571,4.503138462,4.4634,1.0744,0.115138462,-0.274633333,0.701842857,206.4485,42.97278571,0.036053846,189.0524,38.93080769,-0.246666667,195.5810167,37.17098333,0.305917714,0.208271385,0.215074083,0.334728571,65.28142857,8215.214286,0.008376923,59.22846154,5970.384615,0,54.63333333,6470.25,13613.02846,0.179478571,8477.012169,0.056969231,9831.011825,0.03365,1.284478571,1.193215385,1.214266667,347.9469952,304.5927485,305.1420683,0.5073,0.399114286,0.347407143,0.420530769,-0.015938462,0.169323077,0.344816667,0.095725,0.062416667,4.048221429,-0.341230769,-1.58065,10.50772143,4.382914286,2.363728571,-2.341646154,1.666584615,1.403453846,-2.74025,1.284091667,0.594633333
pote.txt_961,3.7653125,3.504895652,3.428168182,1.106558333,0.336121739,-0.037045455,0.7644625,199.1835833,42.68228333,0.138856522,189.664187,35.07446087,-0.228513636,185.5296545,32.45942273,0.328055042,0.27176813,0.248082682,0.767866667,58.63416667,8023.729167,0.07016087,55.4026087,6102.434783,0.06255,52.83681818,5677.545455,14146.03716,0.06855,12136.98921,0.045117391,11547.1452,0.035540909,1.157858333,1.079230435,1.072604545,377.9733985,348.032573,343.4507214,0.5296625,0.346779167,0.2754625,0.336878261,0.24106087,0.063821739,0.368204545,0.200772727,0.093822727,3.640025,0.552252174,-1.382304545,9.2472125,3.513929167,3.910120833,2.714104348,1.259708696,-0.398078261,-0.955063636,1.195013636,-0.984618182
pote.txt_6571,4.208829412,3.46368125,3.61158,0.985517647,0.3658625,-0.024773333,1.205870588,173.1685824,20.13878235,0.66581875,160.0375125,15.94009375,0.448046667,162.02888,14.65715333,0.461388941,0.409745687,0.404201867,0.355217647,93.60823529,6438.573529,0.16895625,91.71375,5234.21875,0.12276,90.852,4882.05,8386.850429,0.264452941,6612.79955,0.15100625,7535.996073,0.113246667,1.106341176,1.0486625,1.090373333,354.0148431,339.0160877,328.9970893,0.355229412,0.305782353,0.484435294,0.3201625,0.00666875,0.09785,0.306833333,0.108786667,-0.004746667,5.399635294,3.208225,1.975213333,4.6408,2.488317647,5.034070588,1.45150625,0.43795625,2.20741875,0.936053333,-0.32082,0.47662
pote.txt_3503,3.82405,3.82162,3.82,3.45305,0.16622,-2.025,1.5625,111.47905,36.8712,-0.1655,109.87822,34.96608,-1.3175,108.811,33.696,0.459764,0.2080472,0.040236,0.2197,69.705,22138,0.13858,61.902,21503.2,0.0845,56.7,21080,17452.593,2.01125,12676.17528,1.89962,9491.8968,1.8252,0.95085,0.95058,0.9504,524.4800449,509.1257009,498.8894715,0.5242,0.51665,0.61045,0.07768,0.36542,-0.03782,-0.22,0.2646,-0.47,4.4729,-0.5701,-3.9321,15.42845,9.83645,6.27805,-2.03662,9.45338,0.75682,-13.68,9.198,-2.924
pote.txt_7887,4.657278261,4.389195455,4.410690476,0.944382609,0.169309091,-0.144761905,0.567904348,208.7932783,42.1203087,-0.064659091,198.5101364,37.20154091,-0.242361905,195.3490952,32.95502857,0.283382913,0.190636364,0.152367048,0.273091304,65.15695652,8059.478261,0.096945455,58.24409091,6216.227273,0.02607619,54.05190476,6603.047619,13352.04954,0.217108696,10858.67608,0.078918182,10026.72289,0.060004762,1.321452174,1.31305,1.347166667,351.5621283,317.0573876,326.5006281,0.49223913,0.352491304,0.295652174,-0.034809091,0.185245455,0.098536364,0.140352381,0.123990476,0.142585714,3.11643913,-0.086363636,-1.629080952,10.16334348,4.552621739,1.289126087,1.353218182,-0.058168182,-0.205495455,-4.127171429,1.504104762,0.113138095
pote.txt_7957,5.034604167,4.721769565,4.780554545,1.569458333,-0.022286957,-0.228395455,0.823954167,170.1683083,44.256275,0.083930435,162.5134174,39.40961304,-0.134677273,166.9467182,37.76175909,0.433909208,0.334549522,0.339423591,0.496795833,79.94,9875.791667,0.172395652,71.68217391,8565.434783,0.150545455,69.32636364,8401.636364,9297.827704,0.958675,6595.163796,0.556686957,6085.205909,0.508940909,1.133208333,1.109182609,1.084618182,420.9122092,406.607167,408.8446906,0.4470125,0.409275,0.426179167,0.092543478,0.208630435,-0.037221739,-0.087490909,0.262404545,0.113245455,3.490620833,0.227491304,-0.568877273,8.1091125,3.328304167,2.876183333,-0.564547826,0.548252174,0.443747826,-2.84215,-0.314940909,0.864763636
pote.txt_6659,4.1851,3.8915625,4.0343,1.010164706,0.126,0.088693333,0.551870588,191.5967,37.75895294,-0.11921875,174.8064375,29.10524375,-0.153373333,174.6144533,29.16899333,0.302498412,0.210866312,0.197283333,0.086182353,57.31529412,7124.485294,0.0152625,54.22625,5246.09375,0,54.38,3697.933333,13315.14531,0.039447059,10589.0987,0.01368125,8742.719353,0.012253333,1.189405882,1.08394375,1.07116,312.1050889,259.9554976,232.8311565,0.533964706,0.335376471,0.294511765,0.401475,0.17729375,0.1424125,0.415013333,0.075253333,0.07192,2.988229412,-0.5754875,-0.78892,8.581270588,5.945835294,2.002435294,0.7208625,1.550875,0.50735,-2.132166667,1.645693333,0.366486667
pote.txt_2725,3.7632,3.578488889,3.600135294,1.042589474,0.190711111,-0.362729412,0.655189474,201.1232526,43.22508947,0.160816667,185.0166556,35.95615,-0.279405882,184.4723765,32.39799412,0.325763947,0.263272389,0.238762235,0.343578947,61.86315789,7834.802632,0.0132,58.87166667,5413.944444,0,55.72941176,5674.529412,13384.92082,0.099989474,9610.073411,0.043594444,9116.844041,0.032494118,1.268289474,1.202761111,1.170447059,351.4733962,332.9432115,332.6647552,0.549526316,0.348757895,0.350368421,0.469911111,0.260694444,0.1393,0.461305882,0.235758824,0.182270588,3.498531579,0.60645,-1.775535294,9.385457895,2.350542105,2.283621053,0.362394444,1.251,0.051038889,-3.428664706,0.640517647,0.564311765
pote.txt_3873,3.899457143,3.88,3.85762,2.254357143,-1.1313,0.70244,1.2025,121.8691,43.2864,-0.6375,117.7815,39.744,0.2425,115.26052,38.59488,0.263478286,0.027412,0.2003528,0.132785714,52.32857143,25036,0.061966667,47.52,23686.66667,0.12506,56.394,23067.2,23729.32697,1.649171429,17027.3664,1.6056,17197.45704,1.76786,0.963385714,0.9603,0.95652,593.8353141,561.3626498,546.6096078,0.728114286,0.706828571,0.4435,0.186666667,0.496533333,-0.2397,0.32168,0.50458,0.10036,3.559185714,-1.8411,0.6845,18.4859,11.33047143,3.8971,-1.599166667,10.57283333,-1.7085,5.21188,10.27828,1.48612
pote.txt_1529,3.736958333,3.474186957,3.415363636,1.0740625,0.339469565,-0.047836364,0.76805,203.1435833,41.00961667,0.13156087,193.6789696,34.24155652,-0.240590909,189.8632909,31.58015,0.295331667,0.242083348,0.216907182,0.704854167,58.06291667,8136.104167,0.059973913,54.75695652,6392.434783,0.0519,52.12363636,5875.272727,14335.03385,0.073166667,12630.98858,0.047834783,11887.86239,0.038054545,1.189070833,1.112230435,1.097054545,380.091274,350.299567,344.0934803,0.505325,0.354275,0.2652625,0.325143478,0.246108696,0.066513043,0.347381818,0.198877273,0.090163636,3.6089,0.5483,-1.399840909,9.032516667,3.511833333,3.9740625,2.763843478,1.341695652,-0.046756522,-1.098422727,1.199045455,-0.69705
pote.txt_241,4.995008696,4.871354545,4.87827619,1.151913043,-0.103981818,-0.442590476,0.546852174,209.327513,41.15970435,-0.119745455,195.5866318,36.46281364,-0.260938095,195.6044095,33.96704286,0.323997652,0.215045455,0.222281714,0.304726087,62.75478261,9607.695652,0.126054545,56.69727273,7165.090909,0.07047619,56.14047619,7785.52381,14763.02419,0.299669565,10344.57797,0.067309091,9956.165271,0.055857143,1.036134783,0.976122727,0.966242857,403.1558541,341.6438442,338.6951768,0.561252174,0.42286087,0.363743478,-0.198345455,0.2625,0.180168182,0.096485714,0.216804762,0.206480952,2.811234783,-0.569381818,-1.51382381,11.21405652,6.542352174,1.588830435,-1.179836364,-2.183509091,0.148386364,-4.901285714,0.264919048,0.157333333
pote.txt_8857,5.251456757,4.915113889,4.784022857,2.237475676,0.171294444,-0.365257143,1.283332432,194.3956541,48.22382973,0.272688889,183.7503056,42.61810833,-0.066734286,183.8893057,42.90218571,0.544716676,0.432770833,0.407665486,0.565367568,89.79972973,11289.83784,0.291413889,79.64638889,10505.75,0.129117143,74.07971429,10336.42857,11431.14862,1.127556757,7360.774758,0.724608333,5488.809771,0.5662,1.152121622,1.1222,1.127791429,425.8809229,425.2883609,426.563947,0.323618919,0.459121622,0.452305405,0.015838889,0.060233333,-0.009941667,0.008934286,-0.040014286,0.029617143,5.7753,0.84155,-1.343585714,12.27646216,3.528783784,4.451905405,-0.394794444,1.144880556,0.561705556,-7.000985714,0.860897143,0.492157143
pote.txt_10685,4.393523529,4.29548125,4.24432,1.865105882,-0.0483,-1.316,0.9151,212.3702471,48.23492941,-0.0052125,203.6504688,42.8024625,-0.577713333,189.1135267,39.23152667,0.362246,0.26818925,0.2658898,0.302835294,65.19411765,10996.76471,0.0674375,55.94625,9887.3125,0,53.22333333,9571.8,15453.85853,0.599082353,12006.90268,0.25563125,9793.53274,0.08636,1.168311765,1.10525,1.076346667,413.9697043,385.7573663,373.869453,0.452735294,0.408423529,0.315405882,0.23498125,0.23895,0.00098125,0.16446,0.163666667,-0.104986667,4.364758824,-0.29561875,-3.15612,12.91825294,4.393752941,3.164229412,-0.204325,0.48215625,1.7975375,-8.616286667,-1.548226667,1.259586667
pote.txt_829,4.424688636,3.636351163,3.618757143,0.524622727,-0.022083721,-0.034995238,0.738156818,199.3187159,31.72255,0.096976744,194.8264884,28.1604,0.249228571,194.4960952,28.2795119,0.478315705,0.355561372,0.363376,1.760020455,70.76409091,5806.806818,1.011218605,64.18,3892.395349,0.705657143,64.72952381,3629.095238,8695.414545,0.235911364,6190.062488,0.127853488,6226.033538,0.099621429,0.890879545,0.786062791,0.822542857,374.3606002,313.4825689,322.6092187,0.396052273,0.317795455,0.368765909,0.152188372,0.053048837,0.181153488,0.07732619,0.067011905,0.130809524,2.626293182,0.095753488,0.50355,4.863245455,6.384363636,5.380243182,-0.646451163,0.342009302,1.953162791,-0.417654762,-0.377788095,-0.882661905
pote.txt_1605,4.702614286,4.31756,4.390210526,1.401490476,-0.03456,-0.247642105,1.110738095,183.709519,36.39047619,-0.002405,179.06959,29.515025,-0.027015789,181.6595158,28.27825263,0.399170048,0.3343118,0.333582579,0.313471429,78.88142857,9791.202381,0.133185,67.615,8160.675,0.116363158,69.28894737,7798.052632,11733.88651,0.503414286,9442.96095,0.259115,8686.046163,0.212463158,1.319657143,1.25949,1.270126316,388.0904365,379.5741415,375.9682045,0.435080952,0.346414286,0.291533333,0.16272,0.19483,-0.05603,0.147815789,0.158163158,-0.030410526,5.026519048,-0.478355,-1.116231579,8.85872381,2.329866667,3.585285714,-0.991735,-0.450505,1.15829,-2.390626316,-0.736621053,0.883142105
pote.txt_9017,4.978788372,4.672388095,4.661563415,1.026537209,6.43E-05,0.0209,0.907497674,180.6384047,31.31506744,0.22592619,176.5275571,28.67064048,0.288246341,174.6159976,28.16851707,0.487929977,0.419082024,0.367374341,1.944513953,78.90976744,6930.709302,0.773852381,74.42071429,5045.690476,1.051760976,73.82073171,4843.341463,7073.17564,0.650334884,4983.07669,0.375607143,4648.251085,0.384314634,1.048334884,0.973757143,0.965207317,391.7979567,338.8365346,337.6871621,0.38097907,0.27142093,0.431060465,0.110483333,0.078352381,0.121733333,0.08662439,0.052921951,0.073209756,3.113353488,0.675130952,0.595539024,6.356302326,6.01632093,5.618088372,1.248766667,-0.679233333,-0.24767619,0.414926829,-0.341765854,-0.02807561
pote.txt_7261,3.909463158,3.465477778,3.3406,1.009305263,0.380622222,0.040917647,0.594589474,242.1535211,42.72402105,0.054605556,232.2054722,38.57438889,-0.271994118,226.5051588,36.94929412,0.391283684,0.276647389,0.246080059,0.220063158,55.28684211,8443.973684,0.079094444,49.89,5191.694444,0,47.04882353,5691.970588,16379.45249,0.055105263,12858.97744,0.017427778,12169.90367,0.024070588,1.033457895,0.878383333,0.949482353,344.7350187,280.839415,286.3765241,0.479078947,0.416005263,0.299810526,0.285205556,0.260133333,0.101977778,0.211405882,0.223164706,0.1581,3.251521053,0.378588889,-1.503547059,11.31066316,6.436915789,2.058221053,3.106333333,1.188544444,-0.279522222,-1.852694118,3.129888235,-0.519505882
pote.txt_1235,3.670766667,3.423973913,3.322136364,1.098429167,0.10873913,-0.084863636,0.6545125,191.9210625,37.28904167,0.072330435,180.1024478,31.74178261,-0.118740909,176.4007182,31.18725455,0.286945083,0.239663652,0.200140773,0.8482875,59.83125,7076.9375,0.076604348,56.77826087,5510.826087,0.06255,54.91772727,4802.840909,12433.96572,0.258433333,9754.239687,0.060630435,9212.146314,0.050836364,1.144316667,1.073643478,1.056022727,387.5828355,364.3953256,363.4930433,0.515695833,0.34805,0.339670833,0.291478261,0.261169565,0.151330435,0.313868182,0.258327273,0.104722727,2.801133333,0.336426087,-0.717472727,7.839666667,2.841604167,3.6701375,1.148456522,0.045830435,-0.079347826,-0.640290909,-0.208927273,-0.673881818
pote.txt_4093,5.750477778,5.380425,5.615314286,0.614766667,-0.0574,-0.239314286,0.512433333,194.3863556,47.09571111,-0.06055,189.894825,45.8873875,-0.238942857,189.1433286,44.07142857,0.325044778,0.14778125,0.149517857,1.324322222,74.64222222,4576.666667,0.474375,60.75125,3484.5,0.290714286,68.84857143,3276.428571,7897.851911,0.364822222,4728.518025,0.1042375,4092.708471,0.0995,1.301788889,1.308725,1.298385714,353.5896921,348.3251432,331.3004076,0.406588889,0.485388889,0.412422222,0.2137375,-0.231475,0.27555,0.122742857,-0.265542857,0.348928571,3.244966667,-1.28535,-1.644114286,6.997588889,5.082755556,3.454988889,-3.731525,1.7179875,0.104875,-2.689071429,0.024171429,-0.589957143
pote.txt_7579,5.221147619,5.170295,5.077789474,1.027319048,-0.00646,-0.280652632,0.576942857,197.087119,48.43822857,-0.01235,197.10916,45.132695,-0.214505263,196.0126526,42.89758947,0.521513286,0.46539585,0.440749263,0.715052381,80.67190476,6289.952381,0.32343,73.4285,4594.3,0.334868421,68.66210526,4346.631579,8270.120957,0.554942857,5183.872635,0.257275,4338.215347,0.215547368,1.046990476,0.983405,0.986521053,349.4494614,325.3006907,301.4261023,0.387019048,0.370142857,0.468280952,0.166525,0.13562,0.176725,0.180363158,-0.053226316,0.2222,3.100280952,-0.01021,-1.524831579,9.249328571,6.179852381,1.73397619,0.166175,2.605625,-0.2467,-4.8872,1.899889474,0.268247368
pote.txt_11673,5.440311111,5.1696,5.2452,1.041572222,-0.005828571,-0.211714706,0.931866667,179.2912778,33.64397222,0.246894286,171.7350143,29.33382286,0.008097059,168.8862735,27.71272941,0.476919056,0.351019029,0.383051471,1.030005556,88.47277778,6753.194444,0.544108571,81.87457143,5151.742857,0.432832353,80.37,4841.441176,7745.562897,0.673483333,4705.515109,0.306028571,4104.545288,0.316994118,1.096486111,1.052848571,1.051129412,346.2069996,294.7488808,288.111733,0.282811111,0.304441667,0.365725,-0.044637143,0.042211429,0.113374286,0.046885294,0.030558824,0.108261765,3.665383333,0.411274286,-0.554311765,8.679861111,6.489347222,3.233041667,0.50248,-0.112217143,0.341542857,-1.464738235,-0.348264706,0.393720588
pote.txt_3007,4.564257143,4.247226829,4.2195775,0.941509524,-0.176278049,-0.00102,0.691761905,180.1959238,33.43390952,0.133014634,173.0448439,29.8369439,0.09949,172.909315,30.57714,0.467548667,0.350372634,0.34129895,1.623433333,71.89166667,5812.583333,0.870060976,65.27707317,4124.512195,0.54287,67.65425,3739.725,7386.502148,0.415845238,5187.793727,0.162619512,5652.365178,0.1518175,0.995188095,0.953626829,0.9564575,360.5220138,321.2295769,310.2479189,0.428152381,0.319445238,0.497969048,0.170858537,0.114980488,0.211782927,0.21474,0.173215,0.14058,2.393528571,-0.351460976,0.472335,5.914916667,6.012088095,4.747135714,-0.371273171,0.660014634,-1.207536585,1.2265525,0.3677825,-0.736385
pote.txt_12147,4.304230769,4.23035,4.302536364,1.884438462,0.0433,-1.028763636,0.729953846,219.9727846,53.58916154,0.063641667,195.8463667,47.81135833,-0.5049,178.6300364,41.40641818,0.436491538,0.384844917,0.315270182,0.210176923,56.81153846,10416.07692,0.088291667,53.645,7808.333333,0,51.93818182,7531.636364,15290.58951,0.578230769,9900.123883,0.228808333,5472.543145,0.094481818,1.153,1.081708333,1.001645455,351.267258,277.7085109,264.2751219,0.412776923,0.440046154,0.310184615,0.093708333,0.24165,-0.03075,0.176827273,0.181527273,0.028590909,3.257830769,0.259616667,-2.469436364,13.2154,6.587792308,2.350992308,1.689441667,0.514833333,0.869658333,-9.112663636,2.352309091,0.766918182
pote.txt_2297,4.479717143,4.126979412,4.120145455,1.738174286,0.133,-0.451660606,0.949974286,202.8714,47.05742571,0.121605882,195.3037559,38.86690588,-0.182709091,192.8889,37.221,0.525646114,0.4502255,0.44242297,0.307111429,73.51714286,9568.442857,0.140882353,66.89117647,7025.441176,0.136748485,64.16484848,7921.772727,12825.93965,0.504157143,9700.911094,0.181541176,9799.377994,0.164784848,1.02376,0.942188235,0.948833333,364.0822866,306.0850761,321.4482652,0.394537143,0.345771429,0.383305714,0.113688235,0.136320588,-0.043582353,0.102015152,0.173727273,-0.036033333,4.374448571,0.142855882,-1.225512121,11.28529714,6.395671429,3.490822857,0.786202941,0.265520588,0.197826471,-2.136154545,0.798518182,0.540424242
pote.txt_7351,4.581455,4.197094737,4.34875,0.89338,0.381263158,0.031288889,0.436795,220.51466,49.005865,0.040631579,210.0666474,42.47408947,-0.238,212.0504667,40.36342778,0.4271077,0.332507316,0.283854944,0.32684,59.8075,6758.7625,0.118910526,55.91842105,4183.026316,0,51.30944444,3649.833333,12533.77469,0.204905,7994.613605,0.056273684,7040.996544,0.029511111,1.053125,0.934873684,0.879322222,297.5696955,209.4421542,188.73782,0.407945,0.33086,0.28513,0.284968421,0.095826316,0.171773684,0.231883333,0.017577778,0.195672222,2.54749,0.271394737,-1.417761111,10.611935,8.832945,1.390685,0.125521053,3.239705263,0.019963158,-5.368044444,4.444666667,-0.143222222
pote.txt_8787,4.456305556,3.996665714,4.206058824,1.331944444,-0.201954286,-0.211270588,0.850975,174.9209583,33.73381944,0.139208571,170.6310029,29.01231143,0.141361765,167.4805941,28.75246765,0.478327222,0.374396829,0.348386029,1.636255556,69.37361111,6356.576389,0.676594286,62.65628571,4437.528571,0.518691176,62.20117647,5000.455882,8156.17415,0.5309,5950.335857,0.166497143,6021.943056,0.1112,0.936711111,0.887002857,0.874605882,385.5856079,336.2946134,329.0091841,0.410538889,0.316738889,0.415472222,0.305717143,0.142937143,0.040245714,0.303894118,0.189155882,0.079823529,2.859536111,-0.309717143,-0.121494118,6.119469444,5.887727778,5.875925,-0.93828,0.659525714,-1.039031429,-1.118505882,0.504952941,-0.810855882
pote.txt_3117,3.7654,3.82,3.6481,4.385366667,-2.025,6.25,1.8425,103.3979,31.8816,-1.3175,108.811,33.696,2.4025,87.2356,21.9024,0.612430667,0.040236,0.917764,0.2873,83.22,19884,0.0845,56.7,21080,0.4225,110.25,15376,12570.6888,2.292866667,9491.8968,1.8252,2806.8804,2.8561,0.9411,0.9504,0.9216,470.5370578,498.8894715,362.6510836,0.3656,0.368733333,0.7403,-0.22,0.2646,-0.47,0.0484,0.0729,1,5.183566667,-3.9321,6.6049,13.05043333,8.674433333,8.1299,-13.68,9.198,-2.924,8.2944,6.3504,11.8336
pote.txt_3139,5.7186,4.82275,5.9974,4.3492,4.05,1.85,2.165,129.7956,20.37013333,2.20875,112.08,20.6856,2.015,136.9244,19.4688,0.843139,0.857889,0.798014,0.5638,123.93,12547,0.51025,119.7,12834,0.598,129.15,10292,2175.065633,2.4761,2203.1733,2.535,1599.4662,2.2139,1.3056,1.152,1.3824,375.41157,371.9813974,381.3117112,0.051466667,0.0993,0.6672,-0.0022,-0.0162,0.48,-0.0528,-0.1053,-0.04,7.2066,7.02895,7.453,8.691733333,4.2843,7.8907,8.5824,3.6666,6.0372,8.8704,0.9828,0.2408
pote.txt_4073,4.592171429,3.868816667,4.24536,1.915157143,-0.388833333,-0.9498,1.134857143,199.9054429,30.26758571,-0.2925,185.4661333,27.1786,-0.68574,193.79714,25.87906,0.224547714,0.032789333,0.0681444,0.126385714,66.30714286,15651,0.076916667,57.03,16321.33333,0.02366,53.098,16067.6,19926.18281,0.665871429,18316.2873,0.5135,18482.32068,0.2941,1.145842857,1.131133333,1.14338,501.7064797,491.8372085,502.8325896,0.595614286,0.508242857,0.393842857,-0.196666667,0.347666667,-0.216833333,0.25008,0.35004,-0.09756,4.709057143,-1.33545,-2.74336,14.33992857,4.924214286,3.673842857,0.32,3.117466667,-1.627733333,-4.50806,2.57924,0.19592
pote.txt_1791,4.956924324,4.751091667,4.70984,0.945105405,-0.017286111,-0.366857143,0.82667027,183.4063216,35.72054324,0.090191667,176.1042972,30.02066944,-0.199785714,176.4248343,28.67132,0.360131081,0.251833722,0.265737286,0.771972973,77.01486486,7288.567568,0.230458333,71.06916667,5631.805556,0.224225714,69.66142857,5156.428571,9882.457365,0.367678378,7190.218358,0.204527778,6799.356614,0.11312,1.264672973,1.216613889,1.218008571,346.3841345,309.4806139,295.7705994,0.393010811,0.285991892,0.312748649,0.115055556,0.119272222,0.043413889,0.130128571,0.118825714,0.041088571,3.589943243,0.022997222,-1.121914286,8.453294595,4.986227027,2.997589189,0.368491667,0.654375,-0.347711111,-2.219577143,-1.242362857,0.299014286
pote.txt_5559,3.850392308,3.6365,3.660490909,1.276307692,0.145933333,-0.265963636,0.461430769,232.2538692,50.02861538,-0.042175,216.6177833,44.024225,-0.239209091,217.1887364,42.72412727,0.418449846,0.355439833,0.311112364,0.283553846,51.64846154,8040.019231,0.12765,50.16583333,5151.25,0,47.95090909,4788.863636,14703.32251,0.251630769,11136.39511,0.024091667,8791.333355,0.040227273,1.063815385,0.922166667,0.857054545,329.2460301,263.2522044,251.5952758,0.4765,0.406446154,0.3451,0.30535,0.257608333,0.059241667,0.305209091,0.176472727,0.1786,2.489115385,0.060158333,-1.309627273,11.15043077,6.568515385,1.852969231,3.792358333,0.981408333,0.009133333,-3.185827273,2.814936364,0.420763636
pote.txt_6597,5.614658824,5.2109625,5.272426667,0.755747059,-0.14935,0.049666667,0.693611765,212.5247412,42.44348235,-0.03210625,206.1220313,39.04968125,0.084946667,210.4265133,39.52554667,0.482220647,0.366688375,0.315100933,0.933764706,86.20764706,7963.647059,0.5644,75.635625,6186.4375,0.378966667,75.78733333,5144.333333,10225.77981,0.680223529,6329.159213,0.3611375,4184.516767,0.381633333,1.092041176,1.02100625,1.047913333,421.5758415,412.6444716,404.7705367,0.444470588,0.451517647,0.451288235,0.05804375,0.09926875,0.27508125,0.089053333,0.150293333,0.205146667,3.767482353,-0.2633625,0.1901,10.91112941,4.301770588,1.309435294,-0.58174375,-1.30365625,0.22461875,-2.088093333,0.063333333,-0.339
pote.txt_993,5.031275556,4.731236364,4.714302326,0.941151111,-0.122115909,-0.054062791,0.803768889,170.2093422,31.37862889,0.231634091,167.5027091,28.9435,0.266302326,167.8468256,29.90285116,0.501187711,0.366303341,0.374665698,2.166413333,75.89644444,5193.227778,1.126261364,70.52409091,3041.943182,1.166567442,69.94534884,2969.255814,5121.477451,0.57998,3528.074161,0.18595,3353.447479,0.243651163,1.016893333,0.929668182,0.919793023,337.2194202,254.3671424,261.9716401,0.313664444,0.259717778,0.413882222,0.039561364,0.045372727,0.126804545,0.157123256,0.036344186,0.082337209,2.233146667,0.344409091,0.458827907,4.747722222,7.56352,5.836155556,1.425381818,-0.156629545,-0.740563636,1.292872093,0.507093023,0.336176744
pote.txt_1613,4.522834615,4.18796,4.32665,1.60315,-0.265148,-0.5430625,1.035511538,193.5159308,37.49234615,0.020076,186.348516,31.146408,-0.208933333,184.0731208,28.44540833,0.367818462,0.26464724,0.255465833,0.773719231,66.71461538,10353.00962,0.205196,59.3964,9701.2,0.107179167,58.40791667,9559.166667,12426.67386,0.587976923,10358.3419,0.194968,9962.219183,0.2563,1.207196154,1.127324,1.17005,440.7325732,435.9242236,434.2550559,0.431861538,0.477661538,0.335488462,0.141116,0.3717,-0.035164,0.259075,0.374641667,-0.026970833,4.1183,-0.435748,-1.436766667,8.338176923,2.7759,5.052888462,-0.589384,-0.291156,0.653764,-3.530229167,-0.330670833,0.490241667
pote.txt_10587,3.852138462,3.86985,3.862963636,1.230153846,-0.088966667,-0.765818182,1.023976923,177.3004692,30.73904615,-0.016491667,160.2903917,24.08399167,-0.534909091,162.0270091,20.77570909,0.198085538,0.160583333,0.143358545,0.033507692,72.14461538,8910.461538,0.009075,67.9725,6632.583333,0,64.55090909,7310.363636,13029.8975,0.091207692,10605.28691,0.043533333,11095.10542,0.0322,1.583615385,1.595508333,1.590081818,308.085245,289.360475,302.2840708,0.455792308,0.192561538,0.273415385,0.342516667,0.100166667,-0.041733333,0.3504,0.066981818,-0.152945455,4.805076923,-0.024133333,-2.629709091,8.397046154,2.137661538,3.274046154,0.140966667,-0.442091667,1.309683333,-4.5233,-0.630490909,0.583963636
pote.txt_10707,4.852223077,4.779283333,4.780236364,2.307884615,-0.419166667,-1.516363636,1.422284615,190.1406692,44.07935385,0.063691667,176.1842083,31.257825,-0.570354545,168.3871909,33.68811818,0.450108,0.362297417,0.327646455,0.297553846,80.75384615,12480.23077,0.0803,71.02,11599.58333,0.0099,65.77545455,11553.09091,14848.47567,0.761830769,10712.4909,0.252516667,8663.308764,0.136790909,1.212776923,1.203816667,1.172181818,432.7998208,427.1381568,431.4116217,0.410630769,0.471561538,0.369984615,0.078158333,0.15405,-0.03085,0.000427273,0.089663636,-0.096218182,6.480746154,-0.527658333,-3.665390909,13.18613846,2.823807692,5.0205,-2.546083333,-0.066708333,1.863408333,-10.27403636,-0.616518182,1.334345455
pote.txt_11033,4.4978,4.521408333,4.628636364,1.356869231,-0.132416667,-0.742745455,0.876884615,206.7295769,54.97932308,-0.153583333,195.5193083,41.26035833,-0.502536364,183.4271,35.14563636,0.444472308,0.371604167,0.372005,0.265784615,62.69615385,11650.30769,0.083325,58.41,8435.916667,0.034845455,57.16909091,7488.636364,16599.60794,0.183646154,11968.64963,0.09715,9019.715536,0.085309091,1.089692308,0.994966667,0.982209091,379.6009696,302.1543084,275.1086661,0.520738462,0.410346154,0.290784615,0.120575,0.18695,-0.116883333,0.155027273,0.0536,0.0085,4.676669231,-0.604933333,-3.090545455,13.7697,7.052453846,2.777861538,1.031225,-0.545058333,-0.111925,-9.537790909,-0.998936364,0.7562
pote.txt_887,4.273842857,3.567966667,3.645953846,1.386664286,-0.39297037,0.239723077,0.820735714,205.9097107,42.52754643,0.008948148,198.8510074,34.08296296,0.250242308,200.9199808,37.49767692,0.512967321,0.405405333,0.424621269,0.641596429,73.79857143,7208.857143,0.189244444,67.37148148,5016.240741,0.297623077,67.12884615,5608.403846,10935.66133,0.482667857,7667.959352,0.1226,9404.080758,0.197361538,0.972692857,0.865892593,0.875280769,363.5459986,314.1165807,314.5508092,0.378771429,0.402067857,0.451757143,0.191088889,0.095122222,0.021692593,0.137811538,0.214123077,0.228665385,3.714785714,-0.180022222,0.598630769,8.665982143,5.413846429,4.108621429,-1.360785185,-0.756285185,-1.058037037,2.082711538,-0.390607692,0.359034615
pote.txt_7651,5.034357143,4.897535,4.856310526,1.117004762,-0.17302,-0.575794737,0.799757143,191.7413476,44.50440476,-0.1374,180.299245,34.621055,-0.398315789,179.4551632,30.53427895,0.423551,0.30985765,0.285676895,0.341752381,70.25809524,9464.190476,0.120895,63.718,7303.95,0.077557895,59.59157895,7077.473684,12716.5464,0.322852381,9156.999015,0.189875,7824.645595,0.112294737,1.130519048,1.037345,1.105915789,369.7299691,330.156003,306.5630076,0.456890476,0.421233333,0.325885714,0.09632,0.2205,-0.030595,0.151263158,0.134573684,0.070868421,3.959657143,-0.74403,-2.568147368,10.54537619,6.600847619,2.469871429,-0.63943,-0.55266,0.41529,-7.425384211,-0.483005263,0.750568421
pote.txt_6735,4.060747059,3.897225,3.92844,0.939952941,0.4273,0.214346667,0.426047059,230.6008941,50.1603,0.0008125,212.82625,43.89918125,-0.176086667,204.4452,40.66953333,0.393455941,0.334986125,0.316281467,0.1442,53.92470588,7465.308824,0.0494875,51.30625,4317.6875,0.036506667,50.756,3167.033333,14759.35112,0.024176471,10196.21094,0.00911875,7838.58302,0.012426667,1.115388235,1.00558125,0.96926,287.8446583,197.9113562,174.4966799,0.437052941,0.345252941,0.269517647,0.232975,0.12375,0.147725,0.259006667,0.010833333,0.166586667,2.557352941,0.125475,-1.09296,11.03086471,8.231058824,1.269717647,1.549575,4.04425,-0.06215,-4.907313333,5.451453333,0.059226667
pote.txt_6939,4.846541176,4.73130625,4.723966667,2.351552941,0.2350625,0.52738,1.380370588,149.1754176,26.85651176,0.46989375,144.6503937,24.2143,0.68218,144.57472,24.45786,0.533223941,0.462695312,0.422221333,1.189735294,83.49,10909.70588,0.4367625,76.573125,9157.25,0.543306667,78.532,10475.93333,7413.310135,1.164358824,5607.649706,0.594875,6107.76346,0.708166667,1.077964706,1.024225,1.0495,409.3397276,382.5738816,399.8989162,0.331935294,0.263482353,0.454423529,-0.00131875,0.100625,-0.0505875,-0.02444,0.171126667,0.017413333,4.412117647,0.63853125,2.159893333,6.313288235,5.2569,6.998835294,0.01851875,-1.5073,0.55935,1.992793333,0.257626667,1.337433333
pote.txt_5805,4.586171429,4.502069231,4.4068,2.274778571,0.283507692,-0.826666667,1.2443,159.0009143,41.41255714,0.166230769,155.6483846,34.80275385,-0.07655,149.81955,33.085375,0.589251071,0.538788462,0.539976833,0.340192857,79.01071429,12429.42857,0.198692308,72.49769231,8366,0.162941667,71.77,10359.66667,11396.20701,0.816885714,7000.036954,0.445476923,9324.2437,0.1952,0.976671429,0.899676923,0.9199,369.0493302,279.947578,328.3104374,0.4216,0.289928571,0.471578571,0.117738462,0.057707692,-0.034,-0.023375,0.162266667,-0.226075,4.981271429,0.312253846,-0.587408333,10.31037857,7.895871429,4.956378571,-0.953338462,-2.4594,2.233323077,0.469908333,-4.333258333,1.565075
pote.txt_7063,5.100788889,4.880723529,4.94338125,2.903461111,0.920141176,0.76565625,1.386966667,148.3015111,27.58953889,0.467152941,131.9771235,23.80991176,0.5823375,133.0442688,25.2862125,0.640822611,0.540180588,0.542316,0.530444444,90.25777778,11379.22222,0.358364706,86.61411765,9565.176471,0.42451875,87.455625,9551.25,7360.892039,1.509794444,3388.674147,1.129817647,5612.818419,1.07595625,1.022972222,0.997117647,0.99410625,370.8481122,344.963978,340.3689914,0.261016667,0.355144444,0.604216667,0.137352941,0.233147059,0.013952941,0.148725,0.18995625,-0.13995,4.350416667,0.946770588,1.43489375,8.88845,7.261533333,5.514538889,0.556670588,-0.073411765,2.975517647,3.22808125,0.36218125,1.88390625
pote.txt_10797,6.356782927,5.706565,5.904982051,1.364158537,0.5564725,0.390833333,1.335007317,163.8008463,25.57456585,1.048715,159.1692825,21.7028125,1.017846154,156.6947795,19.77947692,0.584270415,0.52139515,0.514042744,1.729139024,99.42195122,7565.54878,0.9948675,91.58375,6816.95,1.113520513,92.18538462,6714.564103,4064.568959,1.305692683,2501.21861,0.97285,2412.10129,0.930182051,1.273887805,1.235435,1.242915385,423.9507058,411.8111117,408.6844389,0.2113,0.433,0.321358537,0.009835,0.1626325,0.0893625,0.03664359,0.119105128,0.0477,4.336704878,2.6781425,2.37514359,6.045573171,2.564792683,5.40145122,2.6514525,0.402895,-0.75241,2.982994872,-0.283007692,-1.339453846
pote.txt_1589,5.142678571,4.836115385,4.800975,1.101235714,0.049261538,-0.473683333,0.731521429,206.7324643,48.14953571,-0.171492308,201.3089154,41.74537692,-0.449308333,204.0642417,34.71348333,0.476178643,0.344133538,0.279400417,0.338592857,66.24428571,9923.285714,0.1164,58.85153846,7120.769231,0.031941667,57.23333333,6299.583333,14194.8565,0.272842857,9776.520308,0.158146154,6744.610292,0.095258333,1.06625,0.995461538,1.02405,351.3425123,279.657929,257.1954513,0.488221429,0.392414286,0.304157143,0.1976,0.128630769,-0.017576923,0.093108333,-0.028491667,0.061833333,3.96585,-0.572076923,-2.662466667,12.35159286,8.725285714,1.92505,-0.784892308,0.182707692,-0.0537,-9.485125,-0.3033,0.134725
pote.txt_1545,5.265559091,5.126152381,5.064695,1.088504545,0.0194,-0.44064,0.99495,179.4096364,31.38432273,0.240242857,171.5078714,24.43937619,-0.102635,169.712965,22.996595,0.431837818,0.318500667,0.34262845,0.292768182,78.51363636,8957.909091,0.080771429,72.87952381,7655.857143,0.16694,72.039,7841.8,10571.59597,0.297568182,7718.604229,0.141838095,9251.712055,0.12131,1.222281818,1.188771429,1.23773,339.7322255,311.962129,309.078703,0.409222727,0.361640909,0.331004545,0.110542857,0.216390476,0.136690476,0.137045,0.174895,-0.01192,4.460863636,0.566390476,-0.84073,7.814336364,5.917290909,3.152018182,-0.988319048,1.79592381,2.041714286,-1.31962,-0.486265,1.21349
pote.txt_3119,3.8827,3.91,3.82,2.520733333,-0.68445,-2.025,1.2825,119.5602,41.8608,-0.2975,122.26675,42.768,-1.3175,108.811,33.696,0.307097333,0.021,0.040236,0.1521,56.19,24392,0.0507,42.93,24990,0.0845,56.7,21080,22334.4972,1.729633333,20795.1012,1.4958,9491.8968,1.8252,0.9606,0.96525,0.9504,578.423032,592.5992389,498.8894715,0.6828,0.664566667,0.4806,0.39,0.6125,-0.12455,-0.22,0.2646,-0.47,3.762233333,-0.7956,-3.9321,17.80646667,10.99846667,4.4262,4.44125,11.26025,-1.10075,-13.68,9.198,-2.924
pote.txt_6669,4.800488235,4.5553125,4.64788,2.216335294,-0.2219625,-0.683666667,1.011570588,180.4704471,35.10542353,-0.01878125,173.5771125,32.4227625,-0.23588,176.71122,31.08101333,0.440767235,0.268355062,0.2891824,0.236623529,71.02411765,10229.70588,0.06703125,61.76,8407.125,0.101106667,58.38866667,8263.8,11465.33845,0.812217647,8274.682531,0.17535625,8976.7806,0.123546667,1.185470588,1.11510625,1.118566667,348.4648481,306.5373881,301.6286648,0.396611765,0.352235294,0.438741176,0.08491875,0.25641875,-0.040925,-0.0102,0.193693333,-0.12016,3.852952941,-0.07618125,-1.201633333,10.03867059,6.463864706,3.958005882,-0.1390375,0.30796875,1.07021875,-2.288133333,-1.164033333,0.78274
pote.txt_7749,5.030490909,4.864809524,4.834855,0.64415,0.247571429,0.07912,0.227186364,214.2943364,46.77328182,0.008657143,207.4518857,44.5022,-0.097875,205.99902,43.73804,0.4864325,0.382669333,0.3190132,0.541268182,62.84818182,5155.636364,0.264009524,57.92,3064.47619,0.07779,55.519,2055.35,9446.310836,0.219727273,5418.707443,0.059652381,2822.48228,0.05249,0.953759091,0.855647619,0.80946,268.4059551,196.5745545,186.8639834,0.3952,0.31875,0.401690909,0.29457619,0.11537619,0.328242857,0.24243,0.054165,0.278405,1.53455,0.079090476,-0.756365,9.156659091,10.82795909,0.668640909,-0.505504762,5.77132381,0.047838095,-6.551905,5.662085,-0.32821
pote.txt_3981,4.094,3.687,3.79756,0.790242857,0.0341,-0.13388,0.6271,207.8656,26.57617143,-0.137833333,190.3769,26.44618333,-0.10834,175.3627,24.53154,0.401666714,0.290497667,0.25095,0.187528571,67.73,6341.178571,0.135666667,59.38166667,5261.916667,0.05538,60.246,4257.5,11988.44913,0.108057143,9556.40825,0.0227,8010.92384,0.03892,0.9152,0.87865,0.87892,341.1546655,257.9754489,322.7790761,0.426857143,0.389542857,0.415857143,0.05315,0.104183333,0.337016667,0.20218,0.29384,0.2756,2.911442857,-0.532066667,-0.87556,6.688671429,6.706285714,2.6796,-0.25515,2.170366667,-0.3311,-2.28502,1.381,0.56042
pote.txt_7745,5.810445455,5.649152381,5.49779,1.240227273,0.188447619,0.00702,1.130872727,166.4092682,29.98855909,0.575414286,161.6158857,27.72045238,0.65803,164.31381,27.946445,0.478164227,0.391002667,0.3578056,1.9294,95.45681818,7747.5,0.880471429,92.42619048,6515.380952,1.07135,86.7935,5819,5176.035309,1.067704545,3975.777333,0.827247619,3200.698205,0.63425,1.188759091,1.141290476,1.12709,419.8540141,386.4005201,394.0641719,0.278972727,0.224913636,0.391236364,-0.084266667,0.052742857,0.058704762,-0.008175,0.014945,0.02973,3.940981818,2.3946,1.43378,6.727136364,5.33845,5.667781818,3.600633333,-0.327285714,-1.339395238,1.963775,-0.65089,-1.17625
pote.txt_9441,4.106782143,3.445811111,3.501119231,1.531467857,-0.542585185,-0.031911538,0.879310714,194.0344464,40.99701429,0.035240741,184.6209852,32.68898148,0.217115385,188.6033346,35.60708462,0.529267429,0.435104407,0.458134615,0.65245,75.33857143,7923.714286,0.205037037,68.87777778,5332.555556,0.31825,68.84653846,6142.846154,10380.18529,0.635707143,6767.983774,0.189466667,8896.70685,0.233165385,0.960446429,0.851633333,0.864484615,365.1913016,316.3454193,316.3339235,0.360139286,0.356592857,0.461860714,0.13402963,0.147044444,-0.035796296,0.093173077,0.204784615,0.155630769,3.529975,-0.024074074,0.314057692,8.542167857,5.856975,4.316675,-2.762688889,-0.517255556,-1.111303704,1.593911538,-2.032834615,0.157711538
pote.txt_9355,4.105219048,3.128755,3.553452632,0.996385714,-0.17619,0.500736842,0.935780952,230.3373619,33.7269381,0.183125,220.8659,28.866365,0.479747368,229.4127632,30.33368947,0.491548333,0.3850347,0.358581895,0.705833333,75.33857143,7658.333333,0.13183,68.043,5251.125,0.326178947,69.99578947,6201.671053,11868.24589,0.385847619,8922.487385,0.135375,9889.457647,0.250042105,1.0851,0.962235,1.001773684,363.3282469,344.186956,340.6743559,0.337619048,0.367885714,0.349804762,0.0646,0.04026,-0.05587,0.016963158,0.183184211,0.129752632,4.122009524,0.45536,1.665268421,7.6421,4.343771429,4.176204762,-2.96058,-0.932275,-1.63169,2.432584211,-0.168242105,1.474089474
pote.txt_2167,3.810133333,3.677241176,3.6547,1.941966667,0.375705882,-1.12195,0.962916667,188.1106667,45.08770556,0.352876471,178.4132059,41.09751765,-0.0546625,169.989575,38.2772875,0.396296389,0.268927294,0.25492275,2.675566667,52.69166667,8524.222222,0.578882353,48.22411765,6253.764706,2.28678125,47.93625,7446.5,10667.44263,0.645605556,8265.139106,0.251682353,7311.703388,0.08883125,1.052277778,1.034623529,1.008925,422.0107331,396.5955186,388.907805,0.407133333,0.2564,0.343922222,0.231135294,0.111476471,0.007882353,0.25205,0.139875,-0.1612625,2.637244444,0.568464706,-1.43966875,8.451661111,5.797983333,8.653611111,0.309917647,0.592217647,-4.611164706,-2.50806875,-0.85790625,4.080875
pote.txt_11743,2.9945,2.961681818,2.9223,3.845,0.733636364,-3,1.52125,237.07225,36.2984,0.266136364,212.8202273,34.94530909,-1.24,183.7178,33.3216,0.459764,0.269069455,0.040236,0.21125,68.645,16400,0.115227273,62.26090909,16385.45455,0,54.6,16368,19343.4084,1.43785,15112.52804,0.891827273,10035.4716,0.2366,1.03325,1.0305,1.0272,458.1277565,453.555299,448.0683499,0.313,0.3977,0.5578,0.094727273,0.321245455,0.149709091,-0.1672,0.2295,-0.34,5.26265,0.557536364,-5.0886,16.2504,4.0202,6.01805,2.423127273,3.681927273,2.578936364,-14.1696,3.276,-1.548
pote.txt_3511,3.8827,3.856,3.867025,2.520733333,-1.48878,1.3843,1.2825,119.5602,41.8608,-0.9095,114.1933,37.3248,0.6325,116.8729,39.8196,0.307097333,0.0325416,0.240382,0.1521,56.19,24392,0.07098,51.192,22644,0.1352,56.3175,23564,22334.4972,1.729633333,14013.17856,1.69344,19123.8471,1.753525,0.9606,0.95634,0.95805,578.423032,536.3733785,558.5396419,0.6828,0.664566667,0.4806,0.024,0.40376,-0.33182,0.4571,0.564575,0.24295,3.762233333,-2.6775,1.83865,17.80646667,10.99846667,4.4262,-6.4315,10.0229,-2.1947,9.93485,10.54835,2.58865
pote.txt_7953,4.210458333,3.971291304,4.018613636,1.886908333,-0.270486957,-0.565081818,0.863329167,165.6277542,39.96005417,-0.149186957,158.3886043,33.8310087,-0.221359091,159.4747273,32.79443636,0.409789417,0.305189609,0.286587727,0.207391667,64.94041667,10853.92708,0.055247826,55.98652174,9046.565217,0.070418182,57.50090909,8820.181818,13002.2428,0.69025,10770.10259,0.240830435,10071.28566,0.223009091,0.9622375,0.904808696,0.903431818,413.2263334,392.2514819,380.5671398,0.537829167,0.391408333,0.399391667,0.270986957,0.2969,0.054356522,0.045431818,0.281613636,0.04825,3.571295833,-0.768886957,-1.154486364,9.302879167,5.5103,3.605125,-0.744973913,0.935508696,1.397443478,-1.946263636,-0.264718182,1.221413636
pote.txt_10961,5.219872,5.02025,5.061304348,0.81804,0.119991667,-0.192395652,0.454516,211.77442,48.296704,0.023970833,207.9716042,43.2554,-0.179047826,207.1771174,42.63635652,0.50988228,0.413214708,0.383362913,0.510612,68.3148,6264.28,0.259545833,61.83958333,4540.25,0.122943478,58.86652174,3325.347826,10036.5361,0.221472,6395.433213,0.082133333,4182.659065,0.054795652,0.969172,0.906825,0.847317391,298.5025318,244.2186375,224.3947689,0.393548,0.374268,0.420536,0.302145833,0.094408333,0.316233333,0.277878261,0.049217391,0.232473913,2.784428,-0.115908333,-1.424513043,9.64056,9.822532,1.692244,-1.286170833,5.6418125,0.738220833,-5.872752174,4.580517391,-0.014352174
pote.txt_4563,4.53832,4.502888889,4.24195,1.65457,-0.344711111,-0.027125,1.04827,238.72985,39.56733,-0.027366667,219.5160222,33.87958889,-0.019525,203.8912375,29.794875,0.3010848,0.192885778,0.126375,0.12048,61.886,14182.6,0.065544444,58.95222222,11499.77778,0.0268125,59.6375,11106.25,18697.78998,0.48651,14307.19124,0.126011111,12072.02243,0.2364125,1.35427,1.306133333,1.225075,422.6178031,354.6002975,322.2993494,0.43475,0.50879,0.2965,-0.038455556,0.283988889,-0.053288889,-0.074775,0.09085,0.04665,4.79983,0.1577,-1.3332,13.03301,5.69654,3.40669,0.3783,-0.8304,0.965511111,-4.2470875,-1.8528375,1.825075
pote.txt_3899,3.849185714,3.8527,3.85762,3.053485714,2.073883333,0.70244,1.4425,114.9424,39.0096,0.9425,115.07495,38.8368,0.2425,115.26052,38.59488,0.394335429,0.313509333,0.2003528,0.190728571,63.91285714,23104,0.163366667,60.78,23088.66667,0.12506,56.394,23067.2,19544.83766,1.890557143,18566.7624,1.839433333,17197.45704,1.76786,0.955028571,0.95565,0.95652,547.598468,547.1864429,546.6096078,0.592171429,0.580042857,0.5548,0.479466667,0.5486,0.36545,0.32168,0.50458,0.10036,4.168328571,2.716733333,0.6845,16.4476,10.33445714,5.4844,11.76605,10.31105,3.81845,5.21188,10.27828,1.48612
pote.txt_8423,5.194678261,5.024945455,4.980790476,1.123213043,-0.220931818,-0.003866667,0.862504348,176.856413,32.7704913,0.072522727,172.9258182,30.15455909,0.193219048,172.2291762,30.93625714,0.586647391,0.498955182,0.448388238,1.289465217,84.29695652,6392.478261,0.766281818,78.02545455,3703.227273,0.729495238,78.97238095,4383.380952,5667.182643,0.468204348,3986.178282,0.225809091,3950.575533,0.211085714,0.974086957,0.876772727,0.914542857,315.2209561,236.7077491,269.8882855,0.34386087,0.256673913,0.55,0.184122727,0.022104545,-0.079704545,0.17017619,0.024133333,0.114566667,3.436195652,0.302359091,0.803952381,5.646934783,8.346291304,4.679795652,3.043509091,0.174327273,-0.707940909,2.217766667,0.093257143,0.750133333
pote.txt_1161,4.986396,4.664953061,4.46478125,0.833606,-0.155681633,-0.076189583,0.833844,182.61183,33.423932,0.113128571,177.6842939,29.32574694,0.277635417,176.241,30.3085125,0.4428334,0.328192449,0.326737854,1.672644,77.0258,7045.75,0.676171429,70.43673469,5520.765306,0.879008333,70.12583333,4590.447917,8079.236734,0.491406,5901.123937,0.234434694,5136.959035,0.19734375,1.066468,0.989881633,0.968141667,389.4108072,338.7609257,325.2824003,0.404012,0.280964,0.369076,0.074673469,0.057597959,0.148391837,0.01755,0.074252083,0.126675,3.040302,0.150953061,0.544964583,6.462924,5.713416,4.811628,-0.177804082,1.153202041,-1.171608163,0.43359375,-0.90446875,0.124322917
pote.txt_5413,4.497015385,4.3031,4.266336364,1.234553846,0.316366667,-0.496327273,0.769992308,211.252,50.76990769,0.163183333,195.740725,41.37448333,-0.387563636,191.8359818,35.26,0.385423154,0.292730333,0.246619909,0.279092308,66.36461538,9407.538462,0.117941667,60.735,7359.333333,0,56.9,7855.181818,14893.53341,0.205415385,11090.54229,0.107825,10491.0079,0.047618182,1.247392308,1.229808333,1.247890909,368.7014219,345.0546544,343.2083571,0.505138462,0.3635,0.269015385,0.1235,0.161925,0.101875,0.235445455,0.041772727,0.0378,4.288838462,0.592758333,-2.586836364,12.2732,4.185284615,1.900253846,0.789525,0.365758333,1.393275,-5.095681818,-1.0307,0.818409091
pote.txt_515,3.502175,3.2261,3.217240909,1.015245833,0.370965217,-0.006045455,0.7115625,222.720075,45.613575,0.157686957,212.6272087,38.62516957,-0.201804545,207.6514727,36.07980455,0.284890125,0.209660652,0.206203909,0.774020833,57.57541667,8328.104167,0.059973913,53.73695652,6465.869565,0.0519,51.05909091,5683.272727,15180.16282,0.139354167,12600.04098,0.056517391,11837.28208,0.044445455,1.208895833,1.115717391,1.131504545,387.3775879,358.4017013,351.6593511,0.458854167,0.355370833,0.2462625,0.206830435,0.250904348,0.094334783,0.190959091,0.205509091,0.098222727,3.343166667,0.689886957,-1.255322727,10.2655625,3.0978125,3.502425,2.625691304,0.84263913,-0.251286957,-1.103586364,0.731254545,-0.688509091
pote.txt_1105,4.28575,3.803241176,3.835175,1.152122222,0.2134,0.1854625,0.79515,188.1490111,35.28783889,0.442729412,180.1427235,32.21238824,0.43543125,178.0446312,31.685275,0.506604222,0.388241,0.387173625,1.682577778,84.03555556,5387.736111,0.920470588,77.30647059,3524.588235,0.9358375,78.18125,3840.8125,6341.79995,0.700822222,3645.556194,0.396188235,2281.178444,0.293225,0.9977,0.979811765,0.9434875,368.918404,353.7243255,353.7621142,0.350633333,0.266,0.562838889,0.201270588,0.111070588,0.080376471,0.1528375,0.1385,0.11509375,2.892111111,1.314088235,1.3057375,6.847166667,3.94005,4.564611111,0.839182353,0.290823529,-1.123482353,-0.00159375,0.09085,-0.33383125
pote.txt_3751,3.849185714,3.88,3.85762,3.053485714,-1.1313,0.70244,1.4425,114.9424,39.0096,-0.6375,117.7815,39.744,0.2425,115.26052,38.59488,0.394335429,0.027412,0.2003528,0.190728571,63.91285714,23104,0.061966667,47.52,23686.66667,0.12506,56.394,23067.2,19544.83766,1.890557143,17027.3664,1.6056,17197.45704,1.76786,0.955028571,0.9603,0.95652,547.598468,561.3626498,546.6096078,0.592171429,0.580042857,0.5548,0.186666667,0.496533333,-0.2397,0.32168,0.50458,0.10036,4.168328571,-1.8411,0.6845,16.4476,10.33445714,5.4844,-1.599166667,10.57283333,-1.7085,5.21188,10.27828,1.48612
pote.txt_965,3.675195833,3.3655,3.401468182,0.985241667,0.375443478,-0.006436364,0.70025,212.3589833,39.82164167,0.158778261,201.9248217,33.85315217,-0.214340909,198.9160182,31.45795,0.292258167,0.224964391,0.204390136,0.837033333,58.79416667,7776.979167,0.07016087,55.26956522,5967.5,0.06255,52.73136364,5235.181818,14340.18072,0.134470833,11706.347,0.053965217,11058.7597,0.041872727,1.168283333,1.092082609,1.064304545,380.4349891,349.4884829,344.2155698,0.497516667,0.342475,0.2792875,0.249165217,0.241465217,0.134217391,0.229563636,0.201704545,0.133327273,3.228516667,0.701873913,-1.262495455,9.440466667,3.398116667,3.48875,2.311604348,1.428391304,-0.635734783,-1.243181818,1.145995455,-0.937163636
pote.txt_10339,3.937722222,3.618164706,3.57164375,0.722333333,0.303529412,0.18085,0.289494444,198.2474611,44.60891667,0.061135294,186.0455647,40.17450588,-0.046675,184.9105375,39.19893125,0.284152056,0.209456706,0.19206425,0.461477778,59.81388889,5965.013889,0.045376471,55.77529412,3995.058824,0,53.308125,3501,11709.52684,0.178488889,7978.578612,0.067829412,7084.893938,0.03109375,1.21285,1.136394118,1.12331875,356.1511993,330.5948138,320.703621,0.576177778,0.36765,0.387766667,0.454070588,0.288123529,0.295752941,0.39991875,0.27211875,0.3038625,1.782627778,0.247252941,-0.29005625,8.486233333,2.542116667,0.821966667,1.254670588,1.594411765,-0.190229412,-1.463275,1.3924625,-0.228475
pote.txt_11597,3.794275,3.7836,3.79135,3.779025,1.294666667,-2.7625,1.460275,128.957325,52.480225,0.670166667,129.4107333,49.6332,-1.09275,121.3733,41.8626,0.57054525,0.528254667,0.339611,0.215475,69.175,17993.25,0.140833333,64.31,16003.33333,0.04225,55.65,17422,15035.77983,1.721675,12524.8294,1.035133333,8713.3557,0.98865,0.94105,0.9377,0.9408,477.9074916,458.0957908,462.3604216,0.481225,0.448775,0.57085,-0.220466667,0.370133333,0.289166667,-0.0099,0.24435,-0.36,4.8579,1.5187,-4.4975,14.716225,7.211425,6.36265,5.5324,-1.3384,4.833766667,-13.2336,2.4822,0.3096
pote.txt_1163,3.901216667,3.483830435,3.596413636,1.079083333,-0.361491304,0.059431818,0.7613,202.9953542,32.29775417,0.112908696,186.9869913,30.7676,0.207918182,192.3201773,31.49698182,0.418659208,0.220370783,0.250488,2.835308333,59.6225,5438.604167,1.698413043,54.15956522,4062.086957,1.179168182,54.35318182,3350.659091,8243.674554,0.463604167,5020.990057,0.108982609,5817.897218,0.16075,0.951754167,0.862343478,0.888040909,388.5763229,307.6028254,321.370079,0.342579167,0.2358375,0.3768,0.173313043,0.082995652,0.0796,0.151918182,0.084172727,0.073686364,1.658683333,-0.515595652,0.145363636,5.3270125,6.693820833,7.730733333,-1.830621739,1.625873913,1.505,0.642240909,1.269890909,-0.819336364
pote.txt_117,4.325024,4.101883333,4.196895652,1.980408,0.3731375,-0.331247826,1.114756,157.541888,33.780108,0.3827625,153.4544167,27.85795,0.228673913,149.7627609,31.18793043,0.53623452,0.470615167,0.433554957,1.578064,74.86,9441.77,0.610058333,69.27125,7482.583333,0.829421739,67.78391304,7609.565217,7795.68066,0.947716,6460.6102,0.601925,5728.98867,0.368556522,0.896568,0.869125,0.883608696,416.7837591,393.2201465,375.728167,0.3798,0.274144,0.4541,0.153033333,0.1800625,0.009525,0.03036087,0.125526087,-0.132843478,3.323416,0.398866667,0.181834783,6.064664,5.667084,6.887104,0.4346875,1.6661125,-1.4841,0.224130435,-2.261791304,0.724147826
pote.txt_3609,4.108333333,4.20582,4.20735,1.881016667,-0.739,1.55915,1.512783333,132.66765,20.69673333,-0.14966,130.16874,13.91824,1.26285,134.746475,19.719325,0.379342667,0.2543528,0.352132,1.3738,83.32166667,11030,0.2079,75.77,9289.2,0.21835,82.665,10153.25,8586.805483,0.660216667,9006.67428,0.19074,8674.4396,0.33015,1.227,1.19232,1.105425,399.9572134,372.6201402,402.5126334,0.413,0.104816667,0.36715,-0.02398,0.03928,-0.2692,-0.244,0.0829,0.2756,5.170433333,-0.92884,5.22575,4.477783333,3.2738,8.102983333,-1.09568,-0.32484,-2.72464,3.79015,-0.180675,5.17585
pote.txt_9641,5.525427586,5.253614286,5.261751852,0.947848276,-0.011142857,-0.572214815,0.707634483,182.0467414,38.13443448,-0.000267857,175.2946929,33.49925357,-0.404837037,174.7029667,31.71013704,0.440480897,0.345753964,0.306146074,0.399696552,75.62103448,6743.896552,0.147439286,69.45285714,4589.321429,0.066781481,66.39444444,5460.333333,9550.698845,0.308144828,5880.737275,0.121885714,5900.734296,0.060018519,1.109527586,1.053367857,1.063251852,325.2174809,268.2055741,281.7786479,0.421817241,0.425382759,0.401351724,0.244621429,0.063714286,0.115696429,0.162381481,0.066125926,0.153322222,3.680003448,-0.042382143,-2.386981481,8.336855172,7.222324138,2.40197931,-0.583989286,1.557957143,-0.169071429,-5.536759259,2.453540741,0.419074074
pote.txt_3771,3.798914286,3.8227,3.82162,3.852614286,1.627033333,0.16622,1.6825,108.0157,34.7328,0.6025,110.5897,35.8128,-0.1655,109.87822,34.96608,0.525192571,0.319921333,0.2080472,0.248671429,75.49714286,21172,0.174633333,65.37,21785.33333,0.13858,61.902,21503.2,15360.34834,2.131942857,14799.0276,1.949233333,12676.17528,1.89962,0.946671429,0.9507,0.95058,501.3616219,515.9498538,509.1257009,0.456228571,0.453257143,0.6661,0.276133333,0.432633333,0.2503,0.07768,0.36542,-0.03782,4.777471429,1.671233333,-0.5701,14.4093,9.338442857,7.0717,5.725633333,9.623633333,3.2107,-2.03662,9.45338,0.75682
pote.txt_9075,5.356454545,4.628860465,4.439092857,1.286570455,-0.058567442,-0.061647619,0.934372727,185.7907,36.09865455,0.199811628,178.6605884,28.81913488,0.155480952,178.9300714,31.05669762,0.545281,0.468528093,0.457239095,0.493781818,85.66977273,7351.727273,0.28552093,78.17953488,5473.046512,0.254464286,76.43166667,5796.035714,8339.212661,0.791045455,5840.282858,0.418834884,5562.769505,0.285288095,1.096888636,1.016430233,0.967735714,368.8403382,334.5813753,320.9052032,0.320720455,0.441547727,0.383959091,0.113293023,0.122204651,-0.004286047,0.077790476,0.116207143,0.110438095,3.9322,0.493869767,0.417314286,7.931893182,4.812086364,2.962736364,-0.447297674,0.455925581,-0.063304651,-0.638766667,0.776028571,0.048278571
pote.txt_9639,5.207577778,5.081188235,4.82415,1.517183333,-0.269541176,-0.855125,1.442333333,195.6844278,35.79077778,0.221158824,183.9746118,21.87698235,-0.3109125,181.1172688,22.02306875,0.463262444,0.412570235,0.367131938,0.292494444,89.33944444,11140.38889,0.152552941,81.44764706,10329,0.0594,74.773125,9864.6875,13367.91812,0.406905556,10872.78625,0.194805882,9339.810588,0.10309375,1.292533333,1.254541176,1.2252125,371.2746689,345.0098881,348.7003343,0.33815,0.29185,0.254422222,0.182882353,0.059229412,-0.002323529,0.019125,0.1279,-0.0648875,6.6956,0.058641176,-2.0608875,11.88691111,4.725444444,4.20305,-2.181964706,0.313894118,2.253570588,-6.59995,-1.32528125,1.4982875
pote.txt_345,5.242327586,5.073585714,5.082922222,0.885810345,-0.212935714,-0.191525926,0.829517241,189.247331,39.78958276,0.079560714,183.4848071,33.04654286,-0.126314815,181.8559148,34.53077037,0.386228034,0.286815464,0.240403296,0.981917241,79.70965517,6836.931034,0.366707143,71.43678571,5725.642857,0.138133333,71.67592593,5290.37037,8784.047114,0.394527586,6408.653468,0.171757143,5337.401441,0.122292593,1.249168966,1.212403571,1.189688889,363.8286595,332.678305,318.4381414,0.362875862,0.372624138,0.375213793,0.231175,0.038628571,0.106935714,0.166033333,-0.038196296,0.148411111,3.940258621,-0.418317857,-0.784885185,7.7023,4.79432069,3.748406897,-1.190878571,1.117646429,-0.959371429,-3.842677778,0.050722222,0.647603704
pote.txt_5539,4.547361538,4.341125,4.193263636,1.869230769,-0.2675,-1.160363636,1.366046154,207.5081769,37.02387692,-0.018266667,197.5283417,26.01189167,-0.642363636,198.2659818,26.85704545,0.395531077,0.287456,0.244435545,0.286223077,78.53,12215.38462,0.082225,68.07333333,11125.33333,0.054363636,62.78454545,11501.36364,15601.6378,0.467815385,11870.78102,0.208416667,11351.11026,0.2776,1.319846154,1.29585,1.309872727,412.7545674,407.7016336,407.4021639,0.451146154,0.339807692,0.317146154,-0.048625,0.1675,-0.032,0.093127273,0.106481818,-0.101418182,6.435407692,-0.730516667,-3.920063636,12.64303846,2.448992308,4.357892308,-2.0329,-1.124575,1.73795,-9.861490909,0.663772727,0.325609091
pote.txt_1049,5.007336842,4.906116667,4.807017647,1.004447368,0.115733333,-0.363223529,0.576305263,183.5834263,38.05447368,-0.063283333,173.8146667,30.29867222,-0.253105882,173.6066118,33.04969412,0.368288789,0.266950611,0.269654412,0.236315789,62.45736842,7247.894737,0.052616667,57.66166667,4969.277778,0,57.05294118,5472.117647,11293.7188,0.092542105,8339.663556,0.051927778,8162.459847,0.026047059,1.138773684,1.063838889,1.013576471,324.8204611,272.0666728,275.4393209,0.530089474,0.377342105,0.363984211,0.482794444,0.15935,0.068422222,0.451664706,0.129758824,0.054535294,3.210510526,-0.186377778,-1.680388235,7.965247368,7.202394737,2.258763158,-0.636727778,2.339338889,0.569277778,-4.070341176,1.865935294,1.395817647
pote.txt_3681,3.798914286,3.7927,3.78724,3.852614286,1.180183333,1.82122,1.6825,108.0157,34.7328,0.2625,106.10445,32.7888,0.5785,105.56314,32.60736,0.525192571,0.326333333,0.3835528,0.248671429,75.49714286,21172,0.1859,69.96,20482,0.20618,72.612,20362.4,15360.34834,2.131942857,11031.2928,2.059033333,11339.172,2.1058,0.946671429,0.94575,0.94482,501.3616219,484.7132646,481.8780233,0.456228571,0.453257143,0.6661,0.0728,0.316666667,0.13515,0.13136,0.32708,0.25618,4.777471429,0.625733333,1.5373,14.4093,9.338442857,7.0717,-0.314783333,8.936216667,2.60295,2.35826,8.88386,3.70834
pote.txt_4061,5.1984,5.1984,5.1984,2.25,2.25,2.25,2.7556,123.4321,4.3681,2.7556,123.4321,4.3681,2.7556,123.4321,4.3681,0.501264,0.501264,0.501264,0.1089,127.69,14161,0.1089,127.69,14161,0.1089,127.69,14161,10563.7284,0.2809,10563.7284,0.2809,10563.7284,0.2809,1.5129,1.5129,1.5129,360.0733954,360.0733954,360.0733954,0.2601,0.0064,0.36,0.2601,0.0064,0.36,0.2601,0.0064,0.36,11.9716,11.9716,11.9716,8.0656,1.9881,9.8596,8.0656,1.9881,9.8596,8.0656,1.9881,9.8596
pote.txt_1983,4.665909091,4.490719048,4.38507,1.754336364,-0.327561905,-1.00058,0.985145455,184.9134182,35.71768182,-0.077947619,169.0357,28.35995714,-0.35272,162.69593,28.586295,0.442861818,0.280099857,0.29640205,0.290854545,74.91363636,10555.63636,0.135752381,70.62857143,8459.809524,0.08392,68.233,6941.85,12818.06781,0.592,9911.83629,0.241771429,7528.134135,0.102795,1.111445455,1.057742857,1.077675,357.715488,322.2059015,292.3491913,0.41885,0.347377273,0.428518182,0.05742381,0.200052381,-0.150028571,0.00505,0.120065,-0.121705,3.9907,-0.312680952,-1.829135,10.78321818,6.903440909,3.267490909,1.506761905,0.0128,-0.391057143,-5.27485,-3.52328,-0.020205
pote.txt_7397,4.43657,4.3529,4.310944444,1.548985,0.1084,-0.541211111,0.84972,159.788,35.139705,0.135263158,151.0084158,31.29975263,-0.102161111,152.116,32.16016667,0.40261325,0.323876474,0.324372667,0.21122,69.126,9262.9125,0.064384211,62.37789474,7912.157895,0.075505556,60.51666667,7640.888889,11329.72499,0.49703,9167.061679,0.233936842,8908.167644,0.121644444,0.984875,0.943684211,0.930316667,390.61355,366.7144055,356.9915726,0.533275,0.34413,0.37732,0.305978947,0.250078947,0.087810526,0.185872222,0.238627778,0.062161111,3.716535,0.710952632,-0.704016667,7.41317,5.18498,3.536475,0.064157895,0.911005263,1.765863158,-1.882272222,-0.470255556,1.66945
pote.txt_8479,4.703353571,4.544922222,4.596419231,1.73,0.044174074,-0.4766,0.882207143,167.4120214,37.87616429,0.051051852,162.3291852,32.54282963,-0.112003846,159.2710692,32.41699231,0.402827964,0.283566852,0.315705654,0.356832143,81.11428571,8855.5,0.141325926,72.44555556,7544.222222,0.188461538,75.02923077,6921.192308,8574.500936,0.827135714,6091.678667,0.410862963,6229.999346,0.312484615,1.183,1.107155556,1.147338462,386.1517713,373.7496101,359.0974802,0.379678571,0.304378571,0.476110714,0.124292593,0.2038,0.131307407,0.015457692,0.194269231,-0.073096154,3.466017857,-0.292092593,-0.411496154,7.835871429,4.270889286,3.453335714,-2.002925926,1.462322222,1.110914815,-1.608988462,-1.38555,0.668346154
pote.txt_7177,4.667526316,4.565761111,4.533858824,1.629752632,0.107088889,-0.580811765,0.858184211,150.9743105,36.33332632,0.16445,147.9910222,32.06395556,-0.085223529,148.9862647,33.01993529,0.383507368,0.323640444,0.324151941,0.214331579,69.39578947,9694.842105,0.067961111,63.22111111,8200.055556,0.079947059,61.3,7929.764706,11138.1567,0.521842105,8854.490744,0.246311111,8561.981124,0.128141176,1.022478947,0.969822222,0.957205882,392.1237271,364.8643088,354.4607154,0.551610526,0.334194737,0.378231579,0.299088889,0.231933333,0.073355556,0.171511765,0.218741176,0.045347059,3.803005263,0.86725,-0.621758824,7.725,5.417115789,3.460873684,-0.1146,1.085305556,2.023783333,-2.186041176,-0.366952941,1.936870588
pote.txt_6119,4.143606667,4.037114286,4.106176923,1.777573333,-0.921057143,0.695138462,0.807053333,195.4940467,34.83272667,-0.38455,184.8995571,31.93861429,0.2724,183.3423692,32.68109231,0.467681533,0.195041643,0.368329077,0.534213333,71.57333333,9465.466667,0.1546,61.925,6225.142857,0.222592308,68.69923077,7458.538462,10599.78475,0.698573333,6002.4823,0.117964286,8491.194215,0.461261538,1.106386667,1.066364286,1.076876923,357.306696,308.9494269,326.4909289,0.441393333,0.326586667,0.538406667,0.058671429,0.171971429,-0.038128571,0.180953846,0.238061538,-0.043830769,3.087146667,-1.929028571,1.389846154,8.23716,4.908106667,3.198326667,-5.697757143,-2.079978571,0.019128571,4.639546154,0.184407692,0.387230769
pote.txt_12123,3.928611765,3.60483125,3.90308,2.139141176,-0.035875,0.802306667,1.167217647,158.3388882,32.28763529,0.15220625,150.7383625,26.1941,0.557446667,142.2069,26.43535333,0.462362,0.352962688,0.380408333,1.235894118,74.4,9370.779412,0.3446625,67.310625,7377.65625,0.616,71.994,7989.633333,9255.278335,0.868752941,6972.937013,0.35568125,7124.853107,0.67922,1.023458824,0.97240625,0.970946667,411.6656299,403.6258407,405.0136369,0.428176471,0.253864706,0.460723529,0.10016875,0.1852,0.0408625,0.17214,0.171873333,-0.038133333,3.962511765,-0.3497,1.544933333,7.040841176,3.638458824,6.619323529,-0.6713625,-1.59539375,-0.52843125,2.731913333,0.932773333,0.826213333
pote.txt_11005,5.577495,5.339148718,5.333810526,1.1695125,-0.048,-0.405963158,0.82161,156.564065,35.5924925,0.125158974,151.1468154,28.38104872,-0.167231579,151.6365132,27.18421316,0.446761875,0.362342231,0.342251447,0.3546325,81.18075,7432.575,0.147935897,75.06538462,5828.923077,0.160663158,74.43368421,5556,8054.09072,0.559085,5696.280464,0.282217949,5445.71405,0.190573684,1.1540775,1.117097436,1.095884211,346.1951633,303.246291,303.0744252,0.3995825,0.3991475,0.398645,0.156858974,0.161033333,0.129848718,0.122992105,0.125392105,0.084989474,3.5687925,0.126553846,-0.802089474,7.533895,6.38346,2.64734,-1.355317949,0.217110256,0.862351282,-1.596123684,-0.286726316,0.35375
pote.txt_6537,4.761425,4.785953333,4.799357143,1.92984375,-0.494053333,-0.806521429,1.25280625,153.979,40.9763,-0.12058,147.8752933,31.94446,-0.234771429,147.7187,28.12405714,0.462902,0.297966667,0.428958286,0.2622125,76.7625,13829.3125,0.071533333,67.14533333,10659.13333,0.205564286,68.875,10892,14290.29239,0.76353125,9200.825053,0.503273333,12170.89039,0.329914286,1.0420125,0.988246667,0.956592857,408.3942121,344.07483,346.6765874,0.47205,0.36060625,0.38439375,0.0944,0.09338,0.00446,0.055007143,0.210407143,-0.151921429,5.25133125,-0.655393333,-1.715692857,12.56701875,8.3305625,4.4315625,-5.716933333,0.646913333,1.801593333,0.546778571,-3.252335714,0.473564286
pote.txt_5107,5.113208333,4.896654545,4.963,2.800208333,-0.036363636,-1.094,1.65355,155.95665,39.175625,0.340527273,151.9135,28.8793,-0.24278,154.00096,29.69835,0.556845,0.463507545,0.4198625,0.357558333,92.41666667,12322.83333,0.132990909,80.12727273,11501.36364,0.06699,73.837,11216.3,11344.43377,1.060858333,8021.114836,0.4879,7316.91806,0.25016,1.1544,1.125709091,1.12162,420.6312444,422.8594419,428.4343669,0.355116667,0.413525,0.472383333,0.115709091,0.128318182,0.010490909,-0.02407,0.15621,-0.144,6.968483333,0.340890909,-1.97451,11.495975,3.359083333,6.3281,-2.819254545,0.491890909,2.807572727,-7.32496,-0.85437,1.24572
pote.txt_11681,3.5851,2.485791667,2.335236364,1.748392308,0.529616667,-0.422454545,1.304892308,194.7287692,34.70442308,0.124341667,190.03835,27.1426,-0.068154545,186.0684455,24.07711818,0.489558846,0.286072917,0.324859818,0.185861538,73.66923077,13882.59615,0.118166667,67.09666667,10335.45833,0.110027273,65.42,10737.72727,16547.00872,0.891092308,14226.39086,0.648933333,14086.62853,0.484509091,1.025,0.908166667,0.8768,452.2274816,441.2857164,447.5102664,0.431153846,0.461376923,0.350184615,-0.030316667,0.256933333,0.106066667,-0.122609091,0.190481818,-0.164,5.076907692,0.70225,-0.306409091,11.66375385,4.846392308,4.8076,0.703166667,3.012541667,1.116075,-3.488772727,2.175545455,-2.853418182
pote.txt_3295,6.722066667,6.29235,6.8234,0.674166667,-0.5225,0.045,0.5457,174.6615333,47.11376667,-0.282,159.52425,37.2253,0.0119,197.505,53.88,0.415379667,0.273375,0.510125,0.802833333,92.59,4564.333333,0,63.72,4830,0.9798,111.8,3294,6164.3711,0.6633,4709.4445,0.0665,1097.2624,0.8125,0.8607,0.8463,0.8528,475.6081826,466.5477789,492.294534,0.4495,0.7822,0.683366667,0.235,-0.05925,0.5365,-0.0638,-0.85,0.8544,4.308966667,-2.6207,1.0464,7.1107,4.0153,3.064566667,-6.1332,1.2144,-0.6192,3.3488,-2.3617,-3.304
pote.txt_11303,6.582580645,6.315263333,6.333551724,1.091677419,-0.031646667,0.058555172,0.907470968,203.1693968,29.7964129,0.321053333,189.70265,26.99713667,0.28277931,192.2459931,27.90997586,0.566213323,0.405635667,0.392654207,0.649896774,92.72741935,7126.427419,0.405026667,86.96533333,5985.25,0.426082759,85.60275862,5992.362069,6692.806116,0.934735484,3650.049117,0.604426667,3560.692352,0.63422069,1.3137,1.21769,1.230551724,356.5080351,313.9275199,322.2188212,0.282693548,0.457112903,0.380464516,0.007196667,0.086006667,0.149353333,0.105155172,0.021496552,0.170506897,3.837209677,1.101403333,0.668651724,7.889803226,5.261574194,1.85096129,1.304076667,0.321036667,0.125046667,-0.017962069,0.986606897,0.422327586
pote.txt_8835,4.91938,4.6873,4.692821212,0.658542857,0.046502941,0.104915152,0.539094286,173.3085371,35.18882286,0.087258824,166.2781971,31.25330294,0.088809091,164.5036182,29.70251515,0.3949068,0.311957088,0.335434758,0.583745714,70.06857143,6707.071429,0.227317647,64.80205882,4976.382353,0.337824242,66.76242424,5021.060606,9395.624211,0.403651429,6369.330312,0.182723529,6343.65533,0.188936364,1.023131429,0.958397059,0.974757576,364.2316892,342.5643922,320.8894717,0.454771429,0.452837143,0.388791429,0.064014706,0.274229412,0.269361765,0.014493939,0.277475758,0.265066667,2.276202857,-0.193611765,0.433724242,6.702588571,6.38054,2.148328571,-0.238608824,1.507458824,-0.568614706,0.946951515,0.448342424,0.132345455
pote.txt_3471,3.82405,3.856,3.822025,3.45305,-1.48878,0.714025,1.5625,111.47905,36.8712,-0.9095,114.1933,37.3248,0.1225,110.145025,35.2836,0.459764,0.0325416,0.25,0.2197,69.705,22138,0.07098,51.192,22644,0.1521,63.2025,21609,17452.593,2.01125,14013.17856,1.69344,13472.2449,1.918225,0.95085,0.95634,0.950625,524.4800449,536.3733785,511.6847582,0.5242,0.51665,0.61045,0.024,0.40376,-0.33182,0.1521,0.390625,0.070225,4.4729,-2.6775,0.2704,15.42845,9.83645,6.27805,-6.4315,10.0229,-2.1947,0.874225,9.517225,1.677025
pote.txt_6933,4.499552941,4.45948125,4.39582,2.1908,0.1671625,0.298846667,1.120041176,151.8725647,29.81688235,0.44409375,146.6874875,28.27566875,0.2985,147.94272,27.52744,0.552994353,0.4786875,0.442194467,1.370764706,77.03705882,9791.941176,0.48729375,72.27,7238.9375,0.69224,71.35266667,8802.933333,6784.190165,1.083782353,4518.321513,0.5597375,5571.41788,0.601086667,0.9461,0.89803125,0.901853333,404.2033337,376.4344073,393.9101861,0.388541176,0.297935294,0.5508,0.00584375,0.2219875,-0.0733875,0.031586667,0.259826667,0.041946667,3.246247059,0.77743125,0.785233333,5.732770588,5.443582353,6.456794118,0.39866875,-1.6682625,-0.57621875,1.383833333,0.044546667,0.42846
pote.txt_9939,4.707754545,4.52614,4.592611111,2.574536364,1.65932,1.144411111,1.183109091,127.1784273,27.08730909,0.46198,121.79029,25.16974,0.681388889,119.8720556,24.79074444,0.573827091,0.5268667,0.541668222,1.147772727,79.70181818,9973.090909,0.31447,76.903,8580.1,0.662255556,78.16666667,8050.333333,6288.353609,1.331890909,3727.72416,1.12637,5423.236089,0.874488889,0.999063636,0.97796,0.963411111,367.9258333,371.5338486,358.4772723,0.362563636,0.3122,0.6061,0.10112,0.28665,0.24393,-0.178555556,0.254266667,0.068333333,3.166281818,1.48167,1.738933333,7.004736364,7.338745455,6.227318182,1.2136,0.42915,3.61565,4.352711111,-3.135177778,2.081555556
pote.txt_8645,6.235793333,6.150951724,6.0498,0.309046667,0.028434483,0.000428571,0.30976,187.6033433,28.91416333,0.10167931,179.9960517,26.32602069,0.016721429,180.0560786,25.9169,0.569858833,0.434261966,0.404147321,0.938326667,83.96433333,4636.1,0.720068966,83.29793103,2635.689655,0.621978571,82.10964286,2548.785714,5140.308923,0.347336667,2730.879655,0.195875862,1534.252436,0.237389286,0.8987,0.818706897,0.819589286,321.5398881,220.7472045,263.2186583,0.482243333,0.373703333,0.604623333,0.020748276,0.095072414,0.522096552,-0.088932143,0.209171429,0.551410714,1.298926667,0.515168966,0.207257143,5.961463333,8.72281,0.490696667,3.073948276,0.743668966,0.012124138,1.602110714,3.021792857,0.186653571
pote.txt_4343,4.88696,3.9143,3.8459375,0.34155,-0.098633333,-0.0559,0.57627,222.90952,40.37674,0.043911111,216.7944778,37.10932222,0.197775,218.6024875,34.4109125,0.3260334,0.188989222,0.285293375,2.18073,75.132,5046.525,1.353233333,64.77888889,3803.277778,1.0034,67.54125,4623.9375,8088.38466,0.4658,6227.960544,0.197355556,6469.17905,0.198,1.13103,1.000811111,1.05095,470.7133518,465.5419832,468.0779137,0.38074,0.477,0.43915,0.064066667,0.151755556,0.3253,-0.0324875,0.1282875,0.36395,2.33002,-0.4848,0.5257375,6.03669,1.7222,5.00074,-0.187811111,-0.418333333,0.169722222,-1.2243875,-0.751225,0.8722875
pote.txt_2705,4.054242105,3.784316667,3.843970588,1.733642105,-0.107555556,-0.808470588,1.097105263,204.1362421,43.68567895,-0.035844444,192.5324556,34.18706111,-0.511035294,195.0077471,27.94370588,0.375128737,0.315708333,0.307046529,0.087721053,65.06105263,11110.17105,0.032633333,57.05333333,9233.666667,0,52.83764706,9477.323529,16563.785,0.231178947,14401.77727,0.082777778,14830.20704,0.034505882,1.188047368,1.109238889,1.119529412,386.8734939,358.0437479,352.8776837,0.497110526,0.372173684,0.277642105,0.278866667,0.235138889,-0.0648,0.365223529,0.162541176,-0.024111765,5.389521053,-0.445616667,-3.311582353,12.09382632,4.032605263,3.999984211,1.306011111,-0.316761111,1.064127778,-4.062247059,0.001935294,1.354758824
pote.txt_9007,6.10422381,5.660821951,5.5864725,0.835959524,-0.175873171,0.068345,1.066707143,162.8431429,26.45052857,0.202109756,157.7795171,22.70650244,0.4535425,158.63754,21.9216125,0.558342643,0.466876024,0.486572575,0.572935714,106.2904762,5028.011905,0.350395122,101.6509756,2968.707317,0.325305,102.31425,3358.2625,4399.657829,0.598221429,3191.870344,0.244029268,2882.957305,0.2807675,1.184657143,1.07767561,1.060785,286.778114,220.8545754,234.1394696,0.228492857,0.241561905,0.424840476,0.074739024,-0.019563415,0.111946341,0.0736675,0.02388,0.0975875,4.919657143,1.12835122,2.299165,6.07205,7.061333333,3.097740476,3.414231707,-1.650346341,0.143956098,3.16473,0.3664525,-0.205665
pote.txt_7787,4.194486364,3.661233333,3.85714,1.960190909,-0.214847619,0.402725,0.987672727,181.3857227,39.70265909,0.31057619,175.7340667,33.14892381,0.317135,177.343355,34.11607,0.596305636,0.493960333,0.5160604,1.051227273,72.29863636,9009.477273,0.476247619,66.28571429,5732.785714,0.483995,68.9245,6260.175,9595.611709,0.851990909,5783.787833,0.34712381,6512.607045,0.419025,0.847477273,0.803647619,0.767055,386.3390549,317.9739829,308.8183362,0.340731818,0.380627273,0.505068182,0.06472381,0.160871429,-0.119404762,0.123605,0.18733,0.12418,3.236677273,0.083319048,0.81039,8.392627273,7.205145455,5.591336364,-1.215114286,-1.905466667,-0.910690476,-0.533625,2.17412,0.83777
pote.txt_10809,6.463193878,5.979933333,6.107251064,1.260277551,0.205054167,0.071597872,1.203653061,183.7117245,35.07456735,0.437279167,176.4459375,30.10524167,0.616114894,176.6428702,29.85781702,0.534642082,0.420581312,0.410194447,1.359642857,99.5955102,8425.938776,0.7103,88.19875,7228.25,0.878021277,90.90829787,7434.553191,6574.166667,1.115042857,3152.715979,0.761875,4201.617245,0.786159574,1.293959184,1.23240625,1.23626383,433.3073128,422.3055305,419.7717913,0.290671429,0.475677551,0.395444898,0.02516875,-0.021085417,0.107341667,-0.01566383,0.080825532,0.038238298,5.078440816,0.933345833,2.112776596,8.467102041,2.770787755,4.233332653,-0.3871125,0.7298125,-0.284772917,1.95993617,0.329459574,-1.287217021
pote.txt_2103,4.086740909,3.86567619,3.763715,1.091072727,0.446361905,-0.03362,0.598668182,212.91895,52.24778182,0.144842857,204.2457571,46.57491905,-0.195745,202.76891,43.20416,0.417991227,0.348913381,0.3241479,0.279745455,59.61045455,8036.829545,0.09322381,54.32238095,5225.452381,0.01443,49.7165,4792.1,13873.88354,0.073009091,9952.894757,0.031204762,8300.96967,0.02368,1.156613636,1.060109524,1.04604,323.6579851,264.0448153,251.6820778,0.4891,0.350981818,0.307922727,0.397590476,0.200690476,0.132666667,0.42736,0.13023,0.14883,3.413531818,0.813,-1.38483,10.87014091,5.704731818,2.033813636,1.908428571,2.045295238,0.542457143,-5.10074,1.731945,0.432595
pote.txt_2061,4.112957895,3.917094444,3.928217647,1.041431579,0.158355556,-0.233811765,0.558984211,213.1619211,50.68448947,0.077477778,199.1220556,41.78773333,-0.269229412,197.7903647,39.23021176,0.404600211,0.342229944,0.333902765,0.382463158,60.81315789,7748.907895,0.061955556,56.66222222,5490.111111,0,53.59823529,5050.882353,13634.40885,0.166252632,9367.914628,0.071055556,8659.491712,0.032047059,1.103268421,0.994777778,1.005282353,348.5163705,317.5087654,296.0441732,0.500789474,0.371242105,0.323752632,0.3641,0.23855,0.100766667,0.347841176,0.210923529,0.162623529,3.184647368,0.042911111,-1.726388235,10.86497368,5.0744,1.849189474,-0.113805556,3.225066667,-0.313577778,-4.052411765,1.947864706,0.129135294
pote.txt_8727,1.909,0.42845,1.864596774,1.685927273,-0.05805,-0.997729032,0.956636364,259.0952091,31.20101212,0.32525625,237.5895375,23.89148125,0.102593548,251.5148258,26.82837419,0.69541503,0.622070313,0.643271032,0.201163636,66.81727273,6729.068182,0.14698125,63.65,3438.90625,0.140567742,62.51806452,5702.451613,13988.64641,0.621581818,11834.07434,0.1262,12203.54264,0.069177419,0.611142424,0.503425,0.595651613,365.946817,343.4504222,340.961927,0.254818182,0.432572727,0.445906061,0.13034375,0.31755,-0.140625,0.099954839,0.368267742,0.01996129,3.262606061,0.4374,-0.080919355,7.150763636,3.910478788,5.244333333,0.52765,0.1331,-3.85093125,-0.828258065,-2.068503226,3.094154839
pote.txt_1133,5.944735714,5.6982,5.7605,0.951802381,0.266717073,0.280815,0.63792619,188.4211952,39.27465238,0.128109756,181.8911073,34.3573439,0.161205,182.347565,33.8541275,0.423265262,0.315606024,0.317960425,0.471935714,78.65619048,7209.571429,0.270873171,72.13097561,5803.04878,0.25684,72.97575,5293.075,9893.597171,0.456340476,7262.696434,0.224931707,6845.33261,0.242525,1.130219048,1.06815122,1.044235,364.0615728,313.4317585,293.4171768,0.469892857,0.42272619,0.392497619,0.16772439,0.09074878,0.211509756,0.0517475,0.15093,0.16529,3.487190476,0.693880488,0.80643,9.074759524,6.553869048,1.691995238,1.976197561,2.700197561,0.052712195,1.5264775,0.627965,-0.2054975
pote.txt_7963,4.628416667,4.482643478,4.365218182,1.536308333,0.005208696,-0.262704545,0.793654167,175.3427083,41.4154625,0.088469565,164.219713,38.30302609,-0.15595,169.5055545,36.73121364,0.433909208,0.334549522,0.339423591,0.423783333,75.565,9798.302083,0.172395652,69.92130435,8536.456522,0.109145455,66.53090909,8320.522727,9907.358992,0.8946375,6879.280361,0.554317391,6227.771323,0.444036364,1.099408333,1.080017391,1.050581818,415.7888669,404.9112837,406.1180632,0.4542125,0.3898125,0.402779167,0.109682609,0.223673913,-0.046926087,-0.093381818,0.231736364,0.112590909,3.131483333,0.257726087,-0.810104545,7.6190625,3.307366667,2.851320833,-0.57933913,0.567056522,0.44323913,-3.52255,-0.319372727,0.865177273
pote.txt_1403,3.789670833,3.428856522,3.447118182,1.114233333,0.1512,-0.264827273,0.768775,216.8489417,49.65680833,0.093865217,207.4930261,39.77499565,-0.301822727,205.0120227,38.75675455,0.371307375,0.311778391,0.293040364,0.748675,58.40458333,8650.1875,0.131078261,53.4426087,7106.304348,0.04125,50.68136364,6369.681818,14820.08169,0.090845833,12568.97675,0.041282609,11316.31667,0.032686364,1.100879167,1.037043478,0.991518182,391.6577196,339.1298704,345.3879046,0.4646125,0.3897125,0.266845833,0.295108696,0.199143478,0.144930435,0.306459091,0.2363,0.077140909,3.7484125,-0.120817391,-1.939327273,10.31437083,4.3432875,4.0085375,1.147856522,1.22746087,-0.843717391,-3.400704545,0.807018182,-0.003245455
pote.txt_12061,4.339868421,3.87095,3.941617647,1.344384211,0.3278,0.099441176,1.013621053,195.1193263,32.24565263,0.352394444,185.7763111,27.05441111,0.312358824,185.8258588,26.98488235,0.528739842,0.467474556,0.497559647,1.057052632,74.19842105,8244.921053,0.341794444,68.39111111,5906.694444,0.390635294,71.46529412,6213,9881.578284,0.514184211,6225.016789,0.341533333,6642.082988,0.252823529,0.925242105,0.828427778,0.796729412,372.7236477,294.8384496,313.2958228,0.319126316,0.337452632,0.396673684,0.070138889,0.061366667,0.127266667,0.172947059,0.197023529,0.122276471,3.605489474,0.568272222,0.813070588,6.818036842,6.750384211,5.527321053,-0.837261111,2.903066667,-0.277833333,-0.186482353,2.126641176,-0.231429412
pote.txt_9295,3.352892308,3.2003,3.079827273,0.986438462,0.362833333,-0.071272727,0.5452,257.3343154,46.72216154,0.003108333,244.0635833,40.794425,-0.228563636,241.1303545,37.37081818,0.231182769,0.170085667,0.156871182,0.213961538,48.06461538,9571.711538,0.03905,45.99,7358.791667,0,43.86090909,6934.772727,18377.81157,0.087630769,15262.33307,0.047983333,13494.00623,0.035963636,1.258469231,1.156841667,1.165718182,401.2967358,387.2965921,383.9849752,0.526730769,0.487307692,0.276315385,0.25475,0.411208333,0.044383333,0.219963636,0.393854545,0.136109091,3.1621,0.2925,-1.447454545,12.12894615,2.143523077,1.845892308,5.566808333,0.3825,0.251725,-1.263845455,0.512281818,0.539445455
pote.txt_3947,4.71618,4.4973,4.2906,1.43008,-1.4175,1.329333333,1.2661,208.063,38.60008,-0.80095,182.9817,16.631175,1.0572,221.4800333,43.38673333,0.4346112,0.332052,0.292842667,0.15308,76.88,10594.6,0.06105,66.9525,9996,0.0363,65.26666667,8938.333333,13834.50134,0.11644,12410.1711,0.0424,12487.9488,0.097633333,1.34388,1.37145,1.3103,299.3811347,285.0761315,255.9447102,0.3423,0.2256,0.26674,0.322575,0.0376,-0.1845,0.3457,0.107733333,0.168533333,6.12082,-4.55855,4.9794,11.24326,6.96552,4.346,-7.3414,-2.978625,2.0724,5.426,2.8566,3.508666667
pote.txt_949,4.593727273,4.481153125,4.491003226,0.769072727,-0.075240625,-0.241070968,0.622081818,193.9597848,40.2589303,0.010725,187.6256656,35.1630625,-0.181416129,185.6117097,35.8810871,0.390655788,0.293976563,0.297293452,1.052481818,71.88424242,6299,0.37691875,65.3253125,4623.28125,0.183670968,65.46548387,4742.225806,9122.957612,0.289372727,5776.06885,0.140390625,5493.630623,0.09726129,1.163921212,1.0937875,1.122012903,362.0991772,338.1937136,338.9128563,0.451442424,0.365563636,0.446666667,0.2985375,0.176675,0.143859375,0.343241935,0.168764516,0.159564516,2.946030303,-0.287434375,-0.979877419,7.687512121,3.916657576,2.965415152,-1.080246875,0.7881375,-0.592796875,-2.312051613,1.827235484,-0.491729032
pote.txt_3923,4.999271429,5.094833333,4.8526,1.137014286,-0.238083333,-0.0592,1.412285714,157.1531429,33.6778,0.797416667,149.3453833,22.50286667,0.53394,156.6785,25.09462,0.372299714,0.377016167,0.3517472,2.557685714,83.96142857,8150.571429,0.681266667,81.45166667,7904,0.50602,80.478,7456.6,8083.843957,0.597228571,5272.4287,0.3102,7515.47112,0.52862,1.264828571,1.2517,1.17702,460.0933051,438.3277628,451.0940576,0.332728571,0.268128571,0.2077,0.041816667,0.101533333,-0.107,0.27438,0.1038,-0.0885,4.859157143,0.592333333,0.44336,7.424828571,1.580542857,8.128442857,-1.334366667,-0.649133333,-2.394233333,0.48376,0.14122,-3.51662
pote.txt_5039,4.685325,4.6978,4.6858,1.738475,0.467763636,-0.40676,0.744116667,187.1296833,40.827525,0.276245455,168.8458,36.74720909,-0.18809,164.53826,31.32983,0.40176975,0.323703273,0.224025,0.500525,67.55916667,9303.75,0.267336364,65.57363636,8108.545455,0.23934,61.708,7668.8,11573.57996,0.702016667,9523.370836,0.464618182,6752.45713,0.19217,1.187275,1.179154545,1.15996,399.3609829,389.8395065,388.6897104,0.517183333,0.454266667,0.470708333,0.182363636,0.374945455,-0.074090909,0.11585,0.40766,0.00848,2.994408333,1.261654545,-0.85143,10.09214167,3.112591667,2.642091667,5.025236364,-0.337418182,0.230372727,-2.61365,0.83393,-0.32937
pote.txt_5947,3.6458,3.51015,3.477533333,2.613854545,-1.3178,-0.773111111,1.1548,216.5368727,41.32375455,-0.53498,204.48299,37.2709,-0.190133333,204.8556333,37.96307778,0.401829636,0.2161069,0.207081778,0.308436364,64,12743.63636,0.04686,52.821,12347.8,0.023833333,54.82888889,13096.88889,16111.39095,0.839718182,12458.91616,0.13988,12868.9611,0.203111111,1.194363636,1.19871,1.188722222,408.8917648,407.0642801,410.5351103,0.4403,0.383772727,0.454945455,0.28646,0.28714,-0.11348,0.008955556,0.288422222,-0.053244444,4.725163636,-2.22138,-1.049866667,13.1916,3.332709091,4.603236364,-3.43839,0.18894,0.87326,-2.101866667,0.038622222,1.895333333
pote.txt_1833,4.255838462,4.146341667,4.024854545,1.5232,0.088133333,-0.764545455,0.682,227.0136462,57.65260769,-0.015741667,220.1347,51.9417,-0.3888,214.0843,47.83462727,0.450933846,0.375877333,0.337986091,0.4163,61.25384615,9620.384615,0.179283333,54.34916667,7280.166667,0,48.52818182,7765.090909,14690.32571,0.4136,11348.33212,0.108183333,8942.666855,0.064109091,1.102369231,1.0213,1.01,357.2648628,281.9426721,309.0666267,0.429576923,0.370930769,0.327969231,0.250025,0.229291667,-0.039325,0.166763636,0.147163636,0.021227273,3.575830769,0.264741667,-2.347881818,13.41336923,6.318115385,2.236123077,3.408725,-1.625433333,0.4791,-8.1652,1.296927273,0.493518182
pote.txt_319,4.593,4.269066667,4.250765217,1.131512,0.3115,0.168147826,0.92164,193.437484,36.234728,0.2826875,189.4518292,30.60585833,0.148843478,186.4355043,30.49222609,0.4085084,0.324974542,0.283945043,0.291604,70.272,9264.25,0.092708333,64.89,7405.395833,0.047656522,63.99913043,5844.586957,13092.92612,0.212576,10406.27454,0.0885625,8776.156152,0.076986957,1.189864,1.119358333,1.083373913,340.0171711,285.5895352,274.3477518,0.464532,0.353708,0.330644,0.257820833,0.144170833,0.189429167,0.319813043,0.166773913,0.098717391,4.368604,0.961716667,0.397386957,9.839252,5.85654,3.059288,0.5311,2.549870833,1.642891667,-0.966804348,-0.110808696,0.892308696
pote.txt_8005,5.454991667,5.204943478,5.230904545,1.0797125,-0.168086957,-0.661127273,0.855354167,178.9517458,40.59440417,-0.045078261,172.1756565,32.40543043,-0.39435,173.2685,31.61016818,0.325037125,0.242382261,0.223266409,0.387554167,77.75208333,9498.125,0.167017391,69.3673913,7992.782609,0.085895455,67.81,7287.772727,12247.82233,0.559270833,9097.659013,0.205973913,6903.808995,0.191818182,1.273358333,1.228795652,1.22485,414.4523994,383.0568935,378.004006,0.473104167,0.412520833,0.266254167,0.030869565,0.214504348,0.141682609,0.038095455,0.150990909,0.091263636,3.981070833,-0.51336087,-2.304772727,10.99759583,3.8841875,1.966133333,-1.106743478,-0.482795652,0.886365217,-5.816331818,-1.369172727,0.429440909
pote.txt_5311,3.930107692,3.630766667,3.605281818,0.990153846,0.365933333,0.060363636,0.412161538,250.2637615,64.36019231,-0.05035,245.8242,57.27471667,-0.262836364,238.9015636,54.14300909,0.388981923,0.308892417,0.305085909,0.368084615,53.32769231,8147.25,0.164033333,49.205,5827.75,0,46.61272727,4157.454545,15717.87807,0.292446154,12004.22448,0.033233333,7690.673282,0.053745455,1.118415385,0.990533333,0.895327273,357.43423,283.4525274,276.776164,0.412161538,0.404453846,0.202676923,0.276358333,0.261358333,0.151533333,0.176254545,0.133445455,0.114172727,2.694676923,0.1971,-1.370681818,13.61036923,5.726830769,1.111407692,4.29485,-0.357633333,-0.189425,-5.706118182,1.721709091,-0.723336364
pote.txt_9813,5.157911111,4.101652941,4.67004375,0.676188889,-0.094117647,-0.0993625,0.740822222,190.3298444,33.94758889,0.015841176,186.2675882,28.22251765,-0.267825,182.269125,27.68205625,0.359333389,0.262469765,0.194905375,0.374277778,77.58944444,9016.694444,0.104005882,65.09705882,7101.852941,0.10138125,65.55,7950.40625,12085.68363,0.576466667,9685.788624,0.133935294,10686.63184,0.3203,1.152083333,1.033894118,1.08921875,408.8908217,368.8984383,372.5420759,0.482244444,0.425838889,0.309527778,0.021864706,0.137147059,0.136947059,0.06859375,0.1989,0.1605,3.581361111,-0.216170588,-0.90505625,8.948083333,5.106361111,1.895711111,-0.920176471,-1.800129412,0.118694118,-0.8527875,1.5749375,-0.56891875
pote.txt_9,5.1179625,4.891033333,4.964207143,1.067375,0.20328,-0.326171429,0.616675,200.2382688,44.7909375,0.05666,190.9802933,41.56996,-0.296285714,188.2839571,38.3788,0.420037375,0.296493533,0.244901786,0.3613375,65.510625,7570.375,0.077313333,57.91533333,5577.066667,0,55.80571429,5305.928571,12540.42229,0.157125,8230.340127,0.046346667,7557.871286,0.033685714,1.06405,0.99852,0.960635714,328.6280779,276.5784858,268.7069862,0.502625,0.4061875,0.3736,0.291433333,0.00684,0.19736,0.239828571,-0.064164286,0.117928571,3.7064375,-0.225853333,-2.215942857,10.4026625,7.74934375,2.18929375,-2.148993333,2.203766667,1.086953333,-6.235792857,0.985857143,0.7404
pote.txt_8689,5.106530303,4.791909375,4.870403226,1.447169697,-0.14634375,-0.42056129,0.982690909,164.960297,37.2671303,-0.041725,158.4303438,29.96697188,-0.0919,158.9122161,29.3235871,0.462610333,0.381650594,0.396696226,0.331469697,80.73787879,8488.159091,0.1471625,71.7490625,6763.21875,0.142396774,71.70483871,6662.096774,10415.69055,0.526566667,8019.012659,0.232953125,7703.333955,0.20336129,1.102451515,1.032759375,1.024603226,350.4900532,294.7506276,300.8120962,0.424084848,0.329578788,0.368172727,0.15498125,0.065725,0.007228125,0.156964516,0.051932258,0.026354839,4.521090909,-0.338790625,-1.122748387,9.294878788,6.399251515,3.310933333,-1.654590625,0.54305,0.346828125,-2.142741935,-0.178909677,0.517480645
pote.txt_8837,5.003510811,4.782461111,4.824668571,0.923456757,-0.051947222,-0.316094286,0.765521622,190.0160054,39.08966486,0.040605556,184.8685806,32.93003889,-0.194302857,184.6036057,32.79846,0.381877703,0.297627694,0.293769429,0.669908108,72.93054054,7269.243243,0.2087,66.80666667,5567.388889,0.205151429,66.32,5183.057143,9960.22253,0.287762162,7591.544892,0.146191667,7533.374417,0.080128571,1.245848649,1.184705556,1.171288571,344.0648629,298.9143977,288.6413092,0.390191892,0.324462162,0.313713514,0.238619444,0.138175,0.046225,0.244422857,0.115728571,0.017877143,3.577524324,-0.109191667,-1.048408571,8.009024324,5.797794595,3.071251351,0.305113889,0.701022222,0.011680556,-1.462942857,0.283091429,0.601228571
pote.txt_2647,3.859223529,3.528475,3.7237,1.337741176,-0.165225,-0.576133333,0.929552941,230.1453706,44.2044,-0.17835,214.1016438,36.7769,-0.47302,209.7414533,31.73696667,0.346487824,0.26595225,0.256962933,0.185394118,61.65,10625.13235,0.02330625,52.7575,8501.3125,0,52.26933333,7726.533333,17680.06024,0.092682353,14750.48305,0.03333125,12632.43677,0.035153333,1.187452941,1.09960625,1.106453333,386.8340617,354.3134618,335.3042609,0.501535294,0.398447059,0.272464706,0.30683125,0.25246875,-0.007425,0.232806667,0.1819,0.007193333,4.824305882,-0.97719375,-2.866606667,12.61888235,3.729682353,3.065229412,0.2082625,0.37410625,-0.01036875,-4.91066,0.670953333,0.605013333
pote.txt_6127,4.274433333,4.243371429,4.209107692,1.858333333,-0.235185714,-0.791607692,1.53534,170.7297133,35.08486667,-0.002428571,154.3399,26.03156429,-0.347576923,156.5296615,23.39165385,0.3368964,0.231410714,0.255408077,0.191906667,82.46533333,14441.73333,0.058642857,71.38142857,12674.78571,0.054861538,70.62538462,12812.07692,16045.50181,0.58494,12125.61879,0.392364286,12515.76035,0.309769231,1.326606667,1.31325,1.3191,424.8204806,414.7394974,408.432813,0.44416,0.30402,0.310073333,0.099928571,0.1373,0.056935714,0.227269231,0.138515385,-0.100776923,6.687413333,-0.425964286,-2.413084615,12.7479,3.776906667,5.08894,-4.373064286,0.745392857,2.812878571,-4.760023077,0.911546154,1.444776923
pote.txt_11893,4.40461,4.304921053,4.281,0.92662,-0.075052632,-0.0836,0.62077,150.65671,29.947565,-0.165605263,145.7243526,27.09353158,-0.145211111,145.5294556,26.76192222,0.22856185,0.158210526,0.171832556,0.220605,71.7265,5729.15,0,64.86263158,4365.315789,0.054677778,63.65111111,3751.111111,8991.598185,0.23035,7537.861479,0.028894737,7092.733533,0.022105556,1.36697,1.302926316,1.35515,294.1404334,269.133334,252.7858144,0.49108,0.196255,0.333745,0.379963158,0.120210526,0.134926316,0.4132,0.088183333,0.116277778,2.934345,-0.567726316,-0.690333333,6.216115,4.261375,1.950915,-0.223926316,1.285910526,0.470326316,-1.314055556,0.339911111,0.358305556
pote.txt_3259,4.810825,4.9172,4.7766,3.25,2.75,3,2.667325,114.382975,8.751675,2.694733333,116.8772,6.172466667,2.6643,113.59975,7.07465,0.605389,0.560264,0.589764,0.1873,123.33,14464.75,0.1441,124.6766667,14359.33333,0.1617,123.17,14458.5,8624.5164,0.9247,8857.5804,0.485833333,8004.5064,0.5883,1.365075,1.4022,1.34685,360.7178174,360.5022439,360.7166682,0.207175,0.023025,0.52,0.2108,0.011466667,0.44,0.18615,0.014,0.48,10.629925,10.94513333,10.4319,8.1228,3.078675,10.3531,8.103466667,2.5098,10.1736,8.1224,2.77065,10.3306
pote.txt_9977,4.087885714,3.696938462,3.61675,1.408921429,-0.171923077,-0.916583333,1.303485714,208.2636929,34.25373571,0.0526,191.5449692,21.53637692,-0.574875,199.1146833,21.63873333,0.283003071,0.236756385,0.1966805,0.074992857,73.89428571,13053.51786,0.029953846,67.94615385,11057.38462,0.0143,61.15833333,10715.79167,18094.06537,0.21285,15165.8623,0.122076923,15707.06131,0.091508333,1.327014286,1.310730769,1.289158333,425.333136,401.1184389,403.5931759,0.485885714,0.37035,0.265614286,-0.044876923,0.207284615,-0.022984615,0.13525,0.1926,-0.060966667,6.059785714,-0.152615385,-3.13675,12.38789286,2.741578571,4.258592857,-2.741346154,0.353961538,0.397838462,-5.656433333,-0.033708333,0.318275
pote.txt_11825,3.614033333,3.562209091,3.61606,2.908716667,0.771054545,-0.22204,1.251916667,142.14,27.79590833,0.518645455,135.7786636,27.53221818,-0.1942,131.45373,26.9505,0.432728083,0.265912909,0.2874,1.439791667,70.27166667,10652.33333,0.451818182,62.03,7965.090909,0.06825,64.688,9807.4,8520.024358,1.23945,6818.340064,0.609572727,7269.60516,0.58384,1.074316667,1.048390909,1.05191,404.7879493,390.1301275,374.0610276,0.391458333,0.196825,0.532683333,-0.012045455,0.127881818,0.124490909,0.01992,0.17556,-0.0948,3.31545,0.872272727,-0.40449,6.32205,4.424408333,7.930391667,0.289418182,0.458763636,-1.087809091,-0.78914,0.62916,1.41981
pote.txt_10469,5.07148,4.804688889,4.6845125,0.48011,-0.101911111,-0.0046875,0.49694,193.80618,33.85518,-0.1528,192.7283333,32.15556667,-0.0780375,191.776975,29.8618375,0.2628959,0.177956778,0.142658,0.96036,65.557,7665.6,0.088666667,61.93222222,4339.444444,0.527725,57.55,6236.75,9455.49715,0.21089,6623.313367,0.115488889,8673.984312,0.094025,1.19252,1.098666667,1.1870875,409.9619663,341.4708261,327.1719504,0.46816,0.40403,0.3726,0.166733333,0.230366667,0.119822222,0.08185,0.196825,0.057125,2.0033,-0.254377778,-0.442825,4.67367,5.29315,3.32953,-0.735055556,-1.111744444,-0.823366667,-0.2285375,0.9555,0.0602875
pote.txt_4889,5.546718182,5.36038,5.389344444,2.966581818,-0.16892,-0.054355556,1.0921,144.4341455,29.592,0.22942,137.76016,29.04624,0.256633333,138.6832444,29.1536,0.96262,0.9623764,0.962862667,0.490736364,94.29545455,6994,0.48847,93.375,1799.8,0.4893,93.25,1958.444444,1492.511945,1.298445455,1099.253,0.30935,1104.070956,0.339966667,0.589963636,0.5312,0.530488889,165.3978198,49.93281216,53.34380973,0.074418182,0.0759,0.761363636,0.0718,-0.02995,-0.3125,0.0722,-0.024877778,-0.263888889,3.021918182,1.00952,1.067433333,6.482672727,18.55723636,5.428,6.3197,-3.07408,0.47896,6.308288889,-1.914844444,0.646844444
pote.txt_10245,5.172821739,4.955554545,4.908704762,0.984582609,-0.080409091,-0.688542857,0.857917391,172.8022348,36.84604783,0.018795455,167.8967773,31.96218182,-0.420938095,168.2794857,31.45439048,0.331189087,0.274540409,0.251130952,0.454421739,82.58434783,8021.73913,0.182822727,73.88818182,6862.409091,0.110828571,71.51619048,6245.857143,10028.06207,0.635830435,7226.9557,0.300363636,5537.077267,0.2173,1.341130435,1.2594,1.283847619,369.2545595,354.9842868,346.3017534,0.404786957,0.290995652,0.2641,0.074618182,0.129263636,0.051963636,0.071409524,0.046485714,0.041990476,3.955056522,-0.094072727,-2.273352381,9.624382609,3.863082609,1.860269565,-0.342731818,0.242145455,-0.083468182,-5.882957143,-1.539661905,0.349961905
pote.txt_1743,4.808868,4.672570833,4.589891304,0.931248,-0.247070833,-0.295156522,0.915088,181.189988,31.922788,0.0296125,174.4703458,26.817975,-0.221578261,172.319913,26.79419565,0.38819896,0.29982175,0.27925,1.117436,78.3684,7092.56,0.473133333,70.4725,5014.541667,0.209282609,70.48826087,5584.478261,9047.059184,0.38378,5818.369383,0.139541667,5484.11017,0.125547826,1.249768,1.186879167,1.1388,349.826528,307.6360218,309.8405716,0.394792,0.28242,0.353184,0.2107625,0.123025,0.069875,0.15023913,0.143982609,0.065334783,3.708308,-0.4634375,-0.957591304,7.7892,4.133288,3.772376,-1.110920833,0.601216667,-0.617075,-3.409869565,0.844630435,0.263078261
pote.txt_8317,5.932130769,5.729628,5.7404125,1.726046154,0.824456,0.573354167,1.267696154,153.4157,23.53664231,0.914264,148.13476,20.623672,0.710279167,147.8435,18.86109583,0.523919962,0.43983612,0.41513425,0.441988462,94.91230769,9261.615385,0.37024,92.5376,8523.56,0.346566667,91.89,8276.208333,6632.566065,0.914011538,5102.706884,0.688696,4583.686683,0.7245375,1.2123,1.198192,1.191154167,380.5345345,360.4646096,360.3203798,0.293280769,0.437276923,0.485884615,0.054976,0.248228,0.120464,0.0068125,0.242116667,0.023175,4.535338462,2.71562,1.770883333,6.743669231,4.753861538,4.362273077,3.87276,1.600668,2.384236,1.579025,0.175920833,1.885029167
pote.txt_2927,5.759555,5.719905263,5.866461111,1.07206,0.269368421,0.369983333,1.284045,148.295675,25.779885,0.608268421,147.8269789,21.53448421,0.658266667,148.7389944,19.46330556,0.44321745,0.338573105,0.339854167,0.44999,97.7235,12130.15,0.315026316,96.11947368,8137.631579,0.319338889,99.37055556,7173,11017.14662,0.640475,7576.787905,0.375815789,6042.251117,0.393805556,1.058595,0.972821053,0.956716667,390.5068999,289.5478637,265.1132175,0.383755,0.26089,0.40886,0.015468421,0.084105263,-0.087494737,0.0363,0.026422222,0.106022222,5.26648,2.532578947,2.913433333,10.46611,9.72439,3.84241,5.996705263,-1.847689474,-0.608157895,4.715527778,-2.200316667,1.113661111
pote.txt_8201,4.87658,4.3385125,4.293156522,1.722504,0.398433333,-0.025456522,1.287724,175.357276,26.670968,0.410716667,168.0855958,21.871875,0.399365217,167.486613,23.1643087,0.50773008,0.381800375,0.409773565,0.956672,84.7636,9479.18,0.3387,77.00666667,8110.90625,0.435791304,76.15434783,8362.804348,9159.924352,0.862488,6219.4075,0.509583333,7295.772113,0.525756522,1.179736,1.126416667,1.099956522,400.3151782,380.7362194,388.2728811,0.330852,0.361252,0.402632,0.203333333,0.211666667,0.1268625,0.19563913,0.181647826,0.024491304,4.68088,1.122379167,0.687404348,7.499484,4.028272,5.5857,-0.34495,0.058066667,1.704216667,0.130865217,0.322786957,-0.591204348
pote.txt_4315,3.818277778,3.802475,3.913085714,2.929811111,-0.4034875,-1.491857143,1.4538,153.8723222,43.3962,-0.048125,148.9502875,40.2435,-0.990085714,136.1640571,31.91972857,0.411833444,0.182375,0.094954286,0.158566667,66.66666667,19637.11111,0.04485,53.86125,19551,0.054414286,53.52285714,20028.42857,19287.80841,1.375122222,18023.63978,0.6371,15101.64283,1.153157143,1.033755556,1.038375,1.038814286,506.7307653,514.9715096,504.7688849,0.534555556,0.501966667,0.466755556,0.03315,0.428125,-0.030475,-0.0237,0.290885714,-0.307457143,5.178922222,-0.2626,-3.544142857,16.06181111,7.279911111,5.421255556,2.6343625,3.60945,0.9291625,-8.207085714,6.330671429,-1.535471429
pote.txt_11791,5.180322727,4.908723256,4.878502381,0.84465,0.205306977,-0.030964286,0.723379545,171.9913205,35.35335227,0.201169767,167.7903791,31.94032558,0.018309524,167.5173024,32.6352381,0.421442295,0.32626293,0.281468595,1.548822727,77.3975,6864.931818,0.718725581,69.24488372,4744.790698,0.724604762,68.24119048,4194.428571,7662.246175,0.552947727,5125.078172,0.239555814,4166.099262,0.268064286,1.026372727,0.980230233,0.947628571,385.0365853,327.8049087,309.0264006,0.42115,0.300670455,0.420038636,-0.018981395,0.056506977,0.239204651,0.097559524,0.012885714,0.207735714,2.780213636,0.519918605,-0.075664286,6.850993182,6.812397727,4.186675,0.660344186,-0.151234884,0.569990698,-1.387614286,-0.309485714,0.193580952
pote.txt_11831,5.1849125,4.914257143,5.2705,0.81395,0.650628571,0.597466667,0.19285,234.5076,60.08405,0.055671429,228.6910286,56.97441429,0.062966667,225.642,53.17015,0.587585125,0.432823429,0.511794,0.2738,52.88375,6165,0.078228571,47.09714286,1999.285714,0.182533333,53.29666667,2223,11936.455,0.0049625,5543.414643,0.002742857,5523.332633,0.002633333,0.9081625,0.718542857,0.6787,208.4634209,77.65123355,83.68377997,0.3569125,0.3197125,0.2986625,0.281314286,-0.051828571,0.181428571,0.258966667,0.024933333,0.254166667,1.7453125,0.266285714,0.4367,11.5341875,15.1154375,0.5377625,-3.385642857,8.792571429,-0.055085714,0.086383333,12.62533333,0.051233333
pote.txt_53,4.891207407,4.638038462,4.631952,0.938233333,-0.102230769,-0.30632,0.681196296,198.3278926,40.16752222,-0.094815385,191.9356577,34.21276923,-0.290684,189.01588,31.943176,0.420360148,0.318740385,0.28876108,0.34612963,69.91777778,8055.296296,0.095380769,62.04923077,6447.384615,0.080048,62.0416,5105.56,11436.78706,0.246511111,8575.917969,0.102673077,6727.486716,0.087668,1.146388889,1.078242308,1.059952,337.4896114,296.2518815,262.0897753,0.446911111,0.361355556,0.345911111,0.19325,0.174984615,0.103692308,0.167132,0.104952,0.073828,3.41667037,-0.62885,-1.521724,9.000596296,6.347562963,1.989985185,-1.336430769,2.40225,0.451073077,-4.717548,1.13384,0.065432
pote.txt_7433,5.2048,5.044994737,5.042333333,2.330235,0.015842105,-0.759733333,1.111795,155.13624,36.57472,0.119810526,149.9786526,31.05205789,-0.192316667,151.1005556,31.52711111,0.5817716,0.481286526,0.468054778,0.422085,80.0345,11314.5,0.213436842,71.35684211,9299.315789,0.218155556,70.12444444,9378.666667,8101.068005,1.300725,4710.501916,0.781536842,5981.534217,0.4644,1.118995,1.077231579,1.088261111,395.2569794,362.9405587,374.2984235,0.370175,0.41415,0.427415,-0.009315789,0.196815789,-0.035715789,-0.058622222,0.309855556,-0.249833333,3.620605,-0.204610526,-0.873033333,7.565455,4.82012,3.928945,-2.357242105,-0.679236842,1.3953,-1.003155556,-2.192161111,0.222338889
pote.txt_2591,4.202875,4.229563636,4.2791,3.42935,0.354545455,0.6898,1.440175,124.9976083,41.29284167,-0.146254545,125.2662909,33.02469091,0.23102,130.03725,39.29171,0.522053333,0.339824455,0.2857528,0.187933333,71.74666667,15632.91667,0.103763636,60.10454545,15172.63636,0.0806,58.844,14909.2,13574.60863,1.410016667,11515.30006,1.088863636,13595.18678,0.77646,0.968258333,0.966354545,0.96821,452.5190532,450.1557199,463.3174192,0.513191667,0.409808333,0.549966667,0.219190909,0.294909091,0.048581818,0.04506,0.38384,0.0257,5.141908333,-0.715945455,1.06097,12.38016667,6.569308333,6.326883333,-2.928609091,4.885509091,2.120463636,3.9794,1.45935,2.61818
pote.txt_7123,5.008516667,4.960323529,4.99085625,1.5184,-0.253176471,-0.850375,1.0759,179.01625,42.97421667,-0.0644,172.2937294,31.47667647,-0.45433125,168.877125,23.6474125,0.445551,0.426660941,0.40308675,0.127566667,70.37333333,10004.83333,0.0495,62.36588235,7419.941176,0.0457875,61.383125,7884.1875,13733.1442,0.097533333,11113.90954,0.0355,10953.65151,0.02796875,1.133066667,1.022652941,1.04523125,341.8628647,269.7321366,262.0086916,0.498666667,0.320433333,0.2845,0.427682353,0.109152941,-0.095147059,0.3960625,0.056975,-0.0560875,5.5507,-0.676382353,-2.9073875,10.93498333,7.165,3.915766667,-0.706858824,-0.152941176,1.924352941,-4.70006875,0.43878125,1.4965
pote.txt_4809,4.9436,4.707557143,4.98385,1.0664,-0.056514286,0.076066667,0.5372875,225.9241625,56.1300625,-0.230614286,216.2453143,46.19398571,-0.11795,211.342,43.6493,0.525243125,0.392819429,0.448916667,0.2189625,58.72,7934,0.078228571,50.41571429,5678.142857,0.131966667,58.625,4427,13207.27044,0.040025,9142.892071,0.016585714,7929.848967,0.012833333,1.058075,0.935814286,0.8864,253.3450828,185.5872751,145.6782747,0.3774125,0.3107125,0.27335,0.328457143,0.027885714,0.102357143,0.293966667,0.051333333,0.049416667,3.23725,-1.504185714,-0.45165,11.920775,11.77275,1.7589625,-4.137685714,6.171614286,0.932685714,-0.112883333,5.415283333,0.4411
pote.txt_1827,6.51722,6.254,6.66255,1.00181,0.329933333,0.202975,0.8152,172.74225,46.09959,0.151655556,170.4845333,39.02754444,0.3711625,170.090925,35.9939625,0.4420862,0.362674444,0.406302125,0.30078,80.611,10217.5,0.206088889,76.59777778,8923.333333,0.260125,79.57625,7732,11222.16594,0.48834,8243.900911,0.294611111,7549.520263,0.3723875,1.18309,1.061744444,1.12965,435.3418568,372.3450852,369.4652772,0.53402,0.4637,0.2444,0.079488889,0.293244444,-0.0074,0.063625,0.2071375,0.0623875,3.98333,1.400422222,1.6714125,9.99664,5.10555,1.69011,5.374233333,0.042088889,-0.374988889,4.9231,-2.2556875,0.315
pote.txt_5573,3.850392308,3.6365,3.660563636,1.276307692,0.145933333,-0.109963636,0.461430769,232.2538692,50.02861538,-0.042175,216.6177833,44.024225,-0.183245455,212.1061545,41.51465455,0.418449846,0.355439833,0.274795455,0.283553846,51.64846154,8040.019231,0.12765,50.16583333,5151.25,0,50.40272727,3883.409091,14703.32251,0.251630769,11136.39511,0.024091667,7562.675664,0.035536364,1.063815385,0.922166667,0.876254545,329.2460301,263.2522044,234.8540715,0.4765,0.406446154,0.3451,0.30535,0.257608333,0.059241667,0.307663636,0.154136364,0.131509091,2.489115385,0.060158333,-0.806609091,11.15043077,6.568515385,1.852969231,3.792358333,0.981408333,0.009133333,-3.308827273,2.792072727,0.239527273
pote.txt_10501,4.391429412,3.79893125,4.080746667,2.7219,0.75194375,1.143426667,1.644488235,152.0326235,20.78201176,0.80363125,143.3060562,17.949525,1.006266667,143.0093067,19.18031333,0.690334235,0.623017375,0.6169852,0.550482353,100.3829412,10919.67647,0.3940625,95.84125,8288.96875,0.420466667,97.312,8672.566667,6830.225282,1.392870588,4392.047256,0.8868625,4075.273273,1.011046667,1.017229412,0.94833125,0.974606667,390.5573442,388.8633395,389.6646072,0.247323529,0.300094118,0.641447059,0.11453125,0.15901875,-0.2261375,0.00716,0.1521,-0.072,5.558358824,3.024525,3.4598,7.192405882,4.061935294,6.774294118,1.18375,0.8593,0.16794375,2.314266667,0.825233333,1.392026667
pote.txt_4371,4.141,3.289114286,2.926283333,1.0684,0.317828571,-0.3676,1.11485,220.7518125,23.9382625,0.307114286,219.4864286,20.95412857,-0.18405,226.8873167,19.35055,0.285744875,0.144825429,0.124851833,0.3094,85.22375,9692.40625,0.0429,75.91,9392.928571,0.11835,68.59333333,8840.333333,14978.74342,0.3490375,15284.70826,0.109985714,14232.94035,0.115366667,1.1935625,1.123242857,1.089583333,423.7615589,398.0714924,418.1962682,0.3898,0.31495,0.34245,-0.013342857,0.236714286,0.112685714,-0.357566667,0.187683333,-0.010866667,4.8375,1.429942857,-1.4142,10.276725,2.0317,3.3803625,4.469428571,0.725371429,0.9205,-3.2286,1.0484,-0.5657
pote.txt_8797,4.671938889,4.29052,4.393582353,1.416472222,0.074491429,0.130167647,0.896616667,173.8566889,35.24823611,0.260045714,169.7143086,30.27107429,0.415502941,167.0265206,30.15597059,0.515394361,0.401854371,0.406473029,1.740758333,73.35361111,6545.069444,0.845488571,66.78028571,4800.9,0.762455882,67.42352941,4935.102941,6996.968706,0.705641667,4834.642177,0.363557143,5366.810547,0.300764706,0.998994444,0.936,0.932252941,381.0444443,335.4261515,320.2133858,0.354177778,0.332066667,0.428705556,0.189491429,0.172674286,0.104485714,0.258132353,0.175382353,0.027288235,2.763130556,-0.000397143,0.835517647,6.339875,5.572861111,5.76185,-0.242322857,0.998417143,-0.92116,1.189017647,0.7351,-1.078929412
pote.txt_11169,3.966266667,3.936111765,3.8686625,2.405855556,0.555588235,-1.41058125,1.171733333,160.6169778,33.37987778,0.518876471,155.7424941,32.39384706,-0.0344375,151.3886563,31.89024375,0.456552556,0.346870118,0.316063375,2.722511111,62.36888889,8287.666667,0.632029412,57.47941176,5868.235294,1.95590625,55.36875,6880.8125,7305.828556,0.961233333,5929.392788,0.419476471,5248.678669,0.1049375,1.032533333,1.0034,0.98491875,400.5541922,348.7075818,336.0464589,0.343966667,0.182488889,0.460355556,0.285458824,0.062517647,0.029764706,0.215875,0.09149375,-0.23726875,2.840533333,0.848623529,-1.691475,6.240066667,6.4517,9.931777778,0.7024,0.558270588,-4.532458824,-3.11856875,-3.01195625,3.12299375
pote.txt_1877,6.0292875,5.811969565,5.742372727,0.805604167,0.218747826,0.162736364,0.519258333,202.5514,40.6806,0.092117391,194.7658,34.48352609,0.041595455,193.4246727,33.65183182,0.36963375,0.20175,0.284712727,0.3166625,71.09625,7740.333333,0.149495652,64.85391304,5168.652174,0.139095455,65.76409091,5333.272727,11309.07213,0.292616667,7912.277013,0.129917391,7073.576014,0.151068182,1.199954167,1.068930435,1.093131818,354.011373,250.0446776,270.9001196,0.465720833,0.410341667,0.3181625,-0.04353913,0.111917391,0.216895652,-0.152440909,0.173704545,0.168481818,2.7569125,0.345382609,0.016672727,9.804370833,7.822,1.1216,1.018413043,-0.626269565,-0.039256522,-2.829754545,2.291540909,-0.576509091
pote.txt_11809,4.925672727,4.779311628,4.806080952,0.731013636,-0.09075814,-0.057011905,0.551540909,171.8668318,34.72221591,0.035293023,168.4430209,33.28173023,-0.064380952,170.572369,33.3099619,0.392992795,0.299444442,0.245046952,1.534002273,72.12659091,6113.568182,0.774269767,65.7627907,4028.837209,0.827159524,66.47571429,3833.095238,7382.806423,0.507868182,4937.448902,0.149574419,4061.951014,0.315769048,1.004097727,0.942439535,0.916978571,364.5744739,306.8643519,288.1564851,0.428220455,0.274829545,0.422011364,-0.001062791,0.087430233,0.2265,0.105319048,0.032083333,0.244764286,1.856002273,-0.04057907,-0.163119048,6.267502273,7.486288636,3.627984091,0.492748837,-0.697262791,0.300872093,-1.180209524,0.842261905,0.287819048
pote.txt_11145,5.707506122,5.37725625,5.346306383,0.607257143,0.375247917,0.156651064,0.293577551,195.1611449,36.56003265,0.045995833,192.4008167,36.06154375,0.01527234,193.0434255,35.84865532,0.656790265,0.469404521,0.526047872,0.366802041,65.95857143,7826.336735,0.222510417,61.775625,2449.71875,0.244029787,63.23319149,3508.021277,8305.514653,0.406530612,3727.459535,0.20945,4096.840821,0.203351064,0.654002041,0.5565375,0.555280851,263.0083559,106.0751928,127.7073321,0.375722449,0.342355102,0.402871429,-0.088995833,-0.020239583,0.28620625,-0.108970213,0.014580851,0.245425532,0.973846939,0.0173625,-0.005595745,5.588012245,16.4735551,1.06612449,-1.539204167,0.187629167,0.527460417,-0.674389362,2.633414894,0.271040426
pote.txt_189,3.909311765,3.8425,3.861426667,2.321652941,-0.34714375,-0.0856,1.213411765,158.7380471,35.37900588,-0.1449625,155.7224875,33.36911875,0.755073333,153.84336,32.69016,0.432481294,0.280607625,0.2742232,1.947994118,63.28647059,12108.41176,0.32453125,54.428125,9544.5625,0.879233333,54.846,9749.666667,11153.62764,0.993388235,8286.983069,0.3938125,9915.41626,0.216266667,0.958452941,0.93111875,0.920173333,457.3687363,433.0000479,410.9563749,0.448711765,0.269811765,0.411805882,-0.05194375,0.1317875,-0.09845625,-0.083993333,0.202386667,-0.036913333,3.420364706,-0.42826875,0.95498,7.888805882,5.954935294,8.293847059,-3.0464625,0.48820625,-1.37175,3.247486667,-1.84152,-4.6606
pote.txt_9065,5.030061364,4.644095349,4.408252381,0.899956818,0.052088372,-0.032419048,0.847722727,177.1923432,30.88659773,0.277797674,173.4677163,28.64962791,0.245485714,173.6566143,29.0723119,0.429273432,0.321035535,0.313496357,1.426388636,82.84772727,6720.829545,0.670883721,76.3555814,5005.034884,0.887761905,73.78380952,4527.02381,7535.696193,0.65235,5194.862065,0.356504651,4811.864774,0.256085714,1.076425,1.018237209,1.002185714,392.7416862,347.5488952,339.3006621,0.367961364,0.281409091,0.383681818,0.002032558,0.11004186,0.152804651,0.024035714,0.125509524,0.182361905,2.999345455,0.695804651,0.314142857,6.975663636,5.018625,4.049925,1.07607907,0.530630233,-0.808437209,0.510711905,-1.465397619,0.21437619
pote.txt_4119,4.888366667,4.5951375,4.214114286,2.194988889,-0.285,-0.496428571,0.920888889,182.1013778,52.33357778,0.10085,184.3794,51.2929625,-0.0323,184.8452,47.73368571,0.477290222,0.286578125,0.390797571,0.443322222,69.51666667,10833.44444,0.11165,58.54125,9917.25,0.082642857,55.09428571,9735.571429,11829.81949,0.899077778,9317.93995,0.2656875,8524.214671,0.386628571,1.208744444,1.1604,1.158114286,421.1400028,421.4258638,408.1109809,0.475977778,0.486822222,0.430511111,0.387125,0.4262625,-0.05825,0.2384,0.387714286,-0.019314286,3.704055556,0.221525,-0.865085714,11.72558889,2.936977778,3.396266667,0.954075,0.7944875,0.3379625,-3.855014286,-0.162585714,1.373128571
pote.txt_8669,5.24105625,5.01146129,4.898736667,2.092996875,-0.329187097,-1.02356,1.1243875,173.1846469,42.2139,0.128190323,165.4089226,33.32634194,-0.361196667,163.3175933,34.38872667,0.582438875,0.496940839,0.451091667,0.600365625,81.015625,9253.375,0.228303226,74.56580645,8089.064516,0.156626667,69.073,7657.066667,9727.820566,0.77956875,6856.147229,0.298535484,5538.624813,0.13777,1.026175,0.974070968,0.974386667,340.2622026,306.2320085,300.1017323,0.332590625,0.36020625,0.453146875,0.116103226,0.130083871,-0.029512903,0.03257,0.039846667,-0.109026667,4.69925625,0.114367742,-2.451546667,10.1634625,7.97109375,4.74003125,0.129396774,1.008206452,1.49596129,-6.128356667,-0.693246667,1.051
pote.txt_7669,2.217690476,1.1766,1.813247368,3.394533333,0.0091,1.983473684,1.5599,198.9965524,23.27989524,0.96544,166.97335,21.318405,1.109215789,195.0023105,21.39782632,0.780520571,0.7332868,0.728299737,0.279252381,84.41761905,9629.904762,0.2197,79.5025,6603.575,0.235710526,80.26578947,8407.697368,9441.890924,1.506757143,6989.015715,0.50104,8845.602911,1.121152632,0.746704762,0.6626,0.692042105,364.7743899,364.8556843,364.9711551,0.147942857,0.290566667,0.663390476,0.11139,0.2007,-0.3392,0.132057895,0.274005263,0.361684211,4.565119048,2.4184,2.795173684,6.583704762,3.722447619,8.184457143,-3.18457,1.7527,-3.79007,2.160589474,2.524926316,4.581984211
pote.txt_9763,3.634378571,3.325469231,3.299875,1.000292857,0.260153846,-0.236166667,0.487964286,245.35835,52.7048,-0.022453846,238.3285308,46.09620769,-0.252791667,229.1402917,40.1023,0.370955429,0.267472231,0.262788167,0.486735714,52.46928571,8965.660714,0.057346154,47.50769231,7449.384615,0,45.93166667,6310,16639.25187,0.125721429,12953.31228,0.062830769,10348.16701,0.047858333,1.038757143,0.971784615,0.972908333,424.6659436,424.7372593,416.6941096,0.582542857,0.527157143,0.37725,0.237415385,0.491661538,0.128638462,0.206883333,0.475308333,0.184483333,3.047264286,0.156115385,-1.791575,12.11925714,2.407835714,1.774235714,2.418815385,0.771176923,-0.556661538,-4.206166667,0.01235,0.247233333
pote.txt_6253,4.834793333,4.603914286,4.257161538,1.517626667,0.014571429,-1.459846154,1.4605,203.6813067,43.60606,0.283442857,189.5317286,30.86597143,-0.939392308,187.1344769,23.76643846,0.3408612,0.283722214,0.209123846,0.29748,87.58733333,11045.66667,0.159364286,76.95,11029.28571,0,62.63307692,11034.38462,14064.25724,0.32486,13266.72206,0.200764286,13008.94054,0.057230769,1.536313333,1.543778571,1.559253846,375.1291947,366.1599426,361.8895359,0.36022,0.34592,0.302746667,0.329421429,0.167542857,0.155085714,0.306507692,-0.025230769,-0.044861538,7.548946667,1.064164286,-5.498523077,12.01562,1.58938,5.071153333,0.080178571,0.034014286,3.975471429,-10.29184615,-1.5447,2.183769231
pote.txt_6305,4.93702,4.855485714,4.917992308,0.420666667,-0.044635714,0.055369231,0.591266667,191.2065,36.50422667,-0.086735714,187.6807429,34.39842143,0.102407692,187.8579769,34.84963077,0.451322267,0.367482143,0.347799154,2.436673333,66.39066667,5707.6,1.125964286,64.60214286,2977.428571,0.927530769,65.14923077,2971.307692,7487.16934,0.2205,4800.751064,0.050914286,4279.524646,0.146692308,0.886366667,0.772157143,0.773061538,355.1911938,209.2004182,217.6340001,0.402086667,0.239746667,0.358293333,-0.106885714,-0.014814286,0.239735714,0.1889,-0.080461538,0.215453846,1.86632,-0.162714286,0.188461538,5.009353333,9.336773333,5.636833333,0.322942857,-0.743814286,1.561614286,0.994523077,2.086707692,-0.544469231
pote.txt_1041,3.062475,3.133114286,3.123133333,1.90155,0.376,-0.576333333,0.7119625,291.66025,56.136025,0.209,271.5262571,52.65342857,-0.202666667,257.50645,48.74566667,0.27757475,0.253791714,0.1590625,0.3048625,44.2625,13842.25,0.131857143,43.26857143,12205.14286,0,42.375,11664,24121.45799,0.408275,20199.40933,0.174328571,15004.80842,0.094666667,1.1005625,1.071871429,1.08065,475.2250758,461.9317348,447.0563028,0.5468125,0.5677875,0.3188125,0.1242,0.512928571,-0.102771429,0.0218,0.463866667,0.043333333,3.7200875,1.525657143,-0.722583333,18.2789125,2.456325,1.873725,10.78822857,-0.972185714,0.0749,0.0398,0.275133333,0.209016667
pote.txt_9771,5.383740625,5.154170968,5.085693333,0.9101,-0.136535484,-0.21055,0.78513125,194.5378031,38.52581563,0.002790323,188.0292323,33.4348129,-0.170043333,187.6144733,32.62689333,0.354582094,0.249931,0.205145367,0.80089375,75.60125,7329.25,0.242664516,66.64322581,5593.354839,0.098963333,67.15266667,6141.833333,10240.90138,0.300671875,7318.850974,0.159190323,7127.71347,0.112496667,1.243978125,1.199325806,1.190863333,366.5967938,316.0049066,338.2466021,0.412834375,0.376378125,0.353640625,0.170832258,0.04423871,0.088712903,0.180956667,0.00766,0.089956667,3.958746875,-0.574945161,-1.184143333,8.229696875,5.637378125,3.47598125,-1.888051613,1.137719355,-1.381280645,-3.765103333,0.260786667,0.802573333
pote.txt_6917,3.937194444,3.789717647,3.78615625,2.586727778,0.219758824,-0.271525,1.477683333,142.0585889,31.48472222,0.770711765,137.5366,30.32702941,0.531625,141.5055,29.4420125,0.464220778,0.302844,0.35656775,2.705127778,70.57722222,10389.66667,0.930494118,59.78941176,7666,2.331125,59.834375,8296.1875,8027.636183,1.056288889,6399.546941,0.387311765,5710.047619,0.53859375,1.05615,1.007147059,1.0179375,438.7538363,413.1002187,407.4410053,0.352688889,0.1782,0.463316667,0.142535294,0.076935294,-0.052758824,0.221925,0.0949375,-0.06124375,4.027894444,0.856429412,-0.2875125,6.855961111,5.499966667,10.92220556,0.324617647,-0.353541176,-6.260658824,-1.37876875,-0.5652375,4.0622375
pote.txt_11149,5.671797872,5.379486957,5.435,0.912510638,-0.132463043,-0.094711111,0.449144681,174.6750404,34.60097872,0.002541304,171.736213,34.48761739,-0.169377778,173.1812778,34.08445333,0.707197128,0.593630739,0.611732711,0.357419149,71.06382979,8525.941489,0.256495652,66.88652174,1205.043478,0.278697778,66.40733333,5373.066667,7560.124983,0.545317021,2950.160117,0.062617391,4161.900564,0.322257778,0.560302128,0.489195652,0.505513333,253.9892123,59.98956593,150.7333201,0.360070213,0.265068085,0.433121277,-0.145906522,-0.061997826,0.002878261,-0.053988889,0.023275556,0.208742222,1.339265957,0.091452174,-0.480766667,5.750397872,17.52239574,1.697804255,-0.42151087,-6.293143478,-0.384704348,-0.721993333,7.304482222,-0.042817778
pote.txt_2621,4.84917,4.660121053,4.716488889,0.739845,0.330889474,0.280933333,0.39949,173.12126,43.47867,0.087073684,164.7640632,38.86342105,-0.043405556,164.3417889,37.75213333,0.32633895,0.224428368,0.245861889,0.72741,59.662,6691.75,0.320284211,53.47105263,4848.210526,0.094966667,54.06944444,4399.5,10269.88879,0.36368,7448.459111,0.087226316,7849.772661,0.032088889,1.17422,1.121336842,1.146505556,354.4111671,298.7965653,288.5387803,0.51172,0.43303,0.311935,0.196247368,0.253947368,0.216778947,0.171011111,0.17085,0.230466667,1.74109,0.358321053,0.25695,8.208045,5.75064,1.595635,1.512373684,1.216515789,-0.106189474,0.903344444,1.345377778,-0.585033333
pote.txt_10281,4.036717647,3.9503625,3.97334,2.336276471,-0.17910625,0.03636,1.112770588,154.1330941,34.86271765,-0.04695625,149.4649062,33.37006875,0.41022,148.7595667,33.04984667,0.476104647,0.349116312,0.387487067,1.1769,68.56588235,11869.29412,0.33893125,58.500625,8862.3125,0.47712,62.69866667,9226.466667,10684.14719,1.009335294,7153.0666,0.46473125,9165.522847,0.415246667,0.950941176,0.9006,0.903566667,421.0363111,387.2882781,376.7529215,0.466458824,0.2861,0.484664706,-0.0864125,0.1536,-0.0335625,-0.049733333,0.20848,-0.066146667,3.434794118,-0.62550625,0.658673333,8.055764706,6.176582353,6.306741176,-3.31788125,0.32609375,-0.8186,3.42964,-1.54198,-1.91116
pote.txt_2505,4.2592,4.272761538,4.23445,1.533057143,-0.262615385,-0.855833333,1.231192857,194.4838143,42.33752143,-0.007853846,179.4080846,30.97962308,-0.483066667,176.2676417,22.68945833,0.287538786,0.253906,0.232701333,0.165242857,72.89428571,11134.57143,0.016753846,65.33923077,10347.76923,0.036575,64.11166667,10411.41667,15237.5976,0.237114286,12583.08925,0.086661538,13713.69615,0.09505,1.446971429,1.398984615,1.455066667,380.6493268,374.9686514,366.8934228,0.458507143,0.286928571,0.224778571,0.364815385,0.145630769,0.015261538,0.401825,0.1294,-0.166633333,6.085807143,-0.505784615,-2.867383333,11.81653571,2.111692857,4.109907143,-2.356169231,-0.351915385,2.781561538,-3.448133333,-1.030408333,1.807716667
pote.txt_1797,5.049392857,4.633196296,4.474569231,1.030507143,-0.000718519,-0.164292308,0.743821429,208.5324,34.056,0.02697037,197.2432296,30.27791481,-0.047280769,201.4914231,30.16221154,0.456707893,0.30802263,0.312974885,0.301957143,72.78178571,7432.508929,0.127548148,66.00074074,4918.425926,0.107203846,65.04653846,5182.076923,10574.17045,0.303528571,7205.245019,0.194766667,7756.501265,0.123176923,1.191017857,1.083625926,1.0506,299.2029698,231.2745345,234.7620035,0.353521429,0.343257143,0.360239286,0.193688889,0.059677778,0.048348148,0.240280769,0.077853846,0.027853846,3.4477,-0.17587037,-0.592442308,8.182057143,7.787921429,2.380196429,-2.094992593,1.684933333,-0.081681481,-1.292161538,1.552907692,0.456215385
pote.txt_771,4.0873,3.6330775,3.648135897,1.50937561,-0.3760525,0.474933333,1.056182927,179.3569049,33.02107805,0.3401725,169.093605,30.4092675,0.430658974,170.9167128,30.50708974,0.471027512,0.3435698,0.372211538,1.553004878,77.06170732,9000.170732,0.69372,66.72975,5853.85625,0.746474359,71.67641026,6955.641026,9299.338827,0.869919512,5532.447815,0.3664875,7313.069515,0.522702564,0.975785366,0.9334675,0.932564103,422.8285367,394.1489721,393.917615,0.351002439,0.343521951,0.466353659,0.0286925,0.1014825,-0.0335025,0.037364103,0.18345641,0.100646154,3.419009756,0.1374575,1.387266667,7.156734146,4.835095122,6.281804878,-2.617425,-1.3964775,-2.107905,2.073897436,0.700810256,0.581005128
pote.txt_1489,4.054959091,3.690461905,3.8037,0.595459091,0.244885714,0.11543,0.298736364,172.8490909,29.45054545,-0.002371429,165.6067,26.86149524,-0.053065,161.75264,27.17039,0.261192591,0.215132286,0.18381875,0.225,60.26636364,4617.75,0.083509524,58.43190476,3470.809524,0.011715,56.9525,3921.35,9229.129518,0.128077273,7648.545952,0.073638095,8089.267455,0.040665,1.072418182,1.02227619,1.038295,360.1517868,344.4407144,341.7788916,0.556568182,0.429731818,0.458186364,0.521814286,0.35672381,0.322961905,0.513865,0.320915,0.30483,1.593677273,0.130609524,-0.37425,4.110822727,3.641727273,1.828190909,0.771333333,2.3391,0.192104762,0.02344,2.246425,0.640725
pote.txt_8085,5.024308,4.8496125,4.699330435,0.811072,0.0679,-0.249826087,0.55848,195.619232,38.830332,-0.015404167,182.4822583,33.12062083,-0.280417391,184.5150348,31.8659,0.43685172,0.329015625,0.309051304,0.353116,71.9992,6273.8,0.0951,67.62833333,3255.75,0.115182609,64.86565217,3886.826087,9624.555676,0.143688,5617.104838,0.0599,5378.768404,0.031978261,1.207336,1.1275375,1.136978261,262.204546,194.8812531,192.3023598,0.408332,0.241528,0.371724,0.347370833,0.048391667,0.076379167,0.2671,-0.0093,0.172521739,2.890484,-0.0175125,-1.568104348,8.349476,8.464672,1.52446,-0.671391667,2.7182,-0.096504167,-4.097982609,4.160117391,0.298704348
pote.txt_8349,5.41462963,5.205869231,5.183056,1.210648148,-0.166838462,-0.325056,1.153318519,190.0854926,34.9414,0.02555,180.2662731,26.25391538,-0.011804,179.437532,23.997436,0.395843704,0.281754269,0.23831664,0.2713,83.24740741,10565.7037,0.13065,73.27923077,9158.423077,0.090996,72.8336,9266.52,12476.19344,0.367485185,10440.85028,0.224353846,9956.447544,0.1813,1.361344444,1.290688462,1.308848,387.2204892,365.0397138,358.5736588,0.421966667,0.375044444,0.301388889,0.136046154,0.191923077,-0.051888462,0.004268,0.1111,-0.000548,5.476040741,-0.296184615,-1.053676,9.954596296,4.309774074,3.315044444,-0.818388462,1.549576923,0.428388462,-2.698472,-0.739328,1.234788
pote.txt_2267,3.716723077,3.486225,3.477427273,1.116892308,0.464533333,0.160363636,0.526461538,249.2989154,58.50346154,-0.059975,237.2222167,50.7475,-0.217163636,227.3600455,44.72892727,0.357480846,0.300107667,0.263805545,0.104323077,47.72846154,9220.557692,0.045633333,44.96333333,6653.666667,0,43.72909091,4986.409091,17703.51734,0.030430769,14568.67007,0.013408333,11573.47996,0.014909091,1.196253846,1.091575,0.995836364,337.4263964,290.9945914,248.9603105,0.472453846,0.417569231,0.199846154,0.336608333,0.282,0.0753,0.3365,0.131963636,0.0802,3.269692308,0.0944,-1.378090909,13.1476,5.834915385,1.703607692,5.020258333,3.333866667,0.021858333,-2.951390909,2.213309091,0.424590909
pote.txt_3593,4.463233333,4.6968,4.5714,1.528033333,1.176,0.9075,2.1379,144.7601,14.0097,2.28416,134.89762,7.44458,2.1663,137.764,8.2137,0.348597333,0.359664,0.324264,2.593433333,95.21,10449,0.42834,101.474,11114.6,0.5082,94.92,10353,9097.0923,0.194766667,9565.94016,0.20034,9316.4931,0.1802,1.4193,1.45386,1.4391,427.3848052,395.9835798,404.9611259,0.3186,0.0268,0.2643,0.2907,0.01216,0.1512,0.29835,0.0136,0.099,8.011066667,7.59816,6.5048,5.5451,1.639033333,12.2587,5.64592,0.64578,0.72848,5.041,0.3102,-1.5543
pote.txt_5931,5.006892857,4.819423077,4.762391667,2.400542857,-0.431353846,0.249933333,1.247135714,210.73025,40.32845714,-0.196930769,207.7278615,39.73036923,0.180666667,215.7351583,40.24251667,0.464707429,0.223990385,0.291704833,0.504007143,89.09571429,10915,0.097607692,73.17769231,9328.461538,0.339958333,77.395,9847.583333,11044.20304,1.317571429,6227.4101,0.514707692,7514.6131,0.793466667,1.372857143,1.361846154,1.378258333,410.5728283,408.4899774,419.9441688,0.258128571,0.3684,0.437828571,-0.063446154,-0.044946154,-0.005107692,0.050816667,0.021766667,0.1483,5.22335,-1.559823077,0.220091667,11.82131429,2.689485714,4.008671429,-4.878769231,-0.019415385,0.251646154,-1.073283333,0.841591667,1.480366667
pote.txt_6543,4.686525,4.710913333,4.759957143,1.830225,-0.555653333,-0.575521429,1.1257375,154.74715,43.94329375,-0.29126,148.8994933,35.58959333,-0.134371429,148.2718143,32.02590714,0.43168325,0.253566667,0.397228143,0.2564625,70.604375,14750.5,0.067133333,60.77333333,11441.13333,0.205564286,66.68357143,11296.35714,15636.20347,0.818875,10510.13101,0.526373333,12987.99272,0.33345,1.0087125,0.947766667,0.939964286,428.7839377,362.6928882,358.2115608,0.51829375,0.42023125,0.3757,-0.031433333,0.14138,-0.026926667,-0.043142857,0.263764286,-0.132814286,4.6494125,-1.200966667,-1.013528571,13.473075,9.0389625,3.86049375,-5.033833333,0.70366,0.705673333,2.953892857,-3.521135714,0.180014286
pote.txt_9561,4.870452,4.283008333,4.240278261,0.925552,0.341116667,-0.078243478,0.555704,201.567256,38.128268,0.082470833,191.6811625,31.87587083,-0.271521739,190.7738696,30.02283043,0.36271172,0.237594917,0.251056739,0.228016,62.4424,7414.34,0.073833333,58.09708333,5442.145833,0,53.89956522,5061.23913,13035.07346,0.135056,10434.33527,0.060854167,9302.032383,0.030417391,1.099424,1.024254167,1.006756522,357.8702549,317.481625,312.3536136,0.551084,0.404408,0.325588,0.2010875,0.2533,0.174625,0.12593913,0.1924,0.187682609,3.076616,0.436666667,-1.674656522,9.160768,6.005868,1.889264,0.900066667,1.468795833,-0.215245833,-3.966526087,0.436526087,-0.346978261
pote.txt_7019,5.102322222,4.873164706,5.0303625,1.571333333,0.036988235,-1.00755,0.930516667,177.5901,33.34646111,0.090070588,169.5048824,30.02128235,-0.4809125,167.0719187,27.0769375,0.387153611,0.255418294,0.230694438,0.247344444,71.89555556,10652.94444,0.087317647,62.68058824,9246,0.051575,60.53,9211.3125,11881.11958,0.550888889,9690.788153,0.294888235,8833.793656,0.2072625,1.114416667,1.041464706,1.06440625,387.7863591,360.0639236,352.2342125,0.489394444,0.339411111,0.360477778,-0.020952941,0.187094118,-0.031505882,0.073675,0.1141625,-0.062175,4.037055556,-0.088135294,-2.82201875,8.408266667,6.359861111,3.522527778,-1.598964706,-0.547252941,0.958352941,-6.33883125,-0.9799875,1.46585625
pote.txt_9577,3.643533333,3.63956,3.72,2.380116667,1.05916,-0.828225,1.2061,122.96345,33.76443333,0.1449,126.23388,35.18566,-0.799,124.043375,35.64,0.324136667,0.2041,0.024927,1.406883333,62.44666667,15423,0.17628,54.072,15282.2,0.131625,46.71,14195,13321.76702,1.345,12680.24268,1.20344,11079.7023,0.9666,1.1166,1.07658,1.0692,471.5747008,495.5134137,489.9816666,0.510883333,0.362366667,0.483183333,0.13004,0.32094,0.20904,-0.4575,0.245,-0.130425,3.021,0.88814,-1.93545,10.37046667,7.213266667,7.029533333,2.77082,5.4017,2.70286,-7.76625,2.13525,-0.56525
pote.txt_4305,2.38605,1.156985714,1.25515,0.81915,0.456342857,0.317666667,0.5247625,289.2353375,32.788175,-0.056928571,281.6763286,28.53794286,-0.448733333,285.8859167,24.67318333,0.333364625,0.248877,0.139083333,0.0570375,42.46375,8056.21875,0.021728571,42.19428571,5736.25,0,41.00166667,4377.25,21216.35238,0.016975,19822.31546,0.015742857,19637.31668,0.01655,0.8059,0.6877,0.60775,433.1353791,420.3368424,426.6097091,0.5321875,0.6012875,0.2512,-0.040871429,0.587985714,0.229657143,0.127966667,0.597983333,0.232066667,2.70465,-0.1584,-1.857533333,10.6132875,2.4457375,2.4515375,7.573685714,-1.152685714,-0.426271429,5.60615,1.116683333,-0.064583333
pote.txt_8831,5.2041,5.003511111,5.0018,0.913110811,-0.078741667,-0.502251429,0.765983784,180.8209486,36.46382703,0.007927778,173.1815583,31.37784167,-0.336794286,173.0219171,30.02585143,0.408548108,0.314701778,0.291744429,0.796067568,74.51648649,6701.945946,0.3091,67.855,4734.638889,0.11964,66.10971429,5407.085714,9246.726273,0.278151351,6096.719281,0.115055556,6236.323497,0.07138,1.145005405,1.091597222,1.098591429,342.4195793,294.7789521,305.5336844,0.423810811,0.382083784,0.397489189,0.291180556,0.081997222,0.090694444,0.226125714,0.085991429,0.130037143,3.640091892,-0.180019444,-2.003562857,7.598843243,6.118491892,3.425508108,-0.74845,1.248077778,-0.410083333,-4.475077143,1.976102857,-0.312785714
pote.txt_9197,5.478278723,4.962645652,4.906364444,1.346814894,0.32381087,0.076924444,0.883421277,187.3617596,40.08610426,0.302926087,181.8536283,36.02216522,0.210626667,179.7940844,33.24465778,0.529011,0.470205913,0.459411711,0.716219149,90.28085106,8163.904255,0.472821739,84.45043478,6465.065217,0.483026667,82.97555556,6618.311111,7926.917285,0.89536383,5409.46147,0.623958696,4734.74262,0.6118,1.022408511,0.947432609,0.951631111,419.8400402,399.9542889,395.3387387,0.362608511,0.487178723,0.539210638,0.020493478,0.2013,0.111104348,0.085448889,0.16132,0.115926667,3.873191489,1.428117391,0.647806667,8.175182979,3.950906383,3.252240426,1.619921739,-0.316763043,-0.28188913,-0.524086667,-0.152242222,0.099648889
pote.txt_4041,3.3423125,3.399771429,3.300033333,1.7256,-0.097142857,-0.829333333,0.6332125,267.3090875,54.299225,0.003285714,238.8740571,50.37502857,-0.298666667,240.71555,47.13846667,0.373057375,0.263787714,0.199601833,0.5569125,51.4625,11792.25,0.131857143,49.21142857,8433.714286,0,45.64166667,9814,19685.22375,0.445025,11016.86893,0.191128571,10640.04767,0.101666667,1.0415,0.995442857,1.026483333,448.1299748,427.1393621,430.0682416,0.5546125,0.5239875,0.4293625,-0.214542857,0.454642857,-0.038657143,0.2142,0.435066667,0.060933333,3.26515,0.105714286,-1.48395,15.7333125,2.5771875,1.889025,1.116914286,-2.060471429,0.090328571,-4.764733333,0.778116667,0.189416667
pote.txt_12163,4.259308696,4.190995455,4.182180952,2.62843913,1.381909091,1.20192381,1.447130435,154.9780609,33.67241739,0.815522727,146.8851182,28.16147273,0.722628571,143.9192905,24.66854762,0.447147435,0.406617455,0.408724857,0.24523913,83.63,11186.3913,0.139604545,78.66818182,10080.27273,0.188042857,79.36095238,9986.333333,10365.20894,0.964230435,8286.106982,0.726363636,8411.654733,0.77462381,1.336013043,1.30895,1.319438095,358.3823845,350.3689636,349.2624268,0.341969565,0.240626087,0.435030435,0.275495455,0.144231818,0.198381818,0.281157143,0.135,0.082019048,5.587178261,2.457877273,1.754619048,9.563482609,3.214469565,5.645917391,1.907440909,1.528709091,4.259027273,2.101761905,1.4219,3.661138095
pote.txt_4339,5.97309,5.803122222,5.668975,0.66055,0.136633333,-0.2262,0.87882,177.3515,35.48416,0.274366667,174.9358889,33.25933333,-0.0944875,180.4799,35.894175,0.4110473,0.372429,0.338762125,0.64689,96.877,7354.7,0.436022222,91.59555556,5325.777778,0.284175,86.785,5488.5,6482.95192,0.85011,3124.448111,0.629211111,2840.701975,0.5251375,1.23083,1.190233333,1.220875,426.4809883,413.0509613,406.1471875,0.31336,0.46375,0.38286,-0.078077778,0.0355,0.2162,0.0569375,-0.20035,0.1675,4.09862,1.107933333,-0.8259125,6.71083,2.39729,2.23279,1.054188889,-1.054111111,0.133088889,-2.579625,-0.4509375,0.1286
pote.txt_2341,4.358744444,3.8480875,3.7557,0.4997,0.209725,0.264828571,0.312566667,160.4764556,32.52007778,0.13955,141.484725,28.59005,-0.029828571,138.9482,29.4677,0.428155889,0.30540625,0.183071429,0.3898,69.93,2831.027778,0.1747375,67.72875,1911.1875,0,63.87428571,1795.785714,6036.979967,0.230422222,3962.5245,0.0410375,4873.312286,0.016285714,1.162955556,1.2058125,1.179428571,252.9601408,227.3385085,215.943396,0.441188889,0.3147,0.4014,0.3598,0.16165,0.35185,0.395242857,0.112,0.333914286,1.137188889,0.4544625,0.017371429,3.865388889,5.248422222,0.864522222,0.17365,2.8631,-0.3239625,-0.0366,2.637014286,-0.000128571
pote.txt_7517,4.381923529,3.944325,4.080286667,2.457888235,0.27020625,-0.331686667,1.111364706,145.1596588,34.44207647,0.0777125,142.7847063,32.9118,-0.126953333,138.9451467,32.02392,0.619472294,0.4505,0.488631467,0.294235294,72.57294118,15079.07353,0.2237625,68.2275,10357.3125,0.25172,69.166,11951.26667,12432.7893,1.383188235,7226.4938,0.907575,9061.120573,0.924206667,0.733723529,0.68355625,0.690753333,385.8158529,261.1506294,337.303552,0.400035294,0.383617647,0.572947059,0.0459125,0.0791375,0.0271,0.06576,0.250613333,-0.145793333,3.164235294,0.27405,-0.283833333,10.93476471,13.28177059,4.702770588,-1.07755625,-2.54471875,0.912425,0.68204,6.209766667,-0.523833333
pote.txt_10533,3.88692,3.921621429,3.907038462,1.2968,0.116714286,-0.828738462,1.09846,181.9342533,31.87385333,0.1872,155.2455143,22.71865,-0.561946154,164.5525462,20.90858462,0.210776,0.178535714,0.150957231,0.0363,72.63866667,9487.866667,0.015557143,69.48642857,6485.214286,0,66.70769231,7977.846154,13585.08789,0.09844,9940.905986,0.057557143,11749.09362,0.033553846,1.585993333,1.595421429,1.590515385,316.8700648,288.876612,306.9575202,0.448866667,0.201873333,0.262666667,0.350742857,0.077285714,-0.018085714,0.354169231,0.083138462,-0.149138462,5.183333333,0.735714286,-2.651169231,8.985553333,2.055906667,3.55884,-0.620264286,-0.14465,1.738764286,-3.3315,-0.795153846,0.797161538
pote.txt_6483,4.12855625,4.076866667,4.039778571,0.96218125,0.19896,-0.513714286,0.57893125,212.3235625,49.67881875,0.086086667,203.8875533,42.74951333,-0.337271429,197.3349429,36.64045,0.337501813,0.255319467,0.228817429,0.44195,63.53125,7837.8125,0.20038,59.80266667,6525.6,0,54.28285714,5944.928571,12469.17057,0.2209125,9050.17836,0.121833333,7381.382507,0.046014286,1.28598125,1.215773333,1.190507143,346.1667152,318.8069178,308.5778122,0.4644875,0.342325,0.34344375,0.375193333,0.224753333,0.2504,0.407228571,0.177942857,0.153285714,3.207,0.356186667,-2.2987,10.31638125,3.7289875,1.87275625,0.47078,1.81636,1.086646667,-7.11225,1.570092857,0.779207143
pote.txt_8179,4.859324,4.6963,4.68246087,0.99518,0.120670833,-0.050356522,0.775492,191.563208,37.747976,0.203154167,183.9733458,31.94071667,-0.008713043,180.9040391,31.1096087,0.3483534,0.243336792,0.286205913,0.941988,67.8612,7615.44,0.198779167,60.51458333,5470.583333,0.187221739,61.31652174,5952.173913,11204.22887,0.284068,7368.813225,0.128733333,9039.522883,0.135356522,1.207244,1.1340375,1.142234783,360.3757886,301.1323895,311.4712894,0.44484,0.331416,0.295816,0.226,0.120245833,0.036275,0.278356522,0.144486957,0.056243478,3.47138,0.119566667,-0.424108696,8.783308,5.487328,3.48558,-1.713425,0.811795833,-0.4946375,-0.156565217,1.688208696,-0.597452174
pote.txt_10739,4.519691304,3.999935556,4.002656818,1.263728261,0.431984444,-0.065813636,1.415715217,150.4874717,14.63672609,0.815453333,143.6340733,13.10898667,0.511684091,145.0122773,12.21212727,0.467871739,0.392342311,0.422805568,0.178219565,97.93108696,7326.11413,0.097564444,95.53688889,5683.022222,0.123059091,94.80886364,4403.625,7528.082624,0.280671739,6890.286033,0.155813333,6509.666402,0.113536364,1.277967391,1.166244444,1.1645,287.2038848,269.351601,253.2380298,0.299445652,0.136002174,0.403013043,0.238795556,0.045208889,0.053304444,0.252368182,0.044772727,-0.160936364,5.875706522,3.536188889,2.295056818,4.628921739,4.564930435,5.208082609,2.042955556,1.681151111,1.596104444,1.744413636,-1.099586364,-0.081679545
pote.txt_3483,3.82405,3.85762,3.865,3.45305,0.70244,-1.354725,1.5625,111.47905,36.8712,0.2425,115.26052,38.59488,-0.8075,115.538875,38.232,0.459764,0.2003528,0.030618,0.2197,69.705,22138,0.12506,56.394,23067.2,0.0676,49.815,23035,17452.593,2.01125,17197.45704,1.76786,15143.499,1.6605,0.95085,0.95652,0.957825,524.4800449,546.6096078,545.7443552,0.5242,0.51665,0.61045,0.32168,0.50458,0.10036,0.085,0.43855,-0.297275,4.4729,0.6845,-2.36385,15.42845,9.83645,6.27805,5.21188,10.27828,1.48612,-4.619375,10.229125,-2.012375
pote.txt_5155,5.163041667,4.992645455,5.28603,2.262791667,-0.029745455,0.01955,1.285775,154.0528667,26.90091667,0.076645455,145.6795364,22.91560909,0.38778,138.60177,23.07299,0.430052167,0.255548,0.3072028,0.395533333,83.55083333,11936.75,0.171718182,74.12818182,10524,0.31393,82.854,11577.1,10336.70607,1.286666667,5231.780182,0.874581818,7870.11278,0.96068,1.257633333,1.204081818,1.25416,421.2748553,425.1150561,422.1873672,0.35045,0.467675,0.427941667,0.097690909,0.370190909,-0.072909091,0.12654,0.31365,-0.09882,4.3066,-0.491509091,0.56259,9.419333333,4.015233333,4.285875,-3.511327273,-0.014818182,1.725209091,1.70774,1.3846,1.27453
pote.txt_11763,5.0228,4.929254545,4.878,1.614575,-0.706254545,0.1432,1.5827,155.5730667,30.549675,-0.220609091,154.6847818,20.49190909,0.2294,154.85038,21.77565,0.427084583,0.337587091,0.3572833,0.2489,91.39333333,12392.41667,0.091618182,75.86,10080.36364,0.09867,79.842,11187.8,13094.45878,0.393733333,10101.25055,0.298009091,11483.3078,0.25521,1.220008333,1.124472727,1.18809,387.9579259,354.9009457,338.8473671,0.421,0.245716667,0.316958333,0.230163636,0.035418182,-0.129981818,0.15338,0.07017,-0.05495,7.179658333,-1.810618182,0.95257,10.90026667,5.530616667,5.363425,-6.089372727,-0.080881818,1.970709091,-1.71276,1.91067,1.79757
pote.txt_9293,3.402161538,3.21,3.228945455,1.061661538,0.365866667,-0.027272727,0.552330769,263.2430154,53.61256154,-0.017066667,248.9367833,46.43094167,-0.242036364,242.7976364,41.39397273,0.305365462,0.240170167,0.198919182,0.217307692,48.00846154,9691.173077,0.02035,45.37,6974.666667,0,44.05454545,5694.818182,18737.49742,0.055407692,15023.91175,0.019616667,12154.64305,0.027118182,1.239546154,1.118341667,1.097972727,367.380947,318.8828952,315.9988088,0.495023077,0.442746154,0.237584615,0.18095,0.3271,0.083225,0.2177,0.253909091,0.110545455,3.291561538,0.202975,-1.536845455,13.40617692,3.742215385,1.655646154,5.310475,0.045433333,-0.1603,-2.960718182,1.341145455,0.743981818
pote.txt_3457,3.82405,3.85762,3.865,3.45305,0.70244,-1.354725,1.5625,111.47905,36.8712,0.2425,115.26052,38.59488,-0.8075,115.538875,38.232,0.459764,0.2003528,0.030618,0.2197,69.705,22138,0.12506,56.394,23067.2,0.0676,49.815,23035,17452.593,2.01125,17197.45704,1.76786,15143.499,1.6605,0.95085,0.95652,0.957825,524.4800449,546.6096078,545.7443552,0.5242,0.51665,0.61045,0.32168,0.50458,0.10036,0.085,0.43855,-0.297275,4.4729,0.6845,-2.36385,15.42845,9.83645,6.27805,5.21188,10.27828,1.48612,-4.619375,10.229125,-2.012375
pote.txt_1085,4.1060875,3.854326087,3.8171,1.8156625,-0.083504348,-0.827827273,0.838358333,186.4232833,39.25434583,-0.032021739,178.5110565,34.61195217,-0.372163636,177.8778727,33.73248636,0.46414475,0.358547696,0.326585818,0.433008333,69.77416667,10073.84375,0.234556522,65.60782609,6280.391304,0.1942,62.86590909,7047.272727,11156.39977,0.777604167,6886.208548,0.385047826,7552.17705,0.200381818,1.109370833,1.042521739,1.075031818,360.0040899,303.475519,321.8727553,0.424691667,0.352479167,0.525404167,0.169595652,0.178169565,-0.053804348,0.087363636,0.228590909,-0.035222727,3.125233333,-0.247613043,-1.641109091,9.567604167,6.097345833,3.565454167,-1.443156522,-1.005526087,0.478165217,-3.075077273,-1.585959091,0.605945455
pote.txt_4387,4.21876,4.175122222,4.11305,3.37183,1.040677778,0.241875,2.00443,112.64062,25.62339,0.629233333,112.1988333,23.75654444,0.12975,109.4972125,22.39695,0.518014,0.325307111,0.278184,0.20674,91.155,19068.7,0.141522222,81.72444444,19046.55556,0.12805,80.47125,18602.25,13921.36236,1.57663,11472.1376,1.3492,9089.68815,1.3200375,1.11654,1.0939,1.0702125,458.9751539,458.3927848,447.0938738,0.39739,0.3192,0.57427,0.040322222,0.217233333,0.120988889,-0.131675,0.1502,-0.04525,6.93571,2.4013,0.7068,12.50619,7.13334,7.90807,0.083433333,6.834211111,3.619766667,-5.45905,6.5747625,2.254975
pote.txt_6573,4.3969,3.99239375,3.8114,0.901805882,0.12123125,-0.09292,0.5602,187.9350235,36.86958824,0.172175,184.2113188,33.97403125,0.074866667,183.4727933,34.36344,0.413164294,0.335326375,0.268988933,0.802794118,69.54176471,7178.779412,0.37831875,65.514375,5730.03125,0.526866667,62.89733333,5679.3,9548.840182,0.491147059,7491.811675,0.2879875,7190.496087,0.231853333,0.840841176,0.8040625,0.823693333,410.41722,413.5792867,405.3912642,0.397729412,0.442647059,0.496105882,0.049925,0.37174375,0.1359375,0.1084,0.307426667,0.17798,2.139229412,0.38286875,-0.076073333,6.860129412,6.981452941,3.415688235,1.32925,1.10138125,-0.5043625,-0.29074,-2.302953333,0.336713333
pote.txt_5169,4.891616667,4.735263636,4.98164,2.235666667,-0.059781818,0.0556,1.35445,142.5507417,25.43891667,-0.015754545,136.1592182,21.17655455,0.53461,126.23949,21.69247,0.4336575,0.292319455,0.3455264,1.025741667,83.36416667,11270.08333,0.171718182,77.72090909,9601.090909,0.55868,85.356,9982.9,9393.513708,1.278908333,5043.639545,0.795445455,6818.27953,0.9094,1.180233333,1.156136364,1.19188,428.0682907,414.881814,409.6906216,0.345916667,0.389975,0.425483333,0.102745455,0.340645455,-0.093,0.13083,0.29165,-0.15732,4.150766667,-0.225381818,1.30277,8.944666667,4.087566667,5.693275,-2.377945455,-0.451927273,1.7723,3.31158,0.8511,0.48497
pote.txt_525,4.930897297,4.750241667,4.675974286,0.822837838,-0.029097222,-0.208882857,0.665967568,194.3662405,37.88765135,0.032983333,186.6913333,32.55005833,-0.18618,189.4031429,31.72764571,0.374208027,0.267229167,0.256600371,0.708854054,71.62405405,6849.945946,0.217008333,66.2525,4994.444444,0.192677143,65.40514286,4577.485714,9857.528451,0.239578378,7388.315692,0.137166667,6769.077006,0.068777143,1.225727027,1.1648,1.151311429,328.1621757,281.0144397,259.5212787,0.392083784,0.310081081,0.343937838,0.184238889,0.134166667,0.081638889,0.142514286,0.113511429,0.11174,3.035872973,-0.177169444,-0.870017143,7.832964865,6.429291892,2.728227027,0.16765,1.950633333,-0.488483333,-1.84028,0.416351429,0.44032
pote.txt_3753,3.899457143,3.91,3.89362,2.254357143,-0.68445,1.23866,1.2025,121.8691,43.2864,-0.2975,122.26675,42.768,0.6505,120.64282,42.22368,0.263478286,0.021,0.1926584,0.132785714,52.32857143,25036,0.0507,42.93,24990,0.11154,50.886,24631.2,23729.32697,1.649171429,20795.1012,1.4958,21718.7388,1.6361,0.963385714,0.96525,0.96246,593.8353141,592.5992389,584.0935148,0.728114286,0.706828571,0.4435,0.39,0.6125,-0.12455,0.56568,0.64374,0.23854,3.559185714,-0.7956,1.9391,18.4859,11.33047143,3.8971,4.44125,11.26025,-1.10075,12.46038,11.10318,2.21542
pote.txt_917,4.424521951,4.0884775,4.234,1.07034878,0.1486825,0.067276923,0.930060976,206.9950195,32.90225122,0.34734,201.9267175,29.66732,0.173687179,198.7823179,28.60661282,0.404872024,0.294856275,0.304436256,1.498590244,71.97780488,8402.012195,0.80001,66.78375,6123,0.466951282,67.59,6234.230769,11703.92602,0.461660976,8820.77616,0.23459,7940.414756,0.247002564,1.083821951,1.0229725,1.027602564,402.4127073,355.6647499,355.1639604,0.408417073,0.289802439,0.330565854,0.030635,0.16412,0.0444625,0.065094872,0.15365641,0.066153846,3.587063415,0.950805,0.722264103,8.902812195,5.095163415,4.763812195,3.4075575,-0.91943,-0.487285,0.669225641,0.324582051,-0.691912821
pote.txt_5313,3.734007692,3.451008333,3.437609091,0.974923077,0.348333333,-0.071636364,0.412923077,250.2637615,64.36019231,-0.048058333,245.8242,57.27471667,-0.275636364,238.9015636,54.14300909,0.370953077,0.298902833,0.298449545,0.481069231,53.60769231,8225.326923,0.2394,49.48,6231.333333,0,46.79090909,4742.727273,15717.32865,0.316538462,12001.61628,0.098933333,7685.621827,0.063563636,1.146015385,1.0382,0.956781818,383.2668085,343.5052934,338.8790526,0.454,0.427046154,0.236330769,0.300858333,0.329591667,0.168616667,0.242181818,0.249954545,0.121445455,2.713507692,0.191433333,-1.483190909,13.52334615,3.721238462,1.129476923,4.316675,-0.227083333,-0.192575,-5.500427273,1.023181818,-0.771445455
pote.txt_11217,5.021995745,4.803621739,4.821997778,1.356791489,0.117052174,-0.056093333,0.895923404,188.8810468,30.54444468,0.156532609,181.7209283,28.22408913,0.241931111,181.60616,28.68364,0.463571596,0.326883174,0.286422844,1.828159574,78.91106383,7385.680851,0.782080435,73.3923913,5284.782609,1.245011111,72.434,5924.022222,7581.021366,0.718876596,4612.614459,0.37645,4938.624249,0.318755556,1.024912766,0.958393478,0.972684444,402.4034077,352.9213479,332.0762523,0.35387234,0.28717234,0.497712766,-0.060152174,0.120617391,0.083082609,0.090546667,0.092233333,0.140497778,2.800438298,0.290363043,0.202006667,7.304851064,6.11776383,5.496597872,0.346897826,-0.1612,-0.238913043,0.289668889,0.01746,-0.520271111
pote.txt_3599,4.010366667,3.88066,3.6481,4.445066667,1.7752,-0.2375,1.70835,154.6584833,29.05066667,0.7115,152.05352,29.58528,-0.02325,146.0309,29.1564,0.778803333,0.5751528,0.489059,0.372933333,91.50666667,13156.16667,0.2652,83.28,9577.6,0.225875,78.4875,12121,7917.443817,1.9074,4096.05288,1.19708,5983.42875,0.840775,0.857483333,0.80144,0.8784,334.2048106,243.2736878,319.5054043,0.14455,0.182083333,0.779683333,-0.04756,0.01234,0.233,-0.05445,0.114075,-0.1075,5.062683333,1.64666,-0.771,10.39281667,9.303533333,7.937816667,-0.426,-0.89968,4.24444,-3.4056,-0.1512,1.9264
pote.txt_9125,5.067415556,4.778568182,4.749402326,0.982608889,-0.168370455,-0.059486047,0.863135556,170.6312022,30.99105556,0.230747727,168.0634091,28.23986364,0.313918605,168.4170465,29.19665116,0.510938022,0.387121523,0.386200907,2.168833333,77.276,5486.561111,1.137361364,71.83318182,3053.943182,1.198569767,71.03930233,3147.302326,5268.306749,0.586166667,3564.201816,0.186386364,3444.577916,0.251576744,1.013533333,0.928140909,0.9171,341.4539312,254.6405586,267.7970479,0.307602222,0.258971111,0.41334,0.036461364,0.0469,0.085213636,0.149653488,0.033916279,0.046304651,2.495973333,0.377572727,0.532948837,4.926848889,7.541191111,6.055077778,1.706159091,-0.921647727,-0.784609091,1.464869767,0.317232558,-0.016869767
pote.txt_11275,3.87204,3.382987755,3.368610417,1.232198,-0.273004082,-0.230616667,0.77231,198.660282,35.594896,0.026644898,190.8250469,30.90837143,0.180947917,194.1805292,31.71121458,0.501637,0.429181959,0.416095771,1.29069,68.414,6846.96,0.749159184,62.37204082,4717.841837,0.583477083,61.97666667,4382.609375,9779.004138,0.532552,7517.888843,0.1819,7360.256035,0.1405125,0.859282,0.806967347,0.799420833,386.2346832,345.9817452,332.6344253,0.399808,0.329644,0.425558,0.147942857,0.173034694,0.071559184,0.079983333,0.157316667,0.057841667,2.65493,-0.435006122,0.012208333,6.42779,5.461822,5.114364,-1.07857551,0.284030612,0.377361224,-0.283272917,-1.62274375,-0.91176875
pote.txt_10485,6.8061,6.6001,6.385384615,0.931428571,-0.066666667,-0.449230769,0.455828571,174.0196,53.35998571,-0.047377778,171.5667407,32.51823333,-0.268846154,171.8852,26.23616154,0.194603286,0.084279815,0.047903769,0.192228571,73.39428571,10546.71429,0.099674074,67.09925926,10414.33333,0.051753846,62.4,10434.46154,13976.31661,0.182671429,12509.84131,0.123685185,12248.18903,0.090892308,1.253757143,1.246825926,1.230323077,530.6257119,531.3556405,530.3436279,0.7581,0.551757143,0.374442857,-0.1519,0.539092593,0.302766667,-0.538246154,0.539607692,0.2586,2.848157143,-0.635455556,-2.081353846,11.7676,2.939657143,1.158728571,-2.429659259,-0.5216,-0.194566667,-8.160630769,-2.007692308,-0.777853846
pote.txt_4423,4.61824,4.146022222,4.3557875,1.63173,-0.641911111,-0.245325,1.14681,157.83227,32.38134,-0.266966667,152.0379778,26.46681111,-0.089425,146.0711125,29.3843375,0.3814098,0.284969111,0.308204875,0.32413,83.418,10422.2,0.103388889,71.46222222,9517.666667,0.0490625,75.70125,9075.625,10832.51699,0.75347,8668.296778,0.362333333,7627.490438,0.2849125,1.23027,1.157222222,1.1211,393.735158,385.0871891,387.5432236,0.40906,0.30527,0.32181,0.211888889,0.211588889,-0.064222222,-0.070475,0.196675,0.008275,4.48883,-1.541122222,-0.4991625,8.54083,2.85906,3.48377,-2.614277778,0.230322222,0.349888889,-2.0404,-1.12815,0.9981375
pote.txt_6217,4.24424,4.042864286,3.933669231,2.280826667,-0.095571429,-1.148461538,1.62336,194.1629333,23.87952,0.203142857,180.0194571,18.42190714,-0.497084615,176.3022615,16.63570769,0.3931362,0.269525786,0.206358923,0.23432,83.27066667,13370,0.079671429,77.77642857,13379.85714,0.060923077,72.36,13855.46154,16142.9597,0.51996,13049.16164,0.251135714,13365.71755,0.195938462,1.188586667,1.194657143,1.203553846,421.4165402,415.1191895,418.7759697,0.44052,0.312966667,0.41968,0.082528571,0.150242857,0.012257143,-0.088438462,0.093869231,-0.190153846,7.017673333,0.291142857,-2.876015385,12.00812,3.123206667,5.819193333,-2.491428571,1.779635714,2.450171429,-8.134738462,0.834623077,1.214276923
pote.txt_7573,5.80647619,5.50411,5.435021053,0.709290476,-0.05464,-0.052368421,0.636471429,190.6878524,36.37171905,0.02263,181.7703,31.69706,-0.0084,178.5107895,29.44877368,0.461996762,0.3582382,0.325871368,1.114919048,70.36761905,6163.904762,0.491095,65.1465,4162.6,0.415078947,64.22210526,4524.052632,8194.565524,0.458814286,4477.97085,0.092795,4620.919353,0.230431579,1.123714286,1.03478,1.064468421,332.5354906,259.9335691,252.5841112,0.326266667,0.448019048,0.283738095,0.007375,0.19618,0.151865,0.090668421,0.185068421,0.157947368,2.250638095,-0.05458,-0.387694737,7.458857143,8.153,2.729138095,-0.100565,0.71068,-0.410305,-1.243268421,2.092084211,-0.160373684
pote.txt_2677,5.25915625,5.025241935,4.903356667,2.10238125,-0.324077419,-1.013613333,1.0988125,170.5919063,41.855025,0.128590323,163.8574968,33.11343871,-0.36181,161.4996933,34.28355,0.58304,0.498295677,0.458741667,0.3640375,82.120625,9188.875,0.162658065,75.32064516,8086.741935,0.096686667,69.829,7650,9658.839,0.77894375,6846.11151,0.298470968,5599.58477,0.136543333,1.039675,0.977322581,0.984316667,327.9969768,305.8838289,299.7148042,0.33563125,0.35934375,0.46288125,0.116803226,0.130625806,-0.021045161,0.037353333,0.037366667,-0.10201,4.70095625,0.1102,-2.472763333,10.1478625,8.03521875,4.20725625,0.083358065,1.139612903,1.456864516,-6.17305,-0.69177,1.0085
pote.txt_4011,3.82405,3.82,3.82405,3.45305,-2.025,3.45305,1.5625,111.47905,36.8712,-1.3175,108.811,33.696,1.5625,111.47905,36.8712,0.459764,0.040236,0.459764,0.2197,69.705,22138,0.0845,56.7,21080,0.2197,69.705,22138,17452.593,2.01125,9491.8968,1.8252,17452.593,2.01125,0.95085,0.9504,0.95085,524.4800449,498.8894715,524.4800449,0.5242,0.51665,0.61045,-0.22,0.2646,-0.47,0.5242,0.51665,0.61045,4.4729,-3.9321,4.4729,15.42845,9.83645,6.27805,-13.68,9.198,-2.924,15.42845,9.83645,6.27805
pote.txt_11947,4.842692308,4.848275,4.966581818,1.115146154,0.14585,-0.269981818,0.670438462,223.6708385,48.57544615,-0.053341667,213.1963,40.60696667,-0.415190909,202.889,36.12926364,0.372874,0.286510417,0.241494909,0.144423077,55.45769231,10926,0.0407,51.66583333,6905.5,0.0039,50.09454545,6643.181818,16638.57618,0.146738462,11861.51333,0.025125,9307.746336,0.071554545,1.160884615,1.054275,0.974872727,349.950462,229.4016733,211.6504453,0.488230769,0.446084615,0.255546154,0.186258333,0.152375,0.018025,0.194654545,-0.025272727,0.061463636,3.709423077,-0.060891667,-2.2881,12.58745385,9.050492308,2.052961538,1.747075,0.911983333,0.301158333,-8.614327273,4.037881818,0.096118182
pote.txt_8751,4.955383871,4.62606,4.48832069,1.469809677,-0.2206,-0.290786207,0.830983871,166.5164194,43.25746774,-0.007663333,159.7224467,36.33339333,-0.132789655,159.0644862,35.90045172,0.493814129,0.4222449,0.396541655,0.333974194,80.08451613,7033.943548,0.124153333,72.62033333,5689.666667,0.068762069,69.82758621,4992.982759,8515.985729,0.547280645,6360.46369,0.23374,5985.034524,0.199810345,1.192712903,1.122916667,1.151137931,324.9756345,307.4932499,294.725085,0.413112903,0.29396129,0.395929032,0.278,0.071333333,0.03165,0.295848276,0.034041379,0.069213793,3.99863871,-0.263346667,-1.211565517,8.225548387,5.357529032,2.81413871,-0.363373333,0.720303333,0.23571,-3.209558621,-0.013524138,0.513617241
pote.txt_2803,3.79325,3.7128,3.7654,1.939433333,1.05324,-0.341225,1.2212,162.245,33.7423,0.73962,158.93712,31.1387,-0.2265,140.40905,30.4985,0.247803333,0.1738584,0.070375,0.0942,64.81833333,17620.33333,0.0429,62.016,13719,0.01495,54.3375,14266.5,19567.26107,0.915316667,18210.45696,0.25572,16439.8326,0.457575,1.200616667,1.23264,1.204125,469.7445535,436.4610358,434.4280828,0.569833333,0.460433333,0.383633333,0.2549,0.37992,0.1678,0.02395,0.3157,-0.117575,4.55385,2.84352,-0.794275,14.28271667,6.611066667,3.891466667,10.9571,0.85788,2.2721,2.232425,2.9651,-0.5539
pote.txt_10403,3.76965,3.5709,3.4884,1.845,-0.06,-1.8,1.6978,255.1705,27.53125,0.089688889,241.0528407,21.82965185,-1.328,218.5337,14.8808,0.251514,0.127268,0.029736,0.05445,77.365,15792.5,0.0242,65.85407407,15809.11111,0,58.76,15708,23221.8324,0.15025,21744.52413,0.105977778,19468.5876,0.0742,1.3289,1.315448148,1.3161,456.8389124,455.0479533,446.4730973,0.41885,0.36445,0.2378,0.00657037,0.223996296,0.004192593,-0.3876,0.068,-0.204,7.946,0.124488889,-6.8508,16.136,1.83905,5.03105,0.822933333,1.830392593,1.510855556,-13.9728,1.833,-1.413
pote.txt_9981,4.091025,3.603413333,3.618985714,1.44905625,-0.402,-0.6545,1.338375,208.7374625,34.87828125,-0.26888,201.98728,24.66339333,-0.292635714,205.9303357,23.86373571,0.284285688,0.188353667,0.207387857,0.072425,74.13875,13076.95313,0.02156,59.832,11845.06667,0.016971429,60.68785714,11901.32143,17981.53538,0.204425,16673.84109,0.1297,16939.68314,0.072521429,1.36131875,1.31562,1.312892857,418.9129182,412.5785498,413.9390079,0.47563125,0.35685625,0.2565125,-0.102566667,0.229086667,-0.065493333,0.090757143,0.218171429,0.004114286,6.2575625,-1.462866667,-2.101728571,12.4407625,2.58944375,4.40251875,-3.23186,0.33124,-0.3147,-3.749307143,-0.3216,1.247264286
pote.txt_1169,5.075686207,4.898285714,4.874977778,0.93712069,-0.105085714,-0.125222222,0.799165517,186.1102655,38.70058621,0.113175,182.0744536,32.93376786,-0.086774074,177.4193222,34.80173333,0.356736655,0.267395321,0.240310185,0.902455172,76.92448276,6963.206897,0.258428571,68.97785714,5697.071429,0.120251852,69.86481481,5867.555556,9702.5318,0.335789655,7172.170754,0.153982143,6965.246356,0.094744444,1.157351724,1.128696429,1.115166667,375.3360495,344.2254457,337.6173846,0.402406897,0.36582069,0.387713793,0.226660714,0.053007143,0.129871429,0.274888889,0.017433333,0.155333333,3.917744828,-0.211717857,-0.570351852,7.949706897,5.304262069,3.842810345,-0.896892857,1.721367857,-1.163735714,-2.453240741,0.663048148,1.38982963
pote.txt_10617,3.715546154,3.725625,3.690081818,1.374861538,-0.0835,-0.970181818,1.091776923,214.1226,36.98586923,-0.051383333,188.7586333,27.80189167,-0.713290909,188.1186909,22.10583636,0.195164615,0.144125,0.129695636,0.033507692,65.97769231,11050.69231,0.009075,61.8975,8775.083333,0,55.21818182,10193.09091,17013.82357,0.0931,13795.64462,0.048466667,14186.75002,0.041536364,1.545669231,1.5502,1.540745455,354.4262466,330.466807,347.9782674,0.460361538,0.281861538,0.225138462,0.187916667,0.152166667,-0.055233333,0.1827,0.081636364,-0.077345455,5.339230769,-0.1972,-4.033345455,11.60879231,1.888823077,3.362253846,0.677491667,-0.447058333,1.178058333,-8.015981818,-0.429090909,1.103772727
pote.txt_11199,5.147802128,4.776873913,4.668011111,1.081070213,-0.040108696,-0.061204444,0.9283,188.4466574,35.89575745,0.215919565,184.2756,31.89745217,0.271775556,183.6136,32.85336222,0.461011596,0.374461957,0.332816978,1.876397872,83.65,6526.308511,0.84576087,76.57065217,4967.108696,1.229582222,75.65777778,5273.588889,7327.947583,0.690595745,5331.715874,0.339093478,4139.131367,0.361517778,1.046421277,0.977786957,0.984935556,414.2038537,374.1683151,367.4559353,0.342161702,0.340612766,0.445708511,-0.001156522,0.113734783,0.148445652,0.148713333,0.053315556,0.215524444,3.540112766,0.477202174,0.505077778,7.161404255,4.672848936,5.605548936,1.073954348,-1.288821739,0.45796087,-0.688286667,0.614804444,0.676853333
pote.txt_11499,3.971822222,3.758258824,3.7376,2.207305556,0.440335294,-1.3918875,1.226683333,162.5219667,34.84160556,0.591564706,156.0585353,33.63935882,-0.02284375,155.9187438,32.27945625,0.441039444,0.281150353,0.25067275,2.706027778,63.36055556,9717.222222,0.723335294,55.62941176,6557.764706,2.34878125,52.0875,8021.4375,9300.221322,0.883122222,6786.629459,0.327558824,6207.086925,0.206375,1.001927778,0.982494118,0.98465625,429.4149502,397.9245868,391.4990955,0.372977778,0.218288889,0.425433333,0.078205882,0.073923529,0.027129412,0.186725,0.1086625,-0.2059625,3.215672222,0.990141176,-1.8105125,7.568144444,6.726694444,9.733277778,-0.156470588,-1.667876471,-4.198576471,-4.2138375,-0.53910625,3.2774875
pote.txt_4375,3.53572,3.0349,3.234975,0.83496,0.6628,0.469,0.34612,270.61826,52.76247,0.110333333,256.2628667,48.0766,-0.0998,248.1587625,42.8230375,0.3256209,0.246699111,0.20078125,0.12473,43.87,8106.425,0.032066667,42.83222222,5244.333333,0,42.0725,2013.9375,17471.98912,0.00985,12813.62033,0.007022222,9222.783938,0.00705,1.21566,1.065955556,0.9373,302.6432172,215.8181115,176.8367942,0.42256,0.40442,0.2113,0.245511111,0.183866667,0.161755556,0.248675,0.0784625,0.1223,2.27726,0.867666667,-0.684,12.3426,6.8221,1.01655,4.365955556,1.917322222,-0.0762,-3.3559,3.235575,-0.3167875
pote.txt_10981,4.828402041,4.243279167,4.202619149,1.613732653,0.335147917,0.12182766,1.037053061,166.0948714,30.88248163,0.20636875,159.6924833,25.25982917,0.32863617,159.0143936,26.08809787,0.515138673,0.432623854,0.427524234,1.092573469,78.93836735,8168.591837,0.396754167,73.35625,6762.567708,0.473191489,73.06234043,6780.5,8230.918353,0.887873469,5111.2623,0.566610417,5879.377243,0.503646809,1.060136735,1.0112875,1.009814894,397.2706484,386.4097846,385.9780248,0.377918367,0.426338776,0.448440816,0.159570833,0.273885417,0.121927083,0.133697872,0.225319149,0.046646809,3.508408163,0.380125,0.649751064,7.141444898,4.341997959,4.929859184,-0.73941875,-0.051185417,0.888883333,-0.003823404,-0.007882979,-0.472617021
pote.txt_3433,3.70675,3.68248,3.691075,5.317683333,4.595,4.18125,2.1225,95.31675,26.892,1.6585,91.55068,24.26112,1.4725,92.62945,24.8508,0.765097333,0.7422584,0.698382,0.3549,96.735,17630,0.3549,99.54,16516.8,0.338,96.8625,16802,7688.7846,2.574483333,4143.88368,2.64992,4478.1345,2.598375,0.93135,0.92736,0.9288,416.5940707,389.8987611,396.7106805,0.207,0.220816667,0.87015,-0.00528,0.11124,0.706,-0.0187,0.120825,0.6325,5.894233333,4.4975,3.97065,10.67241667,7.512416667,9.98175,3.89952,6.91992,8.88208,2.8008,7.0623,8.1442
pote.txt_5821,4.119891667,3.960381818,3.94617,2.388133333,0.036909091,-0.8164,1.699816667,180.3646417,33.384475,0.246509091,173.1349,27.17971818,-0.5246,180.02064,21.81435,0.411075333,0.329339636,0.2750416,0.119125,82.78583333,14111.41667,0.0549,68.95,14039,0.03445,60.172,13917.9,14266.19653,0.639591667,13018.88414,0.275718182,14389.46682,0.25555,1.390508333,1.334463636,1.4001,388.5470075,388.8667846,391.4627904,0.377383333,0.223916667,0.327333333,0.116127273,0.150690909,0.082472727,0.18228,0.10782,-0.02064,7.213125,0.365309091,-3.55557,10.75610833,2.688941667,6.400575,-1.452418182,0.135354545,4.396,-7.32971,-0.31561,3.22978
pote.txt_6065,4.5303,4.325735714,4.267715385,2.316533333,0.817921429,0.864669231,1.55668,144.8878333,23.26404667,1.1355,140.1328429,21.26057143,1.065176923,141.4975462,22.53345385,0.594094533,0.513375071,0.469027846,1.895253333,90.874,8799.066667,1.336164286,85.59,6740.071429,1.020784615,81.49307692,6440.692308,5112.765427,0.89016,4339.771786,0.49915,3598.902285,0.527292308,1.027086667,0.997014286,0.947761538,361.0417764,334.8144196,321.7734936,0.247293333,0.118093333,0.57172,0.228642857,0.073921429,0.025635714,0.196484615,0.034523077,0.022176923,5.0021,3.005921429,2.446723077,5.439073333,6.710726667,9.36056,4.594464286,-1.688928571,1.683985714,4.202776923,0.709330769,-2.446815385
pote.txt_2665,4.932308333,4.727781818,4.79398,2.713541667,-0.343636364,-1.328,1.45805,170.7269417,44.98929167,0.183709091,168.3437091,35.87348182,-0.51648,162.87871,35.55331,0.522178333,0.425689364,0.3834625,0.348483333,83.77666667,12169.5,0.113490909,70.99272727,11315.18182,0.02145,65.517,11173.1,12449.44994,1.038283333,9157.530109,0.416363636,7412.11628,0.19641,1.169158333,1.138627273,1.1289,422.9475774,425.6413417,430.0171645,0.379075,0.456191667,0.444516667,0.104418182,0.193481818,-0.035109091,-0.0266,0.09221,-0.07104,6.246883333,0.057690909,-3.70107,12.28685,3.281816667,5.5865,-1.515509091,-0.355454545,2.220445455,-9.88388,-1.13009,1.75548
pote.txt_5977,4.268233333,4.202481818,4.16586,1.4646,-0.308,-0.472,1.14705,188.9085667,47.13901667,0.058327273,176.5614727,31.89312727,-0.26682,180.96496,28.76856,0.368636667,0.314931818,0.2818208,0.351741667,76.80666667,10280.83333,0.0198,65.87545455,9456.727273,0.09075,69.246,9532.8,13609.72336,0.277958333,10220.70432,0.098845455,12689.3484,0.12963,1.345825,1.382572727,1.42301,382.3348915,373.4579863,363.0845798,0.460991667,0.284225,0.288483333,0.335809091,0.1233,0.091,0.38985,0.1452,-0.21124,5.719591667,-0.687754545,-1.40006,11.54773333,2.04435,3.79,-6.295890909,-0.034254545,2.703009091,0.29601,-0.90668,0.9443
pote.txt_10415,4.2459,4.014553846,4.104,1.98,-0.553846154,-0.342,2.0504,211.2577,19.8102,-0.071507692,189.2716692,11.64612308,0.142096,184.297124,11.096228,0.334764,0.174821538,0.19948608,0.0726,94.14,15248.66667,0.033507692,79.96923077,15232,0.039204,83.5748,15151.08,19002.4644,0.1938,16728.63092,0.1378,16262.83829,0.148612,1.390233333,1.376653846,1.386948,424.5837401,419.8885736,415.3692046,0.365933333,0.2451,0.278533333,-0.188307692,0.049046154,-0.030461538,-0.154428,0.045824,-0.00096,9.287866667,-1.059292308,-0.074736,13.44586667,1.888733333,6.640566667,-7.191753846,1.880723077,2.055492308,-6.038976,1.888836,2.645136
pote.txt_7429,4.73286,4.360463158,4.441188889,0.99158,0.239768421,-0.063244444,0.50539,203.587045,49.360145,0.071052632,196.1546737,39.22194737,-0.216544444,200.9309667,39.02371667,0.499907,0.419526316,0.363193667,0.34466,62.7985,6745.1625,0.156847368,59.31052632,4471.657895,0.030766667,53.66555556,3895.694444,11731.9101,0.14146,7832.301221,0.030805263,6782.584506,0.028388889,0.96248,0.874857895,0.833922222,300.3512501,210.0194385,189.9402057,0.45264,0.338915,0.33376,0.347331579,0.092684211,0.240236842,0.2726,0.007583333,0.210222222,2.920125,0.169794737,-1.475055556,10.02682,9.083175,1.82666,-0.582426316,3.399984211,0.842547368,-5.806283333,4.509344444,0.282105556
pote.txt_4555,4.31829,4.1978,4.2179625,1.568,-0.387777778,-0.17875,1.10287,213.19328,33.686,-0.4299,196.8750667,25.85703333,-0.28205,188.0080375,25.7144125,0.2099723,0.119483,0.13765275,0.03267,58.96,12314.1,0,47.34555556,11859.66667,0,45.62875,11124.75,19495.65873,0.09166,18341.88484,0.034588889,17994.15259,0.027075,1.26928,1.205066667,1.1925875,428.9534166,430.9996355,430.4652385,0.60307,0.43733,0.23716,0.115533333,0.310711111,-0.057688889,0.02935,0.3531125,-0.02545,5.67752,-2.090977778,-1.421,12.94301,3.06688,3.68969,-0.307511111,-0.060233333,1.139911111,1.4871375,-2.1625375,1.7222875
pote.txt_6227,5.542746667,5.307757143,5.467792308,1.542746667,0.261714286,-0.526492308,1.052066667,174.8359733,29.98942667,0.202221429,169.3380643,29.53405,-0.184930769,175.1509231,28.44293077,0.486857467,0.393286714,0.395507462,0.4779,85.444,10098.06667,0.330792857,75.12214286,7858.357143,0.284,76.39461538,7981.230769,9013.98776,0.869466667,6303.183271,0.711885714,5516.296523,0.485661538,1.157073333,1.0266,1.094392308,399.0885253,366.0316426,361.0021942,0.427153333,0.306073333,0.371553333,0.036171429,0.082921429,-0.009714286,0.039169231,0.049592308,-0.190015385,4.462013333,0.566471429,-1.129246154,7.53122,5.011373333,3.264906667,0.343014286,-0.372092857,0.364128571,-1.830523077,-0.091392308,0.462053846
pote.txt_1655,4.816764,4.326054167,4.585382609,0.834892,-0.005983333,-0.143808696,0.627988,191.724828,37.770488,0.022320833,183.0805917,34.06337083,-0.14576087,181.5160826,32.50615652,0.48545672,0.378277208,0.330912435,0.434684,70.9708,7119.29,0.1948,64.98416667,3848.625,0.105734783,64.39434783,4013.369565,10505.97451,0.259804,6519.778633,0.052070833,4913.164687,0.090665217,1.072328,0.9933125,1.001617391,300.1064601,239.2425579,228.4675279,0.423356,0.361616,0.383936,0.060604167,0.1809625,0.1720375,0.226478261,0.150382609,0.183982609,2.837148,0.098095833,-0.933321739,8.684544,7.814396,1.751124,-0.484479167,1.0766375,-0.5143375,-3.7235,1.96346087,-0.045317391
pote.txt_3815,3.849185714,3.85135,3.856,3.053485714,0.247866667,-1.48878,1.4425,114.9424,39.0096,-0.0175,114.1856,37.7784,-0.9095,114.1933,37.3248,0.394335429,0.173666667,0.0325416,0.190728571,63.91285714,23104,0.1183,56.445,22736,0.07098,51.192,22644,19544.83766,1.890557143,15913.197,1.777416667,14013.17856,1.69344,0.955028571,0.9555,0.95634,547.598468,538.6562518,536.3733785,0.592171429,0.580042857,0.5548,0.2314,0.464583333,0.0053,0.024,0.40376,-0.33182,4.168328571,-0.084933333,-2.6775,16.4476,10.33445714,5.4844,2.063233333,10.09823333,0.7511,-6.4315,10.0229,-2.1947
pote.txt_1307,5.474843478,5.288035556,5.324340909,1.22978913,-0.25372,-0.407909091,0.846671739,188.0020913,43.02166957,-0.073484444,181.2700311,35.22550444,-0.214470455,181.537375,35.26265682,0.460127174,0.336977467,0.369142659,0.62493913,74.47021739,8032.434783,0.118848889,65.62155556,5915.911111,0.175870455,67.17113636,5882.113636,11289.25238,0.27323913,7711.628269,0.086397778,8325.862555,0.040281818,1.058878261,0.979568889,0.979554545,352.0507779,280.8195055,276.2267649,0.442469565,0.379363043,0.367778261,0.106535556,-0.034415556,0.025146667,0.18795,0.084527273,0.057672727,4.396893478,-0.85722,-1.246768182,9.785058696,7.884178261,3.578317391,-2.476246667,1.07056,-0.535597778,-1.735445455,-1.17735,0.734604545
pote.txt_4741,5.479654545,5.33576,5.547177778,0.798927273,0.11935,0.3104,1.1117,163.4901545,24.93089091,0.62044,161.23087,19.91441,0.896166667,158.8021,22.13678889,0.477510182,0.4670333,0.443558667,2.039772727,97.04454545,5914.818182,1.51437,97.087,3033.6,0.959244444,99.12111111,4727.444444,4872.8549,0.474081818,2198.35893,0.27455,3963.233556,0.137211111,1.037354545,0.90781,0.954877778,368.3755298,283.2244694,236.2666823,0.2935,0.1102,0.439127273,0.01793,0.03383,-0.07569,0.086866667,-0.024577778,0.245133333,3.979118182,2.02277,3.166444444,5.957936364,6.835890909,6.076436364,5.83187,-1.11043,1.0591,5.879588889,-3.748744444,1.057711111
pote.txt_3733,3.798914286,3.79135,3.78724,3.852614286,-0.645833333,1.82122,1.6825,108.0157,34.7328,-0.6975,105.2151,31.7304,0.5785,105.56314,32.60736,0.525192571,0.186490667,0.3835528,0.248671429,75.49714286,21172,0.140833333,65.625,20129.33333,0.20618,72.612,20362.4,15360.34834,2.131942857,8377.7274,1.997016667,11339.172,2.1058,0.946671429,0.9456,0.94482,501.3616219,476.1830735,481.8780233,0.456228571,0.453257143,0.6661,-0.175266667,0.23265,-0.225,0.13136,0.32708,0.25618,4.777471429,-2.175933333,1.5373,14.4093,9.338442857,7.0717,-10.0176,8.7234,-0.4644,2.35826,8.88386,3.70834
pote.txt_10835,4.114338462,3.782683333,3.949954545,1.129253846,-0.381108333,0.064545455,0.7939,177.5814231,37.02513077,-0.308491667,164.6127417,33.396475,-0.044790909,157.2505727,36.58676364,0.308895385,0.1232245,0.114964636,0.178753846,56.80846154,15924.94231,0.0639,51.10833333,13650.08333,0.107309091,49.01454545,14115.86364,18984.17353,0.758807692,15062.20434,0.729275,15632.5814,0.676718182,0.864369231,0.831558333,0.854045455,500.9677237,496.788742,496.6459492,0.603069231,0.637246154,0.417169231,0.012608333,0.572808333,0.091075,-0.143909091,0.541009091,0.090245455,2.972884615,-1.2257,0.053981818,12.98223846,9.329392308,2.781169231,0.358966667,1.995808333,-0.970933333,2.378363636,-1.223727273,-0.568727273
pote.txt_751,5.292784,5.066693878,5.0146375,1.105812,0.101897959,-0.117685417,1.129176,183.732704,34.346402,0.29482449,177.6691898,27.76390816,0.422489583,178.9834146,28.12055208,0.4055687,0.331931694,0.277537917,1.734872,86.3498,7811.78,0.633973469,79.94428571,6416.326531,0.832027083,76.29875,6726.9375,8506.582502,0.603716,6038.120398,0.3965,5805.999704,0.292985417,1.209878,1.160355102,1.169222917,428.0649489,404.9310347,400.5709425,0.350002,0.345428,0.38311,0.129167347,0.123538776,0.043028571,0.112745833,0.0284625,0.082541667,4.514168,0.860342857,0.528245833,8.097554,3.145734,5.767492,0.479312245,-0.225063265,-0.998630612,-0.317491667,-0.05898125,-0.608441667
pote.txt_1139,4.950078571,4.722330769,4.503008333,1.362514286,-0.315907692,-0.4682,0.71435,211.2032143,48.76434286,-0.065946154,198.4664923,40.16875385,-0.40415,207.048275,41.96873333,0.435376071,0.304528846,0.315578667,0.3447,68.77071429,9048.142857,0.096830769,62.86923077,6724.769231,0,54.835,7216.5,12805.14295,0.396385714,8885.9407,0.0971,8391.859983,0.0588,1.21835,1.169107692,1.189291667,350.2065953,316.9121741,302.7309908,0.450957143,0.350335714,0.342628571,0.079292308,0.195292308,-0.044230769,0.072358333,0.083016667,0.119233333,3.6555,-0.343261538,-2.352833333,11.55347857,6.081764286,2.046335714,-0.164992308,-1.772807692,0.268707692,-6.668133333,2.115975,0.255525
pote.txt_11543,3.195741176,1.641775,2.174266667,1.823341176,-0.544825,0.112373333,1.046029412,204.4040941,24.93135294,0.4438875,186.3940563,20.08841875,0.4482,205.9467467,22.03449333,0.669064588,0.607796,0.603809267,0.332464706,78.04588235,7654.382353,0.22834375,75.370625,4516.5,0.247,73.91533333,6663.766667,10267.49785,0.765758824,8334.6128,0.1703625,8871.61298,0.395713333,0.681382353,0.590175,0.617886667,376.5412796,372.1693173,373.4939631,0.339635294,0.361376471,0.5362,0.01456875,0.2855375,-0.190625,0.115806667,0.310806667,0.0502,3.498588235,1.14884375,1.623693333,5.510470588,4.767994118,5.376676471,-1.9091875,-0.2346875,-2.7414875,0.420186667,1.082346667,1.764086667
pote.txt_3151,3.441266667,3.48575,3.3234,4.57,1.75,-2.75,1.7382,158.3822667,39.3123,0.70525,124.5956,31.0986,-0.992,161.9556,40.2948,0.640264,0.59875,0.279736,0.281666667,81.50333333,14357.66667,0.21125,80.85,14570,0,51.45,13764,9812.5611,1.9074,5492.1717,1.51255,8177.463,0.169,1.177733333,1.0848,1.248,371.0571862,368.8497103,375.048337,0.2148,0.2214,0.6752,0.1056,0.13365,0.42,0.1628,0.1944,-0.16,5.5074,0.96375,-4.6774,11.38163333,4.587233333,8.2092,-1.8864,1.8774,7.6024,-12.0672,-2.5956,3.3712
pote.txt_9459,5.216178723,5.021006522,4.963893333,1.035889362,-0.111956522,-0.040691111,0.8778,179.0910745,31.86722766,0.185293478,174.9386935,28.86352391,0.317102222,176.3845444,29.35304667,0.420883936,0.300072457,0.302572533,1.751738298,76.81851064,7515.984043,0.630113043,71.73413043,5429.032609,0.916495556,69.90044444,5662.766667,7840.532272,0.626934043,5436.090754,0.326673913,5439.571929,0.265937778,1.13617234,1.072319565,1.063844444,409.6597835,375.4414985,363.009218,0.412004255,0.326808511,0.393146809,0.055454348,0.156567391,0.091169565,0.038277778,0.099204444,0.092591111,3.016955319,0.468663043,0.177895556,6.471219149,4.949870213,5.148206383,0.202845652,-0.4592,-0.638619565,0.317808889,-0.0917,-1.274037778
pote.txt_5925,3.778071429,3.337176923,3.4086,1.027,0.331784615,0.1515,0.552292857,249.9467357,54.27424286,-0.066446154,241.7160923,50.78827692,-0.2066,240.1073,45.74051667,0.338036786,0.253274615,0.1958565,0.223221429,53.71428571,8785.946429,0.0222,44.83153846,6550.846154,0,44.36416667,4454.5,16565.71542,0.160507143,12313.89896,0.030507692,9634.937217,0.032108333,1.222171429,1.129592308,1.057708333,339.4363633,279.2532504,250.2360643,0.420071429,0.378421429,0.21405,0.2193,0.198576923,0.130361538,0.250941667,0.1152,0.100166667,3.182992857,-0.061853846,-1.174716667,12.79497857,5.442492857,1.625142857,1.433769231,1.2705,0.1283,-4.225858333,0.757625,-0.242291667
pote.txt_10133,3.6481,3.6481,3.6481,6.25,6.25,6.25,2.4025,87.2356,21.9024,2.4025,87.2356,21.9024,2.4025,87.2356,21.9024,0.917764,0.917764,0.917764,0.4225,110.25,15376,0.4225,110.25,15376,0.4225,110.25,15376,2806.8804,2.8561,2806.8804,2.8561,2806.8804,2.8561,0.9216,0.9216,0.9216,362.6510836,362.6510836,362.6510836,0.0484,0.0729,1,0.0484,0.0729,1,0.0484,0.0729,1,6.6049,6.6049,6.6049,8.2944,6.3504,11.8336,8.2944,6.3504,11.8336,8.2944,6.3504,11.8336
pote.txt_10299,3.977452941,3.878075,3.872473333,2.356982353,-0.2200625,-0.059933333,1.117129412,148.9771412,34.02794706,-0.28036875,143.619825,32.2672125,0.36026,145.92652,32.73282,0.434744353,0.303420125,0.302403733,1.058288235,67.44647059,11865.58824,0.14415,59.033125,8722.375,0.539866667,59.84733333,9230.8,10893.93234,0.991035294,7972.382856,0.4201625,9344.1759,0.364973333,1.009276471,0.95766875,0.947713333,411.1937687,374.4181736,370.3907433,0.460158824,0.266564706,0.448452941,-0.09179375,0.11755625,-0.0944875,-0.0523,0.208393333,-0.06798,3.426764706,-0.74229375,0.4595,7.830076471,6.196347059,6.288105882,-2.8692125,-0.13200625,0.0402,2.882633333,-1.73838,-1.81068
pote.txt_4803,3.7908,3.70331,3.745955556,2.140445455,-0.0326,-1.305,0.894209091,208.7341909,58.65940909,0.06434,206.971,54.3774,-0.505777778,198.2882667,45.24007778,0.424830909,0.3178375,0.319811667,0.315854545,59.71909091,11234.90909,0.02145,48.992,10633.1,0,47.88222222,10434,14568.95101,0.616854545,12247.87303,0.14683,10480.44074,0.087088889,1.212972727,1.20984,1.194177778,406.6869427,402.7433861,397.0893312,0.4709,0.427109091,0.398136364,0.44588,0.37952,0.07421,0.4126,0.310211111,-0.022444444,4.234190909,0.07783,-2.9937,12.63581818,2.872936364,3.797736364,0.56789,0.66624,2.40972,-7.181588889,-0.543722222,1.9743
pote.txt_9045,5.023977273,4.831346512,4.825140476,0.840577273,0.1718,0.02447381,0.711106818,171.5234068,33.88120455,0.200374419,167.8922256,31.46093953,0.086409524,167.7401357,31.79600952,0.415554045,0.322041023,0.290790024,1.582865909,77.39909091,6924.363636,0.798551163,69.50534884,4804.372093,0.795009524,69.51285714,4286.833333,7582.844118,0.607977273,4987.454012,0.24882093,4121.80645,0.353438095,0.994615909,0.948174419,0.914533333,391.7153309,335.1206231,317.6237312,0.409825,0.257034091,0.399111364,-0.04847907,0.083018605,0.23535814,0.103966667,0.063457143,0.19647381,2.469827273,0.351581395,0.213430952,6.955563636,6.829688636,3.981436364,0.663665116,-0.359765116,0.588451163,-0.883114286,-0.20712381,0.290207143
pote.txt_1291,4.762748485,4.592196875,4.597196774,0.82970303,-0.049778125,-0.248819355,0.723524242,197.4537,40.94239697,0.077915625,190.8881781,35.04376875,-0.144045161,188.4348065,33.50493871,0.355358242,0.262141063,0.260840484,1.003127273,76.09606061,7133.909091,0.3606125,68.9584375,5794.9375,0.196412903,69.80290323,5565.451613,9959.8858,0.38829697,6643.076253,0.16649375,6328.921626,0.127167742,1.233051515,1.187465625,1.208374194,391.831091,373.6478269,362.5490299,0.429163636,0.368209091,0.395127273,0.107934375,0.200053125,0.127396875,0.130709677,0.183964516,0.115948387,3.396557576,0.063621875,-0.604177419,8.661287879,2.955730303,2.960618182,-1.0653875,0.23236875,-0.878740625,-1.9945,-0.482216129,-0.705516129
pote.txt_6201,3.978933333,3.622242857,3.611492308,1.314266667,-0.797971429,0.588,1.328986667,192.9895867,26.6539,-0.331771429,179.1942643,17.35672857,0.486969231,185.8719231,20.50096923,0.371725067,0.308996,0.325502154,0.069173333,74.178,11676.36667,0.032828571,63.89928571,11012.96429,0.050261538,69.55,11022.96154,15264.27802,0.187546667,14718.7549,0.101857143,14972.11124,0.167561538,1.158746667,1.148271429,1.1027,406.864527,403.0606721,398.7662061,0.497,0.318586667,0.245386667,0.132121429,0.145285714,-0.100171429,0.211484615,0.234707692,0.062030769,6.043826667,-2.278685714,2.480292308,8.15834,2.68178,5.020866667,-5.181992857,-0.697835714,2.171328571,3.155884615,1.659330769,1.921646154
pote.txt_2045,5.169969231,5.153983333,5.041009091,0.961938462,0.4623,-0.016945455,0.370138462,225.5112462,54.56222308,0.059091667,205.9305333,45.25716667,-0.250572727,199.0857455,36.13915455,0.276299231,0.166001167,0.169549182,0.161876923,56.56230769,9621.538462,0.0638,53.66083333,7274.75,0,51.94363636,6591,16489.03765,0.079046154,12174.87024,0.043841667,9605.662464,0.034118182,1.173,1.097066667,1.065445455,401.1774865,324.5449299,319.5978373,0.582815385,0.468615385,0.292653846,-0.071091667,0.293025,0.231816667,-0.000590909,0.251281818,0.207972727,2.503515385,0.444766667,-1.565736364,13.08006154,6.423376923,0.722530769,1.8729,0.911858333,-0.193091667,-8.605163636,2.380709091,-0.4074
pote.txt_8785,4.939408333,4.506562857,4.593914706,1.092691667,-0.04104,-0.148573529,0.756916667,166.2256917,30.36076389,0.040697143,160.3961286,26.48102286,-0.116823529,160.2622618,25.72198235,0.388635083,0.298771029,0.305583324,0.348969444,77.30444444,6787.958333,0.106328571,71.40485714,4910.942857,0.113417647,69.05558824,5017.205882,8930.083039,0.536127778,5879.992674,0.244148571,6065.165282,0.209438235,1.186969444,1.126205714,1.114752941,347.5641707,310.7584429,319.7019858,0.440080556,0.372166667,0.396027778,0.241208571,0.11092,0.150531429,0.229711765,0.158214706,0.203294118,3.3144,0.011788571,-0.972567647,6.920905556,4.700444444,2.466469444,-1.290102857,1.492774286,0.370168571,-2.402547059,0.686270588,0.400152941
pote.txt_7527,4.068615,3.655847368,3.725277778,1.07391,0.133547368,0.272855556,0.862285,224.74878,44.92149,0.234563158,217.4149737,37.10280526,0.216983333,215.9873,38.85965,0.37640285,0.306155,0.312030889,1.09966,64.529,8414.775,0.291852632,57.44157895,6533.131579,0.3997,58.03888889,7205.930556,14639.97663,0.23801,12475.27611,0.143542105,11907.55342,0.09215,1.065955,1.007110526,1.007166667,419.1817054,393.3118175,386.9185665,0.462165,0.416845,0.298565,0.305194737,0.1755,0.045463158,0.212138889,0.18875,0.140405556,4.183965,0.083615789,1.234333333,10.77974,3.458505,4.453235,3.238615789,0.148915789,-2.180631579,2.482666667,1.141683333,0.474977778
pote.txt_11955,4.296341667,3.789082857,3.746841176,2.936294444,1.748882857,1.516141176,1.352291667,150.6074972,23.45573889,0.950428571,140.8043514,21.51883429,0.964991176,142.1200735,22.69710588,0.747790194,0.7486294,0.751818235,0.88355,92.74083333,8598.25,0.629734286,92.22171429,7114.671429,0.692529412,92.72058824,7172.566176,4218.436294,1.539547222,3156.977191,1.171468571,3085.110659,1.190641176,0.870016667,0.822005714,0.821776471,369.8688686,355.0997768,353.0029166,0.246836111,0.320052778,0.739,0.088371429,0.243482857,0.182788571,0.147194118,0.179676471,0.047594118,3.856086111,2.909088571,2.786429412,5.752755556,4.801352778,6.65215,3.653014286,0.641557143,2.438957143,3.241182353,0.685338235,2.522220588
pote.txt_711,4.919436667,4.441644828,4.375160714,0.959426667,-0.228244828,-0.054935714,0.759033333,187.0823833,29.14658,0.077013793,183.1763172,27.55108966,0.357967857,182.3964179,27.53891429,0.5409982,0.422178655,0.366870536,1.914406667,70.428,5915.316667,0.99277931,65.28482759,3076.258621,1.018785714,63.22035714,3549.196429,6596.241283,0.533103333,4151.3428,0.091575862,4245.307275,0.167064286,0.92951,0.804858621,0.863871429,341.3251763,250.0520479,270.1839052,0.335376667,0.27998,0.38755,0.056389655,0.077486207,0.042589655,0.091092857,0.085621429,0.061332143,2.03686,0.082772414,0.354667857,4.731553333,8.57633,5.452483333,0.008868966,-1.882831034,0.020706897,0.106839286,0.954610714,-1.965046429
pote.txt_4333,5.07877,4.789111111,4.7058375,1.39393,-0.056511111,-0.072975,0.86469,206.79611,47.82326,0.0596,201.4767778,46.7202,-0.0410125,214.9518375,49.0024,0.4664473,0.328155889,0.322474,0.87132,86.282,9847.8,0.478055556,75.01,8933.555556,0.4606625,70.365,9513.5,11627.70845,1.07132,6674.308789,0.613088889,10368.02425,0.594,0.96576,0.961744444,0.93445,473.1207775,484.8652072,489.8438392,0.37539,0.50945,0.42021,0.003622222,0.184533333,0.208755556,-0.0265125,0.1106875,0.18035,3.81749,-0.408888889,0.23235,12.09333,2.63549,2.19049,-2.361244444,0.2544,0.465466667,2.775425,0.657275,-0.281825
pote.txt_9891,5.111513793,4.95615,4.915666667,1.075051724,-0.135978571,-0.039888889,0.780482759,178.9361414,37.6006931,0.118896429,174.0618321,33.91793214,-0.092218519,170.1373259,33.33243704,0.373007724,0.274025786,0.258287556,0.913268966,76.69551724,6823.551724,0.289857143,69.37,5553.142857,0.128074074,69.79222222,5853.62963,9117.651028,0.424413793,6562.543361,0.163014286,6453.363615,0.139722222,1.107241379,1.073485714,1.0618,377.2957188,346.3336087,340.5733836,0.410706897,0.371758621,0.4205,0.219489286,0.057228571,0.130746429,0.27402963,0.022377778,0.186544444,3.691968966,-0.102321429,-0.8102,7.601734483,5.638824138,3.935144828,-0.661953571,1.660403571,-1.157792857,-2.289085185,0.99462963,1.425355556
pote.txt_5635,4.544984615,4.495425,4.528509091,1.772492308,-0.364833333,-1.164,1.424961538,175.3671308,44.46169231,0.038316667,170.3465667,25.30965,-0.4448,166.2753,24.94851818,0.416848385,0.382329833,0.38513,0.205369231,78.05615385,11896.23077,0.0572,67.84083333,11309.75,0.0099,63.55454545,10955.54545,14871.74344,0.157553846,13398.29799,0.100908333,12282.38762,0.068909091,1.290815385,1.276975,1.247145455,401.1693283,396.4214838,397.5406257,0.521546154,0.318315385,0.287315385,0.483083333,0.174866667,0.00655,0.478236364,0.137945455,-0.052181818,7.116123077,-0.722283333,-3.596363636,11.82494615,2.428876923,5.096161538,-2.359391667,-0.105558333,3.214533333,-8.922363636,-1.012090909,3.247345455
pote.txt_5881,4.557835714,4.273938462,4.3229,1.169692857,0.107153846,-0.7198,0.878407143,211.9876286,43.96595714,0.126607692,202.5691462,36.48127692,-0.490108333,193.5737167,29.32626667,0.296119143,0.257922,0.2143495,0.248835714,71.17714286,9896.785714,0.082553846,63.81846154,8270.846154,0.019525,62.365,7491,14371.51988,0.249928571,11181.33098,0.111638462,9109.6367,0.075625,1.3095,1.2351,1.2413,384.7842675,342.071065,323.2591975,0.433357143,0.345285714,0.295964286,0.263607692,0.184761538,0.064638462,0.155,0.096833333,-0.015583333,4.424757143,0.335553846,-2.783716667,11.45299286,3.995785714,2.762828571,-0.359292308,1.506915385,1.081946154,-7.7526,-1.433383333,1.329733333
pote.txt_1585,4.862710345,4.490439286,4.44307037,1.583410345,-0.177578571,-0.098348148,1.12972069,187.8930759,37.50126207,0.283642857,179.1141071,30.155075,0.137374074,186.8683889,31.28768519,0.434812828,0.340262893,0.333307074,0.907224138,80.25172414,9219.25,0.367932143,70.87107143,8186.946429,0.175481481,69.40222222,8069.592593,10732.90892,0.636065517,8444.088443,0.236635714,7753.927015,0.256722222,1.169106897,1.145414286,1.142603704,414.379083,413.384548,416.0849046,0.386889655,0.375082759,0.397431034,0.145635714,0.203507143,0.042596429,0.15797037,0.134914815,0.115707407,4.787227586,0.464310714,-0.145666667,9.317593103,3.551406897,5.052631034,-0.917407143,-0.124478571,-0.227146429,-3.096974074,-0.263088889,1.288725926
pote.txt_6225,4.845686667,4.724142857,4.722969231,1.778906667,-0.004228571,-1.064523077,1.051806667,170.2359333,32.16208667,0.054271429,163.7466857,30.64734286,-0.482476923,167.0329769,29.60378462,0.391774133,0.283365071,0.25925,0.23788,72.06333333,11347.13333,0.092357143,60.92785714,9626.357143,0.030461538,58.31923077,9678.461538,12133.58405,0.639466667,9942.798836,0.332735714,8705.3851,0.247138462,1.1045,0.992164286,1.049084615,402.5122715,370.8111425,364.8883273,0.49732,0.33758,0.352806667,0.033171429,0.2033,-0.022314286,0.146292308,0.109792308,-0.148938462,4.482993333,-0.251007143,-2.848176923,8.20078,5.44396,4.074866667,-1.0418,-1.106092857,1.511371429,-6.801007692,-0.038376923,1.651953846
pote.txt_1519,4.929878788,4.776890625,4.809190323,1.162621212,-0.14335625,-0.108922581,0.862554545,186.1060242,46.64288788,0.024346875,178.7905469,37.62123125,0.017303226,179.6323484,38.68640323,0.426485758,0.349561188,0.349997742,0.926387879,77.27333333,7543.181818,0.283653125,69.3753125,6080.5,0.198945161,70.25645161,6734.548387,9730.110061,0.354045455,7009.342713,0.189840625,7890.777148,0.153845161,1.178015152,1.134434375,1.155912903,381.7123492,349.7023918,359.469122,0.431193939,0.401830303,0.439887879,0.34065625,0.0447,-0.020428125,0.308770968,0.081496774,0.160274194,4.40040303,-0.2411875,-0.441567742,8.605590909,4.0458,4.205763636,-1.495409375,1.307840625,-0.67193125,-1.412264516,1.634880645,0.384406452
pote.txt_1675,5.71429,5.615577778,5.4348375,1.83749,0.591577778,0.170425,0.94857,166.84389,36.06005,0.295566667,165.8664889,32.79668889,0.21345,173.17845,31.2297625,0.5365598,0.438788556,0.364515625,0.68527,84.534,8782.8,0.4719,78.17777778,7579.333333,0.373925,72.12125,7888.125,7613.41267,1.01082,6849.758689,0.639933333,6012.364087,0.4746125,1.18219,1.1833,1.1513625,408.2270117,412.9177881,416.9401731,0.46057,0.43224,0.51245,0.101311111,0.281477778,-0.153577778,0.05645,0.3097625,0.101475,3.69657,1.1912,0.2363875,8.88247,3.17594,3.0539,4.446411111,-0.6018,-0.036722222,-0.9410375,0.92375,-0.2684625
pote.txt_5515,4.245123077,4.242058333,4.211445455,1.722223077,-0.212583333,-1.052981818,1.079661538,206.6985154,42.11359231,0.010441667,183.5838583,34.29323333,-0.596445455,179.3252545,28.3119,0.380655,0.313395833,0.263856,0.256161538,65.54384615,12819.92308,0.091783333,61.66583333,10495.5,0.081581818,60.77727273,10189,17218.58749,0.403953846,12921.9272,0.139708333,11171.69581,0.145745455,1.143476923,1.068808333,1.0906,407.0871188,368.8719784,353.1728654,0.511023077,0.407523077,0.349592308,0.134058333,0.235158333,-0.092416667,-0.128327273,0.165127273,-0.104354545,5.050438462,0.058216667,-2.969509091,13.41099231,5.519138462,3.661584615,0.871625,-0.944658333,1.317808333,-6.589681818,-1.561781818,0.175254545
pote.txt_3527,3.8827,3.85762,3.82,2.520733333,0.70244,-2.025,1.2825,119.5602,41.8608,0.2425,115.26052,38.59488,-1.3175,108.811,33.696,0.307097333,0.2003528,0.040236,0.1521,56.19,24392,0.12506,56.394,23067.2,0.0845,56.7,21080,22334.4972,1.729633333,17197.45704,1.76786,9491.8968,1.8252,0.9606,0.95652,0.9504,578.423032,546.6096078,498.8894715,0.6828,0.664566667,0.4806,0.32168,0.50458,0.10036,-0.22,0.2646,-0.47,3.762233333,0.6845,-3.9321,17.80646667,10.99846667,4.4262,5.21188,10.27828,1.48612,-13.68,9.198,-2.924
pote.txt_2547,3.730352941,3.6826625,3.6868,1.929035294,-0.51495,-0.50856,0.696894118,156.8813412,35.81178235,-0.2049125,146.4419,32.9177375,-0.17068,144.61112,32.69702,0.365602176,0.22335675,0.187516667,0.250235294,68.35,6973.411765,0.0576875,61.725,4618.5,0,64.32266667,4272.733333,7941.491118,0.693876471,5493.463594,0.11018125,6305.3311,0.049066667,1.357711765,1.299425,1.305266667,266.2699071,240.9510069,236.1021903,0.402964706,0.1821,0.491511765,0.33828125,0.08939375,-0.0605875,0.32476,0.108186667,-0.127173333,2.411588235,-0.82275625,-0.320266667,6.602988235,4.822470588,3.038094118,-2.5103625,0.35960625,0.41698125,0.398313333,0.053386667,0.148433333
pote.txt_4553,4.75245,4.7652,4.6611,1.776,-1.7,1.77125,1.57207,177.74458,19.7332,-0.9628,156.9102333,11.88513333,1.5464125,161.5393,18.5415625,0.2931723,0.186912,0.274116375,0.05445,79.696,12682.1,0,64.03333333,11900,0.05445,79.70125,12120.5,16843.61991,0.14584,14774.2824,0.049466667,15697.80729,0.1447375,1.23386,1.1849,1.2251,423.3942174,414.8205314,420.8268439,0.54557,0.33493,0.30404,0.2108,0.0648,-0.3,-0.02995,0.333025,0.296,7.40936,-5.651333333,7.3363,11.04491,3.25232,5.46953,-9.750666667,-1.7672,2.2294,9.9003625,0.5607875,4.920125
pote.txt_5575,3.916030769,3.693275,3.736190909,1.334,0.187833333,-0.347672727,0.454046154,224.9431,53.11661538,-0.019675,208.0879833,46.684675,-0.262345455,202.1850273,40.77472727,0.446113308,0.394939833,0.339349727,0.283553846,51.88153846,8040.019231,0.12765,50.32666667,4954.583333,0,49.56909091,4192.5,14596.17869,0.251484615,10324.25591,0.02345,7498.403945,0.041718182,1.006192308,0.871325,0.831509091,337.8729071,256.3505231,254.6180543,0.498076923,0.419561538,0.347938462,0.319983333,0.213108333,0.063766667,0.317345455,0.190609091,0.183018182,2.532846154,0.212533333,-1.599618182,11.31639231,6.704015385,1.8607,2.519691667,1.00145,0.1796,-4.748481818,3.214163636,0.296581818
pote.txt_6925,4.015377778,3.797958824,3.7802875,1.520372222,-0.209817647,0.28885,0.979338889,171.7226333,36.67911667,-0.154082353,166.6564471,35.02592353,0.56355,170.0136563,35.21028125,0.366843444,0.254263059,0.2506155,2.663527778,55.38166667,10063.88889,0.500288235,48.11,7075.647059,2.35721875,47.076875,8265.9375,10929.0419,0.623377778,8745.349153,0.187152941,9562.700963,0.3090375,0.957127778,0.923111765,0.93351875,454.1667611,432.8098839,414.4887177,0.472144444,0.258588889,0.317166667,-0.090147059,0.113047059,-0.102570588,0.0322,0.19249375,0.091525,2.508472222,-0.423105882,0.62959375,6.861222222,6.619138889,8.418444444,-1.688647059,-1.213282353,-3.250347059,2.76025,-0.15208125,3.6659
pote.txt_11439,5.68472,4.565033333,4.52785,0.56393,0.040488889,-0.2089,0.91724,186.08807,22.81356,0.175811111,181.1937556,21.22394444,-0.1669875,186.909475,21.10215,0.439157,0.386753111,0.38481425,0.33843,89.682,8461.425,0.189733333,82.64666667,7601.111111,0.1298875,79.945,6048.5625,8530.88421,0.69215,6621.5895,0.408011111,5405.0733,0.343175,1.22055,1.044133333,1.0539,420.709052,412.2452731,400.9015271,0.43689,0.32534,0.22889,-0.224511111,0.033155556,0.064222222,0.0311625,-0.058225,0.024825,4.21338,1.214555556,-0.46525,4.99648,2.77455,1.84796,0.242766667,-0.962388889,0.033011111,-2.002075,0.400225,0.52735
pote.txt_2615,4.795706383,4.509195652,4.496604444,1.589178723,0.142902174,0.065466667,1.003102128,181.0264766,28.73544468,0.277769565,172.5192391,26.22383261,0.324904444,172.9520511,27.12219111,0.472329872,0.347183587,0.327098467,1.765955319,79.29234043,7660.090426,0.743230435,74.05630435,6189.304348,1.102726667,73.26711111,6067.866667,7225.937319,0.833380851,4971.62588,0.470802174,4694.599784,0.450555556,1.053,1.002663043,0.994137778,407.3297326,377.739474,359.6204121,0.334851064,0.302085106,0.504987234,-0.013245652,0.157171739,0.125417391,0.127671111,0.118231111,0.041553333,3.012019149,0.424241304,0.591011111,6.656140426,5.142889362,6.119208511,0.420467391,0.345317391,-0.359691304,0.144835556,0.108248889,-0.282557778
pote.txt_107,5.199134783,4.957818182,4.92857619,1.006121739,-0.006890909,-0.519847619,0.761378261,204.8135652,37.90488696,-0.042313636,195.1048909,32.09484091,-0.406190476,194.9414619,28.62843333,0.431649217,0.291277136,0.25735381,0.417847826,76.33826087,8139.434783,0.181377273,69.17045455,5832.909091,0.060019048,65.16809524,6175.714286,11734.4345,0.254008696,8503.879736,0.106290909,7536.76709,0.080085714,1.1455,1.089572727,1.115561905,341.7678079,277.8468162,289.6361056,0.433913043,0.325747826,0.366982609,-0.05765,0.118622727,0.106881818,0.101057143,0.050619048,0.058780952,3.865930435,-0.139663636,-2.366085714,9.936895652,6.856613043,2.083865217,-0.580836364,-0.157718182,0.133518182,-6.488828571,1.174933333,-0.091390476
pote.txt_4557,5.13261,4.691,4.8909375,1.567,-0.472222222,0.2325,1.35276,180.43213,20.06368,-0.249344444,170.2251333,16.12236667,0.3485,163.4624625,18.4348125,0.2437348,0.168566333,0.17547225,0.0772,77.743,12187.6,0.0121,62.75444444,11820.11111,0.0375375,67.1575,11104.625,16550.77351,0.14911,15650.64588,0.070411111,15691.79385,0.0898,1.23141,1.178911111,1.1615625,442.744968,437.8277925,435.9648509,0.59012,0.37918,0.32888,0.210366667,0.244122222,-0.032577778,-0.1147875,0.2830125,-0.07005,6.41956,-1.634844444,1.30895,10.81916,3.35627,4.60678,-3.798344444,0.036233333,2.307611111,3.96195,-2.015925,2.0980625
pote.txt_9655,3.33785,3.331657143,3.3234,3.73,0.952857143,-2.75,1.40605,193.9556,48.01725,0.378314286,180.2413143,44.70762857,-0.992,161.9556,40.2948,0.501514,0.406466286,0.279736,0.21125,67.13,13848.5,0.120714286,60.41,13812.28571,0,51.45,13764,13315.40145,1.43305,11113.42783,0.891314286,8177.463,0.169,1.3058,1.281028571,1.248,375.2602375,375.169423,375.048337,0.298,0.29565,0.5128,0.240057143,0.252257143,0.224457143,0.1628,0.1944,-0.16,4.95865,0.828914286,-4.6774,12.92525,3.70565,6.397,2.2142,1.005114286,5.100228571,-12.0672,-2.5956,3.3712
pote.txt_7359,4.612595,4.235178947,4.407166667,1.01296,0.390105263,-0.029711111,0.53017,213.767845,49.25955,0.086263158,203.0739368,41.28582632,-0.258044444,206.2800333,39.29405556,0.4479077,0.354402053,0.320103389,0.24384,59.6155,7310.0125,0.101542105,55.91842105,4945.657895,0,51.56611111,4038.333333,12973.24658,0.126375,9059.267137,0.028421053,7723.642417,0.024594444,1.050815,0.934873684,0.870338889,297.2950686,209.0057938,188.5463791,0.433995,0.337705,0.283195,0.338915789,0.095405263,0.198868421,0.26635,0.011555556,0.185222222,3.043275,0.417268421,-1.634222222,10.60467,8.9153,1.85341,0.170284211,3.225905263,0.893836842,-5.350005556,4.589594444,0.081355556
pote.txt_3611,4.17965,4.298,4.262625,1.9263,-0.891,1.5715,1.619183333,137.88,25.70191667,-0.50918,136.01744,17.34386,1.32165,139.408275,23.640825,0.36922,0.1850472,0.326132,1.376616667,77.24666667,15686.5,0.23338,63.998,16044.6,0.22485,78.48,14879.25,13277.12142,0.8542,12628.4058,0.64806,12515.67,0.51555,1.113,1.06092,1.051425,486.0886478,472.8192147,482.2213543,0.49085,0.258216667,0.3399,-0.27656,0.09388,-0.2212,0.175525,0.2116,0.2696,5.536516667,-2.31574,5.366625,8.237383333,4.9954,8.22205,-6.60976,3.90384,-3.7248,5.4651,2.939725,5.17775
pote.txt_6873,4.058211111,3.954023529,4.036925,2.545933333,-0.182117647,-1.358,1.481283333,182.3541,28.72267778,-0.0118,173.5762588,24.60025294,-0.60156875,158.3334688,21.41746875,0.414587278,0.276815353,0.266291625,0.236161111,79.35888889,12517.77778,0.071441176,68.53176471,11638.76471,0.07109375,67.95125,10894.1875,14051.04147,0.7352,12070.06133,0.313111765,10334.38266,0.19088125,1.225461111,1.201923529,1.20415,393.2295349,389.2416646,379.7577558,0.416388889,0.288233333,0.458622222,0.210864706,0.179205882,-0.018541176,0.15379375,0.124475,-0.2745,6.075116667,-0.592923529,-3.34513125,11.08642778,3.388083333,5.712327778,-1.696035294,0.662923529,2.3445,-7.29475,-1.3928375,1.7753125
pote.txt_8929,4.6575325,4.285848718,4.385536842,1.673825,0.302748718,0.185334211,1.0014925,167.139165,33.5452575,0.37764359,162.9840513,29.32874872,0.471297368,162.7641868,29.50998421,0.52579035,0.427158128,0.415420684,1.59053,75.59325,7189.7875,0.797271795,70.51179487,5526.24359,0.759171053,69.31157895,5211.618421,7067.189768,0.7850275,4741.157749,0.484435897,5144.316582,0.326757895,1.0037,0.938461538,0.935505263,381.1274418,340.5274889,329.1882826,0.3526825,0.3182675,0.453245,0.179025641,0.164241026,0.103,0.238681579,0.167828947,0.016857895,3.1696425,0.407548718,0.975465789,6.50315,5.54282,6.0654375,0.244069231,1.080169231,-0.2066,1.253515789,0.482265789,-1.135094737
pote.txt_11491,4.482407407,4.268584615,4.156028,2.016066667,-0.014961538,-1.30736,1.206811111,190.4223074,44.07204815,0.280469231,184.5002077,38.18651154,-0.463088,183.105272,33.786188,0.501348333,0.414067846,0.36356496,0.576966667,76.50074074,10369.71296,0.152919231,67.76615385,8560.653846,0.252144,62.2912,8560.32,12221.43941,0.579992593,9770.465142,0.241130769,8747.51796,0.158884,1.121755556,1.049811538,1.017736,388.831669,358.0287466,353.8636184,0.391785185,0.364418519,0.418992593,0.249519231,0.172396154,-0.011465385,0.235728,0.093008,-0.133416,5.37162963,0.765026923,-3.055692,10.39305185,4.7201,5.396881481,0.868469231,0.326665385,0.504869231,-6.220164,-1.120172,0.800436
pote.txt_10647,3.96024,3.490122222,3.6276,1.1168,0.236666667,0.27755,0.47023,221.12875,32.40157,-0.018844444,218.5051667,32.78687778,0.03785,207.69455,32.98125,0.3874417,0.092862667,0.19796875,0.16698,61.965,6520.625,0,55.54444444,3846.666667,0.060125,57.89625,2647.1875,11968.20439,0.30448,8185.779422,0.069566667,7308.953125,0.0131875,1.12622,0.922866667,0.9683125,282.2867928,190.9737668,164.9029958,0.36694,0.33276,0.39718,0.207155556,0.056944444,0.237666667,-0.0520875,0.0748,0.162625,1.89847,-0.190911111,0.3481625,7.43562,7.70156,1.75839,-1.163388889,-0.250922222,0.244044444,-0.44235,-2.4124875,-0.083775
pote.txt_11731,4.681,4.0686,4.34,2.45105,0.971,-1.136025,1.4281,139.3991333,43.56968333,0.4261,137.26802,40.1594,-1.1135,135.78075,43.398,0.441324167,0.2301,0.0314895,1.724283333,79.67833333,15748.83333,0.93528,59.462,15535.2,0.176475,53.325,15172.5,12719.16062,1.605,11982.4458,1.23944,9089.2347,1.2906,1.019516667,1.02108,1.007325,524.1347008,538.1854737,548.9260416,0.424083333,0.522366667,0.572716667,0.01916,0.25854,0.2274,-0.2475,-0.049,-0.090475,4.779083333,1.10714,-3.331575,12.57791667,6.927266667,7.95645,3.27776,4.84686,4.57788,-12.005625,4.745,-0.082875
pote.txt_3257,3.389575,1.6213,1.83135,0.4381,0.2504,0.1848,0.37635,269.07455,34.398825,-0.334866667,288.1167,29.9132,0.16385,253.6121,32.662,0.50434725,0.172083333,0.448,0.184925,52.62,9246.3125,0.026,46,3035.333333,0.1443,52.12,9024.75,17178.23235,0.141,14373.48453,0.0468,13736.09135,0.052,0.561825,0.51,0.5308,375.4905241,310.5596045,294.2515848,0.449875,0.44235,0.265925,-0.3265,0.2881,0.185,0.43525,0.1783,0.2522,1.56755,-1.311,0.6219,8.14995,9.1441,1.316375,-1.091133333,-1.2608,0.386933333,2.0591,-0.8504,0.33675
pote.txt_9195,4.320819149,3.983854348,3.884615556,1.293117021,0.156867391,-0.356637778,1.006502128,198.5637043,36.00715745,0.298313043,192.973863,31.52612391,0.282286667,189.5233711,31.03494889,0.462377745,0.374731891,0.315262978,1.701685106,76.97680851,7416.553191,0.628245652,71.50804348,5816.744565,0.851108889,68.24022222,5831.133333,9189.53146,0.59572766,7146.115389,0.34281087,6214.467076,0.208846667,1.048308511,0.98733913,0.993491111,425.6659126,401.209786,397.704364,0.353125532,0.327259574,0.423104255,0.107771739,0.126202174,0.084365217,0.208508889,0.125091111,0.076015556,3.716729787,0.780226087,0.011384444,7.327848936,3.550306383,6.151257447,0.623471739,-0.49966087,-0.035204348,-1.359153333,0.056068889,-1.901702222
pote.txt_435,4.869348,4.735658333,4.681591304,1.04536,-0.020754167,-0.355891304,0.89246,186.520476,36.297648,0.089375,174.4942375,27.65608333,-0.235947826,177.4285565,26.64453043,0.28360564,0.20129225,0.181094783,0.23546,72.1844,9794.24,0.090891667,68.11666667,7904.416667,0.090391304,66.11391304,7075.478261,12889.06782,0.29858,9841.620833,0.172783333,9205.521217,0.126865217,1.411512,1.372754167,1.388021739,371.5183458,343.7200656,327.0707282,0.471484,0.3898,0.305664,0.015675,0.260158333,-0.031479167,0.040291304,0.224356522,0.085352174,4.0716,0.105495833,-1.219,9.717944,3.53936,2.58068,0.8238875,-0.288545833,-0.1017625,-1.740108696,-1.874234783,0.841473913
pote.txt_9863,4.054135714,3.874338462,3.735391667,1.036792857,-0.020953846,0.607916667,0.883578571,246.9555357,44.24207857,0.128438462,240.3530077,35.15558462,0.265075,243.1915167,39.61005833,0.299011,0.245928462,0.207353,1.202471429,54.055,9844.232143,0.209061538,49.91615385,7946.038462,0.218533333,51.23333333,8034.083333,16591.85592,0.181557143,14750.7466,0.040215385,14038.48174,0.142875,1.296321429,1.215592308,1.18585,418.3701085,376.7810015,366.5959945,0.419892857,0.4606,0.167942857,0.101815385,0.346469231,-0.004,0.046558333,0.285783333,0.033325,3.802671429,-0.014030769,1.050708333,11.09627857,3.221492857,4.622192857,5.500284615,-1.325576923,-1.939,5.071633333,1.065466667,-0.27895
pote.txt_8279,4.8339,4.677552,4.660091667,0.882946154,-0.047256,-0.316516667,0.584823077,196.1134077,38.68572692,-0.098708,190.097468,33.587744,-0.258241667,184.110925,31.61599167,0.360406038,0.25910276,0.224390042,0.228873077,68.31538462,6931.038462,0.076448,61.952,4538.2,0.022816667,61.55833333,4543.125,10563.87694,0.159096154,7495.22302,0.086612,6549.697258,0.054316667,1.234253846,1.136748,1.120545833,299.1750457,243.3114164,248.2242458,0.402073077,0.315834615,0.346769231,0.261964,0.121652,0.052568,0.3067375,0.099179167,0.1096875,3.027715385,-0.490312,-1.587070833,7.807434615,7.411780769,1.986915385,-1.433208,0.705944,0.383108,-5.0010125,2.837079167,0.454958333
pote.txt_3811,3.798914286,3.7927,3.82,3.852614286,1.180183333,-2.025,1.6825,108.0157,34.7328,0.2625,106.10445,32.7888,-1.3175,108.811,33.696,0.525192571,0.326333333,0.040236,0.248671429,75.49714286,21172,0.1859,69.96,20482,0.0845,56.7,21080,15360.34834,2.131942857,11031.2928,2.059033333,9491.8968,1.8252,0.946671429,0.94575,0.9504,501.3616219,484.7132646,498.8894715,0.456228571,0.453257143,0.6661,0.0728,0.316666667,0.13515,-0.22,0.2646,-0.47,4.777471429,0.625733333,-3.9321,14.4093,9.338442857,7.0717,-0.314783333,8.936216667,2.60295,-13.68,9.198,-2.924
pote.txt_3583,4.89635,4.5851,4.6529,0.676225,-0.1138,-0.0519,0.481075,197.956525,50.352625,-0.0115,200.249,51.2476,-0.37505,194.6097,48.438,0.38297925,0.291342667,0.160007,0.58335,67.1825,11091.5,0.328066667,62.56666667,8418,0.08645,53.37,4926.5,14175.21347,0.7566,10352.3448,0.0904,3287.59515,0.7354,0.948425,0.987,0.8095,388.2284581,322.8246345,296.2411211,0.415825,0.3993,0.31115,-0.295666667,0.264533333,0.225266667,0.1847,-0.0028,0.2151,2.07845,0.048,-1.4122,13.864975,11.303875,0.619625,4.530433333,-4.341666667,-0.468066667,-12.31935,5.40665,0.21
pote.txt_1535,4.129,4.1558,4.256054545,1.027546154,0.247016667,-0.206636364,0.460946154,210.5514077,58.75414615,0.042316667,199.27385,49.14970833,-0.090763636,188.2515455,46.45341818,0.413027846,0.316835667,0.363191909,0.517123077,54.88923077,9702.461538,0.142,52.32,6688.833333,0.030945455,52.37636364,4070.090909,15308.21358,0.188838462,10023.88433,0.10225,5544.706245,0.043145455,1.064269231,1.005775,0.968245455,388.9887197,336.4256004,318.2437667,0.612784615,0.463653846,0.375546154,0.186291667,0.2916,0.1637,0.278881818,0.286436364,0.162463636,2.886430769,0.229516667,-0.9934,12.7377,5.1756,1.304684615,1.818866667,0.872375,0.0271,-6.358172727,-1.957590909,-0.027318182
pote.txt_489,5.27189697,5.114353125,5.057670968,0.8961,-0.1148375,-0.141554839,0.692769697,190.8320848,39.02363939,0.031296875,183.834725,31.9341375,-0.098609677,186.7840581,34.40557097,0.423731121,0.311238719,0.268474452,0.819060606,70.75333333,7006.69697,0.253628125,64.086875,5698.625,0.133932258,64.18548387,4809.258065,9968.533382,0.203860606,7642.558088,0.107278125,5979.404813,0.073780645,1.107360606,1.0391125,1.057267742,342.1838038,291.4253425,270.3252739,0.439054545,0.375815152,0.386315152,0.228190625,0.12375,0.137565625,0.221135484,0.037745161,0.138745161,3.356021212,-0.397609375,-0.759554839,8.064724242,7.262881818,3.271678788,-0.487784375,2.675459375,-0.69334375,-3.768725806,1.131080645,0.689090323
pote.txt_521,4.999435714,4.804833333,4.761415385,0.975432143,-0.102733333,-0.03615,0.826525,194.8279357,45.10543571,0.126477778,190.1352037,37.46202593,-0.032719231,187.1308385,40.20903077,0.379116643,0.284401741,0.275910808,0.934685714,76.55714286,7371.392857,0.282692593,67.72148148,5947.740741,0.119519231,68.43269231,6188.615385,10084.91134,0.347646429,7260.353744,0.187307407,6864.512615,0.119230769,1.193532143,1.148096296,1.130307692,376.8976413,335.4166901,357.0169062,0.374378571,0.368707143,0.363735714,0.261492593,0.016366667,0.083803704,0.227611538,-0.027184615,0.086115385,4.135439286,-0.350859259,-0.433076923,8.810135714,5.045825,3.960157143,-1.572488889,1.510474074,-1.273811111,-3.204903846,0.240107692,0.954584615
pote.txt_6913,2.9076,2.160041176,2.08304375,1.284716667,-0.230811765,0.2704875,1.005177778,211.7291111,30.22474444,0.546647059,193.6486588,26.94337647,0.50819375,209.881075,27.23098125,0.460056389,0.343195235,0.348785625,2.000455556,68.64222222,7519.013889,1.049652941,64.00117647,5074.926471,1.37996875,62.3575,4422.46875,11002.59134,0.772516667,7308.497676,0.344388235,7844.62785,0.39895,0.846905556,0.741411765,0.77218125,450.1684239,430.2181358,435.5694223,0.327511111,0.352894444,0.399738889,-0.005841176,0.141241176,-0.084235294,0.12835625,0.092025,0.241,2.805877778,0.925423529,0.6208,5.925861111,2.969666667,7.544516667,-1.405670588,0.449347059,1.360976471,-0.43560625,1.071175,2.96483125
pote.txt_9675,5.020928571,4.882514815,4.882565385,0.880914286,-0.055933333,-0.554911538,0.710210714,169.3432321,34.68919643,-0.04172963,165.446337,31.16400741,-0.337592308,161.9171077,29.50005769,0.305431607,0.232139407,0.198502654,0.377110714,77.12107143,7135.571429,0.124740741,69.92074074,5562.851852,0.041403846,66.47038462,5518.076923,9442.578218,0.433875,7211.036163,0.201911111,6688.865,0.09445,1.2685,1.192292593,1.183096154,350.7329619,323.0743676,322.4040976,0.426575,0.353346429,0.364603571,0.203603704,0.096425926,0.105918519,0.152684615,0.108623077,0.156673077,3.390242857,-0.224814815,-2.036807692,7.633317857,4.88615,2.224910714,0.0506,0.435025926,-0.193651852,-4.2114,-0.689623077,0.405934615
pote.txt_1425,3.842935714,3.825961538,3.878866667,1.282335714,0.314561538,-0.66445,0.650542857,192.9881643,45.8816,0.094853846,184.8142231,41.34463846,-0.376516667,172.3567833,37.290325,0.245386,0.175377154,0.148692083,0.237528571,62.32285714,9900.428571,0.068576923,57.98538462,7842.461538,0.007041667,57.59083333,7767.75,13897.75352,0.504514286,10585.25199,0.248476923,8172.268975,0.218775,1.265535714,1.188392308,1.2028,400.8703919,391.2151512,379.3235648,0.474864286,0.400807143,0.357771429,0.131023077,0.3109,0.170176923,0.148041667,0.265933333,0.057208333,2.994164286,0.470676923,-1.736708333,10.54190714,3.512392857,2.2293,0.827461538,0.865330769,1.156661538,-5.43105,0.956675,0.135275
pote.txt_8935,4.3345775,3.981864103,3.9323,0.9344225,0.069025641,0.164965789,0.4478625,180.2947225,38.80416,0.077997436,176.4251231,36.62152051,0.099660526,174.5942342,36.45018947,0.450235475,0.401190154,0.375963816,0.6190575,69.94625,6278.79375,0.381582051,65.67230769,4782,0.367634211,66.64868421,4331.210526,8665.687413,0.5461725,6045.877113,0.290746154,6407.365703,0.255223684,0.8603375,0.802353846,0.788368421,357.2352856,325.6084009,303.9158399,0.4049175,0.3593675,0.469955,0.060971795,0.237425641,0.307946154,0.034831579,0.212136842,0.218176316,1.66655,-0.118174359,0.406802632,6.8136375,7.6493275,2.30228,-0.184041026,2.057866667,0.605338462,1.519828947,-0.002457895,-0.063336842
pote.txt_12135,3.852223077,3.903025,3.855463636,1.5932,0.078966667,-0.633418182,0.644338462,215.0645769,56.48996923,-0.052516667,192.4472667,47.25456667,-0.356790909,185.9776091,41.61814545,0.370644308,0.271522,0.273233545,0.238107692,55.23230769,9918.846154,0.03905,52.19416667,7259.166667,0,50.37454545,6556.454545,16059.35175,0.272269231,11301.99596,0.058416667,7936.085718,0.051936364,1.1724,1.107341667,1.153681818,367.8948478,317.9314876,286.9413527,0.526546154,0.396792308,0.320092308,0.232408333,0.231316667,-0.017658333,0.314245455,0.124472727,0.071009091,3.483892308,0.046941667,-2.187536364,12.91154615,4.590753846,2.1256,1.979816667,0.903325,0.292783333,-8.101236364,0.6988,0.644190909
pote.txt_11087,5.047026,4.815073469,4.815733333,1.075792,0.198481633,0.016827083,0.841116,186.284344,38.528656,0.26024898,179.9632714,35.40793673,0.255960417,180.5160438,35.15878125,0.4642059,0.386526367,0.346309021,1.83779,79.6472,7906.025,0.768028571,75.78469388,5529.163265,1.00315625,73.605,5886.989583,8303.118832,0.800938,5714.434514,0.518591837,5159.190933,0.516122917,0.971692,0.917116327,0.921729167,427.2564887,389.6375559,373.8748325,0.379826,0.353254,0.434762,-0.010291837,0.091512245,0.119238776,-0.036595833,0.079122917,0.085802083,3.032346,1.099636735,0.5109,7.802494,5.686748,4.95108,2.386391837,-0.147226531,-0.885808163,0.436195833,-0.6284,0.286629167
pote.txt_1679,5.088176667,4.730748276,4.684142857,1.177253333,-0.132044828,0.007007143,0.760576667,183.6214833,37.32222,0.135572414,175.8416138,30.75553448,0.077625,178.7545714,32.57540714,0.520432933,0.435824207,0.402616571,1.031396667,72.98,6879.275,0.50097931,66.0462069,5310.775862,0.280457143,65.51392857,5509.267857,8693.97408,0.451606667,6240.919845,0.144237931,4900.018229,0.146342857,1.000813333,0.975472414,0.972028571,345.0208144,307.2490462,308.9682269,0.424183333,0.35087,0.42863,0.197486207,0.180127586,0.098524138,0.264532143,0.229860714,0.252885714,3.051923333,-0.066431034,0.192160714,8.018476667,7.012663333,3.652496667,-0.375806897,1.07937931,-0.4449,-1.757282143,1.9354,0.516014286
pote.txt_12067,4.3211,4.1266625,4.330342857,1.841433333,-0.21775,-0.513571429,1.0507,202.8846,48.81233333,0.0174,190.6241,36.2674375,-0.0628,172.9653143,31.25042857,0.440095778,0.36956075,0.414867,0.188,68.85111111,10745.77778,0.0561,61.85125,10202.75,0.065528571,67.54142857,9833.857143,13529.71957,0.430988889,10852.68473,0.19625,9286.499886,0.185642857,1.216033333,1.1745875,1.110157143,360.8074418,357.1892479,356.2605967,0.385777778,0.347855556,0.3571,0.3319875,0.1708125,-0.01775,0.3188,0.233585714,0.015557143,4.944966667,-0.7240875,-1.350571429,11.40297778,5.492155556,4.171655556,-2.76835,0.16075,3.386325,-4.286228571,-0.6796,3.193742857
pote.txt_2287,4.88775,4.78448,4.668828571,1.65835625,-0.102346667,-0.610157143,0.955875,192.8591562,44.366875,-0.071146667,185.1271733,38.45617333,-0.376714286,178.9950857,34.50259286,0.4464315,0.322124067,0.246521786,0.40200625,76.285,10551.0625,0.179933333,68.72,7985.266667,0.132835714,66.98642857,7392.357143,12608.69989,0.60569375,8958.77044,0.2358,7505.600557,0.261578571,1.1586625,1.08554,1.107121429,368.4909302,312.0995149,313.5743146,0.42176875,0.3814625,0.4522,0.09842,0.132066667,0.104013333,-0.056785714,-0.016721429,-0.007128571,4.406025,-0.490186667,-2.160664286,11.54505,6.56925625,3.4730125,-0.36656,-1.156526667,0.843313333,-7.3851,-1.700557143,-0.348942857
pote.txt_3657,3.432442857,3.486383333,3.45404,3.290871429,-0.522333333,-1.8768,1.3084,185.6365857,48.56335714,-0.2245,147.3207333,39.7458,-0.7499,159.33776,43.31448,0.430121143,0.301578667,0.1783416,0.183485714,61.70571429,15998.71429,0.0845,57.96,16103,0.0169,47.502,16248.4,15998.67347,1.394957143,10747.4187,0.882716667,12335.52636,0.48804,1.259271429,1.1505,1.19628,419.6957759,417.104935,427.9957053,0.398285714,0.390614286,0.4711,-0.070533333,0.27105,0.020866667,-0.09432,0.31068,-0.17496,4.584685714,-1.429133333,-3.03594,14.302,5.079485714,5.586357143,-3.614116667,0.667016667,3.0317,-5.99582,-0.46966,1.27132
pote.txt_4013,3.7645,3.7627,3.7645,4.105,-3.5,4.105,1.35805,146.4356,68.08925,-0.868,133.9356,50.0292,1.35805,146.4356,68.08925,0.6813265,0.638986,0.6813265,0.21125,68.645,13848.5,0,54.6,13764,0.21125,68.645,13848.5,12618.96665,1.4321,7934.8146,0.1521,12618.96665,1.4321,0.93125,0.9312,0.93125,431.3349384,425.8313717,431.3349384,0.43825,0.3809,0.53125,0.2002,0.2241,-0.25,0.43825,0.3809,0.53125,5.2429,-5.0629,5.2429,14.004,4.5864,6.44725,-12.7872,-4.2336,3.5432,14.004,4.5864,6.44725
pote.txt_4507,4.23635,4.049211111,4.1511,2.00304,0.005333333,-0.95275,1.26214,205.79695,48.18112,0.247977778,194.1589889,35.82606667,-0.432375,175.32905,25.0506125,0.4207501,0.351861111,0.351835,0.12968,69.74,11947.3,0.035933333,62.50666667,11920.33333,0.0268125,62.22875,11862.25,15262.20134,0.37473,13532.15717,0.167155556,11884.74289,0.1651375,1.34748,1.347111111,1.2925,349.5387728,346.070693,340.7586713,0.39433,0.2933,0.28074,0.346222222,0.140988889,0.059911111,0.3206,0.04,-0.0035,5.96863,0.296588889,-3.581875,12.74021,4.81103,4.64049,-0.798077778,0.408544444,3.913311111,-9.2687125,-0.3270125,3.69735
pote.txt_12149,4.286323077,4.20715,4.281809091,2.214438462,-0.5677,-0.362218182,0.890638462,210.8650923,46.48349231,-0.036583333,184.0963667,39.45245,-0.263209091,169.7391273,36.29791818,0.472866538,0.425269667,0.347227273,0.242676923,63.21230769,10651.07692,0.128375,59.91666667,7931.833333,0.038409091,60.9,7714.818182,13781.03778,0.797307692,8531.351967,0.243475,4452.904491,0.347572727,1.151515385,1.080433333,0.9996,340.7005111,271.246986,254.604509,0.3528,0.392661538,0.3823,0.023558333,0.215983333,-0.134916667,0.117236364,0.1576,0.071772727,3.467369231,-0.413816667,-1.565563636,12.337,6.859176923,3.179661538,0.341341667,-1.949166667,1.016266667,-7.149572727,2.653945455,1.500872727
pote.txt_409,3.83974,3.428631579,3.304644444,1.02922,0.098505263,-0.24185,0.94654,187.44845,30.360465,0.258442105,185.3464895,25.23146316,0.136216667,190.5343278,25.11844444,0.49171395,0.427413737,0.4054105,1.10442,74.509,7124.4875,0.5436,69.53368421,4401.434211,0.515988889,65.86555556,4153.625,9683.587555,0.317075,7707.483247,0.150784211,7442.177078,0.107405556,0.99161,0.886526316,0.872505556,355.075397,317.2041576,308.2976288,0.38824,0.28518,0.433035,0.228942105,0.173142105,0.048594737,0.24835,0.144338889,0.043138889,3.572575,0.823389474,-0.1613,6.21738,5.442025,5.292715,0.360368421,-0.288115789,0.9421,-1.522833333,-1.231255556,-1.984877778
pote.txt_1825,4.806696,4.681645833,4.647708696,1.10424,-0.021020833,-0.420795652,0.914268,194.890396,39.661196,0.083941667,181.7797208,30.44235833,-0.277995652,184.414713,28.8645913,0.3114112,0.231416667,0.210419652,0.234008,71.4308,9964.84,0.091854167,66.325,7666.5,0.121026087,63.98608696,7650.608696,13393.90028,0.347792,9689.250788,0.180879167,9901.861078,0.097834783,1.37106,1.312658333,1.348582609,363.784742,323.2463902,304.1680679,0.422876,0.380832,0.2669,0.026566667,0.233675,-0.051529167,0.088943478,0.180791304,0.102743478,4.21056,0.0309625,-1.578695652,10.647656,4.467984,2.588316,0.3229375,-0.351904167,-0.0625625,-2.017243478,-2.200304348,1.1911
pote.txt_10477,7.5374,7.283333333,7.217307692,0.674285714,-0.24,-0.255384615,0.491385714,166.1156,38.13095714,0.016666667,164.4747111,19.8609,-0.004326923,165.0196,20.32966923,0.132031857,0.033817889,0.034853615,0.240285714,84.98285714,10103.14286,0.149511111,78.11555556,10016,0.142323077,76.96,10046.76923,11862.63254,0.226314286,10663.95229,0.167377778,10780.44028,0.161753846,1.331971429,1.318955556,1.312438462,538.2774416,538.3241055,537.7373056,0.7406,0.517471429,0.452428571,-0.111066667,0.508455556,0.378733333,-0.142476923,0.510746154,0.3699,2.589971429,-0.6544,-0.759323077,9.7811,2.968971429,1.183185714,-3.363288889,-0.2784,-0.087566667,-3.716034615,-0.405553846,-0.138323077
