#name,aliphatic_index,freq_A,freq_C,freq_D,freq_E,freq_F,freq_G,freq_H,freq_I,freq_K,freq_L,freq_M,freq_N,freq_P,freq_Q,freq_R,freq_S,freq_T,freq_V,freq_W,freq_Y,freq_S_p,freq_T_p,freq_Y_p,freq_C_m,freq_R_m,freq_R_d,freq_R_s,freq_K_a,aromaticity,average_number_rotatable_bonds,charge,charge_density,energy_based_on_logP,hydrophobic_aa_ratio,instability_index,isoelectric_point,length,n_C,n_H,n_N,n_O,n_S,n_P,molecular_weight,n_h_donors,n_h_acceptors,topological_polar_surface_area
pote.txt_11703,10.54054054,0,0,0.081081081,0.081081081,0.081081081,0.081081081,0.189189189,0,0.081081081,0.027027027,0,0.054054054,0.027027027,0,0.108108108,0.054054054,0,0,0,0.135135135,0,0,0,0,0,0,0,0,0.216216216,3.189189189,1.374082593,0.000288611,2.981081081,0.108108108,50.59216216,8.319122314,37,235,292,68,59,0,0,4761.02,107,146,3319.5
pote.txt_4689,0,0,0,0,0,0,0.181818182,0,0,0.363636364,0,0,0.181818182,0,0,0,0,0,0,0.272727273,0,0,0,0,0,0,0,0,0,0.272727273,3.363636364,3.75610561,0.00262362,2.590909091,0,12.73636364,10.4777832,11,54,101,17,14,0,0,1431.65,31,39,933.1
pote.txt_8139,105.6,0.12,0,0,0,0.08,0.12,0.16,0.16,0.08,0.08,0,0,0.04,0,0.12,0,0,0,0.04,0,0,0,0,0,0,0,0,0,0.12,2.84,5.106770366,0.001741469,2.656,0.44,81.176,12.3074646,25,146,216,44,26,0,0,2932.45,63,84,1945.2
pote.txt_803,113.8888889,0.055555556,0,0,0,0.055555556,0.055555556,0,0,0.388888889,0.277777778,0,0,0,0,0.055555556,0.055555556,0,0,0,0.055555556,0,0,0,0,0,0,0,0,0.111111111,3.611111111,7.752099606,0.003584363,2.544444444,0.388888889,5.055555556,10.81562805,18,104,184,28,21,0,0,2162.755,47,64,1426.7
pote.txt_9839,166.4705882,0.117647059,0,0,0,0,0.235294118,0,0.058823529,0.117647059,0.294117647,0,0.058823529,0,0,0,0.058823529,0,0.058823529,0,0,0,0,0,0,0,0,0,0,0,2.411764706,1.758103612,0.001082589,2.517647059,0.529411765,-10.56470588,10.00268555,17,74,134,20,20,0,0,1623.98,38,55,1191.1
pote.txt_133,97.93103448,0.310344828,0,0,0,0,0.068965517,0,0.034482759,0.206896552,0.034482759,0,0.034482759,0,0,0,0.068965517,0.068965517,0.137931034,0.034482759,0,0,0,0,0,0,0,0,0,0.034482759,2.379310345,5.754107608,0.00202583,2.768965517,0.517241379,-0.065517241,10.6993103,29,123,224,36,35,0,0,2840.37,70,98,2131.4
pote.txt_4497,58,0,0.3,0,0,0,0.1,0,0,0.1,0,0,0.1,0,0,0.2,0,0,0.2,0,0,0,0,0,0,0,0,0,0,0,2.9,2.729379643,0.002399613,3.01,0.5,10.54,9.220504761,10,43,80,18,12,3,0,1137.425,29,37,834.1
pote.txt_11441,68,0,0,0,0.3,0,0,0,0.1,0.1,0,0,0,0.1,0,0,0,0.1,0.1,0,0.2,0,0,0,0,0,0,0,0,0.2,3.1,-2.234464003,-0.001758873,2.81,0.2,56.41,4.252593994,10,59,87,11,20,0,0,1270.395,27,40,819
pote.txt_359,26.21621622,0,0.162162162,0,0.054054054,0.027027027,0.027027027,0.027027027,0,0.108108108,0.027027027,0.027027027,0.081081081,0,0.027027027,0.081081081,0.135135135,0.108108108,0.054054054,0.027027027,0.027027027,0,0,0,0,0,0,0,0,0.081081081,2.972972973,4.788465781,0.001108449,2.883783784,0.297297297,59.45945946,9.125602722,37,174,286,56,56,7,0,4319.97,108,144,3165.2
pote.txt_4837,48.75,0.125,0,0,0,0,0,0,0,0.5,0,0,0,0,0,0,0,0,0.125,0.25,0,0,0,0,0,0,0,0,0,0.25,3.625,3.75610561,0.003499472,2.4375,0.25,-5.4625,10.4777832,8,44,86,12,9,0,0,1073.335,22,28,642
pote.txt_4847,212.7272727,0.090909091,0,0,0,0,0,0,0.090909091,0,0.363636364,0.090909091,0,0,0,0.272727273,0,0,0.090909091,0,0,0,0,0,0,0,0,0,0,0,3.363636364,2.760071614,0.002038834,2.5,0.727272727,37.81818182,12.30105591,11,61,116,20,12,1,0,1353.75,28,37,915.7
pote.txt_9417,97.56756757,0.108108108,0.054054054,0.027027027,0,0.081081081,0.135135135,0,0.054054054,0.135135135,0.108108108,0,0.027027027,0,0.027027027,0.054054054,0.108108108,0,0.081081081,0,0,0,0,0,0,0,0,0,0,0.081081081,2.675675676,5.73640539,0.001482046,2.672972973,0.486486486,21.98378378,10.20776367,37,173,290,50,46,2,0,3870.6,92,128,2807.8
pote.txt_12081,86.66666667,0,0,0,0,0,0,0.111111111,0,0.555555556,0.222222222,0,0,0,0.111111111,0,0,0,0,0,0,0,0,0,0,0,0,0,0,0,4.222222222,4.842280797,0.004208995,2.7,0.222222222,43.12222222,10.60253906,9,56,99,17,11,0,0,1150.46,25,34,771.1
pote.txt_9371,62.85714286,0.071428571,0,0,0,0,0.142857143,0,0,0.071428571,0.142857143,0.071428571,0.071428571,0.071428571,0,0.071428571,0,0.142857143,0,0,0.142857143,0,0,0,0,0,0,0,0,0.142857143,2.642857143,1.757094611,0.001108685,2.7,0.285714286,3.3,9.699768066,14,71,113,19,20,1,0,1584.845,36,50,1112.1
pote.txt_6249,136.6666667,0.066666667,0,0,0,0.066666667,0.133333333,0,0.066666667,0.2,0.266666667,0,0.066666667,0,0,0,0,0.066666667,0,0.066666667,0,0,0,0,0,0,0,0,0,0.133333333,2.933333333,2.757104611,0.001619835,2.333333333,0.466666667,0.58,10.30207825,15,78,137,19,18,0,0,1702.09,36,50,1106.3
pote.txt_3887,0,0,0,0,0,0,0,0,0,0,0,0,0,0,0,0.428571429,0,0,0,0.571428571,0,0,0,0,0,0,0,0,0,0.571428571,3.857142857,2.760071614,0.002241428,2.428571429,0,172.2285714,12.30105591,7,42,82,16,8,0,0,1231.39,24,24,700.4
pote.txt_11671,48.88888889,0.083333333,0.055555556,0.027777778,0,0.083333333,0.138888889,0,0.027777778,0.138888889,0.055555556,0,0.166666667,0,0.111111111,0.027777778,0.027777778,0,0.027777778,0,0.027777778,0,0,0,0,0,0,0,0,0.111111111,2.888888889,4.735416389,0.001195071,2.825,0.333333333,12.00833333,9.78730011,36,171,270,54,51,2,0,3962.455,94,130,2980.8
pote.txt_7917,126.25,0.125,0.083333333,0,0,0.083333333,0.041666667,0,0.041666667,0.166666667,0.25,0.041666667,0.041666667,0.083333333,0,0,0,0.041666667,0,0,0,0,0,0,0,0,0,0,0,0.083333333,2.75,3.73630363,0.001418299,2.3375,0.625,15.41666667,9.701263428,24,124,209,29,27,3,0,2634.355,56,81,1685.5
pote.txt_6303,156,0,0,0,0.133333333,0,0,0.066666667,0.133333333,0.066666667,0.266666667,0,0.066666667,0,0.066666667,0.133333333,0.066666667,0,0,0,0,0,0,0,0,0,0,0,0,0,3.533333333,0.851877726,0.000457468,2.733333333,0.4,55.03333333,8.752563477,15,85,144,26,23,0,0,1862.16,41,56,1314.7
pote.txt_11001,88,0.175,0,0.025,0.025,0.025,0.125,0.025,0.075,0.125,0.05,0,0.025,0,0.1,0.05,0,0.075,0.075,0.025,0,0,0,0,0,0,0,0,0,0.05,2.725,4.846192021,0.001137103,2.805,0.4,17.1,10.56504822,40,187,316,58,53,0,0,4261.875,101,140,3185.7
pote.txt_4949,8.333333333,0.083333333,0,0,0,0.083333333,0.083333333,0.25,0,0.083333333,0,0,0,0,0.166666667,0.166666667,0,0,0,0,0.083333333,0,0,0,0,0,0,0,0,0.166666667,3.333333333,3.019606177,0.001929837,3.1,0.166666667,46.43333333,11.0005188,12,78,101,27,16,0,0,1564.695,35,45,1106.8
pote.txt_7485,0,0,0,0,0,0,0.25,0,0,0,0,0,0,0.0625,0,0.4375,0,0,0,0.1875,0.0625,0,0,0,0,0,0,0,0,0.25,3.25,6.759032614,0.003131451,3.14375,0,162.5375,12.39916229,16,82,147,37,18,0,0,2158.435,50,56,1519.4
pote.txt_4097,118.8888889,0,0,0,0.111111111,0,0,0.111111111,0.111111111,0,0.111111111,0,0,0,0.111111111,0.222222222,0.111111111,0,0.111111111,0,0,0,0,0,0,0,0,0,0,0,3.444444444,0.850066265,0.000747456,3,0.333333333,69.67777778,9.604492188,9,51,84,18,14,0,0,1137.28,26,34,828.5
pote.txt_6951,195,0,0,0,0,0.055555556,0.055555556,0,0,0.277777778,0.5,0,0,0.055555556,0,0,0,0,0,0,0.055555556,0,0,0,0,0,0,0,0,0.111111111,3.333333333,4.754107608,0.002219673,2.111111111,0.555555556,-21.22222222,10.30154419,18,109,189,23,20,0,0,2141.805,42,60,1275.7
pote.txt_4901,89.16666667,0,0.083333333,0,0.083333333,0,0,0.083333333,0.083333333,0,0.083333333,0,0,0,0.083333333,0.25,0.166666667,0,0.083333333,0,0,0,0,0,0,0,0,0,0,0,3.333333333,1.840155275,0.00124026,3.066666667,0.333333333,118.5416667,10.26074219,12,63,106,24,18,1,0,1483.685,36,46,1104.4
pote.txt_9627,118.2608696,0,0,0.043478261,0,0.043478261,0,0,0.086956522,0.086956522,0.086956522,0,0,0.086956522,0.043478261,0.173913043,0,0.043478261,0.173913043,0.130434783,0,0,0,0,0,0,0,0,0,0.173913043,3.173913043,4.759184374,0.001590318,2.47826087,0.391304348,25.94782609,12.00844574,23,130,230,38,28,0,0,2992.6,62,79,1886.8
pote.txt_5661,90.76923077,0.307692308,0,0,0,0,0,0,0.076923077,0.076923077,0.076923077,0,0,0.230769231,0,0.153846154,0,0,0,0.076923077,0,0,0,0,0,0,0,0,0,0.076923077,2.384615385,2.759082613,0.00190713,2.707692308,0.461538462,139.9692308,12.00839233,13,63,112,20,14,0,0,1446.72,32,42,952.1
pote.txt_7237,35.78947368,0,0,0,0,0,0.052631579,0.052631579,0.052631579,0.052631579,0,0,0,0.315789474,0,0.210526316,0.052631579,0.105263158,0.052631579,0,0.052631579,0,0,0,0,0,0,0,0,0.052631579,2.578947368,4.845237801,0.002189879,2.968421053,0.105263158,13.55789474,12.00844574,19,102,162,34,24,0,0,2212.56,52,67,1513.4
pote.txt_1211,125.2380952,0.047619048,0.095238095,0,0,0.047619048,0.238095238,0,0.095238095,0.095238095,0.142857143,0,0,0,0,0,0.095238095,0.047619048,0.095238095,0,0,0,0,0,0,0,0,0,0,0.047619048,2.285714286,1.738301632,0.000859065,2.528571429,0.523809524,-8.676190476,8.903701782,21,90,155,23,25,2,0,2023.48,49,70,1444.2
pote.txt_2589,137.5,0,0,0,0,0,0,0,0.166666667,0,0,0,0,0,0,0.5,0,0,0.25,0.083333333,0,0,0,0,0,0,0,0,0,0.083333333,3.75,5.760041615,0.003459391,3.05,0.416666667,145.2916667,12.69892883,12,69,134,30,13,0,0,1665.045,37,42,1163.6
pote.txt_8955,78.25,0.15,0.15,0.05,0,0.025,0.125,0.05,0.025,0.025,0.1,0,0.025,0.025,0,0.125,0.025,0.025,0.05,0.025,0,0,0,0,0,0,0,0,0,0.05,2.45,3.876236571,0.000910134,2.795,0.5,70.13,8.983009338,40,179,291,61,48,6,0,4258.975,105,141,3105.4
pote.txt_4713,150.9090909,0.090909091,0,0,0,0,0,0,0.090909091,0.181818182,0.272727273,0,0,0,0,0,0,0.090909091,0,0.272727273,0,0,0,0,0,0,0,0,0,0.272727273,3.090909091,1.758103612,0.001206014,1.945454545,0.454545455,34.11818182,10.00268555,11,61,115,13,13,0,0,1457.78,28,36,816
pote.txt_7623,139.5238095,0.095238095,0,0,0,0.095238095,0.142857143,0.142857143,0.238095238,0.047619048,0.095238095,0,0,0,0,0.095238095,0.047619048,0,0,0,0,0,0,0,0,0,0,0,0,0.095238095,2.761904762,3.020605178,0.001281661,2.580952381,0.523809524,44.03333333,12.00839233,21,120,178,34,23,0,0,2356.79,51,70,1591.1
pote.txt_11425,11.14285714,0,0.114285714,0.057142857,0.142857143,0,0,0.028571429,0,0.028571429,0.028571429,0,0,0.057142857,0.285714286,0.228571429,0,0,0,0,0.028571429,0,0,0,0,0,0,0,0,0.028571429,3.714285714,1.821887673,0.000398406,3.248571429,0.142857143,109.1771429,8.533866882,35,183,296,72,61,4,0,4572.94,110,144,3475
pote.txt_4183,130,0.111111111,0,0,0,0,0.111111111,0,0,0.222222222,0.222222222,0,0,0.111111111,0,0.111111111,0,0,0.111111111,0,0,0,0,0,0,0,0,0,0,0,2.888888889,2.758093612,0.002810825,2.688888889,0.444444444,57.07777778,11.16629028,9,45,84,14,10,0,0,981.24,22,30,672.4
pote.txt_7529,166,0.15,0,0.05,0,0.05,0,0.05,0.2,0.05,0.15,0,0,0.1,0.05,0,0.05,0,0.05,0,0.05,0,0,0,0,0,0,0,0,0.1,2.55,-0.153601439,-6.91E-05,2.33,0.6,12.48,6.742797852,20,111,172,24,26,0,0,2222.635,46,67,1413.7
pote.txt_4161,55.71428571,0,0,0.142857143,0.285714286,0.142857143,0,0,0,0.142857143,0.142857143,0,0,0,0,0.142857143,0,0,0,0,0,0,0,0,0,0,0,0,0,0.142857143,3.857142857,-1.234165702,-0.001318525,2.914285714,0.285714286,82.65714286,4.679092407,7,41,65,11,14,0,0,936.02,20,29,646.9
pote.txt_7555,39,0,0,0,0,0.05,0.05,0,0,0,0.1,0,0,0.5,0,0.3,0,0,0,0,0,0,0,0,0,0,0,0,0,0.05,2.5,5.760041615,0.002443994,2.895,0.15,83.18,12.69892883,20,109,178,38,21,0,0,2356.815,52,66,1514.2
pote.txt_3805,0,0,0,0,0,0,0,0,0,0,0,0,0,0,0,0.571428571,0,0,0,0.428571429,0,0,0,0,0,0,0,0,0,0.428571429,4.142857143,3.760061615,0.003129811,2.871428571,0,335.8857143,12.4770813,7,42,83,19,8,0,0,1201.37,25,25,749.3
pote.txt_2345,130,0.222222222,0,0,0,0,0.111111111,0,0.111111111,0,0,0,0,0.111111111,0.111111111,0,0.111111111,0,0.222222222,0,0,0,0,0,0,0,0,0,0,0,1.888888889,-0.239898386,-0.000285267,2.688888889,0.555555556,20.85555556,5.5234375,9,37,64,10,12,0,0,840.96,20,29,618.7
pote.txt_9555,134.7619048,0.095238095,0,0,0,0.047619048,0.095238095,0.047619048,0.19047619,0.19047619,0.095238095,0.047619048,0,0.095238095,0,0,0,0,0.047619048,0,0.047619048,0,0,0,0,0,0,0,0,0.095238095,2.80952381,3.842280797,0.00164344,2.4,0.523809524,-1.304761905,10.17689514,21,117,189,27,23,1,0,2337.95,48,70,1479.6
pote.txt_8153,121.6,0.28,0,0,0.04,0.04,0.2,0.04,0.04,0.08,0.2,0,0.04,0,0,0,0.04,0,0,0,0,0,0,0,0,0,0,0,0,0.04,2.2,0.848088262,0.000360781,2.684,0.56,-2.816,8.598754883,25,109,176,30,30,0,0,2350.7,56,82,1763.9
pote.txt_3945,156,0,0,0,0,0,0.2,0,0,0.2,0.4,0,0,0,0,0.2,0,0,0,0,0,0,0,0,0,0,0,0,0,0,3.4,1.759092613,0.003003197,2.68,0.4,12.56,11.00073242,5,26,51,9,6,0,0,585.74,13,17,407.2
pote.txt_11219,22.76595745,0.042553191,0.170212766,0,0.042553191,0.085106383,0.106382979,0.063829787,0,0.021276596,0,0,0.085106383,0,0.021276596,0.14893617,0.085106383,0.063829787,0.063829787,0,0,0,0,0,0,0,0,0,0,0.085106383,2.723404255,5.946968182,0.001125473,3.023404255,0.361702128,62.28085106,9.193321228,47,221,334,80,64,8,0,5283.97,134,176,3979.1
pote.txt_1293,94.84848485,0.121212121,0.060606061,0.03030303,0.03030303,0.060606061,0.03030303,0.03030303,0.03030303,0.121212121,0.181818182,0,0.060606061,0,0.03030303,0,0.121212121,0.090909091,0,0,0,0,0,0,0,0,0,0,0,0.060606061,2.727272727,1.827409041,0.000514172,2.624242424,0.454545455,24.64545455,8.822097778,33,159,258,42,48,2,0,3554.08,85,120,2569.2
pote.txt_2869,41.05263158,0,0,0,0,0,0.210526316,0.105263158,0,0.368421053,0.105263158,0,0.157894737,0,0,0,0,0,0,0.052631579,0,0,0,0,0,0,0,0,0,0.052631579,3.315789474,6.927456984,0.003188615,2.868421053,0.105263158,15.19473684,10.77845764,19,98,163,33,23,0,0,2172.56,51,69,1586
pote.txt_2785,51.76470588,0.058823529,0,0,0.058823529,0.058823529,0.058823529,0,0,0.294117647,0.117647059,0,0.058823529,0,0.058823529,0.058823529,0.117647059,0,0,0.058823529,0,0,0,0,0,0,0,0,0,0.117647059,3.470588235,4.757907071,0.002322754,2.788235294,0.235294118,36.01176471,10.58277893,17,88,155,27,24,0,0,2048.39,47,63,1450.3
pote.txt_2951,0,0,0,0,0.055555556,0.055555556,0.055555556,0.333333333,0,0.222222222,0,0,0,0,0,0.166666667,0.055555556,0,0,0,0.055555556,0,0,0,0,0,0,0,0,0.111111111,3.666666667,6.280932201,0.002610881,3.2,0.055555556,45.88888889,11.12228394,18,124,161,43,23,0,0,2405.675,55,71,1688
pote.txt_10641,122.5,0.25,0,0,0,0.083333333,0,0,0,0.333333333,0.25,0,0,0,0,0,0,0,0,0.083333333,0,0,0,0,0,0,0,0,0,0.166666667,3.166666667,3.75610561,0.002651147,2.341666667,0.583333333,-4.85,10.4777832,12,66,118,16,13,0,0,1416.785,29,40,879.4
pote.txt_6751,11.11111111,0.111111111,0,0.111111111,0.055555556,0,0.166666667,0,0,0.055555556,0,0,0.111111111,0.166666667,0,0,0.111111111,0.055555556,0,0,0.055555556,0,0,0,0,0,0,0,0,0.055555556,2.111111111,-2.236844404,-0.001258935,2.977777778,0.111111111,13.28333333,4.028076172,18,73,109,21,31,0,0,1776.775,46,67,1403.1
pote.txt_10935,156.9565217,0.043478261,0,0,0,0,0.260869565,0,0.086956522,0,0.304347826,0,0.130434783,0,0,0,0.173913043,0,0,0,0,0,0,0,0,0,0,0,0,0,2.217391304,-0.239898386,-0.00011208,2.552173913,0.434782609,15.92173913,5.5234375,23,93,162,26,31,0,0,2140.43,53,76,1665.2
pote.txt_4001,133.75,0.125,0,0,0,0.125,0,0,0,0,0.125,0,0,0.125,0,0.125,0,0,0.25,0,0.125,0,0,0,0,0,0,0,0,0.25,2.5,0.759092613,0.000787306,2.45,0.625,32.825,8.747436523,8,48,73,11,10,0,0,964.165,19,26,577.4
pote.txt_2385,62.5,0.111111111,0,0.027777778,0.111111111,0,0.027777778,0.027777778,0,0.027777778,0.111111111,0,0.027777778,0.111111111,0.027777778,0.111111111,0.083333333,0.027777778,0.027777778,0,0.138888889,0,0,0,0,0,0,0,0,0.138888889,2.777777778,-0.146395594,-3.45E-05,2.897222222,0.25,92.99166667,6.770996094,36,193,287,53,58,0,0,4241.615,98,135,2992.9
pote.txt_7057,167.7777778,0.111111111,0,0,0,0,0.055555556,0,0.055555556,0.222222222,0.222222222,0.055555556,0,0.055555556,0,0,0.055555556,0,0.166666667,0,0,0,0,0,0,0,0,0,0,0,2.833333333,3.75610561,0.001968109,2.405555556,0.611111111,6.533333333,10.4777832,18,90,166,22,20,1,0,1908.485,41,60,1275
pote.txt_6141,26,0,0,0,0,0.133333333,0.066666667,0,0.066666667,0.066666667,0,0,0,0.4,0,0.266666667,0,0,0,0,0,0,0,0,0,0,0,0,0,0.133333333,2.733333333,4.759062614,0.002617487,2.846666667,0.2,58.45333333,12.47900391,15,86,136,28,16,0,0,1818.18,39,50,1150.3
pote.txt_5873,150,0.076923077,0,0,0,0.076923077,0.076923077,0.076923077,0.076923077,0.153846154,0.230769231,0,0.076923077,0,0,0,0,0.076923077,0.076923077,0,0,0,0,0,0,0,0,0,0,0.076923077,2.846153846,1.8452778,0.001269305,2.438461538,0.538461538,3.007692308,10.00279236,13,72,116,18,16,0,0,1453.77,31,44,966.6
pote.txt_4807,177.2727273,0,0,0,0,0.090909091,0,0,0.090909091,0.090909091,0.363636364,0,0,0,0,0.090909091,0.181818182,0.090909091,0,0,0,0,0,0,0,0,0,0,0,0.090909091,3.090909091,1.759092613,0.001363025,2.318181818,0.545454545,1.372727273,11.00073242,11,61,107,15,15,0,0,1290.58,28,38,847.9
pote.txt_919,130,0.047619048,0,0,0,0.142857143,0.19047619,0.142857143,0.19047619,0.095238095,0.095238095,0.047619048,0,0,0,0,0,0,0.047619048,0,0,0,0,0,0,0,0,0,0,0.142857143,2.714285714,2.019626177,0.000864622,2.376190476,0.571428571,34.78095238,10.00289917,21,123,175,29,22,1,0,2335.85,47,69,1492.7
pote.txt_5315,172.3076923,0,0,0,0,0.153846154,0.153846154,0,0.076923077,0.076923077,0.307692308,0,0,0.076923077,0,0,0.076923077,0,0.076923077,0,0,0,0,0,0,0,0,0,0,0.153846154,2.538461538,0.759102613,0.000540768,2.153846154,0.615384615,-2.076923077,8.75,13,71,114,14,15,0,0,1403.75,28,41,855.2
pote.txt_753,43.61702128,0.021276596,0.170212766,0.021276596,0.021276596,0.063829787,0.063829787,0.021276596,0.042553191,0.14893617,0.063829787,0.021276596,0,0.063829787,0.063829787,0.042553191,0.085106383,0.063829787,0,0,0.021276596,0,0,0,0,0,0,0,0,0.085106383,2.872340426,6.763987097,0.001274937,2.685106383,0.382978723,55.90425532,9.202613831,47,230,369,65,63,9,0,5305.35,127,175,3672.4
pote.txt_10801,37.77777778,0,0.222222222,0,0.055555556,0,0.055555556,0,0,0.055555556,0.055555556,0,0,0,0.055555556,0.277777778,0,0.055555556,0.055555556,0,0.111111111,0,0,0,0,0,0,0,0,0.111111111,3.333333333,4.720261113,0.002057893,3.072222222,0.333333333,65.18888889,9.578643799,18,93,157,35,25,4,0,2293.735,56,70,1634.2
pote.txt_4907,124.5454545,0.181818182,0,0,0,0.090909091,0,0,0.181818182,0,0.090909091,0,0,0,0,0.363636364,0,0,0,0,0.090909091,0,0,0,0,0,0,0,0,0.181818182,3.363636364,3.759062614,0.002620067,2.863636364,0.545454545,21.88181818,12.00428009,11,66,111,23,13,0,0,1434.72,31,38,975.4
pote.txt_11571,148.9473684,0.052631579,0,0,0,0.052631579,0.052631579,0,0.157894737,0.315789474,0.210526316,0,0,0,0,0.052631579,0.052631579,0,0,0,0.052631579,0,0,0,0,0,0,0,0,0.105263158,3.473684211,6.753098607,0.00298692,2.442105263,0.473684211,15.4,10.75191498,19,110,194,28,22,0,0,2260.89,48,66,1464
pote.txt_7269,25.78947368,0.105263158,0,0.052631579,0,0,0.210526316,0,0,0.210526316,0,0,0,0,0.052631579,0.157894737,0.105263158,0.052631579,0.052631579,0,0,0,0,0,0,0,0,0,0,0,2.947368421,5.757196371,0.002897082,3.194736842,0.157894737,43.8,11.74435425,19,80,147,33,26,0,0,1987.24,53,70,1642.1
pote.txt_10437,195,0,0,0,0,0,0,0,0,0,0.5,0,0,0,0,0.5,0,0,0,0,0,0,0,0,0,0,0,0,0,0,4,6.760031615,0.003551565,2.85,0.5,105.5857143,12.77818298,14,84,163,35,15,0,0,1903.395,42,49,1339.1
pote.txt_11623,15.26315789,0,0.210526316,0,0,0,0.210526316,0,0,0,0,0,0,0.052631579,0,0.263157895,0,0,0.052631579,0.157894737,0.052631579,0,0,0,0,0,0,0,0,0.210526316,2.736842105,4.719448653,0.002001649,2.852631579,0.263157895,87.55789474,9.880706787,19,87,152,34,21,4,0,2357.78,56,67,1583.9
pote.txt_7111,146.1111111,0,0,0.055555556,0,0,0.055555556,0.055555556,0.055555556,0.111111111,0.277777778,0,0.055555556,0,0.055555556,0.111111111,0,0,0.055555556,0.111111111,0,0,0,0,0,0,0,0,0,0.111111111,3.333333333,2.846378562,0.001243658,2.433333333,0.388888889,56.56111111,11.00030518,18,101,176,30,23,0,0,2288.715,48,63,1504.2
pote.txt_1481,120.4761905,0,0.095238095,0,0,0.047619048,0.285714286,0,0.095238095,0.142857143,0.142857143,0.047619048,0,0,0,0,0.047619048,0,0.095238095,0,0,0,0,0,0,0,0,0,0,0.047619048,2.523809524,2.737302631,0.0013156,2.485714286,0.523809524,-5.561904762,9.390174866,21,93,162,24,23,3,0,2080.65,48,70,1454.9
pote.txt_10431,195,0,0,0,0,0,0,0,0,0.5,0.5,0,0,0,0,0,0,0,0,0,0,0,0,0,0,0,0,0,0,0,4,9.750111604,0.004010221,2.25,0.5,-71.155,10.95437622,20,120,232,30,21,0,0,2431.315,50,70,1526
pote.txt_4709,44.54545455,0.090909091,0,0,0,0.181818182,0,0,0,0.545454545,0.090909091,0,0,0,0,0.090909091,0,0,0,0,0,0,0,0,0,0,0,0,0,0.181818182,4.090909091,6.754097608,0.004750285,2.7,0.363636364,9.627272727,11.43353271,11,69,120,20,12,0,0,1421.83,30,40,917
pote.txt_3847,0,0,0,0,0,0,0,0,0,0,0,0,0,0,0,0.285714286,0,0,0,0.714285714,0,0,0,0,0,0,0,0,0,0.714285714,3.571428571,1.760081614,0.001395329,1.985714286,0,90.4,12.00006104,7,42,81,13,8,0,0,1261.41,23,23,651.5
pote.txt_1121,94.375,0.03125,0.1875,0,0.03125,0.0625,0.125,0.03125,0.0625,0,0.125,0,0,0,0,0.25,0,0,0.0625,0,0.03125,0,0,0,0,0,0,0,0,0.09375,2.96875,6.789601324,0.001793044,2.83125,0.53125,28.009375,9.984100342,32,164,270,58,36,6,0,3786.635,89,114,2635.9
pote.txt_589,126.25,0.166666667,0,0.041666667,0.041666667,0,0.041666667,0,0.083333333,0.125,0.166666667,0,0.166666667,0,0.083333333,0,0,0,0.041666667,0.041666667,0,0,0,0,0,0,0,0,0,0.041666667,2.916666667,0.761035834,0.000285563,2.6375,0.458333333,22.14166667,8.497924805,24,114,199,33,35,0,0,2665.035,60,85,1944.6
pote.txt_8865,31.62162162,0.027027027,0.162162162,0,0.027027027,0.054054054,0.135135135,0.027027027,0.027027027,0.027027027,0.027027027,0,0.108108108,0.054054054,0.054054054,0.027027027,0.135135135,0.027027027,0.027027027,0,0.054054054,0,0,0,0,0,0,0,0,0.108108108,2.405405405,0.787673321,0.000200254,2.821621622,0.324324324,50.4,7.781005859,37,165,243,49,54,6,0,3933.37,99,136,2895.8
pote.txt_7995,73.33333333,0.125,0,0.041666667,0.041666667,0.125,0.125,0,0.041666667,0.166666667,0.083333333,0,0.041666667,0,0,0,0.083333333,0.083333333,0.041666667,0,0,0,0,0,0,0,0,0,0,0.125,2.666666667,1.760036833,0.000695696,2.666666667,0.416666667,-18.32083333,9.52822876,24,116,185,29,34,0,0,2529.895,59,85,1822.5
pote.txt_5189,73.33333333,0.166666667,0.083333333,0,0,0.083333333,0,0,0,0.333333333,0.083333333,0.083333333,0,0,0,0.083333333,0,0,0.083333333,0,0,0,0,0,0,0,0,0,0,0.083333333,3.416666667,4.74619462,0.003335684,2.658333333,0.583333333,-4.983333333,10.47938538,12,64,115,19,13,2,0,1422.855,31,43,954.6
pote.txt_12027,156,0,0,0,0,0,0,0,0.1,0.5,0.3,0,0,0,0,0,0,0,0,0,0.1,0,0,0,0,0,0,0,0,0.1,4,4.754107608,0.003729633,2.35,0.4,-5.7,10.30154419,10,63,115,15,12,0,0,1274.685,26,36,783.3
pote.txt_8743,83.23529412,0.058823529,0,0.088235294,0.117647059,0.058823529,0.058823529,0,0,0.264705882,0.176470588,0,0,0,0.029411765,0,0.029411765,0.058823529,0.029411765,0,0.029411765,0,0,0,0,0,0,0,0,0.088235294,3.323529412,1.764715735,0.000447606,2.682352941,0.323529412,8.659117647,9.058685303,34,180,298,44,54,0,0,3942.565,89,130,2774
pote.txt_5383,112.3076923,0,0,0,0,0.230769231,0,0,0.076923077,0.076923077,0.153846154,0,0,0.076923077,0,0.076923077,0.076923077,0,0.076923077,0.153846154,0,0,0,0,0,0,0,0,0,0.384615385,3,1.759092613,0.001011496,2.038461538,0.538461538,54.86153846,11.00073242,13,82,129,17,15,0,0,1739.1,32,42,951.5
pote.txt_1315,74.70588235,0.176470588,0.117647059,0,0,0.176470588,0,0.058823529,0.058823529,0.117647059,0,0,0.058823529,0.058823529,0,0.058823529,0,0,0.117647059,0,0,0,0,0,0,0,0,0,0,0.176470588,2.647058824,2.82546582,0.00144794,2.594117647,0.647058824,24.95882353,9.504089355,17,94,139,25,19,2,0,1951.37,42,58,1252.2
pote.txt_6513,0,0,0,0,0,0,0,0,0,0.25,0,0,0,0,0,0.1875,0,0,0,0.5625,0,0,0,0,0,0,0,0,0,0.5625,3.875,6.75607561,0.002525527,2.15625,0,116.775,12.31365967,16,96,185,29,17,0,0,2675.115,51,55,1453.1
pote.txt_5547,22.30769231,0,0,0,0,0.076923077,0.076923077,0,0,0.153846154,0,0,0,0.076923077,0,0.076923077,0,0.076923077,0.076923077,0.384615385,0,0,0,0,0,0,0,0,0,0.461538462,3,2.758093612,0.001480331,2.161538462,0.153846154,58.3,11.16629028,13,73,128,18,15,0,0,1863.16,36,43,1024.9
pote.txt_11753,97.5,0,0,0,0,0,0.166666667,0.083333333,0.083333333,0.166666667,0.166666667,0.083333333,0,0,0,0.083333333,0.083333333,0,0,0.083333333,0,0,0,0,0,0,0,0,0,0.083333333,3.166666667,2.845267801,0.00199565,2.55,0.333333333,38.23333333,11.16629028,12,63,109,19,14,1,0,1425.735,31,42,966.4
pote.txt_7693,70,0.19047619,0,0,0,0.095238095,0.047619048,0.047619048,0,0.095238095,0.095238095,0,0,0,0.19047619,0,0.047619048,0.095238095,0.047619048,0,0.047619048,0,0,0,0,0,0,0,0,0.142857143,2.714285714,1.844278799,0.000788959,2.680952381,0.428571429,20.56190476,9.703186035,21,110,165,29,30,0,0,2337.61,53,74,1662
pote.txt_1225,42.70833333,0.041666667,0.125,0.041666667,0,0.083333333,0.125,0,0.083333333,0,0,0.125,0,0.083333333,0.020833333,0.145833333,0.020833333,0.041666667,0.020833333,0,0.041666667,0,0,0,0,0,0,0,0,0.125,2.729166667,4.700869194,0.000853978,2.672916667,0.479166667,57.04583333,9.214416504,48,235,370,70,59,12,0,5504.675,124,173,3812.7
pote.txt_2529,79.04761905,0.095238095,0.19047619,0.095238095,0,0.095238095,0.19047619,0,0.095238095,0,0.047619048,0,0,0,0,0,0.047619048,0,0.047619048,0.047619048,0.047619048,0,0,0,0,0,0,0,0,0.19047619,2.142857143,-2.278259825,-0.001035319,2.433333333,0.571428571,38.94761905,3.563659668,21,93,139,21,28,4,0,2200.54,51,73,1465.1
pote.txt_6717,45.88235294,0,0,0,0,0,0,0,0.058823529,0,0.058823529,0,0,0.411764706,0,0.470588235,0,0,0,0,0,0,0,0,0,0,0,0,0,0,3.117647059,7.760021615,0.003570108,3.194117647,0.117647059,100.2352941,12.8451004,17,95,169,41,18,0,0,2173.61,50,59,1495.7
pote.txt_2361,98,0.2,0.2,0,0,0,0,0,0,0,0.2,0,0,0,0,0,0.2,0.2,0,0,0,0,0,0,0,0,0,0,0,0,2,-0.249799376,-0.000506107,2.6,0.6,95.88,5.516601563,5,19,35,5,8,1,0,493.57,13,18,358.1
pote.txt_251,29.6969697,0.060606061,0.121212121,0.03030303,0.03030303,0.060606061,0,0.121212121,0,0.090909091,0.060606061,0.090909091,0,0.03030303,0.121212121,0,0.151515152,0,0,0,0.03030303,0,0,0,0,0,0,0,0,0.090909091,2.96969697,1.069129626,0.000276088,2.687878788,0.393939394,74.86060606,7.905441284,33,175,248,48,48,7,0,3872.42,89,127,2715.6
pote.txt_7487,0,0,0,0,0,0,0.266666667,0,0,0,0,0,0,0.066666667,0,0.466666667,0,0,0,0.133333333,0.066666667,0,0,0,0,0,0,0,0,0.2,3.266666667,6.759032614,0.003427102,3.28,0,134.52,12.39916229,15,76,136,36,17,0,0,1972.23,47,53,1440.3
pote.txt_8617,47.09677419,0,0.193548387,0.032258065,0.032258065,0.064516129,0.096774194,0,0.032258065,0.032258065,0.064516129,0,0.032258065,0.032258065,0.064516129,0.129032258,0.032258065,0.064516129,0.032258065,0,0.064516129,0,0,0,0,0,0,0,0,0.129032258,2.838709677,2.701589894,0.000746044,2.790322581,0.387096774,47.21967742,8.674484253,31,152,239,47,44,6,0,3621.22,87,116,2544.1
pote.txt_1633,113.6666667,0.033333333,0.033333333,0.033333333,0.033333333,0.066666667,0.033333333,0,0.066666667,0.1,0.166666667,0,0.066666667,0.1,0,0.033333333,0,0.166666667,0.066666667,0,0,0,0,0,0,0,0,0,0,0.066666667,2.7,1.751124844,0.000523664,2.523333333,0.433333333,16.37666667,9.196044922,30,154,256,38,42,1,0,3343.985,75,106,2263
pote.txt_7213,118.8888889,0,0,0.055555556,0.055555556,0.111111111,0,0,0.111111111,0.166666667,0.111111111,0,0.055555556,0,0.055555556,0.166666667,0,0,0.111111111,0,0,0,0,0,0,0,0,0,0,0.111111111,3.666666667,3.761005834,0.001633256,2.7,0.444444444,23.13888889,11.00030518,18,106,180,32,25,0,0,2302.765,49,66,1572.3
pote.txt_1645,114,0.133333333,0.066666667,0,0,0.033333333,0.166666667,0,0.066666667,0.166666667,0.166666667,0,0.033333333,0,0.033333333,0,0.066666667,0.033333333,0.033333333,0,0,0,0,0,0,0,0,0,0,0.033333333,2.566666667,4.735304629,0.001583378,2.61,0.5,-9.066666667,9.904258728,30,133,233,37,36,2,0,2990.635,72,102,2177.3
pote.txt_5439,142.3076923,0,0,0.076923077,0,0.076923077,0.153846154,0,0.153846154,0.076923077,0.153846154,0,0,0,0.076923077,0,0,0.076923077,0.076923077,0.076923077,0,0,0,0,0,0,0,0,0,0.153846154,2.769230769,-0.239776626,-0.000160951,2.269230769,0.461538462,12.64615385,5.836181641,13,67,113,15,18,0,0,1489.75,31,44,965.4
pote.txt_9669,172.3076923,0,0,0,0,0.153846154,0.076923077,0,0,0.076923077,0.384615385,0.076923077,0,0.076923077,0,0,0,0.076923077,0.076923077,0,0,0,0,0,0,0,0,0,0,0.153846154,2.769230769,0.759102613,0.000508809,2.023076923,0.692307692,4.453846154,8.75,13,75,122,14,15,1,0,1491.92,28,42,880.5
pote.txt_8229,75,0.038461538,0,0,0.038461538,0.076923077,0.153846154,0.153846154,0.038461538,0.076923077,0.115384615,0.038461538,0.038461538,0,0,0.115384615,0.076923077,0,0.038461538,0,0,0,0,0,0,0,0,0,0,0.076923077,2.961538462,4.109580827,0.001376548,2.842307692,0.346153846,52.11923077,11.72299194,26,144,210,46,32,1,0,2985.425,68,93,2153
pote.txt_10407,25,0.25,0,0,0,0,0,0,0,0.75,0,0,0,0,0,0,0,0,0,0,0,0,0,0,0,0,0,0,0,0,4,20.73912259,0.006466396,3,0.25,9.642857143,11.30108643,28,147,289,49,29,0,0,3207.215,77,105,2318.4
pote.txt_607,77.36842105,0.157894737,0,0,0,0,0.157894737,0.052631579,0.052631579,0.263157895,0.105263158,0,0,0,0.052631579,0.052631579,0,0,0,0.105263158,0,0,0,0,0,0,0,0,0,0.105263158,3.052631579,5.842270798,0.002684127,2.684210526,0.315789474,19.19473684,11.38845825,19,95,168,30,21,0,0,2176.6,49,65,1500.4
pote.txt_8115,125.2,0.16,0,0,0,0.08,0.12,0.04,0.2,0.04,0.08,0,0,0,0,0.24,0.04,0,0,0,0,0,0,0,0,0,0,0,0,0.08,2.96,6.846216802,0.002402679,2.824,0.52,107.724,12.69999695,25,132,222,46,27,0,0,2849.41,65,84,2045.7
pote.txt_2493,60,0,0,0,0,0,0,0,0.076923077,0.230769231,0.076923077,0,0,0.076923077,0,0.153846154,0,0,0,0.384615385,0,0,0,0,0,0,0,0,0,0.384615385,3.615384615,4.757084611,0.002415549,2.2,0.153846154,59.36153846,12.02441406,13,77,146,22,14,0,0,1969.36,38,44,1095.3
pote.txt_6325,164.375,0,0,0,0,0.125,0.1875,0,0.0625,0.0625,0.3125,0,0,0.0625,0,0,0.125,0,0.0625,0,0,0,0,0,0,0,0,0,0,0.125,2.4375,0.759102613,0.000457006,2.2375,0.5625,0.1875,8.75,16,82,133,17,19,0,0,1661.035,35,51,1065.4
pote.txt_6247,84.66666667,0.066666667,0.133333333,0,0,0.133333333,0,0,0.133333333,0.2,0.066666667,0,0.066666667,0.066666667,0,0.066666667,0,0.066666667,0,0,0,0,0,0,0,0,0,0,0,0.133333333,3.066666667,3.737292631,0.002096975,2.526666667,0.533333333,0.833333333,9.850692749,15,82,136,22,18,2,0,1782.23,39,53,1143.2
pote.txt_11653,97.5,0,0,0,0,0.25,0,0,0.25,0,0,0,0,0.5,0,0,0,0,0,0,0,0,0,0,0,0,0,0,0,0.25,2,-0.239898386,-0.000507641,2.05,0.5,48.45,5.5234375,4,25,36,4,5,0,0,472.575,8,12,225.2
pote.txt_5213,113.3333333,0,0,0,0.083333333,0,0.166666667,0.083333333,0,0.083333333,0.166666667,0.083333333,0,0,0,0.083333333,0,0,0.166666667,0,0.083333333,0,0,0,0,0,0,0,0,0.083333333,3,0.848078263,0.000605042,2.691666667,0.416666667,8.466666667,8.597045898,12,66,104,18,16,1,0,1401.685,30,43,962.3
pote.txt_715,0,0,0.2,0,0,0,0.15,0,0,0.05,0,0,0.05,0.05,0.05,0.25,0,0,0,0.1,0.1,0,0,0,0,0,0,0,0,0.2,3.05,5.717450651,0.002243048,2.97,0.2,89.565,9.931015015,20,98,164,38,25,4,0,2548.965,61,74,1763.1
pote.txt_6731,45.88235294,0,0.117647059,0,0,0.058823529,0.176470588,0,0.058823529,0.176470588,0.058823529,0,0,0.176470588,0,0,0.058823529,0.058823529,0,0.058823529,0,0,0,0,0,0,0,0,0,0.117647059,2.411764706,2.737302631,0.001504666,2.523529412,0.294117647,12.53529412,9.390174866,17,79,132,20,20,2,0,1819.21,42,58,1170.5
pote.txt_3827,0,0,0,0,0,0,0,0,0,0,0,0,0,0,0,0.571428571,0,0,0,0.428571429,0,0,0,0,0,0,0,0,0,0.428571429,4.142857143,3.760061615,0.003129811,2.871428571,0,254.0571429,12.4770813,7,42,83,19,8,0,0,1201.37,25,25,749.3
pote.txt_10867,68.37209302,0.162790698,0,0.023255814,0.046511628,0.069767442,0.046511628,0,0.046511628,0.186046512,0.069767442,0,0.093023256,0.046511628,0,0,0.11627907,0.023255814,0.023255814,0.046511628,0,0,0,0,0,0,0,0,0,0.11627907,2.744186047,4.758851291,0.001013742,2.686046512,0.372093023,16.69302326,10.00070953,43,206,341,55,60,0,0,4694.34,109,153,3339.2
pote.txt_9369,62.85714286,0.071428571,0.071428571,0,0,0,0.142857143,0,0,0.071428571,0.142857143,0.071428571,0.071428571,0,0,0.071428571,0,0.142857143,0,0,0.142857143,0,0,0,0,0,0,0,0,0.142857143,2.714285714,1.747193621,0.00109826,2.7,0.357142857,16.37857143,9.196044922,14,69,111,19,20,2,0,1590.875,37,51,1127.1
pote.txt_3913,0,0,0,0,0,0,0,0,0,0,0,0,0,0,0,0,0,0,0,1,0,0,0,0,0,0,0,0,0,1,3,-0.239898386,-0.000181542,1.1,0,8.571428571,5.5234375,7,42,79,7,8,0,0,1321.45,21,21,553.7
pote.txt_3091,128.125,0.125,0,0,0,0.0625,0,0,0.0625,0.1875,0.1875,0,0,0,0.0625,0.125,0,0.0625,0.0625,0.0625,0,0,0,0,0,0,0,0,0,0.125,3.3125,4.757084611,0.002413018,2.53125,0.5,59.71875,12.02441406,16,89,160,26,19,0,0,1971.425,42,55,1299
pote.txt_5273,0,0,0,0.090909091,0,0,0,0,0,0,0,0,0,0.181818182,0,0.363636364,0,0,0,0.363636364,0,0,0,0,0,0,0,0,0,0.363636364,3.363636364,2.761182376,0.001627202,2.636363636,0,145.6363636,12.00000763,11,62,113,23,14,0,0,1696.89,35,39,1028
pote.txt_10985,82.5,0,0,0,0.05,0,0.15,0.05,0.05,0.05,0.05,0,0.05,0.1,0.05,0.05,0.1,0,0.15,0.05,0.05,0,0,0,0,0,0,0,0,0.1,2.55,0.848078263,0.000381417,2.745,0.25,-7.96,8.597045898,20,99,156,28,28,0,0,2223.495,51,70,1557.2
pote.txt_6181,78,0,0.133333333,0,0.066666667,0,0.066666667,0.066666667,0.133333333,0.066666667,0.066666667,0.066666667,0,0.066666667,0,0.066666667,0.066666667,0.133333333,0,0,0,0,0,0,0,0,0,0,0,0,2.8,0.829275283,0.000490977,2.7,0.4,38.89333333,8.068115234,15,73,121,21,21,3,0,1689.03,40,56,1180.8
pote.txt_8903,25.12820513,0.051282051,0.205128205,0,0,0.051282051,0.179487179,0.051282051,0.025641026,0.025641026,0.025641026,0,0.051282051,0.025641026,0.025641026,0.102564103,0.025641026,0.025641026,0,0.025641026,0.102564103,0,0,0,0,0,0,0,0,0.179487179,2.512820513,4.850207065,0.00109905,2.807692308,0.358974359,49.13846154,8.923461914,39,189,273,59,49,8,0,4413.09,107,141,3070.6
pote.txt_10295,45.88235294,0.058823529,0.117647059,0,0,0.058823529,0.058823529,0,0.058823529,0.058823529,0,0,0,0,0,0.294117647,0.058823529,0,0.058823529,0.058823529,0.117647059,0,0,0,0,0,0,0,0,0.235294118,3.235294118,5.737252631,0.002583615,2.911764706,0.352941176,13.22352941,10.89530945,17,94,155,33,21,2,0,2220.63,51,62,1504.3
pote.txt_5447,115.4545455,0.090909091,0,0.090909091,0.090909091,0.181818182,0,0,0.181818182,0.181818182,0.090909091,0,0,0,0,0,0.090909091,0,0,0,0,0,0,0,0,0,0,0,0,0.181818182,3.181818182,-0.237965165,-0.000181579,2.409090909,0.545454545,22.38181818,6.068603516,11,63,99,13,17,0,0,1310.53,27,40,844
pote.txt_5655,217.6923077,0.076923077,0,0,0,0,0,0,0,0.384615385,0.538461538,0,0,0,0,0,0,0,0,0,0,0,0,0,0,0,0,0,0,0,3.615384615,4.755106609,0.003124146,2.192307692,0.615384615,-23.42307692,10.60253906,13,75,144,18,14,0,0,1522.05,31,44,952.9
pote.txt_7935,77.08333333,0,0,0,0,0.041666667,0.041666667,0.083333333,0.041666667,0.208333333,0.125,0.083333333,0,0,0,0.125,0.083333333,0.083333333,0.041666667,0,0.041666667,0,0,0,0,0,0,0,0,0.083333333,3.458333333,7.928425985,0.002678862,2.720833333,0.333333333,42.65,11.76368713,24,139,228,42,30,2,0,2959.625,66,89,2052.8
pote.txt_8825,56,0.142857143,0.171428571,0.028571429,0.028571429,0,0.142857143,0,0,0.228571429,0.085714286,0,0,0.057142857,0,0,0,0.057142857,0.028571429,0.028571429,0,0,0,0,0,0,0,0,0,0.028571429,2.542857143,5.696634889,0.00159642,2.72,0.428571429,37.94571429,9.244483948,35,147,261,43,42,6,0,3568.38,89,125,2533.3
pote.txt_7317,174.7368421,0.157894737,0,0,0,0.052631579,0.105263158,0,0.157894737,0.105263158,0.210526316,0,0.052631579,0.052631579,0,0,0.052631579,0,0.052631579,0,0,0,0,0,0,0,0,0,0,0.052631579,2.473684211,1.758103612,0.000906992,2.384210526,0.631578947,4,10.00268555,19,93,160,22,22,0,0,1938.39,42,61,1303.7
pote.txt_2435,97.5,0,0,0,0,0,0,0,0.125,0.25,0.125,0,0,0,0,0,0,0,0,0.5,0,0,0,0,0,0,0,0,0,0.5,3.5,1.758103612,0.00141157,1.7,0.25,2.95,10.00268555,8,48,92,10,9,0,0,1245.495,22,26,621.6
pote.txt_8023,0,0,0,0.041666667,0.083333333,0.041666667,0.083333333,0.291666667,0,0.166666667,0,0,0,0,0,0.125,0.083333333,0,0,0,0.083333333,0,0,0,0,0,0,0,0,0.125,3.416666667,4.371038611,0.001412603,3.1625,0.041666667,37.86666667,9.992645264,24,156,197,51,35,0,0,3094.315,72,96,2212.5
pote.txt_9501,93.26086957,0.043478261,0.043478261,0.043478261,0.043478261,0.043478261,0.152173913,0,0.152173913,0.195652174,0.043478261,0.02173913,0.043478261,0.02173913,0,0.02173913,0,0.086956522,0.043478261,0,0,0,0,0,0,0,0,0,0,0.043478261,2.891304348,5.739161071,0.001162726,2.67173913,0.391304348,14.85869565,9.761558533,46,220,378,60,61,3,0,4935.955,115,165,3541.2
pote.txt_9617,114.7058824,0.058823529,0,0,0,0.176470588,0,0,0.058823529,0.058823529,0.176470588,0,0,0.117647059,0,0.058823529,0.176470588,0,0.058823529,0,0.058823529,0,0,0,0,0,0,0,0,0.235294118,2.647058824,1.758093612,0.000885529,2.341176471,0.529411765,31.24117647,9.994354248,17,99,149,21,22,0,0,1985.36,41,57,1220
pote.txt_4891,0,0,0.090909091,0,0,0,0,0.363636364,0,0,0,0,0,0,0,0.363636364,0.181818182,0,0,0,0,0,0,0,0,0,0,0,0,0,3.454545455,4.098857378,0.002791015,3.481818182,0.090909091,234.8909091,12.00048828,11,69,93,31,14,1,0,1468.59,37,44,1111.5
pote.txt_4635,124.5454545,0.181818182,0,0,0,0.090909091,0,0,0.181818182,0,0.090909091,0,0,0,0,0.454545455,0,0,0,0,0,0,0,0,0,0,0,0,0,0.090909091,3.545454545,4.760051615,0.003334,3.036363636,0.545454545,148.2545455,12.60205078,11,63,114,26,12,0,0,1427.73,32,38,1019.8
pote.txt_10289,45.88235294,0.058823529,0.235294118,0,0,0.058823529,0.058823529,0,0.058823529,0.058823529,0,0,0,0,0,0.294117647,0,0,0.058823529,0.058823529,0.058823529,0,0,0,0,0,0,0,0,0.176470588,3.176470588,5.718449652,0.002627155,2.888235294,0.470588235,23.17058824,10.16418457,17,88,151,33,19,4,0,2176.67,51,62,1465.7
pote.txt_4377,156,0,0,0,0,0,0,0,0,0.4,0.4,0,0,0,0,0,0,0,0,0.2,0,0,0,0,0,0,0,0,0,0.2,3.8,3.75610561,0.00277051,2.02,0.4,-16.47,10.4777832,10,60,116,14,11,0,0,1355.745,26,34,768.6
pote.txt_8319,101.5384615,0.115384615,0,0,0,0,0.153846154,0.038461538,0.038461538,0.038461538,0.192307692,0,0.076923077,0,0.038461538,0.153846154,0,0.038461538,0,0.115384615,0,0,0,0,0,0,0,0,0,0.115384615,2.846153846,4.846236802,0.001591803,2.696153846,0.346153846,51.94230769,12.47900391,26,127,222,44,31,0,0,3044.495,69,88,2155.1
pote.txt_5569,210,0.076923077,0,0,0,0.076923077,0.153846154,0,0.153846154,0,0.307692308,0,0,0.076923077,0,0,0.076923077,0,0.076923077,0,0,0,0,0,0,0,0,0,0,0.076923077,2.230769231,-0.239898386,-0.000182762,2.169230769,0.692307692,25.8,5.5234375,13,65,109,13,15,0,0,1312.63,27,40,829.2
pote.txt_6799,70.55555556,0.111111111,0,0.055555556,0,0.222222222,0.111111111,0.111111111,0.055555556,0,0.055555556,0,0,0,0,0.111111111,0,0.055555556,0.055555556,0.055555556,0,0,0,0,0,0,0,0,0,0.277777778,2.666666667,0.935550752,0.000429653,2.527777778,0.5,36.53333333,9.611328125,18,107,146,28,22,0,0,2177.455,45,61,1400
pote.txt_10537,156.6666667,0.266666667,0,0,0,0.066666667,0,0,0,0.333333333,0.333333333,0,0,0,0,0,0,0,0,0,0,0,0,0,0,0,0,0,0,0.066666667,3.133333333,4.755106609,0.002871198,2.4,0.666666667,-18.96666667,10.60253906,15,81,146,20,16,0,0,1656.14,35,50,1079.5
pote.txt_1143,167.1428571,0.142857143,0,0.071428571,0,0,0,0.071428571,0.071428571,0.071428571,0.214285714,0,0,0,0.071428571,0,0.071428571,0.071428571,0.142857143,0,0,0,0,0,0,0,0,0,0,0,2.642857143,-0.152602438,-0.000101212,2.492857143,0.571428571,40.94285714,6.743652344,14,71,118,18,20,0,0,1507.755,34,49,1061.9
pote.txt_2237,61.57894737,0.078947368,0,0.052631579,0,0.026315789,0.052631579,0.026315789,0.026315789,0.184210526,0.052631579,0.026315789,0.026315789,0,0.052631579,0.105263158,0.078947368,0.026315789,0.078947368,0,0.105263158,0,0,0,0,0,0,0,0,0.131578947,3.210526316,8.838488314,0.001948845,2.842105263,0.289473684,35.97105263,10.40659332,38,206,330,62,54,1,0,4535.245,105,142,3266.1
pote.txt_8327,105.3846154,0.153846154,0,0.076923077,0.038461538,0,0.230769231,0,0,0.038461538,0.230769231,0.038461538,0,0,0,0.153846154,0,0,0,0.038461538,0,0,0,0,0,0,0,0,0,0.038461538,2.692307692,1.764114597,0.000640756,2.780769231,0.423076923,55.60384615,10.66748047,26,114,203,39,33,1,0,2753.175,65,90,2084.8
pote.txt_9821,30.52631579,0,0,0,0,0.105263158,0.052631579,0.052631579,0,0.105263158,0,0,0.052631579,0.368421053,0.052631579,0,0,0.052631579,0.105263158,0,0.052631579,0,0,0,0,0,0,0,0,0.157894737,2.263157895,1.844278799,0.000858807,2.589473684,0.210526316,53.25789474,9.703186035,19,108,151,25,24,0,0,2147.49,45,64,1311.4
pote.txt_3123,0,0,0,0,0,0,0,0,0,0,0,0,0,0,0,0.333333333,0,0,0,0.666666667,0,0,0,0,0,0,0,0,0,0.666666667,3.666666667,0.760091614,0.001390556,2.133333333,0,197.6,9.748046875,3,18,36,6,4,0,0,546.61,10,10,286.2
pote.txt_6285,26,0,0.066666667,0,0,0.133333333,0,0,0.066666667,0.133333333,0,0,0.133333333,0,0.066666667,0.066666667,0.2,0.066666667,0,0,0.066666667,0,0,0,0,0,0,0,0,0.2,3.133333333,2.747193621,0.00150693,2.786666667,0.266666667,51.46666667,9.787033081,15,80,123,23,24,1,0,1823.04,43,57,1296.8
pote.txt_2369,86.66666667,0,0,0,0,0.111111111,0.111111111,0,0.111111111,0.388888889,0.111111111,0,0.055555556,0,0.111111111,0,0,0,0,0,0,0,0,0,0,0,0,0,0,0.111111111,3.666666667,6.753108607,0.003145846,2.577777778,0.333333333,-31.92222222,10.77845764,18,102,176,28,22,0,0,2146.675,46,64,1449.5
pote.txt_9031,44.31818182,0.045454545,0.136363636,0.045454545,0.068181818,0.022727273,0.136363636,0.022727273,0.022727273,0.045454545,0.045454545,0,0.090909091,0,0,0.045454545,0.068181818,0.068181818,0.045454545,0.045454545,0.045454545,0,0,0,0,0,0,0,0,0.113636364,2.568181818,-1.205473234,-0.000248584,2.811363636,0.318181818,41.98636364,5.556976318,44,196,306,58,67,6,0,4849.365,120,165,3554.6
pote.txt_7483,0,0,0,0,0,0,0.266666667,0,0,0,0,0,0,0.066666667,0,0.466666667,0,0,0,0.2,0,0,0,0,0,0,0,0,0,0.2,3.266666667,6.760031615,0.003388045,3.2,0,227.1933333,12.77818298,15,73,138,36,16,0,0,1995.26,47,52,1435.8
pote.txt_3993,70,0.285714286,0,0,0,0.142857143,0.142857143,0,0,0,0,0,0,0.142857143,0,0,0,0.142857143,0.142857143,0,0,0,0,0,0,0,0,0,0,0.142857143,1.571428571,-0.239898386,-0.000362521,2.628571429,0.571428571,-3.557142857,5.5234375,7,31,47,7,9,0,0,661.75,15,22,449.4
pote.txt_7737,115,0.090909091,0,0,0,0.045454545,0.045454545,0,0.090909091,0.136363636,0.045454545,0,0.045454545,0.045454545,0,0.090909091,0,0.045454545,0.181818182,0.045454545,0.090909091,0,0,0,0,0,0,0,0,0.181818182,2.863636364,4.755086609,0.001813413,2.577272727,0.454545455,2.895454545,10.56504822,22,122,202,32,27,0,0,2622.175,56,75,1705.4
pote.txt_7905,50.86956522,0.043478261,0.086956522,0,0.043478261,0,0.043478261,0.043478261,0.043478261,0.217391304,0.043478261,0.043478261,0.086956522,0,0,0.173913043,0.043478261,0.043478261,0.043478261,0,0,0,0,0,0,0,0,0,0,0,3.47826087,7.82524928,0.002837981,3.047826087,0.304347826,38.80869565,11.0635376,23,116,206,44,30,3,0,2757.33,67,88,2064.4
pote.txt_6807,146.1111111,0.055555556,0,0,0,0.111111111,0,0.222222222,0.222222222,0.111111111,0.055555556,0,0,0,0,0,0.111111111,0,0.111111111,0,0,0,0,0,0,0,0,0,0,0.111111111,2.888888889,2.106800365,0.000990724,2.438888889,0.555555556,33.95555556,10.00311279,18,115,160,28,21,0,0,2126.525,44,62,1346.8
pote.txt_4479,116,0,0,0,0,0.1,0,0,0,0.5,0,0,0,0,0,0,0,0,0.4,0,0,0,0,0,0,0,0,0,0,0.1,3.6,4.755106609,0.003954005,2.57,0.5,-28.77,10.60253906,10,59,107,15,11,0,0,1202.605,25,35,763
pote.txt_8337,0,0,0,0,0.04,0.04,0.28,0.12,0,0,0,0,0,0,0.08,0.04,0.36,0,0,0.04,0,0,0,0,0,0,0,0,0,0.08,2.28,0.024424641,9.82E-06,3.064,0.04,86.828,7.02520752,25,104,144,36,39,0,0,2487.41,68,92,2054.9
pote.txt_4781,79.09090909,0,0,0,0,0.181818182,0,0,0,0.545454545,0,0,0,0,0,0,0,0,0.272727273,0,0,0,0,0,0,0,0,0,0,0.181818182,3.818181818,5.754107608,0.004173212,2.536363636,0.454545455,-36.29090909,10.6993103,11,69,119,17,12,0,0,1378.82,28,39,852.3
pote.txt_8165,116.8,0.04,0.08,0,0,0.04,0.12,0,0.04,0.2,0.16,0.04,0.08,0,0.04,0,0.04,0,0.12,0,0,0,0,0,0,0,0,0,0,0.04,2.92,4.735304629,0.00175878,2.544,0.52,19.316,9.904258728,25,120,211,33,30,3,0,2692.38,61,87,1888.2
pote.txt_2523,46.19047619,0,0.380952381,0,0,0.095238095,0.142857143,0,0.047619048,0.095238095,0,0,0,0.047619048,0,0.047619048,0,0.047619048,0.095238095,0,0,0,0,0,0,0,0,0,0,0.095238095,2.380952381,2.678885691,0.001200826,2.595238095,0.619047619,21.0047619,8.528633118,21,91,148,26,23,8,0,2230.87,55,75,1460.3
pote.txt_1925,34.66666667,0.066666667,0.133333333,0.044444444,0.044444444,0.022222222,0.066666667,0.088888889,0.022222222,0.022222222,0,0.022222222,0.111111111,0.066666667,0.022222222,0.111111111,0.044444444,0,0.066666667,0.022222222,0.022222222,0,0,0,0,0,0,0,0,0.066666667,2.711111111,2.055206871,0.000397543,2.946666667,0.333333333,43.76222222,8.349456787,45,219,325,75,63,7,0,5169.77,125,169,3785.8
pote.txt_7561,41.05263158,0,0,0,0,0.105263158,0,0.052631579,0.105263158,0.210526316,0,0,0.052631579,0,0.105263158,0.210526316,0,0,0,0.157894737,0,0,0,0,0,0,0,0,0,0.263157895,3.947368421,7.843239799,0.002860179,2.7,0.210526316,65.51052632,12.48477173,19,119,200,40,23,0,0,2742.22,57,69,1769.7
pote.txt_1859,132.4,0.04,0.12,0,0.04,0.08,0.08,0,0.12,0.04,0.12,0,0,0.08,0,0.04,0.04,0.08,0.12,0,0,0,0,0,0,0,0,0,0,0.08,2.44,0.732200105,0.000273177,2.448,0.6,29.38,7.957885742,25,123,203,29,31,3,0,2680.31,60,85,1746.8
pote.txt_11003,93,0.2,0,0.025,0.025,0,0.125,0.025,0.125,0.1,0.025,0,0.025,0,0.1,0.075,0.025,0.05,0.05,0.025,0,0,0,0,0,0,0,0,0,0.025,2.7,4.847181022,0.001150318,2.8675,0.4,14.9775,11.06887817,40,181,312,60,53,0,0,4213.775,102,140,3224.4
pote.txt_1527,111.4285714,0.107142857,0.071428571,0.035714286,0.035714286,0,0.107142857,0,0.035714286,0.178571429,0.142857143,0.035714286,0.035714286,0,0,0,0.035714286,0.071428571,0.107142857,0,0,0,0,0,0,0,0,0,0,0,2.714285714,2.739235852,0.000947329,2.639285714,0.5,-16.95,9.243148804,28,125,224,34,37,3,0,2891.535,69,100,2108.7
pote.txt_6685,34.11764706,0,0.117647059,0,0,0,0,0,0,0.411764706,0,0,0,0,0,0.117647059,0,0,0.117647059,0.235294118,0,0,0,0,0,0,0,0,0,0.235294118,3.823529412,8.733286627,0.003674095,2.552941176,0.235294118,77.02352941,10.74406433,17,94,182,30,18,2,0,2376.99,51,62,1452.7
pote.txt_9049,44.31818182,0.068181818,0.136363636,0.022727273,0.045454545,0.022727273,0.136363636,0.022727273,0.022727273,0.068181818,0.022727273,0,0.090909091,0,0,0.068181818,0.068181818,0.045454545,0.068181818,0.045454545,0.045454545,0,0,0,0,0,0,0,0,0.113636364,2.590909091,2.789586542,0.00057571,2.847727273,0.340909091,41.92727273,8.650184631,44,197,314,62,62,6,0,4845.475,120,162,3549.6
pote.txt_225,46.8,0,0.16,0,0,0.04,0.2,0.08,0.04,0.08,0.08,0,0,0.04,0,0.08,0.16,0.04,0,0,0,0,0,0,0,0,0,0,0,0.04,2.48,3.892828029,0.001501851,2.832,0.32,64.372,9.305633545,25,112,175,37,31,4,0,2592.02,67,90,1912.8
pote.txt_9025,95.34883721,0.162790698,0.093023256,0.023255814,0.023255814,0.023255814,0.093023256,0.046511628,0.046511628,0.069767442,0.069767442,0,0.069767442,0,0.023255814,0.046511628,0.069767442,0.023255814,0.11627907,0,0,0,0,0,0,0,0,0,0,0.023255814,2.465116279,2.89576025,0.000656174,2.802325581,0.511627907,27.36511628,8.916732788,43,192,312,60,56,4,0,4413.1,109,152,3318.1
pote.txt_5091,56.66666667,0,0,0.083333333,0,0,0,0,0.083333333,0.416666667,0,0,0,0,0.083333333,0.25,0,0,0.083333333,0,0,0,0,0,0,0,0,0,0,0,4.333333333,6.75619737,0.004268119,3.125,0.166666667,49.35,11.75428772,12,68,131,27,16,0,0,1582.945,37,47,1164.1
pote.txt_2595,133.75,0,0,0,0,0,0,0,0.25,0.125,0,0,0,0,0,0.25,0,0,0.125,0.25,0,0,0,0,0,0,0,0,0,0.25,3.625,2.759082613,0.002385893,2.4125,0.375,59.125,12.00839233,8,47,91,15,9,0,0,1156.415,23,27,693.4
pote.txt_3921,167.1428571,0,0,0,0,0,0.142857143,0,0.142857143,0.285714286,0.285714286,0,0,0,0,0.142857143,0,0,0,0,0,0,0,0,0,0,0,0,0,0,3.571428571,2.758093612,0.003334777,2.585714286,0.428571429,30.88571429,11.16629028,7,38,74,12,8,0,0,827.07,18,24,559.8
pote.txt_9975,151.6666667,0,0,0,0,0,0,0,0,0.5,0.388888889,0,0,0.055555556,0,0,0,0,0,0.055555556,0,0,0,0,0,0,0,0,0,0.055555556,3.888888889,8.751110605,0.003894584,2.283333333,0.388888889,-23.04444444,10.90332031,18,107,205,27,19,0,0,2246.995,46,63,1375.2
pote.txt_473,137.6470588,0,0.117647059,0,0,0.058823529,0.117647059,0,0.176470588,0.058823529,0.176470588,0.058823529,0,0,0.058823529,0.058823529,0,0.117647059,0,0,0,0,0,0,0,0,0,0,0,0.058823529,2.882352941,1.739290633,0.000910428,2.382352941,0.588235294,14.61176471,8.956466675,17,85,148,22,21,3,0,1910.41,42,59,1277.4
pote.txt_11377,42.8,0.02,0.16,0.06,0.04,0.06,0.06,0.02,0.04,0.06,0.02,0.06,0.08,0.02,0.1,0.02,0.06,0.04,0.06,0.02,0,0,0,0,0,0,0,0,0,0.08,2.84,-1.225955914,-0.000215741,2.692,0.42,47.294,5.515533447,50,232,365,67,75,11,0,5682.525,134,190,4096.4
pote.txt_7941,110,0.166666667,0,0.041666667,0,0,0.083333333,0.041666667,0.166666667,0.208333333,0.041666667,0,0.041666667,0,0.041666667,0,0.041666667,0.041666667,0.041666667,0.041666667,0,0,0,0,0,0,0,0,0,0.041666667,2.833333333,3.843401558,0.00148334,2.65,0.416666667,-0.0125,10.17689514,24,116,201,33,31,0,0,2591.045,60,84,1857.4
pote.txt_11391,44.8,0.02,0.16,0.1,0.06,0.02,0.1,0.02,0.02,0.02,0.06,0,0.08,0.08,0,0.06,0.04,0.06,0.04,0,0.06,0,0,0,0,0,0,0,0,0.08,2.52,-4.221922931,-0.000766773,2.812,0.32,34.576,4.451316833,50,229,344,66,79,8,0,5506.095,136,191,4000.6
pote.txt_4719,248.1818182,0,0,0,0,0,0,0,0.181818182,0,0.454545455,0,0,0,0,0.090909091,0.181818182,0.090909091,0,0,0,0,0,0,0,0,0,0,0,0,2.909090909,0.760091614,0.000612217,2.2,0.636363636,9.090909091,9.748046875,11,58,108,14,15,0,0,1241.54,27,37,821.9
pote.txt_2147,112,0.1,0.05,0.05,0,0.05,0.15,0,0.1,0.1,0.05,0,0.05,0.05,0.05,0,0,0.05,0.15,0,0,0,0,0,0,0,0,0,0,0.05,2.4,0.749323383,0.000369051,2.605,0.5,-4.89,8.197570801,20,91,152,24,26,1,0,2030.405,47,68,1448.4
pote.txt_8999,90.47619048,0.119047619,0,0,0.023809524,0,0.166666667,0.047619048,0.047619048,0.071428571,0.047619048,0,0.119047619,0.023809524,0.023809524,0.119047619,0,0.023809524,0.142857143,0,0.023809524,0,0,0,0,0,0,0,0,0.023809524,2.642857143,6.933214449,0.001558346,2.988095238,0.357142857,12.02857143,11.84427643,42,197,324,70,53,0,0,4449.085,108,146,3438
pote.txt_12007,32.5,0,0.083333333,0,0,0.083333333,0.083333333,0,0,0.166666667,0.083333333,0,0,0.166666667,0,0,0,0.166666667,0,0.166666667,0,0,0,0,0,0,0,0,0,0.25,2.583333333,1.748202622,0.001194336,2.308333333,0.25,34.19166667,9.314178467,12,62,104,14,15,1,0,1463.745,31,41,856.8
pote.txt_11345,88,0.15,0,0.05,0.05,0.15,0,0,0.1,0,0.05,0,0,0,0.1,0.05,0.15,0.1,0.05,0,0,0,0,0,0,0,0,0,0,0.15,2.65,-1.235977163,-0.000553893,2.635,0.5,28.76,4.370300293,20,101,155,25,32,0,0,2231.435,51,72,1593
pote.txt_845,53.88888889,0,0.111111111,0,0,0.055555556,0.055555556,0,0,0.111111111,0.055555556,0,0,0.166666667,0,0.111111111,0.055555556,0.055555556,0.111111111,0.055555556,0.055555556,0,0,0,0,0,0,0,0,0.166666667,2.666666667,3.737282631,0.001748367,2.616666667,0.333333333,18.71111111,9.847488403,18,94,154,26,22,2,0,2137.585,48,63,1357.5
pote.txt_7243,0,0,0,0,0,0,0.428571429,0,0,0,0,0,0,0.285714286,0.142857143,0,0,0,0,0,0.142857143,0,0,0,0,0,0,0,0,0.142857143,1.714285714,-0.240897387,-0.000357038,2.857142857,0,23.95714286,5.5234375,7,30,42,8,10,0,0,674.71,16,23,478.1
pote.txt_8167,128.8,0.16,0,0,0,0.04,0.12,0,0.04,0.16,0.16,0.04,0.04,0,0.04,0,0.08,0,0.12,0,0,0,0,0,0,0,0,0,0,0.04,2.64,3.75610561,0.001476393,2.572,0.56,2.076,10.4777832,25,116,203,31,30,1,0,2544.11,58,84,1837.8
pote.txt_5927,188.5714286,0.214285714,0,0,0,0.071428571,0.071428571,0,0.071428571,0.071428571,0.357142857,0,0,0.071428571,0,0.071428571,0,0,0,0,0,0,0,0,0,0,0,0,0,0.071428571,2.571428571,1.759092613,0.001175962,2.328571429,0.714285714,-0.535714286,11.00073242,14,73,126,18,15,0,0,1495.875,31,44,962.9
pote.txt_8495,20,0,0,0,0,0,0.034482759,0,0,0,0,0,0,0.137931034,0.034482759,0.517241379,0.137931034,0.068965517,0.068965517,0,0,0,0,0,0,0,0,0,0,0,3.448275862,14.75995162,0.004007361,3.520689655,0.068965517,300.637931,13.14614868,29,147,273,75,37,0,0,3683.21,95,109,2914.7
pote.txt_3073,117.5862069,0.068965517,0.068965517,0.034482759,0,0.034482759,0.137931034,0,0.103448276,0.137931034,0.103448276,0,0.103448276,0,0,0.034482759,0.034482759,0,0.103448276,0.034482759,0,0,0,0,0,0,0,0,0,0.068965517,2.724137931,3.737414391,0.001198754,2.593103448,0.482758621,8.765517241,9.699447632,29,135,235,39,36,2,0,3117.75,72,100,2208.3
pote.txt_889,0,0,0,0.111111111,0.111111111,0,0.111111111,0,0,0.333333333,0,0,0,0.111111111,0,0.111111111,0,0,0,0.111111111,0,0,0,0,0,0,0,0,0,0.111111111,3.555555556,1.761025834,0.001540301,2.944444444,0,35.67777778,9.699768066,9,46,83,15,14,0,0,1143.3,26,35,789.6
pote.txt_6771,141.1111111,0.111111111,0,0,0,0.166666667,0.055555556,0,0.111111111,0.055555556,0.222222222,0,0.055555556,0.055555556,0,0,0.166666667,0,0,0,0,0,0,0,0,0,0,0,0,0.166666667,2.5,0.759102613,0.000391634,2.294444444,0.611111111,-0.505555556,8.75,18,95,148,20,23,0,0,1938.295,41,59,1255
pote.txt_7569,29.5,0.1,0.1,0,0,0.05,0.1,0,0,0.15,0.05,0,0,0.1,0,0.1,0.1,0.05,0,0.05,0.05,0,0,0,0,0,0,0,0,0.15,2.65,4.73628363,0.002098807,2.765,0.3,45.695,10.06089783,20,96,159,29,25,2,0,2256.655,54,71,1544.4
pote.txt_8889,57.83783784,0,0.135135135,0,0,0.054054054,0.162162162,0.027027027,0.081081081,0.054054054,0.027027027,0,0.027027027,0.081081081,0.027027027,0.135135135,0.054054054,0.054054054,0.054054054,0.027027027,0,0,0,0,0,0,0,0,0,0.081081081,2.621621622,6.79572285,0.001660791,2.789189189,0.351351351,42.85405405,10.19718933,37,174,286,58,44,5,0,4091.86,99,130,2891.7
pote.txt_19,164.375,0.0625,0,0.0625,0,0.0625,0.1875,0,0.1875,0.125,0.125,0,0,0,0,0,0.0625,0,0.125,0,0,0,0,0,0,0,0,0,0,0.0625,2.5625,0.759224373,0.000465786,2.41875,0.5625,11.78125,8.591064453,16,77,132,18,20,0,0,1629.985,36,53,1122.8
pote.txt_8431,105.1851852,0.259259259,0,0,0.037037037,0,0.111111111,0,0,0.111111111,0.148148148,0.037037037,0.111111111,0,0.037037037,0,0.037037037,0,0.074074074,0.037037037,0,0,0,0,0,0,0,0,0,0.037037037,2.481481481,1.759915073,0.000645568,2.714814815,0.518518519,-6.377777778,9.702972412,27,115,202,34,35,1,0,2726.15,64,92,2057
pote.txt_6623,143.5294118,0.117647059,0,0,0,0.058823529,0,0,0.117647059,0.294117647,0.176470588,0,0,0,0,0.176470588,0,0,0.058823529,0,0,0,0,0,0,0,0,0,0,0.058823529,3.647058824,7.755076609,0.003725393,2.664705882,0.529411765,-11.72941176,12.3167572,17,98,181,31,18,0,0,2081.68,45,59,1400.2
pote.txt_1899,43.33333333,0,0.111111111,0,0,0.111111111,0.055555556,0,0,0.222222222,0.111111111,0,0,0.111111111,0,0,0.055555556,0.055555556,0,0.111111111,0.055555556,0,0,0,0,0,0,0,0,0.277777778,2.888888889,3.735304629,0.001672988,2.316666667,0.333333333,17.31111111,9.595359802,18,100,160,22,22,2,0,2232.715,47,63,1309.9
pote.txt_5297,121.6666667,0,0,0,0,0,0.166666667,0,0.166666667,0.25,0.083333333,0,0,0,0,0.083333333,0,0,0.083333333,0.166666667,0,0,0,0,0,0,0,0,0,0.166666667,3.25,3.757094611,0.002531999,2.416666667,0.333333333,0.6,11.26391602,12,63,120,18,13,0,0,1483.845,31,40,933.9
pote.txt_4135,216.6666667,0,0,0,0,0,0,0,0,0.444444444,0.555555556,0,0,0,0,0,0,0,0,0,0,0,0,0,0,0,0,0,0,0,3.888888889,3.75610561,0.003425572,2.166666667,0.555555556,-47.71111111,10.4777832,9,54,105,13,10,0,0,1096.49,22,31,673.7
pote.txt_5153,24.16666667,0,0.083333333,0,0,0.083333333,0,0,0,0.083333333,0,0.083333333,0.083333333,0,0.166666667,0.25,0,0,0.083333333,0.083333333,0,0,0,0,0,0,0,0,0,0.166666667,3.75,3.749171623,0.002269536,2.875,0.333333333,6.091666667,11.71252441,12,66,115,25,16,2,0,1651.955,36,45,1149.9
pote.txt_1443,97.36842105,0.052631579,0,0,0,0,0.263157895,0,0,0,0.157894737,0,0,0.263157895,0,0,0.157894737,0,0.105263158,0,0,0,0,0,0,0,0,0,0,0,1.578947368,-0.239898386,-0.000144613,2.626315789,0.315789474,86.51052632,5.5234375,19,75,123,19,23,0,0,1658.9,41,60,1193.6
pote.txt_7451,19.5,0,0,0,0,0.1,0.1,0,0.05,0.05,0,0,0,0.35,0,0.2,0.1,0,0,0.05,0,0,0,0,0,0,0,0,0,0.15,2.5,4.759062614,0.002040148,2.785,0.15,119.98,12.47900391,20,105,167,33,23,0,0,2332.705,52,67,1509.2
pote.txt_601,74,0.08,0,0.04,0,0.04,0.16,0.04,0,0.2,0.08,0,0.04,0,0,0.04,0,0.04,0.12,0.08,0.04,0,0,0,0,0,0,0,0,0.16,2.84,4.842392557,0.001693529,2.648,0.32,17.452,10.29529572,25,128,210,36,31,0,0,2859.35,64,87,1958.5
pote.txt_9013,18.37209302,0.093023256,0.23255814,0.046511628,0,0.023255814,0.209302326,0,0,0.046511628,0.023255814,0,0.023255814,0.023255814,0.093023256,0.069767442,0.069767442,0,0,0,0.046511628,0,0,0,0,0,0,0,0,0.069767442,2.372093023,2.659307231,0.000607986,2.911627907,0.372093023,24.98139535,8.401313782,43,169,267,59,58,10,0,4373.96,116,158,3354.4
pote.txt_6561,91.25,0,0,0,0,0,0,0,0.125,0.125,0.0625,0,0.0625,0,0,0.125,0,0,0.0625,0.4375,0,0,0,0,0,0,0,0,0,0.4375,3.4375,3.758083612,0.001538386,2.04375,0.25,14.79375,12.01651001,16,93,175,25,18,0,0,2442.875,46,53,1347.5
pote.txt_4723,212.7272727,0.090909091,0,0.090909091,0,0,0,0,0.090909091,0.090909091,0.363636364,0,0,0,0.090909091,0,0.090909091,0,0.090909091,0,0,0,0,0,0,0,0,0,0,0,2.909090909,-0.239776626,-0.00019776,2.272727273,0.636363636,41.31818182,5.836181641,11,56,101,13,16,0,0,1212.46,26,38,823
pote.txt_8117,94,0.16,0,0,0,0.08,0.12,0.12,0.12,0.04,0.08,0,0,0,0,0.24,0.04,0,0,0,0,0,0,0,0,0,0,0,0,0.08,2.96,7.020565179,0.002423082,2.944,0.44,112.66,12.69999695,25,138,214,50,27,0,0,2897.37,67,86,2103.1
pote.txt_11231,106,0.114285714,0,0.028571429,0.057142857,0.028571429,0.114285714,0,0.171428571,0.171428571,0.028571429,0.028571429,0.028571429,0.028571429,0,0.085714286,0.028571429,0,0.057142857,0.028571429,0,0,0,0,0,0,0,0,0,0.057142857,3,5.760819293,0.001479151,2.725714286,0.428571429,67.26571429,10.63730621,35,172,303,51,44,1,0,3894.68,88,123,2768.8
pote.txt_5403,202.3076923,0,0,0,0,0.076923077,0.076923077,0,0.076923077,0.153846154,0.384615385,0,0,0.076923077,0,0,0.076923077,0,0.076923077,0,0,0,0,0,0,0,0,0,0,0.076923077,2.846153846,1.758103612,0.001220185,2.138461538,0.615384615,-2.076923077,10.00268555,13,72,125,15,15,0,0,1440.85,29,42,881.2
pote.txt_2635,185,0.2,0.1,0,0,0,0,0,0,0,0.2,0,0,0,0.1,0,0,0,0.3,0.1,0,0,0,0,0,0,0,0,0,0.1,2.3,-0.249799376,-0.000226811,2.26,0.8,10.11,5.516601563,10,47,85,11,12,1,0,1101.355,23,32,692.5
pote.txt_1713,195,0.142857143,0,0,0,0,0,0,0.142857143,0.214285714,0.214285714,0,0,0,0,0,0.071428571,0.071428571,0.142857143,0,0,0,0,0,0,0,0,0,0,0,2.857142857,2.757104611,0.001841858,2.392857143,0.642857143,-4.9,10.30207825,14,71,133,17,17,0,0,1496.915,33,47,1004.8
pote.txt_5261,55.71428571,0,0,0,0.142857143,0,0.142857143,0,0,0,0.142857143,0,0.142857143,0,0,0,0.285714286,0,0,0.142857143,0,0,0,0,0,0,0,0,0,0.142857143,2.571428571,-1.237087924,-0.001562374,2.728571429,0.142857143,21.27142857,3.999664307,7,29,50,8,13,0,0,791.8,19,26,579.9
pote.txt_5461,150.9090909,0.090909091,0,0.090909091,0.090909091,0.181818182,0.090909091,0,0.272727273,0.090909091,0.090909091,0,0,0,0,0,0,0,0,0,0,0,0,0,0,0,0,0,0,0.181818182,2.909090909,-1.236966164,-0.00097746,2.3,0.636363636,4.872727273,4.370300293,11,62,96,12,16,0,0,1265.49,25,38,797.7
pote.txt_11089,52,0,0,0.2,0.133333333,0.133333333,0,0,0,0,0.133333333,0,0.133333333,0,0,0,0.2,0,0,0,0.066666667,0,0,0,0,0,0,0,0,0.2,2.933333333,-5.23191418,-0.002915089,2.68,0.266666667,46.72666667,3.331558228,15,78,107,17,32,0,0,1794.77,41,61,1304.6
pote.txt_5701,113.0769231,0.230769231,0,0,0,0.076923077,0.076923077,0,0.076923077,0.153846154,0.153846154,0,0,0,0,0,0,0.076923077,0,0.153846154,0,0,0,0,0,0,0,0,0,0.230769231,2.615384615,1.758103612,0.00116833,2.269230769,0.538461538,-23.36923077,10.00268555,13,66,115,15,15,0,0,1504.8,31,42,926.8
pote.txt_7701,125.7142857,0.142857143,0.142857143,0,0,0,0,0,0,0.285714286,0.285714286,0,0,0,0,0.142857143,0,0,0,0,0,0,0,0,0,0,0,0,0,0,3.428571429,8.724374638,0.003550521,2.671428571,0.571428571,-14.73333333,10.66438293,21,108,206,36,22,3,0,2457.21,57,75,1682.4
pote.txt_1495,94.51612903,0.096774194,0.064516129,0.032258065,0.032258065,0.032258065,0.161290323,0,0.129032258,0.161290323,0.064516129,0,0.064516129,0,0,0.032258065,0,0.064516129,0.032258065,0.032258065,0,0,0,0,0,0,0,0,0,0.064516129,2.741935484,3.739225852,0.001131066,2.677419355,0.419354839,8.84516129,9.59413147,31,142,247,41,40,2,0,3305.93,78,109,2376.2
pote.txt_10373,25,0.25,0,0,0,0.25,0,0,0,0.5,0,0,0,0,0,0,0,0,0,0,0,0,0,0,0,0,0,0,0,0.25,3.5,1.758103612,0.00356892,2.625,0.5,7.5,10.00268555,4,24,40,6,5,0,0,492.615,10,14,305.2
pote.txt_10805,49,0.1,0,0,0.3,0,0,0,0.1,0.1,0,0,0,0.1,0,0,0,0.1,0,0,0.2,0,0,0,0,0,0,0,0,0.2,3,-2.234464003,-0.0017986,2.88,0.2,56.41,4.252593994,10,57,83,11,20,0,0,1242.335,27,40,819
pote.txt_9591,0,0,0.166666667,0,0,0,0,0,0,0.166666667,0,0,0,0,0,0.333333333,0,0,0,0.333333333,0,0,0,0,0,0,0,0,0,0.333333333,3.833333333,2.749181623,0.002943087,2.683333333,0.166666667,199.2666667,10.8605957,6,33,65,13,7,1,0,934.115,20,22,567.8
pote.txt_2973,8.333333333,0.083333333,0,0,0,0.083333333,0.083333333,0.333333333,0,0.166666667,0,0,0,0,0,0.166666667,0,0,0,0,0.083333333,0,0,0,0,0,0,0,0,0.166666667,3.333333333,4.105781364,0.002608908,3.1,0.166666667,46.95,11.09729004,12,83,104,28,14,0,0,1573.755,35,45,1076.1
pote.txt_12109,82.10526316,0,0,0,0,0,0,0,0,0.157894737,0.210526316,0,0,0,0,0.421052632,0,0,0,0,0.210526316,0,0,0,0,0,0,0,0,0.210526316,4.157894737,10.75302861,0.003899783,3.042105263,0.210526316,64.31578947,11.80310059,19,126,214,46,24,0,0,2757.34,61,72,1879.5
pote.txt_11035,162.5,0,0,0,0,0.083333333,0.083333333,0,0.25,0.333333333,0.166666667,0,0,0,0,0,0,0,0,0.083333333,0,0,0,0,0,0,0,0,0,0.166666667,3.5,3.75610561,0.002526089,2.158333333,0.5,-10.15833333,10.4777832,12,71,128,16,13,0,0,1486.925,29,40,879.4
pote.txt_8503,104.4827586,0.103448276,0,0.034482759,0.034482759,0.068965517,0.103448276,0.034482759,0.068965517,0.275862069,0.172413793,0,0,0.034482759,0,0,0.034482759,0,0,0,0.034482759,0,0,0,0,0,0,0,0,0.103448276,3.068965517,5.842216016,0.001801518,2.555172414,0.413793103,3.117241379,10.09742737,29,158,257,39,36,0,0,3242.94,71,102,2174.4
pote.txt_7709,93.18181818,0.136363636,0,0.045454545,0,0.090909091,0.136363636,0,0,0.181818182,0.136363636,0.045454545,0.090909091,0.045454545,0,0,0,0,0.090909091,0,0,0,0,0,0,0,0,0,0,0.090909091,2.681818182,2.757226371,0.001189077,2.577272727,0.5,6.127272727,10.00140381,22,107,176,28,27,1,0,2318.795,51,75,1631
pote.txt_2871,58.5,0,0,0,0,0,0.2,0.1,0,0.35,0.15,0,0.15,0,0,0,0,0,0,0.05,0,0,0,0,0,0,0,0,0,0.05,3.3,6.927456984,0.003030761,2.8,0.15,14.935,10.77845764,20,104,174,34,24,0,0,2285.715,53,72,1649.3
pote.txt_10717,120,0,0,0.076923077,0,0.153846154,0,0,0.153846154,0.153846154,0.153846154,0,0,0,0.076923077,0.230769231,0,0,0,0,0,0,0,0,0,0,0,0,0,0.153846154,3.846153846,3.759194373,0.002169058,2.607692308,0.461538462,65.12307692,11.72299194,13,81,137,25,17,0,0,1733.1,36,47,1149.4
pote.txt_11659,108.75,0,0,0,0,0,0,0,0,0.625,0,0,0,0,0,0,0,0,0.375,0,0,0,0,0,0,0,0,0,0,0,3.875,4.755106609,0.004972427,2.7375,0.375,5.15,10.60253906,8,45,89,13,9,0,0,956.295,21,29,636.4
pote.txt_4415,64.44444444,0,0,0,0.222222222,0,0,0,0,0,0,0,0,0.111111111,0.111111111,0,0,0.111111111,0.222222222,0,0.222222222,0,0,0,0,0,0,0,0,0.222222222,2.777777778,-2.236275464,-0.001983903,2.788888889,0.222222222,55.27777778,3.795013428,9,52,74,10,18,0,0,1127.21,24,35,734.7
pote.txt_339,56.22222222,0.022222222,0.133333333,0,0,0.022222222,0.133333333,0,0.066666667,0.066666667,0.022222222,0.022222222,0.044444444,0.044444444,0.088888889,0.155555556,0.066666667,0.044444444,0.066666667,0,0,0,0,0,0,0,0,0,0,0.022222222,2.844444444,9.697628671,0.001957187,2.928888889,0.355555556,69.50222222,10.84617615,45,201,351,75,57,7,0,4954.88,124,163,3740.4
pote.txt_9619,70.90909091,0,0,0,0,0,0,0,0,0,0.181818182,0,0,0,0,0.545454545,0,0,0,0.272727273,0,0,0,0,0,0,0,0,0,0.272727273,4.090909091,5.760041615,0.003310274,2.863636364,0.181818182,267.6363636,12.69892883,11,66,129,29,12,0,0,1740.05,37,39,1131.9
pote.txt_9425,91.81818182,0.121212121,0.060606061,0.03030303,0,0.060606061,0.03030303,0,0.03030303,0.121212121,0.151515152,0,0.03030303,0,0.03030303,0,0.181818182,0.121212121,0.03030303,0,0,0,0,0,0,0,0,0,0,0.060606061,2.575757576,2.737424391,0.000796931,2.612121212,0.454545455,24.35757576,9.307662964,33,150,253,39,48,2,0,3434.96,85,119,2521
pote.txt_11687,29.72222222,0,0.166666667,0,0.027777778,0.027777778,0.222222222,0,0.027777778,0.027777778,0.027777778,0,0.111111111,0.083333333,0.055555556,0.083333333,0.027777778,0,0.027777778,0,0.083333333,0,0,0,0,0,0,0,0,0.111111111,2.472222222,2.699480132,0.000697107,2.894444444,0.277777778,23.93333333,8.661827087,36,160,244,52,49,6,0,3872.405,96,130,2838
pote.txt_1497,113.75,0.125,0.083333333,0,0,0.083333333,0,0,0.041666667,0.166666667,0.125,0,0.041666667,0.041666667,0,0,0.041666667,0.125,0.125,0,0,0,0,0,0,0,0,0,0,0.083333333,2.625,3.73630363,0.001439135,2.491666667,0.583333333,6.995833333,9.701263428,24,120,203,29,30,2,0,2596.215,59,83,1735.1
pote.txt_423,98,0.266666667,0,0,0.066666667,0,0,0.2,0.066666667,0.133333333,0.066666667,0,0,0,0,0,0,0.066666667,0.066666667,0,0.066666667,0,0,0,0,0,0,0,0,0.066666667,2.666666667,1.021437638,0.000604791,2.8,0.466666667,46.29333333,8.519287109,15,86,121,23,20,0,0,1688.91,38,54,1165.9
pote.txt_4103,162.2222222,0.111111111,0,0,0,0,0,0,0,0.111111111,0.222222222,0,0,0.111111111,0,0.222222222,0,0,0.222222222,0,0,0,0,0,0,0,0,0,0,0,3,2.759082613,0.002624374,2.722222222,0.555555556,66.51111111,12.00839233,9,48,90,16,10,0,0,1051.33,23,30,711.1
pote.txt_12077,86.66666667,0,0,0,0,0,0,0.111111111,0,0.555555556,0.222222222,0,0,0,0.111111111,0,0,0,0,0,0,0,0,0,0,0,0,0,0,0,4.222222222,4.842280797,0.004208995,2.7,0.222222222,43.12222222,10.60253906,9,56,99,17,11,0,0,1150.46,25,34,771.1
pote.txt_10581,114.1666667,0.166666667,0,0,0,0.083333333,0,0,0,0.5,0.25,0,0,0,0,0,0,0,0,0,0,0,0,0,0,0,0,0,0,0.083333333,3.666666667,5.754107608,0.004064051,2.5,0.5,-19.13333333,10.6993103,12,69,126,18,13,0,0,1415.855,30,42,915.6
pote.txt_7079,135.5555556,0.111111111,0,0,0,0.055555556,0,0,0,0,0.277777778,0,0,0,0,0.444444444,0,0,0.055555556,0.055555556,0,0,0,0,0,0,0,0,0,0.111111111,3.611111111,7.760021615,0.003222687,2.888888889,0.5,133.1666667,12.8451004,18,104,192,42,19,0,0,2407.935,53,62,1672.8
pote.txt_11269,112.5,0.09375,0,0.03125,0.03125,0.0625,0.15625,0.03125,0.09375,0.09375,0.03125,0,0.0625,0,0,0.09375,0,0.03125,0.1875,0,0,0,0,0,0,0,0,0,0,0.0625,2.6875,3.848180023,0.001124533,2.79375,0.46875,-15.06875,11.00030518,32,157,258,48,40,0,0,3422.025,79,110,2507.5
pote.txt_9799,157.6190476,0,0.095238095,0,0,0,0.285714286,0,0.095238095,0.095238095,0.238095238,0,0,0,0,0,0.095238095,0,0.095238095,0,0,0,0,0,0,0,0,0,0,0,2.333333333,1.738301632,0.000874622,2.471428571,0.523809524,7.652380952,8.903701782,21,88,159,23,24,2,0,1987.49,48,69,1423.9
pote.txt_1317,93.04347826,0.043478261,0.043478261,0.043478261,0.02173913,0.043478261,0.173913043,0,0.108695652,0.173913043,0.02173913,0.043478261,0.043478261,0,0,0.043478261,0.043478261,0.02173913,0.130434783,0,0,0,0,0,0,0,0,0,0,0.043478261,2.826086957,6.73733961,0.001388027,2.713043478,0.434782609,-2.902173913,10.0328598,46,213,368,62,58,4,0,4853.895,114,163,3561.2
pote.txt_7173,133.6842105,0.105263158,0,0,0,0.105263158,0.105263158,0,0.105263158,0.105263158,0.210526316,0,0,0.052631579,0,0,0.105263158,0.052631579,0,0.052631579,0,0,0,0,0,0,0,0,0,0.157894737,2.526315789,1.758103612,0.000852422,2.289473684,0.526315789,27.30526316,10.00268555,19,97,161,21,23,0,0,2062.48,44,62,1317.4
pote.txt_8091,82,0.12,0.08,0.04,0,0,0.04,0,0.04,0.08,0.08,0,0,0.16,0.08,0.04,0.08,0.04,0.08,0,0.04,0,0,0,0,0,0,0,0,0.04,2.4,1.738413392,0.000657723,2.684,0.4,78.904,8.858947754,25,116,192,32,34,2,0,2643.08,63,88,1849.5
pote.txt_8847,95.13513514,0.162162162,0.054054054,0,0.027027027,0.054054054,0.108108108,0.027027027,0.054054054,0.162162162,0.108108108,0,0.081081081,0,0.054054054,0,0.027027027,0.027027027,0.054054054,0,0,0,0,0,0,0,0,0,0,0.054054054,2.702702703,4.824290278,0.001245759,2.705405405,0.486486486,8.113513514,9.788902283,37,175,288,50,47,2,0,3872.57,91,129,2820.6
pote.txt_8199,42.8,0.04,0.08,0,0.08,0.04,0.04,0,0.04,0.16,0,0.04,0,0.08,0.04,0.16,0.04,0.04,0.08,0.04,0,0,0,0,0,0,0,0,0,0.08,3.24,5.741884554,0.001892114,2.892,0.32,44.912,10.45348358,25,127,222,42,33,3,0,3034.64,70,93,2119.1
pote.txt_4461,156,0.1,0,0,0,0,0,0,0,0.3,0.3,0,0,0,0,0,0,0.1,0.1,0.1,0,0,0,0,0,0,0,0,0,0.1,3.2,2.757104611,0.002298497,2.28,0.5,15.7,10.30207825,10,54,103,13,12,0,0,1199.525,25,34,747.1
pote.txt_6595,148.8235294,0.058823529,0,0.058823529,0,0.058823529,0.235294118,0,0.117647059,0.117647059,0.117647059,0,0,0,0,0,0.058823529,0,0.176470588,0,0,0,0,0,0,0,0,0,0,0.058823529,2.411764706,0.759224373,0.000453805,2.5,0.529411765,13.94117647,8.591064453,17,78,133,19,21,0,0,1673.02,38,56,1186.1
pote.txt_4983,227.5,0,0,0,0,0,0.166666667,0,0.166666667,0.166666667,0.416666667,0,0,0,0,0,0.083333333,0,0,0,0,0,0,0,0,0,0,0,0,0,2.916666667,1.758103612,0.001386916,2.2,0.583333333,20.04166667,10.00268555,12,61,114,14,14,0,0,1267.635,27,39,831.9
pote.txt_7679,97.14285714,0.095238095,0.095238095,0,0,0,0.047619048,0,0,0,0.047619048,0,0,0,0,0.238095238,0,0,0.238095238,0.095238095,0.142857143,0,0,0,0,0,0,0,0,0.238095238,2.857142857,4.737252631,0.001770803,2.728571429,0.476190476,67.8047619,10.30036926,21,114,190,36,25,2,0,2675.2,59,73,1747.3
pote.txt_2037,75.48387097,0,0,0,0,0.193548387,0.096774194,0,0.193548387,0.322580645,0,0,0,0.032258065,0,0.096774194,0,0.064516129,0,0,0,0,0,0,0,0,0,0,0,0.193548387,3.516129032,12.7500816,0.003354587,2.570967742,0.387096774,-2.883870968,12.331604,31,187,308,50,34,0,0,3800.79,80,108,2443
pote.txt_7195,159.4736842,0.157894737,0,0,0,0.105263158,0,0.052631579,0.210526316,0.052631579,0.157894737,0,0.052631579,0.052631579,0,0,0.157894737,0,0,0,0,0,0,0,0,0,0,0,0,0.105263158,2.526315789,0.846276801,0.000411727,2.352631579,0.631578947,2.5,8.756835938,19,102,159,23,24,0,0,2055.43,44,63,1347
pote.txt_4729,98.18181818,0.272727273,0,0,0,0.181818182,0.090909091,0,0.090909091,0.181818182,0.090909091,0.090909091,0,0,0,0,0,0,0,0,0,0,0,0,0,0,0,0,0,0.181818182,2.727272727,1.758103612,0.001469372,2.390909091,0.727272727,-6.345454545,10.00268555,11,58,93,13,12,1,0,1196.5,24,36,773.6
pote.txt_11065,48.8,0.06,0.16,0,0.02,0.04,0.08,0.04,0.04,0.08,0.04,0,0.12,0.06,0.04,0.04,0.06,0.02,0.04,0.02,0.04,0,0,0,0,0,0,0,0,0.1,2.62,4.852038526,0.000871818,2.766,0.38,35.052,8.910057068,50,238,366,72,67,8,0,5565.425,134,182,3938.7
pote.txt_12121,69.52380952,0.047619048,0.142857143,0.047619048,0,0,0,0,0.047619048,0.142857143,0.047619048,0,0.047619048,0.095238095,0,0.19047619,0.047619048,0,0.095238095,0,0.047619048,0,0,0,0,0,0,0,0,0.047619048,3.095238095,5.727483401,0.002285472,2.89047619,0.380952381,56.68095238,10.08060455,21,106,185,37,27,3,0,2506.04,60,78,1762.1
pote.txt_11785,60,0.038461538,0.230769231,0,0.038461538,0.076923077,0.153846154,0,0.038461538,0.038461538,0.076923077,0,0.038461538,0.038461538,0,0,0.038461538,0.115384615,0.038461538,0,0.038461538,0,0,0,0,0,0,0,0,0.115384615,2.230769231,-0.298491866,-0.000110914,2.596153846,0.5,4.919230769,5.9609375,26,114,176,28,35,6,0,2691.205,66,93,1845.7
pote.txt_2719,0,0,0,0,0.142857143,0,0,0,0,0,0,0.428571429,0,0.071428571,0.214285714,0.142857143,0,0,0,0,0,0,0,0,0,0,0,0,0,0,3.928571429,-0.234297462,-0.000126151,2.785714286,0.428571429,46.12857143,6.143798828,14,72,125,23,22,6,0,1857.275,37,57,1356.9
pote.txt_977,132,0.2,0.1,0,0,0.05,0.05,0,0.2,0.15,0.05,0.05,0,0.05,0,0,0,0.05,0.05,0,0,0,0,0,0,0,0,0,0,0.05,2.55,2.737302631,0.001308659,2.43,0.7,21.055,9.390174866,20,96,167,23,22,3,0,2091.685,46,67,1377.6
pote.txt_11999,195,0,0,0,0,0,0,0,0.5,0.25,0,0,0,0,0,0.25,0,0,0,0,0,0,0,0,0,0,0,0,0,0,4,5.757074611,0.003714182,2.65,0.5,-26.20833333,12.31056213,12,72,140,24,13,0,0,1550.025,33,42,1031.7
pote.txt_2331,73.5,0.15,0,0,0,0.05,0.05,0.1,0,0.05,0.15,0,0,0.2,0,0.25,0,0,0,0,0,0,0,0,0,0,0,0,0,0.05,2.8,5.93340099,0.002528332,2.93,0.35,110.86,12.60343933,20,112,176,40,21,0,0,2346.765,53,68,1616.9
pote.txt_4353,78,0.1,0,0.1,0.1,0.1,0.1,0,0.1,0.1,0,0,0,0,0,0,0.1,0.1,0.1,0,0,0,0,0,0,0,0,0,0,0.1,2.6,-1.236966164,-0.001160201,2.72,0.4,0.51,4.370300293,10,47,75,11,17,0,0,1066.165,25,37,775
pote.txt_2441,30.85714286,0.085714286,0.142857143,0.057142857,0.057142857,0.028571429,0.114285714,0,0.028571429,0.057142857,0.028571429,0,0.114285714,0.057142857,0,0.057142857,0.057142857,0.057142857,0,0,0.057142857,0,0,0,0,0,0,0,0,0.085714286,2.514285714,-0.285556894,-7.60E-05,2.902857143,0.314285714,16.21142857,6.178833008,35,153,237,47,54,5,0,3759.15,95,132,2817.3
pote.txt_3683,0,0,0,0,0,0,0,0,0,0,0,0,0,0,0,0.714285714,0,0,0,0.285714286,0,0,0,0,0,0,0,0,0,0.285714286,4.428571429,4.760051615,0.004063731,3.314285714,0,335.8857143,12.60205078,7,42,84,22,8,0,0,1171.35,26,26,798.2
pote.txt_8923,45.12820513,0.051282051,0.153846154,0.025641026,0.076923077,0.025641026,0.076923077,0,0.051282051,0.076923077,0.051282051,0,0.025641026,0.025641026,0.025641026,0.179487179,0.025641026,0.051282051,0,0,0.076923077,0,0,0,0,0,0,0,0,0.102564103,3.076923077,5.704183815,0.001227128,2.964102564,0.333333333,56.42307692,9.301361084,39,194,317,65,56,6,0,4648.4,113,149,3349.6
pote.txt_1881,94.57142857,0.085714286,0,0.028571429,0.028571429,0.028571429,0.2,0.028571429,0.085714286,0.142857143,0.028571429,0.028571429,0,0.028571429,0.028571429,0.057142857,0.057142857,0,0.142857143,0,0,0,0,0,0,0,0,0,0,0.028571429,2.657142857,4.846192021,0.001349441,2.794285714,0.4,34.08571429,10.56504822,35,162,273,49,43,1,0,3591.26,85,121,2673.6
pote.txt_10959,100.25,0.2,0,0.025,0.025,0,0.125,0.025,0.125,0.1,0.025,0,0.025,0,0.1,0.075,0.025,0.05,0.075,0,0,0,0,0,0,0,0,0,0,0,2.675,4.847181022,0.001174589,2.8975,0.425,10.21,11.06887817,40,180,310,60,53,0,0,4126.705,101,140,3208.6
pote.txt_3241,75,0.75,0,0,0,0,0,0,0,0,0,0,0,0,0,0.25,0,0,0,0,0,0,0,0,0,0,0,0,0,0,2,0.760091614,0.001961906,3.3,0.75,7.5,9.748046875,4,15,29,7,5,0,0,387.425,10,13,317.9
pote.txt_9663,0,0,0,0,0,0.5,0,0,0,0,0,0,0,0,0,0.5,0,0,0,0,0,0,0,0,0,0,0,0,0,0.5,4,7.760021615,0.003173969,2.85,0.5,152.575,12.8451004,16,120,170,40,17,0,0,2444.895,48,56,1530.4
pote.txt_10241,128.4210526,0.105263158,0,0,0,0.105263158,0.105263158,0,0.157894737,0.105263158,0.105263158,0.052631579,0.052631579,0.052631579,0,0,0.105263158,0,0.052631579,0,0,0,0,0,0,0,0,0,0,0.105263158,2.578947368,1.758103612,0.000876226,2.410526316,0.578947368,4,10.00268555,19,95,156,22,23,1,0,2006.45,43,63,1349.3
pote.txt_10305,28.82352941,0.058823529,0.235294118,0,0,0.058823529,0.058823529,0,0.058823529,0.058823529,0,0,0,0,0,0.294117647,0,0,0,0.058823529,0.117647059,0,0,0,0,0,0,0,0,0.235294118,3.235294118,5.717450651,0.002551625,2.888235294,0.411764706,75.78823529,9.931015015,17,92,151,33,20,4,0,2240.71,52,63,1486
pote.txt_3825,0,0,0,0,0,0,0,0,0,0,0,0,0,0,0,0.428571429,0,0,0,0.571428571,0,0,0,0,0,0,0,0,0,0.571428571,3.857142857,2.760071614,0.002241428,2.428571429,0,254.0571429,12.30105591,7,42,82,16,8,0,0,1231.39,24,24,700.4
pote.txt_1167,102.972973,0.135135135,0.054054054,0,0.054054054,0.027027027,0.108108108,0,0.081081081,0.162162162,0.108108108,0.027027027,0.027027027,0,0.027027027,0,0.027027027,0.108108108,0.054054054,0,0,0,0,0,0,0,0,0,0,0.027027027,2.702702703,3.739926552,0.000974541,2.662162162,0.486486486,-3.848648649,9.514396667,37,169,295,45,49,3,0,3837.63,91,131,2787.7
pote.txt_7439,34,0,0.2,0,0,0,0.1,0,0,0.05,0.05,0,0,0.1,0.05,0.25,0,0.05,0.05,0,0.1,0,0,0,0,0,0,0,0,0.1,2.95,5.717450651,0.002366588,2.99,0.3,43.56,9.931015015,20,100,167,37,25,4,0,2415.905,59,74,1695.1
pote.txt_4633,124.5454545,0.181818182,0,0.090909091,0,0.090909091,0,0,0.181818182,0,0.090909091,0,0,0,0,0.363636364,0,0,0,0,0,0,0,0,0,0,0,0,0,0.090909091,3.363636364,2.761182376,0.00199129,2.909090909,0.545454545,37.25454545,12.00000763,11,61,107,23,14,0,0,1386.63,31,39,992.8
pote.txt_4721,212.7272727,0,0,0,0,0,0,0,0.090909091,0.090909091,0.454545455,0,0,0,0,0.090909091,0.181818182,0.090909091,0,0,0,0,0,0,0,0,0,0,0,0,3.090909091,1.759092613,0.001399927,2.318181818,0.545454545,1.372727273,11.00073242,11,58,109,15,15,0,0,1256.56,28,38,847.9
pote.txt_3793,0,0,0,0,0,0,0,0,0,0,0,0,0,0,0,0.571428571,0,0,0,0.428571429,0,0,0,0,0,0,0,0,0,0.428571429,4.142857143,3.760061615,0.003129811,2.871428571,0,335.8857143,12.4770813,7,42,83,19,8,0,0,1201.37,25,25,749.3
pote.txt_535,57.77777778,0,0,0.037037037,0.074074074,0.185185185,0,0.037037037,0,0.037037037,0.148148148,0,0,0.111111111,0.111111111,0.185185185,0.037037037,0,0,0.037037037,0,0,0,0,0,0,0,0,0,0.222222222,3.37037037,2.852968487,0.00079802,2.662962963,0.333333333,120.1333333,11.41772461,27,167,250,48,38,0,0,3575.06,74,98,2322.6
pote.txt_4771,70.90909091,0,0,0,0.090909091,0.090909091,0.090909091,0.181818182,0,0.090909091,0.181818182,0,0,0.090909091,0,0,0.090909091,0,0,0,0.090909091,0,0,0,0,0,0,0,0,0.181818182,2.818181818,-0.064737549,-4.88E-05,2.609090909,0.272727273,49.4,6.919891357,11,69,90,16,16,0,0,1327.48,28,40,844
pote.txt_7699,50.95238095,0,0,0,0,0.095238095,0.047619048,0.047619048,0.047619048,0.238095238,0.047619048,0,0.047619048,0,0.047619048,0.142857143,0,0.047619048,0.047619048,0.142857143,0,0,0,0,0,0,0,0,0,0.238095238,3.619047619,7.842250798,0.002758073,2.628571429,0.238095238,90.82857143,12.3167572,21,125,211,39,25,0,0,2843.38,60,75,1835.2
pote.txt_9729,138.3333333,0.083333333,0,0,0,0,0.083333333,0.083333333,0.166666667,0.25,0.166666667,0,0.083333333,0,0,0,0,0,0,0.083333333,0,0,0,0,0,0,0,0,0,0.083333333,3.166666667,2.844278799,0.002001977,2.441666667,0.416666667,-0.633333333,10.30207825,12,66,114,18,14,0,0,1420.735,30,41,924.8
pote.txt_10333,89.09090909,0.181818182,0,0,0,0.045454545,0.181818182,0,0.045454545,0.045454545,0.136363636,0,0,0,0,0.227272727,0.045454545,0,0,0.045454545,0.045454545,0,0,0,0,0,0,0,0,0.136363636,2.772727273,5.758053613,0.002325655,2.863636364,0.409090909,25.65454545,12.18083954,22,107,184,38,25,0,0,2475.885,58,74,1798.5
pote.txt_6693,46.47058824,0.235294118,0.117647059,0.058823529,0,0.058823529,0.176470588,0.058823529,0,0,0.058823529,0,0.058823529,0,0,0.117647059,0.058823529,0,0,0,0,0,0,0,0,0,0,0,0,0.058823529,2.235294118,0.828574583,0.00048572,2.970588235,0.470588235,69.70588235,8.081573486,17,71,108,26,22,2,0,1705.87,44,60,1336.9
pote.txt_43,190,0.05,0,0,0,0,0.25,0,0.05,0.1,0.35,0,0,0.05,0,0,0.05,0,0.1,0,0,0,0,0,0,0,0,0,0,0,2.35,1.758103612,0.000916436,2.37,0.55,12.565,10.00268555,20,91,164,22,22,0,0,1918.415,43,63,1324.3
pote.txt_2565,97.5,0,0,0,0,0.166666667,0,0,0.166666667,0.416666667,0.083333333,0,0,0,0,0.083333333,0,0,0,0.083333333,0,0,0,0,0,0,0,0,0,0.25,4,5.755096609,0.003519732,2.35,0.416666667,-2.866666667,11.38845825,12,78,136,20,13,0,0,1635.095,32,42,970.1
pote.txt_1229,33.2,0.06,0.16,0.02,0.04,0.02,0.1,0.04,0.02,0.04,0.02,0,0.04,0.04,0.04,0.06,0.12,0.04,0.04,0.02,0.08,0,0,0,0,0,0,0,0,0.12,2.52,1.855959749,0.000335727,2.844,0.32,31.042,8.196395874,50,232,347,69,73,8,0,5528.175,138,187,3991.8
pote.txt_9043,44.31818182,0.068181818,0.136363636,0.022727273,0.045454545,0.022727273,0.136363636,0.022727273,0.022727273,0.068181818,0.022727273,0,0.113636364,0,0,0.068181818,0.068181818,0.022727273,0.068181818,0.045454545,0.045454545,0,0,0,0,0,0,0,0,0.113636364,2.613636364,2.789586542,0.000574169,2.859090909,0.340909091,36.89545455,8.650184631,44,197,313,63,62,6,0,4858.475,120,162,3572
pote.txt_2847,76.66666667,0.095238095,0.142857143,0.023809524,0,0.047619048,0.095238095,0.047619048,0,0.119047619,0.119047619,0,0.071428571,0,0,0.071428571,0.047619048,0.023809524,0.071428571,0,0.023809524,0,0,0,0,0,0,0,0,0.071428571,2.714285714,6.870140805,0.001497916,2.752380952,0.476190476,34.24761905,9.500190735,42,202,323,63,52,6,0,4586.465,111,151,3293.1
pote.txt_3929,0,0,0,0,0,0,0,0.142857143,0,0,0,0,0.142857143,0.142857143,0.285714286,0.142857143,0,0.142857143,0,0,0,0,0,0,0,0,0,0,0,0,3.142857143,0.847265803,0.000962901,3.2,0,-0.271428571,9.754882813,7,38,57,15,12,0,0,879.91,21,27,670.9
pote.txt_2573,154.1666667,0.166666667,0,0,0,0,0,0,0.166666667,0,0,0,0,0,0,0.416666667,0,0,0.25,0,0,0,0,0,0,0,0,0,0,0,3.25,4.760051615,0.003249615,3.108333333,0.583333333,49.825,12.60205078,12,63,121,27,13,0,0,1464.805,34,41,1083.1
pote.txt_1331,105.4054054,0.054054054,0.054054054,0,0.054054054,0.027027027,0.162162162,0,0.081081081,0.162162162,0.135135135,0.027027027,0,0,0.054054054,0,0,0.135135135,0.054054054,0,0,0,0,0,0,0,0,0,0,0.027027027,2.783783784,3.739926552,0.000963968,2.618918919,0.432432432,6.602702703,9.514396667,37,172,301,45,49,3,0,3879.72,91,131,2787.7
pote.txt_4335,49,0.1,0.1,0.2,0.1,0,0,0,0,0.1,0.1,0,0.1,0,0,0,0,0.1,0,0,0.1,0,0,0,0,0,0,0,0,0.1,2.9,-2.246745394,-0.00191827,2.79,0.3,0.51,4.028022766,10,48,74,12,20,1,0,1171.235,28,41,856.4
pote.txt_11951,33.33333333,0.333333333,0,0,0,0,0,0,0,0.333333333,0,0,0,0.333333333,0,0,0,0,0,0,0,0,0,0,0,0,0,0,0,0,2.333333333,0.759102613,0.002414602,2.833333333,0.333333333,45.73333333,8.75,3,14,26,4,4,0,0,314.38,7,10,201.9
pote.txt_10249,132.7272727,0.090909091,0,0.045454545,0.090909091,0,0.045454545,0,0.090909091,0.090909091,0.090909091,0,0.045454545,0,0,0.090909091,0.090909091,0,0.181818182,0.045454545,0,0,0,0,0,0,0,0,0,0.045454545,2.909090909,0.764825297,0.00030804,2.731818182,0.454545455,19.51818182,8.588928223,22,106,189,31,32,0,0,2482.875,57,79,1786.2
pote.txt_3405,65,0,0,0,0,0.166666667,0,0.166666667,0.166666667,0,0,0,0,0,0,0.166666667,0,0,0,0.333333333,0,0,0,0,0,0,0,0,0,0.5,3.333333333,0.847265803,0.000897456,2.133333333,0.333333333,124.3666667,9.754882813,6,42,63,11,7,0,0,944.075,17,20,504.8
pote.txt_1625,91.29032258,0.096774194,0.064516129,0.032258065,0.064516129,0.032258065,0.064516129,0,0.096774194,0.161290323,0.064516129,0,0.064516129,0.064516129,0,0,0.064516129,0.032258065,0.064516129,0.032258065,0,0,0,0,0,0,0,0,0,0.064516129,2.709677419,1.742046314,0.00051832,2.638709677,0.419354839,54.14516129,8.787597656,31,146,248,38,43,2,0,3360.95,78,111,2341.5
pote.txt_9989,90.71428571,0.107142857,0.071428571,0.071428571,0,0,0.107142857,0,0.035714286,0.142857143,0.142857143,0.071428571,0.071428571,0,0.035714286,0,0,0.107142857,0.035714286,0,0,0,0,0,0,0,0,0,0,0,2.75,1.738545152,0.000591641,2.628571429,0.464285714,2.428571429,8.821243286,28,123,217,35,39,4,0,2938.515,70,102,2193.4
pote.txt_987,162,0,0,0,0,0,0.066666667,0,0.2,0.333333333,0.066666667,0,0.066666667,0,0,0,0,0,0.2,0.066666667,0,0,0,0,0,0,0,0,0,0.066666667,3.333333333,4.755106609,0.002692159,2.413333333,0.466666667,-14.96,10.60253906,15,81,153,21,17,0,0,1766.28,37,51,1138
pote.txt_10175,30,0,0.076923077,0,0,0.076923077,0,0.076923077,0,0.384615385,0.076923077,0,0,0.076923077,0,0.076923077,0,0,0,0,0.153846154,0,0,0,0,0,0,0,0,0.230769231,3.692307692,5.830371805,0.003352426,2.692307692,0.230769231,2.4,10.13924408,13,86,131,23,16,1,0,1739.15,37,49,1073.9
pote.txt_9317,79.09090909,0,0,0,0,0.181818182,0,0,0,0.545454545,0,0,0,0,0,0,0,0,0.272727273,0,0,0,0,0,0,0,0,0,0,0.181818182,3.818181818,5.754107608,0.004173212,2.536363636,0.454545455,-36.29090909,10.6993103,11,69,119,17,12,0,0,1378.82,28,39,852.3
pote.txt_5003,81.66666667,0.166666667,0,0,0,0.083333333,0,0,0.083333333,0.083333333,0.083333333,0,0.083333333,0,0,0,0.166666667,0.083333333,0,0.166666667,0,0,0,0,0,0,0,0,0,0.25,2.583333333,0.759102613,0.000533229,2.366666667,0.416666667,19.45,8.75,12,59,100,14,17,0,0,1423.595,31,41,920.8
pote.txt_7025,32.22222222,0,0,0.055555556,0.055555556,0.111111111,0,0.111111111,0,0.222222222,0,0.055555556,0.111111111,0,0.055555556,0.111111111,0,0,0.111111111,0,0,0,0,0,0,0,0,0,0,0.111111111,3.722222222,3.93436521,0.001680128,2.927777778,0.277777778,37.3,10.44680786,18,109,165,35,26,1,0,2341.705,51,70,1659
pote.txt_9643,111.4285714,0.107142857,0,0.071428571,0,0.035714286,0.178571429,0,0.035714286,0.142857143,0.142857143,0,0,0,0.071428571,0,0.035714286,0.071428571,0.107142857,0,0,0,0,0,0,0,0,0,0,0.035714286,2.571428571,1.758347132,0.000624574,2.635714286,0.428571429,-5.35,9.52822876,28,126,216,34,38,0,0,2815.275,67,97,2098.1
pote.txt_4871,106.3636364,0,0,0,0,0,0,0,0.181818182,0.181818182,0.090909091,0.090909091,0,0,0,0.363636364,0,0,0,0,0.090909091,0,0,0,0,0,0,0,0,0.090909091,4.181818182,5.757064612,0.003755571,2.9,0.363636364,86.01818182,12.01255798,11,68,125,25,13,1,0,1532.94,33,41,1052.7
pote.txt_7253,0,0,0,0,0.25,0,0.375,0,0,0,0,0,0,0,0.25,0,0,0,0,0,0.125,0,0,0,0,0,0,0,0,0.125,2.75,-2.235276463,-0.002578664,3.1875,0,53.5375,3.795013428,8,35,50,10,16,0,0,866.835,21,31,687.5
pote.txt_7381,63.5,0.05,0.2,0,0,0.05,0.15,0.05,0,0.05,0.15,0,0,0,0,0,0.15,0,0,0,0.15,0,0,0,0,0,0,0,0,0.2,2.35,0.803675838,0.000369415,2.55,0.45,5.255,7.875427246,20,99,139,23,27,4,0,2175.535,52,72,1446.5
pote.txt_10833,24.16666667,0,0,0,0,0.083333333,0,0,0,0.166666667,0,0,0,0.166666667,0,0,0.083333333,0.166666667,0.083333333,0.25,0,0,0,0,0,0,0,0,0,0.333333333,2.666666667,1.758103612,0.001124967,2.25,0.166666667,21.66666667,10.00268555,12,65,110,14,16,0,0,1562.805,32,41,891.9
pote.txt_8561,97.33333333,0.066666667,0,0,0,0.033333333,0.2,0.033333333,0.066666667,0.166666667,0.066666667,0,0.033333333,0,0,0.1,0,0,0.133333333,0.066666667,0.033333333,0,0,0,0,0,0,0,0,0.133333333,2.866666667,7.841251797,0.002309589,2.7,0.366666667,25.85333333,11.76368713,30,153,259,47,33,0,0,3395.085,76,101,2346.4
pote.txt_3697,0,0,0,0,0,0,0,0,0,0,0,0,0,0,0,0.571428571,0,0,0,0.428571429,0,0,0,0,0,0,0,0,0,0.428571429,4.142857143,3.760061615,0.003129811,2.871428571,0,335.8857143,12.4770813,7,42,83,19,8,0,0,1201.37,25,25,749.3
pote.txt_12053,104.2857143,0.071428571,0,0,0,0.071428571,0.071428571,0.071428571,0.071428571,0.285714286,0.071428571,0,0,0.071428571,0,0,0.071428571,0,0.142857143,0,0,0,0,0,0,0,0,0,0,0.071428571,2.928571429,3.843279798,0.00247646,2.592857143,0.428571429,29.45714286,10.4777832,14,77,126,20,16,0,0,1551.925,34,48,1025.2
pote.txt_10539,140,0.285714286,0,0,0,0.071428571,0,0,0,0.357142857,0.285714286,0,0,0,0,0,0,0,0,0,0,0,0,0,0,0,0,0,0,0.071428571,3.142857143,4.755106609,0.003081758,2.464285714,0.642857143,-8.907142857,10.60253906,14,75,135,19,15,0,0,1542.985,33,47,1016.2
pote.txt_11143,68.2,0.02,0.12,0.02,0,0.06,0.12,0.04,0.06,0.04,0.08,0,0.04,0.16,0.02,0.1,0.04,0.02,0.04,0,0.02,0,0,0,0,0,0,0,0,0.08,2.48,5.873117809,0.001071642,2.698,0.38,30.62,9.426971436,50,248,382,74,60,6,0,5480.485,128,174,3738.9
pote.txt_6819,97.5,0.0625,0,0,0,0.0625,0.0625,0.0625,0,0.25,0.1875,0,0,0.0625,0,0,0.1875,0,0.0625,0,0,0,0,0,0,0,0,0,0,0.0625,2.875,3.843279798,0.002208661,2.59375,0.375,32.33125,10.4777832,16,84,138,22,20,0,0,1740.095,40,56,1192.4
pote.txt_9143,46.95652174,0.130434783,0.152173913,0.065217391,0.02173913,0.02173913,0.086956522,0.02173913,0.065217391,0.086956522,0.02173913,0,0.065217391,0.086956522,0.02173913,0,0.043478261,0.086956522,0,0,0.02173913,0,0,0,0,0,0,0,0,0.043478261,2.326086957,-0.220853388,-4.68E-05,2.763043478,0.391304348,46.1326087,6.698364258,46,198,310,56,66,7,0,4719.345,119,169,3459.2
pote.txt_1941,80.68965517,0,0,0.103448276,0.034482759,0.137931034,0.034482759,0,0.137931034,0.068965517,0.068965517,0,0.068965517,0,0,0.310344828,0.034482759,0,0,0,0,0,0,0,0,0,0,0,0,0.137931034,3.689655172,6.764186358,0.00178269,2.924137931,0.344827586,16.48275862,11.90788269,29,168,278,60,41,0,0,3794.37,85,109,2726.5
pote.txt_4067,0,0,0,0,0,0,0.142857143,0,0,0,0,0,0.428571429,0,0,0,0.285714286,0,0,0,0.142857143,0,0,0,0,0,0,0,0,0.142857143,2.428571429,-0.240897387,-0.000319192,3.128571429,0,-3.557142857,5.5234375,7,29,42,10,14,0,0,754.71,20,27,632.1
pote.txt_1395,97.61904762,0.047619048,0,0.047619048,0.047619048,0.047619048,0.095238095,0,0.142857143,0.142857143,0.095238095,0,0.095238095,0,0.047619048,0.047619048,0.047619048,0.047619048,0,0.047619048,0,0,0,0,0,0,0,0,0,0.095238095,3.095238095,1.761025834,0.000724172,2.652380952,0.333333333,0.585714286,9.699768066,21,105,180,30,31,0,0,2431.78,55,76,1731.9
pote.txt_11055,27.0212766,0.042553191,0.170212766,0.021276596,0.021276596,0.042553191,0.14893617,0,0.042553191,0.085106383,0,0.021276596,0.063829787,0.042553191,0.085106383,0.127659574,0.042553191,0,0.021276596,0.021276596,0,0,0,0,0,0,0,0,0,0.063829787,2.85106383,7.680768913,0.001466045,2.927659574,0.340425532,86.9212766,9.490631104,47,207,348,76,61,9,0,5239.11,130,173,3903.3
pote.txt_9221,33.87755102,0.06122449,0.163265306,0.020408163,0.040816327,0.020408163,0.102040816,0.040816327,0.020408163,0.040816327,0.020408163,0,0.040816327,0.040816327,0.040816327,0.040816327,0.12244898,0.040816327,0.040816327,0.020408163,0.081632653,0,0,0,0,0,0,0,0,0.12244898,2.469387755,0.855969749,0.000159339,2.816326531,0.326530612,33.01020408,7.709014893,49,226,335,65,72,8,0,5371.99,134,183,3863.8
pote.txt_2445,73.55555556,0.022222222,0.111111111,0.022222222,0.044444444,0.088888889,0.066666667,0,0.022222222,0.044444444,0.111111111,0.022222222,0.066666667,0.022222222,0.022222222,0.066666667,0.111111111,0.022222222,0.066666667,0.044444444,0.022222222,0,0,0,0,0,0,0,0,0.155555556,2.777777778,1.714311346,0.000329039,2.591111111,0.444444444,46.60888889,8.415039063,45,222,354,60,63,6,0,5210.05,119,163,3568.5
pote.txt_2485,60,0,0,0,0,0.076923077,0,0,0.076923077,0.076923077,0.076923077,0,0,0.230769231,0,0.153846154,0,0,0,0.307692308,0,0,0,0,0,0,0,0,0,0.384615385,3,2.759082613,0.001476859,2.153846154,0.230769231,91.09230769,12.00839233,13,78,134,20,14,0,0,1868.21,35,42,999.5
pote.txt_879,60,0,0.153846154,0,0,0.153846154,0,0,0.076923077,0.076923077,0.076923077,0.076923077,0,0.076923077,0,0.153846154,0.153846154,0,0,0,0,0,0,0,0,0,0,0,0,0.153846154,3.076923077,2.739280633,0.00172502,2.553846154,0.538461538,111.2538462,9.695922852,13,70,114,20,16,3,0,1587.97,35,47,1032.2
pote.txt_10313,17.05882353,0,0.235294118,0,0,0.058823529,0.117647059,0,0,0.058823529,0,0,0,0,0,0.294117647,0,0,0.058823529,0.058823529,0.117647059,0,0,0,0,0,0,0,0,0.235294118,3.176470588,5.717450651,0.00258396,2.935294118,0.352941176,25.47647059,9.931015015,17,90,147,33,20,4,0,2212.67,52,63,1486
pote.txt_9453,45.88235294,0,0.117647059,0,0.058823529,0.058823529,0.058823529,0,0,0.117647059,0.117647059,0.058823529,0.058823529,0.058823529,0.058823529,0.117647059,0.058823529,0,0,0,0.058823529,0,0,0,0,0,0,0,0,0.117647059,3.235294118,2.740093093,0.001321501,2.770588235,0.352941176,11.31176471,9.387825012,17,89,145,27,24,3,0,2073.47,47,64,1434.5
pote.txt_1213,133.75,0.083333333,0.083333333,0,0,0.041666667,0.083333333,0,0.041666667,0.041666667,0.125,0,0.041666667,0.083333333,0,0.083333333,0,0.083333333,0.208333333,0,0,0,0,0,0,0,0,0,0,0.041666667,2.375,2.739280633,0.001083951,2.591666667,0.583333333,26.9875,9.695922852,24,114,196,32,28,2,0,2527.125,58,80,1731.9
pote.txt_8057,40.41666667,0,0.083333333,0,0,0.083333333,0.125,0,0,0.166666667,0.041666667,0.041666667,0,0.041666667,0.041666667,0.083333333,0,0.041666667,0.083333333,0.041666667,0.125,0,0,0,0,0,0,0,0,0.25,3.041666667,5.733286627,0.001937193,2.604166667,0.333333333,10.60833333,9.925193787,24,134,209,35,30,3,0,2959.585,64,86,1905.6
pote.txt_6565,140,0,0,0,0,0,0,0,0.125,0.125,0.1875,0,0.0625,0,0,0.125,0,0,0.0625,0.3125,0,0,0,0,0,0,0,0,0,0.3125,3.4375,3.758083612,0.001636244,2.09375,0.375,56.43125,12.01651001,16,93,175,25,18,0,0,2296.775,44,53,1315.9
pote.txt_1071,20,0,0.206896552,0,0.034482759,0.034482759,0.24137931,0,0,0.068965517,0,0.034482759,0,0.068965517,0.034482759,0.068965517,0.068965517,0,0.068965517,0,0.068965517,0,0,0,0,0,0,0,0,0.103448276,2.413793103,2.699490132,0.000889864,2.84137931,0.344827586,22.29310345,8.661933899,29,124,194,38,37,7,0,3033.6,76,105,2182
pote.txt_1869,86.95652174,0.065217391,0.043478261,0.043478261,0.043478261,0.065217391,0.195652174,0,0.108695652,0.173913043,0.065217391,0.043478261,0.02173913,0,0,0.02173913,0.02173913,0.043478261,0.043478261,0,0,0,0,0,0,0,0,0,0,0.065217391,2.804347826,4.740160072,0.000981029,2.656521739,0.434782609,-2.110869565,9.627990723,46,215,362,58,59,4,0,4831.825,112,163,3491.5
pote.txt_7827,118.6956522,0.086956522,0,0,0.043478261,0,0.086956522,0.043478261,0,0.217391304,0.217391304,0,0,0,0,0.043478261,0,0.086956522,0.086956522,0.043478261,0.043478261,0,0,0,0,0,0,0,0,0.086956522,3.043478261,4.844082259,0.001825737,2.6,0.391304348,14.32608696,10.29529572,23,123,211,33,29,0,0,2653.22,59,81,1793.7
pote.txt_4137,32.22222222,0,0,0,0,0,0,0,0,0.111111111,0,0,0.111111111,0,0,0.333333333,0,0,0.111111111,0.333333333,0,0,0,0,0,0,0,0,0,0.333333333,3.777777778,3.759072613,0.002711,2.733333333,0.111111111,13.16666667,12.30426025,9,51,98,20,11,0,0,1386.6,29,32,879.9
pote.txt_841,28.82352941,0.058823529,0.117647059,0,0,0,0.117647059,0,0,0.176470588,0.058823529,0,0,0.176470588,0,0.058823529,0.058823529,0.058823529,0,0.058823529,0.058823529,0,0,0,0,0,0,0,0,0.117647059,2.529411765,3.73629363,0.001974514,2.705882353,0.235294118,25.55882353,9.699447632,17,80,135,23,21,2,0,1892.26,45,60,1255.5
pote.txt_3021,59.44444444,0,0,0,0,0.111111111,0.111111111,0.055555556,0.055555556,0.222222222,0.055555556,0,0,0,0.055555556,0.055555556,0,0.055555556,0.055555556,0.055555556,0.111111111,0,0,0,0,0,0,0,0,0.277777778,3.277777778,4.841271797,0.002105152,2.555555556,0.277777778,8.689444444,10.29529572,18,111,168,28,23,0,0,2299.725,48,64,1456.2
pote.txt_5583,217.6923077,0.076923077,0,0,0,0.076923077,0.076923077,0,0.153846154,0.076923077,0.384615385,0,0,0.076923077,0,0,0.076923077,0,0,0,0,0,0,0,0,0,0,0,0,0.076923077,2.615384615,0.759102613,0.000543081,2.092307692,0.692307692,10.98461538,8.75,13,70,120,14,15,0,0,1397.77,28,41,855.2
pote.txt_7217,76.84210526,0.052631579,0,0,0,0.157894737,0,0,0,0.315789474,0.105263158,0,0,0,0,0.210526316,0.052631579,0,0.105263158,0,0,0,0,0,0,0,0,0,0,0.157894737,3.789473684,9.754067609,0.004004034,2.789473684,0.421052632,42.88421053,12.48840332,19,115,199,37,21,0,0,2436.06,53,68,1637.8
pote.txt_7843,131.3043478,0,0,0,0,0.086956522,0.173913043,0.260869565,0.217391304,0.043478261,0.086956522,0,0,0,0,0,0.086956522,0,0.043478261,0,0,0,0,0,0,0,0,0,0,0.086956522,2.608695652,1.282147743,0.000501438,2.52173913,0.434782609,57.34347826,8.790161133,23,139,182,36,26,0,0,2556.94,55,78,1694.7
pote.txt_7691,106.6666667,0,0,0,0,0,0.047619048,0,0.095238095,0.333333333,0.142857143,0,0,0,0,0.238095238,0,0.047619048,0.047619048,0.047619048,0,0,0,0,0,0,0,0,0,0.047619048,3.952380952,11.75305861,0.004344232,2.828571429,0.285714286,41.28095238,12.6114502,21,119,231,43,23,0,0,2705.44,61,76,1870.9
pote.txt_4659,141.8181818,0,0,0,0,0.090909091,0,0,0.090909091,0.363636364,0.272727273,0,0,0,0,0,0,0,0,0.090909091,0.090909091,0,0,0,0,0,0,0,0,0.272727273,3.727272727,3.755106609,0.002537423,2.1,0.454545455,-10.21818182,10.17684174,11,72,123,15,13,0,0,1479.89,28,38,836.4
pote.txt_9405,74.28571429,0,0,0,0,0.047619048,0.047619048,0.047619048,0.142857143,0.047619048,0.047619048,0,0,0.19047619,0,0.19047619,0.142857143,0.047619048,0,0,0.047619048,0,0,0,0,0,0,0,0,0.095238095,2.80952381,4.845237801,0.001954608,2.8,0.238095238,62.04761905,12.00844574,21,116,184,36,27,0,0,2478.88,57,74,1688.3
pote.txt_201,48.75,0.03125,0.1875,0,0.03125,0.03125,0.125,0,0.03125,0,0.0625,0,0,0,0,0.25,0.0625,0.0625,0.03125,0,0.09375,0,0,0,0,0,0,0,0,0.125,2.875,6.700429133,0.001778984,2.984375,0.375,15.96875,9.689567566,32,155,254,56,42,6,0,3766.435,94,119,2729
pote.txt_1681,121.3793103,0.172413793,0,0.034482759,0,0,0.068965517,0,0.103448276,0.24137931,0.137931034,0.034482759,0,0.034482759,0,0,0.068965517,0.068965517,0.034482759,0,0,0,0,0,0,0,0,0,0,0,2.793103448,5.754229368,0.00192083,2.586206897,0.482758621,-5.396551724,10.39831543,29,136,248,36,36,1,0,2995.7,70,101,2147.9
pote.txt_8043,130,0.083333333,0,0,0,0.041666667,0.083333333,0.083333333,0.125,0.208333333,0.125,0,0.083333333,0,0.083333333,0,0,0,0.083333333,0,0,0,0,0,0,0,0,0,0,0.041666667,3.083333333,4.929454986,0.001826905,2.604166667,0.458333333,3.366666667,10.60253906,24,131,213,37,29,0,0,2698.255,59,83,1877.4
pote.txt_10701,0,0,0,0,0,0,0,0,0,0,0,0,0,0,0.111111111,0.444444444,0,0,0,0.444444444,0,0,0,0,0,0,0,0,0,0.444444444,4,3.760061615,0.002480743,2.7,0,199.8222222,12.4770813,9,53,102,22,11,0,0,1515.7,31,32,934.4
pote.txt_4787,123.6363636,0,0,0,0,0,0,0,0,0.272727273,0.181818182,0,0,0.181818182,0,0,0,0,0.181818182,0,0.181818182,0,0,0,0,0,0,0,0,0.181818182,3,2.755106609,0.002044303,2.381818182,0.363636364,3.136363636,9.825592041,11,68,110,14,14,0,0,1347.7,27,38,786.9
pote.txt_9067,92.95454545,0,0.022727273,0.068181818,0.227272727,0.045454545,0.022727273,0,0.068181818,0.090909091,0.136363636,0.068181818,0.022727273,0,0.045454545,0.045454545,0.090909091,0,0.045454545,0,0,0,0,0,0,0,0,0,0,0.045454545,3.409090909,-7.222348477,-0.001372302,2.747727273,0.386363636,88.54772727,4.311393738,44,226,371,57,78,4,0,5262.945,117,175,3794.9
pote.txt_893,85.41666667,0.208333333,0.083333333,0,0.041666667,0.041666667,0,0.041666667,0.041666667,0.083333333,0,0.083333333,0,0.041666667,0.041666667,0,0.083333333,0,0.166666667,0,0.041666667,0,0,0,0,0,0,0,0,0.083333333,2.5,0.827287281,0.000320145,2.633333333,0.625,8.925,8.042907715,24,117,183,29,31,4,0,2584.105,58,85,1779.8
pote.txt_745,51.91489362,0.021276596,0.170212766,0.021276596,0.063829787,0.042553191,0.042553191,0.021276596,0.085106383,0.127659574,0.042553191,0,0.021276596,0.085106383,0,0.085106383,0.063829787,0.106382979,0,0,0,0,0,0,0,0,0,0,0,0.042553191,2.85106383,5.771586023,0.001088094,2.793617021,0.361702128,71.18085106,9.081756592,47,226,374,68,65,8,0,5304.31,130,177,3726.5
pote.txt_4495,75.55555556,0,0,0,0,0.111111111,0,0,0,0,0.111111111,0,0.111111111,0.111111111,0.111111111,0,0,0,0.111111111,0.333333333,0,0,0,0,0,0,0,0,0,0.444444444,2.777777778,-0.239898386,-0.000188091,1.955555556,0.333333333,32.42222222,5.5234375,9,52,85,11,12,0,0,1275.44,23,29,688.5
pote.txt_2073,49.54545455,0.318181818,0,0,0,0.136363636,0.090909091,0.045454545,0,0.090909091,0.045454545,0,0.045454545,0,0,0.136363636,0,0,0,0.090909091,0,0,0,0,0,0,0,0,0,0.227272727,2.636363636,4.845247801,0.001912936,2.763636364,0.5,18.2,12.3074646,22,113,176,36,24,0,0,2532.885,56,73,1741.7
pote.txt_10785,74.28571429,0.095238095,0.19047619,0.047619048,0,0.095238095,0.19047619,0,0.047619048,0,0.047619048,0,0.047619048,0,0,0,0.047619048,0,0.095238095,0.047619048,0.047619048,0,0,0,0,0,0,0,0,0.19047619,2.095238095,-1.279380586,-0.000585384,2.49047619,0.571428571,29.77619048,3.799713135,21,92,138,22,27,4,0,2185.54,51,72,1470.1
pote.txt_231,78,0.066666667,0.2,0,0.033333333,0,0.1,0,0.1,0.066666667,0.033333333,0,0.066666667,0.066666667,0,0.033333333,0.1,0,0.066666667,0.033333333,0.033333333,0,0,0,0,0,0,0,0,0.066666667,2.4,1.700499133,0.000535458,2.673333333,0.466666667,26.55666667,8.333808899,30,129,217,37,39,6,0,3175.785,78,107,2213.8
pote.txt_4953,8.333333333,0.083333333,0,0.083333333,0,0,0.083333333,0.25,0,0.166666667,0,0,0,0,0,0.166666667,0.083333333,0,0,0,0.083333333,0,0,0,0,0,0,0,0,0.083333333,3.25,3.019727937,0.002024482,3.2,0.083333333,79.88333333,10.27815247,12,72,98,26,17,0,0,1491.605,36,47,1105.4
pote.txt_11235,13,0.033333333,0.2,0,0.033333333,0.033333333,0.233333333,0,0,0.033333333,0,0.033333333,0.033333333,0.066666667,0,0.066666667,0.066666667,0,0.033333333,0,0.133333333,0,0,0,0,0,0,0,0,0.166666667,2.3,1.698491131,0.000532493,2.833333333,0.333333333,38.15666667,8.316719055,30,133,194,38,40,7,0,3189.695,79,109,2259.9
pote.txt_5913,111.4285714,0,0,0,0,0.142857143,0.142857143,0,0.142857143,0.357142857,0.142857143,0,0,0,0,0,0,0,0,0.071428571,0,0,0,0,0,0,0,0,0,0.214285714,3.428571429,4.755106609,0.002786998,2.278571429,0.428571429,-25.70714286,10.60253906,14,82,141,19,15,0,0,1706.175,34,47,1032
pote.txt_3727,0,0,0,0,0,0,0,0,0,0,0,0,0,0,0,0.714285714,0,0,0,0.285714286,0,0,0,0,0,0,0,0,0,0.285714286,4.428571429,4.760051615,0.004063731,3.314285714,0,335.8857143,12.60205078,7,42,84,22,8,0,0,1171.35,26,26,798.2
pote.txt_4853,159.0909091,0,0,0,0,0,0,0,0,0.363636364,0.272727273,0,0,0,0.090909091,0,0,0.090909091,0.181818182,0,0,0,0,0,0,0,0,0,0,0,3.545454545,3.75610561,0.002894478,2.463636364,0.454545455,-31.25454545,10.4777832,11,61,116,16,14,0,0,1297.68,28,39,863.3
pote.txt_3181,130,0,0,0,0,0,0,0,0,0.666666667,0.333333333,0,0,0,0,0,0,0,0,0,0,0,0,0,0,0,0,0,0,0,4.333333333,1.758103612,0.004536807,2.5,0.333333333,-49.93333333,10.00268555,3,18,37,5,4,0,0,387.52,8,11,241.9
pote.txt_1647,97.77777778,0.111111111,0,0,0,0.074074074,0.074074074,0.037037037,0.037037037,0.111111111,0.185185185,0.037037037,0,0.074074074,0.074074074,0.037037037,0.111111111,0.037037037,0,0,0,0,0,0,0,0,0,0,0,0.074074074,2.740740741,3.8442688,0.001307361,2.566666667,0.444444444,49.72222222,11.26391602,27,138,223,37,34,1,0,2940.48,66,93,2044.4
pote.txt_4637,124.5454545,0.181818182,0,0,0,0.090909091,0,0,0.181818182,0,0.090909091,0,0,0,0,0.363636364,0,0,0,0.090909091,0,0,0,0,0,0,0,0,0,0.181818182,3.363636364,3.760061615,0.00257936,2.754545455,0.545454545,96.18181818,12.4770813,11,63,113,23,12,0,0,1457.75,31,37,970.9
pote.txt_9777,210,0,0,0,0,0.076923077,0.076923077,0,0.153846154,0.076923077,0.384615385,0,0.076923077,0.076923077,0,0,0,0.076923077,0,0,0,0,0,0,0,0,0,0,0,0.076923077,2.769230769,0.759102613,0.000521781,2.107692308,0.615384615,-0.576923077,8.75,13,72,123,15,16,0,0,1454.83,29,42,897.9
pote.txt_8595,35.66666667,0.033333333,0.2,0,0,0,0.066666667,0,0,0.166666667,0.033333333,0,0,0,0.066666667,0.1,0.1,0.1,0.066666667,0,0.066666667,0,0,0,0,0,0,0,0,0.066666667,2.933333333,7.693672667,0.002269476,2.896666667,0.333333333,50.89333333,9.637336731,30,138,238,46,41,6,0,3390.065,87,114,2476.9
pote.txt_9659,50,0.5,0,0,0,0,0,0,0,0,0,0,0,0,0,0.5,0,0,0,0,0,0,0,0,0,0,0,0,0,0,3,5.760041615,0.004169185,3.6,0.5,152.3666667,12.69892883,12,54,104,30,13,0,0,1381.575,36,42,1147.8
pote.txt_4531,39,0.1,0.1,0,0,0,0,0.1,0,0.1,0,0.1,0,0,0,0,0.2,0.2,0.1,0,0,0,0,0,0,0,0,0,0,0,2.5,0.836375811,0.000785894,2.79,0.4,12.82,8.231109619,10,45,73,13,15,2,0,1064.235,27,38,795.2
pote.txt_7933,154.5833333,0.083333333,0,0.041666667,0.041666667,0,0.041666667,0.041666667,0.083333333,0.083333333,0.291666667,0,0.041666667,0,0.125,0.083333333,0.041666667,0,0,0,0,0,0,0,0,0,0,0,0,0,3.208333333,1.849189024,0.000667282,2.625,0.458333333,69.8,9.986236572,24,126,216,38,34,0,0,2771.225,62,86,1995.8
pote.txt_3545,0,0,0,0,0,0,0,0,0,0,0,0,0,0,0,0.333333333,0,0,0,0.666666667,0,0,0,0,0,0,0,0,0,0.666666667,3.666666667,1.760081614,0.001636973,2.133333333,0,103.8,12.00006104,6,36,70,12,7,0,0,1075.205,20,20,572.4
pote.txt_11611,25,0.25,0,0,0,0.25,0,0,0,0,0,0,0,0,0,0.5,0,0,0,0,0,0,0,0,0,0,0,0,0,0.25,3.5,11.75998162,0.003673003,3.225,0.5,128.9166667,13.04136658,24,144,230,60,25,0,0,3201.735,72,84,2295.6
pote.txt_3033,56.66666667,0,0,0,0,0.166666667,0.166666667,0.083333333,0,0.083333333,0.083333333,0,0,0,0,0.083333333,0,0.083333333,0.083333333,0,0.166666667,0,0,0,0,0,0,0,0,0.333333333,2.833333333,1.8442688,0.001239665,2.591666667,0.333333333,15.10916667,9.699981689,12,76,102,18,16,0,0,1487.715,31,42,939.9
pote.txt_8779,122.5714286,0.057142857,0.057142857,0.028571429,0.028571429,0,0.085714286,0,0.057142857,0.171428571,0.2,0,0.085714286,0,0,0,0.114285714,0.057142857,0.057142857,0,0,0,0,0,0,0,0,0,0,0,2.8,3.738236851,0.001021276,2.628571429,0.428571429,6.605714286,9.514396667,35,159,284,44,49,2,0,3660.36,89,126,2698.8
pote.txt_1959,117.3333333,0.133333333,0,0,0,0,0,0,0.266666667,0.266666667,0,0.066666667,0.133333333,0,0,0,0.066666667,0,0,0.066666667,0,0,0,0,0,0,0,0,0,0.066666667,3.266666667,3.75610561,0.002136372,2.513333333,0.466666667,-14.56,10.4777832,15,76,141,21,19,1,0,1758.17,38,53,1200.3
pote.txt_11959,16.11111111,0,0.027777778,0,0.027777778,0,0.027777778,0,0,0,0,0,0,0.111111111,0.083333333,0.444444444,0.166666667,0.055555556,0.055555556,0,0,0,0,0,0,0,0,0,0,0,3.416666667,14.75285109,0.003276915,3.469444444,0.083333333,268.7805556,12.63687134,36,177,323,87,50,1,0,4502.055,117,138,3587.2
pote.txt_3155,0,0,0,0,0,0,0,0,0,0,0,0,0.333333333,0,0,0.666666667,0,0,0,0,0,0,0,0,0,0,0,0,0,0,4.333333333,1.760081614,0.003959778,3.933333333,0,197.6,12.00006104,3,16,32,10,5,0,0,444.49,11,12,362
pote.txt_1977,109.3939394,0.121212121,0.060606061,0.090909091,0,0.060606061,0.121212121,0,0.03030303,0.151515152,0.151515152,0,0.03030303,0,0,0,0.060606061,0.03030303,0.090909091,0,0,0,0,0,0,0,0,0,0,0.060606061,2.575757576,1.738666912,0.000513942,2.56969697,0.515151515,-2.987878788,8.787597656,33,151,253,39,44,2,0,3383,80,116,2437.6
pote.txt_3777,0,0,0,0,0,0,0,0,0,0,0,0,0,0,0,0.285714286,0,0,0,0.714285714,0,0,0,0,0,0,0,0,0,0.714285714,3.571428571,1.760081614,0.001395329,1.985714286,0,172.2285714,12.00006104,7,42,81,13,8,0,0,1261.41,23,23,651.5
pote.txt_11869,27,0.075,0.2,0,0,0,0.175,0,0,0,0.05,0,0.025,0,0.125,0.1,0.15,0.025,0,0.025,0.05,0,0,0,0,0,0,0,0,0.075,2.45,3.678855692,0.000876403,2.9325,0.325,31.55,8.764099121,40,158,260,58,56,8,0,4197.675,112,147,3253.5
pote.txt_5023,57.5,0.25,0,0,0.083333333,0,0.083333333,0.083333333,0,0.083333333,0.083333333,0,0,0,0.25,0.083333333,0,0,0,0,0,0,0,0,0,0,0,0,0,0,3,0.849077264,0.00063533,3.091666667,0.333333333,38.23333333,8.755126953,12,58,93,21,18,0,0,1336.435,32,44,1044.8
pote.txt_4439,39,0.1,0.1,0,0,0,0,0,0,0.2,0,0.1,0,0,0,0,0,0.4,0.1,0,0,0,0,0,0,0,0,0,0,0,2.7,1.748202622,0.001613723,2.73,0.4,21.74,9.314178467,10,44,82,12,15,2,0,1083.335,27,38,792.5
pote.txt_7435,176,0.3,0,0,0,0,0,0,0.1,0.3,0.2,0,0,0,0,0,0,0,0.1,0,0,0,0,0,0,0,0,0,0,0,2.9,5.754107608,0.00275222,2.5,0.7,-20.215,10.6993103,20,100,188,26,21,0,0,2090.715,46,66,1422
pote.txt_5765,20.71428571,0,0.142857143,0.142857143,0.142857143,0,0,0.214285714,0,0,0,0,0,0,0.071428571,0.142857143,0,0,0.071428571,0,0.071428571,0,0,0,0,0,0,0,0,0.071428571,3.285714286,-1.991334356,-0.001089998,3.121428571,0.214285714,45.60714286,5.755218506,14,82,107,27,25,2,0,1826.915,43,59,1317.5
pote.txt_5419,135.3846154,0.153846154,0,0.076923077,0.076923077,0.153846154,0.076923077,0,0.230769231,0.076923077,0.076923077,0,0,0,0,0,0.076923077,0,0,0,0,0,0,0,0,0,0,0,0,0.153846154,2.692307692,-1.236966164,-0.000868876,2.415384615,0.615384615,27.00769231,4.370300293,13,68,106,14,19,0,0,1423.64,30,45,944.6
pote.txt_11587,97.5,0,0,0,0,0,0,0,0.25,0,0,0,0,0,0,0.5,0,0,0,0.25,0,0,0,0,0,0,0,0,0,0.25,4,1.760081614,0.002794912,2.8,0.25,7.5,12.00006104,4,24,48,10,5,0,0,629.745,13,14,398.4
pote.txt_6971,124.4444444,0,0,0,0,0.055555556,0.055555556,0,0.111111111,0.333333333,0.166666667,0,0.055555556,0,0,0,0,0,0.055555556,0.166666667,0,0,0,0,0,0,0,0,0,0.222222222,3.5,5.754107608,0.002470714,2.2,0.388888889,-7.283333333,10.6993103,18,104,189,25,20,0,0,2328.925,46,61,1385.5
pote.txt_5633,60,0,0,0,0,0,0,0,0.076923077,0.076923077,0.076923077,0,0,0,0,0.384615385,0,0,0,0.384615385,0,0,0,0,0,0,0,0,0,0.384615385,3.923076923,5.759052614,0.002762864,2.515384615,0.153846154,215.1076923,12.60343933,13,78,151,29,14,0,0,2084.45,42,45,1251.4
pote.txt_8699,41.51515152,0.060606061,0,0.060606061,0,0.090909091,0.03030303,0,0.03030303,0.151515152,0.060606061,0.090909091,0.060606061,0.03030303,0.121212121,0.060606061,0.03030303,0.060606061,0,0.03030303,0.03030303,0,0,0,0,0,0,0,0,0.151515152,3.303030303,4.75632913,0.00117391,2.639393939,0.333333333,35.01818182,10.28915405,33,177,286,50,48,3,0,4051.7,88,123,2838.8
pote.txt_9069,44.31818182,0.068181818,0.136363636,0.045454545,0.045454545,0.022727273,0.136363636,0.022727273,0.022727273,0.068181818,0.022727273,0,0.090909091,0,0,0.045454545,0.068181818,0.045454545,0.068181818,0.045454545,0.045454545,0,0,0,0,0,0,0,0,0.113636364,2.545454545,0.790717303,0.000164583,2.815909091,0.340909091,37.55,7.772674561,44,195,307,59,64,6,0,4804.375,119,163,3522.6
pote.txt_11029,180,0,0,0,0.076923077,0.076923077,0.153846154,0,0.230769231,0.153846154,0.230769231,0,0,0,0,0,0.076923077,0,0,0,0,0,0,0,0,0,0,0,0,0.076923077,3,0.760914074,0.000531821,2.330769231,0.538461538,12.73846154,8.591064453,13,69,119,15,17,0,0,1430.77,30,44,932.9
pote.txt_6047,116.6666667,0,0,0,0,0,0.066666667,0,0.133333333,0.333333333,0.066666667,0,0.066666667,0,0,0,0.133333333,0,0.133333333,0.066666667,0,0,0,0,0,0,0,0,0,0.066666667,3.266666667,4.755106609,0.002751575,2.56,0.333333333,-7.38,10.60253906,15,76,143,21,19,0,0,1728.14,39,53,1178.6
pote.txt_9529,178.8888889,0.111111111,0,0,0,0,0.111111111,0,0.055555556,0.166666667,0.333333333,0,0.055555556,0.055555556,0,0,0.055555556,0,0.055555556,0,0,0,0,0,0,0,0,0,0,0,2.666666667,2.757104611,0.001491685,2.411111111,0.555555556,-18.32777778,10.30207825,18,87,158,22,21,0,0,1848.315,41,59,1266.4
pote.txt_5017,138.3333333,0.166666667,0,0,0,0,0.083333333,0,0,0,0.25,0,0,0,0,0.25,0,0,0.083333333,0.083333333,0.083333333,0,0,0,0,0,0,0,0,0.166666667,2.916666667,2.759072613,0.001872138,2.666666667,0.5,63.63333333,11.71134949,12,64,113,21,14,0,0,1473.755,32,40,989.8
pote.txt_3987,70,0.285714286,0,0,0,0.142857143,0.142857143,0,0,0.142857143,0,0,0,0.142857143,0,0,0,0,0.142857143,0,0,0,0,0,0,0,0,0,0,0.142857143,2,0.759102613,0.001102033,2.642857143,0.571428571,-25.02857143,8.75,7,33,52,8,8,0,0,688.82,15,22,455.1
pote.txt_11025,65.94594595,0.027027027,0,0.054054054,0.108108108,0.027027027,0.081081081,0,0.081081081,0.027027027,0.081081081,0,0.054054054,0.162162162,0,0.189189189,0.054054054,0.054054054,0,0,0,0,0,0,0,0,0,0,0,0.027027027,2.891891892,1.772515984,0.000417877,2.981081081,0.216216216,55.74324324,10.52926636,37,182,303,61,56,0,0,4241.72,101,137,3129.8
pote.txt_3631,16.66666667,0.166666667,0,0,0,0,0.166666667,0,0,0.166666667,0,0,0.166666667,0,0.166666667,0,0,0.166666667,0,0,0,0,0,0,0,0,0,0,0,0,2.666666667,0.759102613,0.001229007,3.1,0.166666667,8.6,8.75,6,24,43,9,10,0,0,617.655,16,22,511.5
pote.txt_4821,177.2727273,0,0,0,0,0.090909091,0.090909091,0,0.181818182,0.363636364,0.272727273,0,0,0,0,0,0,0,0,0,0,0,0,0,0,0,0,0,0,0.090909091,3.545454545,3.75610561,0.002887713,2.236363636,0.545454545,-8.145454545,10.4777832,11,65,117,15,12,0,0,1300.72,26,37,800.3
pote.txt_1525,104.6428571,0.107142857,0.071428571,0.071428571,0,0,0.107142857,0,0.035714286,0.142857143,0.178571429,0.035714286,0.071428571,0,0.035714286,0.035714286,0,0.071428571,0.035714286,0,0,0,0,0,0,0,0,0,0,0,2.821428571,2.738535152,0.000920344,2.660714286,0.464285714,-8.542857143,9.306808472,28,126,224,38,38,3,0,2975.555,71,101,2212.5
pote.txt_283,36.31578947,0.210526316,0,0.052631579,0,0,0.052631579,0,0,0.315789474,0,0,0,0.157894737,0,0,0.052631579,0.105263158,0.052631579,0,0,0,0,0,0,0,0,0,0,0,2.578947368,4.755228369,0.002472471,2.878947368,0.263157895,16.84210526,10.30154419,19,85,151,25,25,0,0,1923.27,48,68,1415.3
pote.txt_7343,190,0.05,0,0,0,0,0.2,0,0.15,0.1,0.25,0,0.05,0.05,0,0,0.05,0,0.1,0,0,0,0,0,0,0,0,0,0,0,2.45,1.758103612,0.00088997,2.4,0.55,17.95,10.00268555,20,93,167,23,23,0,0,1975.465,44,64,1367
pote.txt_8041,113.75,0.083333333,0,0,0.041666667,0,0.083333333,0.083333333,0.083333333,0.208333333,0.125,0,0.125,0,0.083333333,0,0,0,0.083333333,0,0,0,0,0,0,0,0,0,0,0,3.125,3.932265448,0.001466637,2.766666667,0.375,0.545833333,10.17689514,24,125,206,38,32,0,0,2681.145,61,86,1957.8
pote.txt_7801,17.72727273,0,0,0,0,0,0.363636364,0.181818182,0,0,0.045454545,0,0,0,0.045454545,0.090909091,0.272727273,0,0,0,0,0,0,0,0,0,0,0,0,0,2.227272727,2.108778367,0.001004613,3.181818182,0.045454545,21.66818182,12.00006104,22,93,127,37,30,0,0,2099.095,59,79,1801.3
pote.txt_3937,0,0,0.285714286,0,0,0.142857143,0.285714286,0,0,0,0,0,0,0.142857143,0,0,0.142857143,0,0,0,0,0,0,0,0,0,0,0,0,0.142857143,1.714285714,-0.259700366,-0.00038774,2.642857143,0.428571429,-2.2,5.509765625,7,27,39,7,9,2,0,669.78,17,24,451.4
pote.txt_9097,19.55555556,0.022222222,0.177777778,0.111111111,0.044444444,0.044444444,0.066666667,0.044444444,0,0.088888889,0.044444444,0,0.044444444,0.022222222,0,0.088888889,0.044444444,0.111111111,0,0.022222222,0.022222222,0,0,0,0,0,0,0,0,0.088888889,2.844444444,0.861431794,0.000165475,2.857777778,0.288888889,33.18666667,7.712753296,45,213,329,67,70,8,0,5205.82,130,177,3790.2
pote.txt_11335,25.65217391,0.086956522,0.173913043,0,0.043478261,0,0.173913043,0,0,0,0.043478261,0,0.086956522,0.043478261,0.130434783,0.043478261,0.043478261,0.043478261,0,0,0.086956522,0,0,0,0,0,0,0,0,0.086956522,2.391304348,-0.278699886,-0.000114992,2.930434783,0.304347826,30.79565217,5.972900391,23,96,147,31,35,4,0,2423.65,62,85,1843
pote.txt_11251,97.69230769,0.076923077,0.076923077,0,0.038461538,0,0,0,0.115384615,0.115384615,0.115384615,0,0.038461538,0.038461538,0.076923077,0.038461538,0.038461538,0.153846154,0,0.038461538,0.038461538,0,0,0,0,0,0,0,0,0.076923077,2.923076923,2.739104092,0.000905922,2.603846154,0.384615385,53,9.306808472,26,130,225,35,38,2,0,3023.555,70,95,2079.9
pote.txt_3955,97.5,0,0,0,0,0,0.25,0,0,0,0.25,0,0,0,0,0.5,0,0,0,0,0,0,0,0,0,0,0,0,0,0,3.5,1.760081614,0.003515979,3.275,0.25,34.425,12.00006104,4,20,40,10,5,0,0,500.595,12,14,382.6
pote.txt_11773,79.25925926,0,0.222222222,0,0.037037037,0,0.111111111,0,0.074074074,0,0.074074074,0,0,0.111111111,0.037037037,0.074074074,0,0.111111111,0.074074074,0,0.074074074,0,0,0,0,0,0,0,0,0.074074074,2.37037037,0.701488134,0.000237828,2.651851852,0.444444444,1.081481481,7.773529053,27,125,202,34,36,6,0,2949.56,71,97,1984.4
pote.txt_3131,0,0,0,0,0,0,0.333333333,0,0,0.666666667,0,0,0,0,0,0,0,0,0,0,0,0,0,0,0,0,0,0,0,0,3.666666667,1.758103612,0.00530476,3.066666667,0,-49.93333333,10.00268555,3,14,29,5,4,0,0,331.42,8,11,241.9
pote.txt_8465,66.07142857,0.035714286,0.071428571,0,0,0.107142857,0,0,0.035714286,0.25,0.071428571,0,0,0.107142857,0,0.107142857,0.071428571,0.035714286,0.071428571,0.035714286,0,0,0,0,0,0,0,0,0,0.142857143,3.178571429,9.733276627,0.002868444,2.610714286,0.392857143,35.86785714,11.21018982,28,155,264,44,32,2,0,3393.225,75,99,2185.2
pote.txt_167,39,0,0.4,0,0,0.05,0.1,0.05,0.1,0.1,0,0.05,0,0,0,0.05,0.05,0.05,0,0,0,0,0,0,0,0,0,0,0,0.05,2.65,2.76605988,0.001257406,2.63,0.6,47.77,8.529380798,20,88,143,27,23,9,0,2199.815,55,75,1485.3
pote.txt_9107,71.55555556,0.111111111,0,0.022222222,0.044444444,0.044444444,0.155555556,0,0.066666667,0.066666667,0.022222222,0,0.022222222,0.066666667,0.133333333,0.088888889,0,0.022222222,0.088888889,0.044444444,0,0,0,0,0,0,0,0,0,0.088888889,2.711111111,3.763806296,0.000760891,2.817777778,0.333333333,45.38888889,10.93151855,45,212,353,67,60,0,0,4946.58,114,156,3607.2
pote.txt_4527,39,0,0,0,0,0.1,0.1,0,0,0,0.1,0,0,0.5,0,0.2,0,0,0,0,0,0,0,0,0,0,0,0,0,0.1,2.2,1.760081614,0.001552997,2.71,0.2,90.22,12.00006104,10,54,84,16,11,0,0,1133.345,24,32,692.4
pote.txt_9767,174.2857143,0.071428571,0,0,0,0.214285714,0,0,0.142857143,0.071428571,0.285714286,0,0,0.071428571,0,0,0.142857143,0,0,0,0,0,0,0,0,0,0,0,0,0.214285714,2.714285714,0.759102613,0.00047179,2.042857143,0.714285714,36.8,8.75,14,83,129,15,17,0,0,1608.985,31,45,938.8
pote.txt_4581,166,0.1,0,0.1,0.1,0,0,0,0.1,0.1,0.3,0,0,0.1,0,0,0.1,0,0,0,0,0,0,0,0,0,0,0,0,0,2.8,-1.236966164,-0.001126281,2.43,0.5,19.77,4.370300293,10,50,87,11,16,0,0,1098.275,24,36,740.7
pote.txt_5577,210,0.076923077,0,0,0,0.076923077,0.153846154,0,0.153846154,0,0.307692308,0,0,0,0,0.076923077,0.076923077,0,0.076923077,0,0,0,0,0,0,0,0,0,0,0.076923077,2.538461538,0.760091614,0.000554124,2.3,0.692307692,17.51538462,9.748046875,13,66,114,16,15,0,0,1371.7,29,41,907.9
pote.txt_4233,0,0,0,0,0,0.111111111,0.111111111,0,0,0.111111111,0,0.111111111,0,0,0,0.222222222,0,0,0,0.333333333,0,0,0,0,0,0,0,0,0,0.444444444,3.555555556,2.759082613,0.002039836,2.366666667,0.222222222,72.15555556,12.00839233,9,52,92,16,10,1,0,1352.6,26,31,797.8
pote.txt_5813,69.28571429,0,0.142857143,0,0.071428571,0,0,0.142857143,0.071428571,0.071428571,0,0,0,0.142857143,0,0.142857143,0.071428571,0,0.142857143,0,0,0,0,0,0,0,0,0,0,0,2.857142857,1.916439472,0.001153811,2.921428571,0.357142857,68.18571429,8.957321167,14,76,117,25,18,2,0,1660.965,39,52,1131
pote.txt_3475,0,0,0,0,0,0,0,0,0,0,0,0,0,0,0,0.666666667,0,0,0,0.333333333,0,0,0,0,0,0,0,0,0,0.333333333,4.333333333,3.760061615,0.003703892,3.166666667,0,294.7333333,12.4770813,6,36,72,18,7,0,0,1015.165,22,22,670.2
pote.txt_7989,113.75,0.083333333,0,0,0,0.041666667,0.041666667,0.083333333,0.125,0.208333333,0.083333333,0,0.125,0.041666667,0.083333333,0,0,0,0.083333333,0,0,0,0,0,0,0,0,0,0,0.041666667,3.083333333,4.929454986,0.001799554,2.654166667,0.416666667,18.46666667,10.60253906,24,132,212,38,30,0,0,2739.265,60,84,1906.1
pote.txt_2979,7.692307692,0.076923077,0,0,0,0.076923077,0.076923077,0.230769231,0,0.230769231,0,0,0,0,0,0.153846154,0,0,0,0.076923077,0.076923077,0,0,0,0,0,0,0,0,0.230769231,3.461538462,5.017608175,0.002865567,2.930769231,0.153846154,48.13076923,11.16607666,13,86,120,28,15,0,0,1751,38,48,1152.5
pote.txt_5325,120,0,0,0,0,0,0,0,0,0.461538462,0.307692308,0,0,0.076923077,0,0,0,0,0,0.076923077,0.076923077,0,0,0,0,0,0,0,0,0.153846154,3.769230769,5.753108607,0.003411918,2.3,0.307692308,-7.4,10.39831543,13,80,145,19,15,0,0,1686.18,34,46,1001
pote.txt_11449,105.2,0,0,0,0,0.16,0.08,0,0.04,0.16,0.2,0,0,0.04,0.04,0.04,0.2,0,0.04,0,0,0,0,0,0,0,0,0,0,0.16,2.96,4.75609561,0.001681556,2.448,0.44,29.364,11.33377075,25,136,219,33,32,0,0,2828.39,62,86,1881.4
pote.txt_471,134.7619048,0.095238095,0,0.047619048,0,0.047619048,0.095238095,0.047619048,0.19047619,0.095238095,0.095238095,0.047619048,0,0.095238095,0,0,0.047619048,0,0.047619048,0,0.047619048,0,0,0,0,0,0,0,0,0.095238095,2.571428571,0.84539956,0.000370179,2.395238095,0.523809524,6.780952381,8.504760742,21,112,175,25,26,1,0,2283.76,48,71,1485.6
pote.txt_5511,86.66666667,0,0,0,0.111111111,0.111111111,0.222222222,0,0.222222222,0,0,0,0,0,0,0,0.333333333,0,0,0,0,0,0,0,0,0,0,0,0,0.111111111,2.333333333,-1.237087924,-0.001380756,2.7,0.333333333,92.82222222,3.999664307,9,39,61,9,15,0,0,895.95,22,32,668.3
pote.txt_11555,51.76470588,0.117647059,0.235294118,0,0,0,0.058823529,0,0.058823529,0,0,0,0,0,0,0.294117647,0,0,0.058823529,0.058823529,0.117647059,0,0,0,0,0,0,0,0,0.176470588,2.941176471,4.718449652,0.002209457,2.935294118,0.470588235,13.22352941,9.691116333,17,85,144,32,20,4,0,2135.57,51,62,1460
pote.txt_9999,22.94117647,0,0,0,0.058823529,0.058823529,0.117647059,0.117647059,0.058823529,0.294117647,0,0,0,0.058823529,0.058823529,0,0.176470588,0,0,0,0,0,0,0,0,0,0,0,0,0.058823529,3.176470588,3.932265448,0.002044668,2.917647059,0.117647059,71.69411765,10.17689514,17,91,139,27,24,0,0,1923.18,46,64,1390.8
pote.txt_9337,141.1111111,0.111111111,0,0,0,0.166666667,0.055555556,0,0.166666667,0.055555556,0.166666667,0,0,0.055555556,0,0,0.222222222,0,0,0,0,0,0,0,0,0,0,0,0,0.166666667,2.444444444,0.759102613,0.000397173,2.288888889,0.611111111,10.19444444,8.75,18,94,147,19,23,0,0,1911.265,41,59,1232.6
pote.txt_10937,156.9565217,0.043478261,0,0,0,0,0.260869565,0,0.086956522,0,0.304347826,0,0.130434783,0,0,0,0.130434783,0.043478261,0,0,0,0,0,0,0,0,0,0,0,0,2.217391304,-0.239898386,-0.00011135,2.543478261,0.434782609,12.23043478,5.5234375,23,94,164,26,31,0,0,2154.46,53,76,1665.2
pote.txt_3995,0,0,0,0,0,0.142857143,0.142857143,0,0,0,0,0.142857143,0,0.285714286,0,0.142857143,0,0,0,0.142857143,0,0,0,0,0,0,0,0,0,0.285714286,2.571428571,0.760091614,0.000853978,2.414285714,0.285714286,48.71428571,9.748046875,7,38,60,10,8,1,0,890.06,17,23,520.9
pote.txt_7385,180.5,0.05,0,0,0,0,0.05,0,0.15,0.15,0.3,0,0.05,0,0,0.1,0,0,0,0,0.15,0,0,0,0,0,0,0,0,0.15,3.3,4.754087608,0.001928585,2.4,0.5,27.865,10.28915405,20,120,202,30,25,0,0,2465.065,51,69,1577
pote.txt_4569,61.25,0.25,0,0,0,0,0,0,0,0,0,0,0,0,0,0.375,0,0,0.125,0.25,0,0,0,0,0,0,0,0,0,0.25,3.125,2.760071614,0.002508552,2.8875,0.375,69.7375,12.30105591,8,41,79,17,9,0,0,1100.265,24,27,732.1
pote.txt_1419,150,0.076923077,0,0,0,0.076923077,0.153846154,0,0,0.230769231,0.307692308,0.076923077,0,0,0,0,0,0,0.076923077,0,0,0,0,0,0,0,0,0,0,0.076923077,3,2.757104611,0.001944567,2.315384615,0.615384615,-7.4,10.30207825,13,68,120,16,14,1,0,1417.85,29,43,926.2
pote.txt_4023,97.5,0,0,0,0,0.125,0,0,0.125,0.5,0.125,0,0,0,0,0,0,0,0,0.125,0,0,0,0,0,0,0,0,0,0.25,4,3.75610561,0.003444689,2.225,0.375,-31.2625,10.4777832,8,51,92,12,9,0,0,1090.405,21,28,626.2
pote.txt_5281,56.66666667,0,0,0,0,0.083333333,0,0,0,0.333333333,0.083333333,0.083333333,0,0,0,0.25,0,0,0.083333333,0.083333333,0,0,0,0,0,0,0,0,0,0.166666667,4.166666667,6.75607561,0.004030747,2.741666667,0.333333333,74.11666667,12.31365967,12,73,135,25,13,1,0,1676.135,35,44,1098.8
pote.txt_4397,29,0,0.3,0,0.1,0.1,0,0,0,0.3,0,0,0,0,0,0.1,0,0,0.1,0,0,0,0,0,0,0,0,0,0,0.1,3.5,2.730202103,0.002195429,2.82,0.5,0.51,9.106483459,10,52,90,16,13,3,0,1243.585,29,39,816.4
pote.txt_9707,115,0.045454545,0,0,0,0.045454545,0.227272727,0.045454545,0,0.090909091,0.181818182,0.045454545,0.045454545,0.045454545,0,0,0.090909091,0,0.136363636,0,0,0,0,0,0,0,0,0,0,0.045454545,2.363636364,1.8452778,0.000845831,2.572727273,0.454545455,17.15,10.00279236,22,102,165,27,26,1,0,2181.615,50,73,1567.9
pote.txt_7137,103.6842105,0.473684211,0,0,0,0.052631579,0.052631579,0,0,0,0.105263158,0,0,0.052631579,0.157894737,0,0.052631579,0,0.052631579,0,0,0,0,0,0,0,0,0,0,0.052631579,1.894736842,-0.239898386,-0.000136622,2.731578947,0.684210526,39.88421053,5.5234375,19,78,126,22,24,0,0,1755.93,42,61,1337.1
pote.txt_7617,167.1428571,0,0,0,0,0,0.047619048,0,0.047619048,0.380952381,0.380952381,0,0,0.047619048,0.047619048,0,0,0,0,0.047619048,0,0,0,0,0,0,0,0,0,0.047619048,3.619047619,7.752109606,0.0030637,2.266666667,0.428571429,-15.6047619,10.84532166,21,120,226,30,23,0,0,2530.31,52,72,1581.8
pote.txt_7921,125.8333333,0.041666667,0,0,0.041666667,0.041666667,0.083333333,0.083333333,0.083333333,0.125,0.166666667,0,0.125,0,0.083333333,0,0,0.041666667,0.083333333,0,0,0,0,0,0,0,0,0,0,0.041666667,3,1.93426345,0.000712395,2.6375,0.416666667,-8.104166667,9.703292847,24,129,204,36,33,0,0,2715.155,60,85,1926.1
pote.txt_8817,159.4444444,0,0.027777778,0.027777778,0.055555556,0,0.111111111,0,0.055555556,0.027777778,0.25,0,0.083333333,0.083333333,0.055555556,0.027777778,0.027777778,0.027777778,0.138888889,0,0,0,0,0,0,0,0,0,0,0,2.611111111,-1.244066692,-0.000325202,2.527777778,0.472222222,36.08611111,4.679092407,36,172,295,45,50,1,0,3825.525,86,124,2695.7
pote.txt_10091,87,0,0,0,0,0.2,0,0,0,0.4,0,0,0,0,0,0,0,0,0.3,0.1,0,0,0,0,0,0,0,0,0,0.3,3.5,3.75610561,0.002870159,2.3,0.5,-25.89,10.4777832,10,63,106,14,11,0,0,1308.675,25,34,752.8
pote.txt_4425,234,0,0,0,0,0,0.1,0,0.2,0.3,0.4,0,0,0,0,0,0,0,0,0,0,0,0,0,0,0,0,0,0,0,3.4,2.757104611,0.002421646,2.16,0.6,-24.96,10.30207825,10,56,107,13,11,0,0,1138.525,23,33,711
pote.txt_8549,48.66666667,0,0.2,0,0,0.1,0.033333333,0,0.066666667,0,0.033333333,0,0.033333333,0.033333333,0.033333333,0.2,0,0.166666667,0.033333333,0,0.066666667,0,0,0,0,0,0,0,0,0.166666667,2.9,5.698637672,0.001547536,2.773333333,0.433333333,36.35,9.486038208,30,158,250,50,40,6,0,3682.395,87,111,2506.7
pote.txt_2885,58.5,0,0,0,0,0,0.2,0.25,0.15,0.3,0,0,0.1,0,0,0,0,0,0,0,0,0,0,0,0,0,0,0,0,0,3.2,6.189978549,0.002728504,2.935,0.15,22.9,10.6993103,20,115,166,38,23,0,0,2268.635,53,73,1650.9
pote.txt_7135,194.7368421,0,0,0,0,0.052631579,0.157894737,0,0.157894737,0.105263158,0.263157895,0,0.052631579,0.105263158,0,0,0,0,0.105263158,0,0,0,0,0,0,0,0,0,0,0.052631579,2.578947368,1.758103612,0.000877057,2.247368421,0.578947368,44.51052632,10.00268555,19,99,170,22,21,0,0,2004.55,41,60,1269.4
pote.txt_2507,108.8888889,0.222222222,0,0,0,0,0,0,0,0.277777778,0.222222222,0,0,0,0.055555556,0.166666667,0,0,0,0.055555556,0,0,0,0,0,0,0,0,0,0.055555556,3.5,7.755076609,0.003559505,2.766666667,0.444444444,24.10555556,12.3167572,18,95,181,33,20,0,0,2178.695,49,63,1522
pote.txt_7533,68,0,0,0,0.1,0.1,0.05,0,0,0.15,0.1,0.05,0.05,0,0,0.15,0.05,0,0.1,0,0.1,0,0,0,0,0,0,0,0,0.2,3.5,3.760697533,0.001466711,2.79,0.35,9.27,10.16140747,20,118,187,33,29,1,0,2564.035,55,75,1742.4
pote.txt_10413,0,0,0,0,0,0.333333333,0,0,0,0.666666667,0,0,0,0,0,0,0,0,0,0,0,0,0,0,0,0,0,0,0,0.333333333,4.333333333,15.7441176,0.004849992,2.5,0.333333333,-40.51666667,11.17622375,24,168,266,40,25,0,0,3246.215,64,88,1935.2
pote.txt_5935,55.71428571,0,0.214285714,0,0,0,0.071428571,0,0.142857143,0.142857143,0,0,0,0,0.071428571,0.071428571,0.071428571,0.142857143,0,0,0.071428571,0,0,0,0,0,0,0,0,0.071428571,2.928571429,2.727391641,0.001700438,2.757142857,0.357142857,25.25,9.106483459,14,66,114,20,20,3,0,1603.935,40,53,1129.8
pote.txt_7103,130,0.055555556,0,0.055555556,0.055555556,0,0.055555556,0.055555556,0.055555556,0.055555556,0.222222222,0,0.055555556,0,0.055555556,0.111111111,0,0,0.055555556,0.111111111,0,0,0,0,0,0,0,0,0,0.111111111,3.166666667,0.850188025,0.000378269,2.555555556,0.388888889,61.27777778,8.752563477,18,97,165,29,25,0,0,2247.575,48,64,1515.9
pote.txt_1729,264.2857143,0,0,0.142857143,0.142857143,0,0,0,0,0,0.571428571,0,0,0,0,0,0,0,0.142857143,0,0,0,0,0,0,0,0,0,0,0,3,-2.235967163,-0.00274699,2.114285714,0.714285714,-12.9,3.665985107,7,38,67,7,12,0,0,813.97,16,25,518.5
pote.txt_8031,146.6666667,0.166666667,0.083333333,0,0,0.083333333,0.041666667,0,0.125,0.083333333,0.208333333,0,0.041666667,0.083333333,0,0.041666667,0,0.041666667,0,0,0,0,0,0,0,0,0,0,0,0.083333333,2.541666667,2.738291632,0.001058389,2.3875,0.666666667,15.83333333,9.503982544,24,122,204,30,27,2,0,2587.225,56,79,1672.9
pote.txt_10843,101,0.133333333,0.066666667,0.033333333,0.033333333,0.033333333,0.166666667,0,0,0.133333333,0.2,0.033333333,0.066666667,0,0.033333333,0,0.033333333,0,0.033333333,0,0,0,0,0,0,0,0,0,0,0.033333333,2.633333333,1.740234853,0.000570452,2.64,0.5,-9.503333333,8.821243286,30,132,225,37,39,3,0,3050.625,72,105,2254.1
pote.txt_207,72.76595745,0.085106383,0,0.063829787,0.042553191,0.042553191,0.042553191,0.042553191,0.021276596,0.106382979,0.127659574,0,0.063829787,0.042553191,0,0.106382979,0.127659574,0.021276596,0.021276596,0.021276596,0.021276596,0,0,0,0,0,0,0,0,0.085106383,2.957446809,4.937389192,0.000912468,2.823404255,0.29787234,25.7893617,10.2720108,47,240,384,74,69,0,0,5411.03,128,174,3952.8
pote.txt_5591,66.92307692,0,0,0,0,0.153846154,0,0,0,0.615384615,0,0,0,0,0,0,0,0,0.230769231,0,0,0,0,0,0,0,0,0,0,0.153846154,4,7.752109606,0.004740859,2.607692308,0.384615385,-29.16923077,10.84532166,13,81,143,21,14,0,0,1635.17,34,47,1030.9
pote.txt_10609,128.75,0.3125,0,0,0,0.0625,0,0,0,0.375,0.25,0,0,0,0,0,0,0,0,0,0,0,0,0,0,0,0,0,0,0.0625,3.125,5.754107608,0.003302716,2.53125,0.625,-6.54375,10.6993103,16,84,152,22,17,0,0,1742.235,38,54,1168.8
pote.txt_11409,42.70833333,0.020833333,0.166666667,0.104166667,0.041666667,0,0.020833333,0.0625,0.0625,0.104166667,0.041666667,0.041666667,0.0625,0.041666667,0,0.0625,0.083333333,0.041666667,0,0,0.041666667,0,0,0,0,0,0,0,0,0.041666667,2.958333333,0.94661798,0.00017003,2.80625,0.333333333,49.71458333,7.717666626,48,234,363,71,74,10,0,5567.365,136,190,4033.6
pote.txt_1129,118.8888889,0,0.333333333,0,0,0,0.111111111,0,0.111111111,0,0.111111111,0,0,0,0,0.222222222,0,0,0.111111111,0,0,0,0,0,0,0,0,0,0,0,2.777777778,3.700655674,0.001826019,2.733333333,0.666666667,38.34444444,9.007522583,18,80,148,30,19,6,0,2026.625,50,64,1404.2
pote.txt_6071,26,0,0,0,0,0,0.6,0,0.066666667,0,0,0,0,0,0,0.066666667,0.266666667,0,0,0,0,0,0,0,0,0,0,0,0,0,1.666666667,0.760091614,0.000661438,3.14,0.066666667,63.30666667,9.748046875,15,42,72,18,20,0,0,1149.15,36,50,1095.4
pote.txt_11915,51.76470588,0.058823529,0.117647059,0.058823529,0.058823529,0,0.117647059,0,0.058823529,0.117647059,0.058823529,0,0,0,0,0.235294118,0,0.058823529,0,0,0.058823529,0,0,0,0,0,0,0,0,0.058823529,3.235294118,3.741193854,0.001847166,3.064705882,0.294117647,23.68823529,9.841293335,17,83,145,31,24,2,0,2025.37,50,65,1504.9
pote.txt_8729,50.3030303,0.060606061,0.060606061,0,0,0.090909091,0.151515152,0.03030303,0.03030303,0.181818182,0.060606061,0,0.060606061,0,0,0.060606061,0.090909091,0.090909091,0.03030303,0,0,0,0,0,0,0,0,0,0,0.090909091,2.787878788,7.821459816,0.002207481,2.815151515,0.333333333,35.66666667,10.67436981,33,158,257,49,42,2,0,3543.16,87,118,2612.2
pote.txt_5689,23.07692308,0.230769231,0.153846154,0.076923077,0,0,0.153846154,0,0,0.076923077,0,0,0,0,0.153846154,0.153846154,0,0,0,0,0,0,0,0,0,0,0,0,0,0,2.692307692,1.740401394,0.001276403,3.138461538,0.384615385,-3.830769231,8.955825806,13,51,90,22,18,2,0,1363.52,36,48,1103.4
pote.txt_673,32.22222222,0,0.333333333,0,0,0.111111111,0.111111111,0,0,0,0,0,0,0,0,0.277777778,0,0.055555556,0.111111111,0,0,0,0,0,0,0,0,0,0,0.111111111,2.833333333,4.700645674,0.002211397,2.938888889,0.555555556,50.47222222,9.30280304,18,84,141,33,20,6,0,2125.645,53,66,1489.2
pote.txt_9273,54.44444444,0.111111111,0,0.111111111,0.111111111,0,0,0,0.111111111,0.222222222,0,0,0,0,0,0.111111111,0.222222222,0,0,0,0,0,0,0,0,0,0,0,0,0,3.333333333,0.762024835,0.000737589,3.066666667,0.222222222,30.28888889,8.590209961,9,42,76,14,16,0,0,1033.13,26,36,802.4
pote.txt_11719,180.7692308,0.307692308,0,0,0,0.076923077,0,0,0,0.230769231,0.384615385,0,0,0,0,0,0,0,0,0,0,0,0,0,0,0,0,0,0,0.076923077,2.846153846,2.757104611,0.001969656,2.307692308,0.769230769,-3.830769231,10.30207825,13,69,122,16,14,0,0,1399.79,29,42,900.9
pote.txt_9837,120,0.272727273,0,0,0,0,0.136363636,0,0,0.181818182,0.136363636,0.045454545,0,0,0,0,0.090909091,0,0.136363636,0,0,0,0,0,0,0,0,0,0,0,2.363636364,3.75610561,0.001814066,2.686363636,0.590909091,-0.281818182,10.4777832,22,92,168,26,25,1,0,2070.545,50,73,1562.5
pote.txt_4941,113.3333333,0,0,0,0,0,0,0,0.166666667,0.166666667,0,0,0,0,0,0.416666667,0,0,0.166666667,0.083333333,0,0,0,0,0,0,0,0,0,0.083333333,4,6.758053613,0.004056272,3.008333333,0.333333333,84.06666667,12.60472107,12,70,137,29,13,0,0,1666.075,37,43,1150.9
pote.txt_1669,227.5,0,0,0,0,0,0,0,0.25,0.166666667,0.333333333,0,0,0.083333333,0,0.083333333,0.083333333,0,0,0,0,0,0,0,0,0,0,0,0,0,3.25,2.758093612,0.001960509,2.241666667,0.583333333,63.73333333,11.16629028,12,68,127,17,14,0,0,1406.825,29,40,882.6
pote.txt_3979,118,0.4,0,0,0,0,0,0,0.2,0,0,0,0,0,0.2,0,0,0,0,0,0.2,0,0,0,0,0,0,0,0,0.2,2.4,-0.240897387,-0.000426654,2.62,0.6,8,5.5234375,5,26,40,6,8,0,0,564.62,12,17,379.5
pote.txt_10277,45.88235294,0.058823529,0.235294118,0,0,0.058823529,0.058823529,0,0.058823529,0.058823529,0,0,0,0,0,0.235294118,0,0,0.058823529,0.058823529,0.117647059,0,0,0,0,0,0,0,0,0.235294118,3.058823529,4.717460651,0.002160346,2.776470588,0.470588235,13.22352941,9.579925537,17,91,148,30,20,4,0,2183.66,50,62,1421.3
pote.txt_9701,130,0,0,0,0,0,0.083333333,0.083333333,0.083333333,0.25,0.25,0.083333333,0,0,0,0,0,0.083333333,0,0.083333333,0,0,0,0,0,0,0,0,0,0.083333333,3.333333333,2.844278799,0.001937711,2.291666667,0.416666667,57.94166667,10.30207825,12,68,119,17,14,1,0,1467.855,30,42,927.7
pote.txt_1245,89.58333333,0.208333333,0.083333333,0,0.041666667,0.041666667,0.041666667,0.041666667,0.041666667,0.125,0.041666667,0.083333333,0,0.041666667,0,0,0.041666667,0,0.125,0,0.041666667,0,0,0,0,0,0,0,0,0.083333333,2.541666667,1.82628828,0.000711129,2.6,0.625,29.31666667,8.822097778,24,118,187,29,29,4,0,2568.155,57,84,1742.8
pote.txt_3249,97.5,0,0,0,0,0,0,0,0.25,0.25,0,0,0,0,0.25,0.25,0,0,0,0,0,0,0,0,0,0,0,0,0,0,4.25,1.759092613,0.003235678,3,0.25,-13.725,11.00073242,4,23,45,9,6,0,0,543.655,12,15,386.6
pote.txt_6499,85,0,0,0,0,0.1875,0,0,0,0.375,0.125,0,0,0,0,0.125,0.0625,0,0.125,0,0,0,0,0,0,0,0,0,0,0.1875,3.8125,7.754087608,0.003777663,2.6,0.4375,7.94375,12.04641724,16,100,170,28,18,0,0,2052.615,43,57,1318.5
pote.txt_6149,117.3333333,0.133333333,0,0,0,0.066666667,0.066666667,0,0,0.2,0.266666667,0.133333333,0,0,0,0,0,0.133333333,0,0,0,0,0,0,0,0,0,0,0,0.066666667,3,2.757104611,0.001654786,2.353333333,0.6,-9.44,10.30207825,15,77,136,18,18,2,0,1666.14,35,52,1118.7
pote.txt_12039,117,0,0,0,0,0.1,0,0,0.1,0.5,0.2,0,0,0,0,0,0,0,0,0,0.1,0,0,0,0,0,0,0,0,0.2,4,4.754107608,0.003632681,2.35,0.4,-12.24,10.30154419,10,66,113,15,12,0,0,1308.705,26,36,783.3
pote.txt_5111,121.6666667,0,0,0.083333333,0,0,0,0,0.166666667,0.25,0.083333333,0,0,0,0.083333333,0.25,0,0,0.083333333,0,0,0,0,0,0,0,0,0,0,0,4,4.758195372,0.003064061,2.891666667,0.333333333,24.08333333,11.73399353,12,68,129,25,16,0,0,1552.905,35,45,1112.1
pote.txt_421,115.4545455,0.121212121,0.060606061,0.060606061,0,0,0.121212121,0,0.060606061,0.151515152,0.181818182,0.03030303,0.03030303,0,0.03030303,0,0.090909091,0.03030303,0.03030303,0,0,0,0,0,0,0,0,0,0,0,2.666666667,2.737546151,0.000817666,2.596969697,0.484848485,15.87575758,9.243148804,33,144,256,40,44,3,0,3348,81,117,2488.2
pote.txt_9481,51.38888889,0.055555556,0.166666667,0.027777778,0,0.111111111,0.138888889,0.055555556,0,0.083333333,0.055555556,0,0,0.055555556,0,0.055555556,0.027777778,0.027777778,0.083333333,0.055555556,0,0,0,0,0,0,0,0,0,0.166666667,2.472222222,3.873147808,0.000963998,2.575,0.472222222,37.89444444,8.940498352,36,178,269,49,41,6,0,4017.795,92,125,2631.5
pote.txt_11221,33.19148936,0.021276596,0.170212766,0.042553191,0.042553191,0.063829787,0.085106383,0.021276596,0,0,0.063829787,0,0.106382979,0.042553191,0,0.127659574,0.127659574,0.063829787,0.021276596,0,0,0,0,0,0,0,0,0,0,0.063829787,2.617021277,1.775870328,0.000343113,2.931914894,0.340425532,68.83404255,8.230255127,47,208,326,72,70,8,0,5175.76,133,178,3919
pote.txt_5097,130,0.083333333,0,0,0,0.083333333,0,0,0.166666667,0.25,0.083333333,0,0,0,0,0.25,0,0,0.083333333,0,0,0,0,0,0,0,0,0,0,0.083333333,3.75,5.757074611,0.003767855,2.775,0.5,63,12.31056213,12,71,130,24,13,0,0,1527.945,33,42,1031.7
pote.txt_2683,43.33333333,0,0,0.055555556,0.027777778,0.138888889,0.083333333,0,0.027777778,0.055555556,0.083333333,0,0.055555556,0.083333333,0,0.361111111,0,0,0,0.027777778,0,0,0,0,0,0,0,0,0,0.166666667,3.527777778,11.7630256,0.002487174,3.016666667,0.25,102.9472222,12.35355377,36,207,341,79,45,0,0,4729.475,106,131,3344.2
pote.txt_11859,126.9230769,0,0,0,0,0,0.076923077,0,0.076923077,0.384615385,0.076923077,0,0.076923077,0,0,0,0,0,0.230769231,0.076923077,0,0,0,0,0,0,0,0,0,0.076923077,3.384615385,4.755106609,0.003087792,2.523076923,0.384615385,-33.61538462,10.60253906,13,69,131,19,15,0,0,1539.97,33,45,1011.4
pote.txt_9949,31.62162162,0.027027027,0.162162162,0.027027027,0,0.081081081,0.162162162,0.054054054,0.027027027,0.108108108,0.027027027,0,0,0.027027027,0.027027027,0.108108108,0.027027027,0.027027027,0.027027027,0,0.081081081,0,0,0,0,0,0,0,0,0.162162162,2.783783784,6.869131804,0.001617408,2.802702703,0.351351351,55.23243243,9.455970764,37,191,282,58,46,6,0,4247,101,135,2936.2
pote.txt_9927,206.4705882,0.058823529,0,0,0,0,0.117647059,0,0.117647059,0.058823529,0.352941176,0,0.058823529,0.058823529,0,0,0.117647059,0,0.058823529,0,0,0,0,0,0,0,0,0,0,0,2.470588235,0.759102613,0.000441052,2.305882353,0.588235294,47.34117647,8.75,17,81,145,19,21,0,0,1721.12,38,55,1171.4
pote.txt_2749,59.44444444,0,0.111111111,0,0,0,0.055555556,0,0.111111111,0.111111111,0,0.055555556,0.055555556,0.111111111,0.055555556,0.166666667,0,0.055555556,0.055555556,0,0.055555556,0,0,0,0,0,0,0,0,0.055555556,3.111111111,4.737272631,0.002189487,2.838888889,0.333333333,44.85555556,10.32141113,18,92,159,31,23,3,0,2163.645,50,66,1510.8
pote.txt_6043,136.6666667,0.066666667,0,0,0,0.066666667,0.2,0,0.133333333,0.133333333,0.2,0.066666667,0,0,0,0,0.066666667,0.066666667,0,0,0,0,0,0,0,0,0,0,0,0.066666667,2.666666667,1.758103612,0.001135044,2.393333333,0.533333333,-1.986666667,10.00268555,15,72,125,17,18,1,0,1548.93,34,50,1067.4
pote.txt_4199,0,0,0,0,0,0.555555556,0,0,0,0,0,0,0,0,0,0.444444444,0,0,0,0,0,0,0,0,0,0,0,0,0,0.555555556,3.888888889,3.760061615,0.00272739,2.7,0.555555556,136.1777778,12.4770813,9,69,95,21,10,0,0,1378.63,26,31,828.5
pote.txt_11039,185,0,0,0,0,0,0.25,0,0.15,0.1,0.25,0,0.05,0.05,0,0,0,0.05,0.1,0,0,0,0,0,0,0,0,0,0,0,2.45,1.758103612,0.000889965,2.4,0.5,32.61,10.00268555,20,93,167,23,23,0,0,1975.475,44,64,1367
pote.txt_3571,0,0,0.166666667,0,0,0,0,0,0,0,0,0,0,0,0,0.5,0,0,0,0.333333333,0,0,0,0,0,0,0,0,0,0.333333333,3.833333333,2.750170624,0.002858434,2.883333333,0.166666667,199.2666667,11.7003479,6,33,65,15,7,1,0,962.125,21,22,606.5
pote.txt_9241,140.625,0.25,0,0,0,0,0,0,0,0.3125,0.25,0,0,0,0,0,0,0.0625,0.0625,0.0625,0,0,0,0,0,0,0,0,0,0.0625,3,4.755106609,0.002668028,2.45625,0.5625,8.25625,10.60253906,16,81,153,21,18,0,0,1782.255,39,54,1178.9
pote.txt_1875,94.70588235,0.029411765,0,0.029411765,0,0.117647059,0.147058824,0,0.147058824,0,0.088235294,0,0.029411765,0.029411765,0.029411765,0.323529412,0.029411765,0,0,0,0,0,0,0,0,0,0,0,0,0.117647059,3.235294118,9.761112376,0.002364699,2.914705882,0.382352941,24.21470588,12.6532135,34,184,309,69,40,0,0,4127.845,94,118,2993.3
pote.txt_7759,70.90909091,0.045454545,0,0,0.090909091,0,0,0,0,0.318181818,0.136363636,0,0.272727273,0,0,0.045454545,0.045454545,0,0.045454545,0,0,0,0,0,0,0,0,0,0,0,3.636363636,5.758719531,0.002205531,2.995454545,0.227272727,8.731818182,10.39105225,22,111,200,38,34,0,0,2611.035,62,85,1991.2
pote.txt_2069,128.4210526,0.105263158,0,0.052631579,0,0.105263158,0.052631579,0,0.157894737,0.105263158,0.105263158,0.052631579,0,0.052631579,0,0,0.105263158,0.052631579,0.052631579,0,0,0,0,0,0,0,0,0,0,0.105263158,2.631578947,0.759224373,0.000370086,2.363157895,0.578947368,-6.963157895,8.591064453,19,97,159,21,25,1,0,2051.48,44,65,1364.6
pote.txt_3909,0,0,0,0,0,0,0,0,0,0,0,0,0,0,0,0.142857143,0,0,0,0.857142857,0,0,0,0,0,0,0,0,0,0.857142857,3.285714286,0.760091614,0.000588566,1.542857143,0,90.4,9.748046875,7,42,80,10,8,0,0,1291.43,22,22,602.6
pote.txt_2497,32.5,0,0,0,0,0.166666667,0,0,0.083333333,0.25,0,0,0,0,0,0.166666667,0,0,0,0.333333333,0,0,0,0,0,0,0,0,0,0.5,3.833333333,4.757084611,0.002547663,2.208333333,0.25,49.825,12.02441406,12,78,135,21,13,0,0,1867.235,35,41,1030.2
pote.txt_10179,150,0,0,0,0,0.076923077,0.153846154,0,0.153846154,0.076923077,0.230769231,0,0.076923077,0,0,0,0.076923077,0.076923077,0,0.076923077,0,0,0,0,0,0,0,0,0,0.153846154,2.692307692,0.759102613,0.000519314,2.253846154,0.461538462,-12.43076923,8.75,13,66,113,15,17,0,0,1461.74,31,43,948
pote.txt_333,58.08510638,0.021276596,0.127659574,0.042553191,0,0.042553191,0.085106383,0.042553191,0.085106383,0.021276596,0.042553191,0,0,0.127659574,0,0.127659574,0.106382979,0.042553191,0.021276596,0,0.063829787,0,0,0,0,0,0,0,0,0.106382979,2.531914894,4.873229569,0.000921543,2.75106383,0.340425532,44.84893617,9.151504517,47,236,358,70,62,6,0,5288.12,127,170,3647.1
pote.txt_3267,0,0,0,0,0,0,0,0,0,0.5,0,0,0,0,0,0.5,0,0,0,0,0,0,0,0,0,0,0,0,0,0,5,3.758083612,0.006405078,3.6,0,150.7,12.01651001,4,24,50,12,5,0,0,586.735,14,16,434.6
pote.txt_10907,86.59090909,0.159090909,0,0.068181818,0.022727273,0.022727273,0.045454545,0,0.045454545,0.204545455,0.068181818,0,0.090909091,0.022727273,0.022727273,0,0.045454545,0.045454545,0.090909091,0.045454545,0,0,0,0,0,0,0,0,0,0.068181818,2.818181818,4.75728335,0.000991614,2.693181818,0.386363636,9.911363636,9.903831482,44,207,358,58,62,0,0,4797.515,112,158,3482.3
pote.txt_509,81.61290323,0,0,0.032258065,0.096774194,0.064516129,0.032258065,0,0.096774194,0.193548387,0.064516129,0,0.032258065,0.032258065,0.032258065,0.161290323,0.064516129,0.032258065,0.064516129,0,0,0,0,0,0,0,0,0,0,0.064516129,3.548387097,6.763609756,0.001779677,2.9,0.290322581,28.35806452,11.04367065,31,169,292,54,45,0,0,3800.47,87,117,2724.9
pote.txt_659,97.6744186,0.093023256,0,0.023255814,0,0.023255814,0.11627907,0.046511628,0.186046512,0.23255814,0.023255814,0,0.046511628,0.046511628,0.046511628,0.023255814,0.046511628,0.023255814,0.023255814,0,0,0,0,0,0,0,0,0,0,0.023255814,2.953488372,9.925570742,0.002142119,2.730232558,0.348837209,12.15581395,10.91870117,43,216,364,64,53,0,0,4633.53,108,151,3345.4
pote.txt_10679,120,0.076923077,0,0.076923077,0,0.076923077,0,0,0.153846154,0.153846154,0.076923077,0,0,0,0.076923077,0.230769231,0,0,0.076923077,0,0,0,0,0,0,0,0,0,0,0.076923077,3.615384615,3.759194373,0.002288034,2.784615385,0.461538462,30.26153846,11.72299194,13,74,131,25,17,0,0,1642.98,36,47,1149.4
pote.txt_1125,49,0.133333333,0.2,0,0.033333333,0.1,0.1,0,0.033333333,0,0.033333333,0,0,0.033333333,0,0.133333333,0,0.033333333,0.033333333,0.033333333,0.1,0,0,0,0,0,0,0,0,0.233333333,2.5,2.700469133,0.000774411,2.683333333,0.533333333,58.68366667,8.674484253,30,151,226,42,37,6,0,3487.125,80,106,2284.5
pote.txt_10651,112.3076923,0,0,0,0,0.230769231,0.076923077,0,0.076923077,0.153846154,0.153846154,0,0,0,0,0.076923077,0.076923077,0,0.076923077,0.076923077,0,0,0,0,0,0,0,0,0,0.307692308,3.153846154,2.758093612,0.001680729,2.238461538,0.538461538,21.83076923,11.16629028,13,79,126,18,15,0,0,1641.01,32,43,975.7
pote.txt_3673,0,0,0,0,0,0,0,0,0,0,0,0,0,0,0,0.571428571,0,0,0,0.428571429,0,0,0,0,0,0,0,0,0,0.428571429,4.142857143,3.760061615,0.003129811,2.871428571,0,335.8857143,12.4770813,7,42,83,19,8,0,0,1201.37,25,25,749.3
pote.txt_5733,0,0,0,0,0,0,0.071428571,0,0,0.285714286,0,0,0,0,0,0.285714286,0.285714286,0.071428571,0,0,0,0,0,0,0,0,0,0,0,0,3.642857143,7.756065611,0.004666945,3.378571429,0,85.40714286,12.48477173,14,66,128,30,20,0,0,1661.915,45,55,1350.5
pote.txt_853,111.4285714,0.142857143,0,0.028571429,0.028571429,0.028571429,0.114285714,0,0.142857143,0.142857143,0,0,0.028571429,0.028571429,0.057142857,0.057142857,0,0.028571429,0.142857143,0.028571429,0,0,0,0,0,0,0,0,0,0.057142857,2.742857143,4.759017832,0.001264869,2.722857143,0.457142857,34.59428571,10.56504822,35,167,291,49,44,0,0,3762.46,86,120,2700.5
pote.txt_11803,59.77272727,0.045454545,0.136363636,0.045454545,0.022727273,0.022727273,0.159090909,0.022727273,0.022727273,0.045454545,0.068181818,0,0.090909091,0,0,0.045454545,0.068181818,0.045454545,0.068181818,0.045454545,0.045454545,0,0,0,0,0,0,0,0,0.113636364,2.477272727,0.788905842,0.000165758,2.736363636,0.363636364,20.74772727,7.776733398,44,195,308,58,62,6,0,4759.375,117,160,3458.9
pote.txt_317,76,0.088888889,0,0.022222222,0.088888889,0.044444444,0.133333333,0,0,0.244444444,0.155555556,0.022222222,0,0.022222222,0.022222222,0.022222222,0.066666667,0,0.022222222,0.022222222,0.022222222,0,0,0,0,0,0,0,0,0.088888889,3.088888889,6.760466211,0.001353471,2.711111111,0.333333333,19.43333333,9.999000549,45,224,380,60,61,1,0,4994.91,114,163,3538.7
pote.txt_7705,0,0,0.095238095,0.047619048,0,0.047619048,0,0.19047619,0,0,0,0,0.047619048,0,0.095238095,0.285714286,0.19047619,0,0,0,0,0,0,0,0,0,0,0,0,0.047619048,3.380952381,5.090057149,0.001891603,3.3,0.142857143,109.5666667,11.70029449,21,117,168,50,31,2,0,2690.87,68,84,2081.3
pote.txt_1341,152.8571429,0,0.095238095,0,0,0,0.285714286,0,0.047619048,0.095238095,0.238095238,0,0,0,0,0,0.095238095,0,0.142857143,0,0,0,0,0,0,0,0,0,0,0,2.285714286,1.738301632,0.000880835,2.5,0.523809524,-6.647619048,8.903701782,21,87,157,23,24,2,0,1973.47,48,69,1423.9
pote.txt_4133,107.7777778,0,0,0,0,0,0,0,0.111111111,0.111111111,0,0,0,0,0,0.333333333,0,0,0.222222222,0.222222222,0,0,0,0,0,0,0,0,0,0.222222222,3.666666667,3.759072613,0.002894756,2.677777778,0.333333333,123.5444444,12.30426025,9,52,101,19,10,0,0,1298.58,27,31,821.4
pote.txt_6907,157.2222222,0.111111111,0,0,0.055555556,0.055555556,0,0.055555556,0.166666667,0.222222222,0.166666667,0,0.055555556,0,0.055555556,0,0,0,0.055555556,0,0,0,0,0,0,0,0,0,0,0.055555556,3.277777778,2.84609026,0.001351045,2.488888889,0.555555556,-7.283333333,10.00140381,18,103,172,26,23,0,0,2106.585,44,63,1395.2
pote.txt_4559,87,0,0,0,0,0.2,0,0.2,0,0.3,0,0,0,0,0,0,0,0,0.3,0,0,0,0,0,0,0,0,0,0,0.2,3.3,2.931452988,0.002310842,2.53,0.5,-2.21,10.30207825,10,69,97,17,11,0,0,1268.565,25,35,768.4
pote.txt_10757,67.77777778,0.111111111,0.027777778,0.055555556,0,0.027777778,0.111111111,0,0.055555556,0.027777778,0.027777778,0,0.055555556,0.083333333,0.083333333,0.055555556,0.055555556,0.055555556,0.083333333,0.055555556,0.027777778,0,0,0,0,0,0,0,0,0.111111111,2.416666667,0.750424144,0.000192204,2.713888889,0.333333333,40.26666667,8.197143555,36,164,266,48,51,1,0,3904.315,92,126,2815.2
pote.txt_5529,112.3076923,0,0,0,0,0.230769231,0.076923077,0,0.076923077,0,0.153846154,0,0,0,0.076923077,0.153846154,0.076923077,0,0.076923077,0.076923077,0,0,0,0,0,0,0,0,0,0.307692308,3.076923077,1.760081614,0.001054592,2.338461538,0.538461538,38.86153846,12.00006104,13,78,122,20,16,0,0,1668.97,33,43,1031.1
pote.txt_5355,120,0.153846154,0,0,0,0.153846154,0,0,0,0.230769231,0.153846154,0,0.076923077,0,0,0,0,0,0.153846154,0.076923077,0,0,0,0,0,0,0,0,0,0.230769231,3,2.757104611,0.001762934,2.315384615,0.615384615,23.87692308,10.30207825,13,74,123,17,15,0,0,1563.93,31,43,959.4
pote.txt_7449,92.5,0,0,0,0,0.2,0.05,0.05,0,0.1,0.2,0,0.05,0.1,0,0.05,0.05,0.05,0.05,0.05,0,0,0,0,0,0,0,0,0,0.25,2.85,2.845267801,0.001162323,2.32,0.45,-0.245,11.16629028,20,121,180,28,24,0,0,2447.915,49,67,1482.5
pote.txt_3467,0,0,0,0,0,0,0,0,0,0,0,0,0,0,0,0.5,0,0,0,0.5,0,0,0,0,0,0,0,0,0,0.5,4,2.760071614,0.002640749,2.65,0,294.7333333,12.30105591,6,36,71,15,7,0,0,1045.185,21,21,621.3
pote.txt_5363,180,0,0,0,0.076923077,0.076923077,0.076923077,0,0.230769231,0.153846154,0.230769231,0,0,0,0,0,0.076923077,0,0,0.076923077,0,0,0,0,0,0,0,0,0,0.153846154,3.153846154,0.760914074,0.00048779,2.169230769,0.538461538,-2.076923077,8.591064453,13,73,127,15,17,0,0,1559.92,31,44,948.7
pote.txt_11071,46.73913043,0.043478261,0.130434783,0.02173913,0.02173913,0,0.108695652,0,0.065217391,0.065217391,0.043478261,0,0.065217391,0.065217391,0,0.086956522,0.152173913,0.086956522,0,0,0.043478261,0,0,0,0,0,0,0,0,0.043478261,2.52173913,4.699591892,0.000967491,2.891304348,0.282608696,46.5173913,9.125175476,46,197,328,64,67,6,0,4857.505,127,171,3680
pote.txt_4263,107.7777778,0,0,0,0,0,0,0,0.111111111,0.111111111,0,0,0,0,0,0.222222222,0,0.111111111,0.222222222,0.222222222,0,0,0,0,0,0,0,0,0,0.222222222,3.333333333,2.759082613,0.002218804,2.533333333,0.333333333,-0.544444444,12.00839233,9,50,96,16,11,0,0,1243.5,26,31,777
pote.txt_10949,40.34482759,0.034482759,0.206896552,0,0.034482759,0,0.172413793,0,0.034482759,0,0.034482759,0,0.068965517,0.103448276,0,0.034482759,0.068965517,0.137931034,0.034482759,0.034482759,0,0,0,0,0,0,0,0,0,0.034482759,2.034482759,-0.296503864,-0.000102657,2.779310345,0.344827586,45.47586207,5.962646484,29,110,184,34,40,6,0,2888.31,76,104,2125.1
pote.txt_2977,4,0.04,0,0.04,0.04,0.04,0.08,0.28,0,0.16,0,0,0,0,0,0.12,0.08,0,0,0.04,0.08,0,0,0,0,0,0,0,0,0.16,3.28,5.368228149,0.001665869,3.052,0.08,36.752,10.28338623,25,160,206,52,34,0,0,3222.48,74,97,2253.9
pote.txt_7565,107.5,0.1,0,0.05,0,0.05,0.1,0,0,0.15,0.25,0,0.05,0,0,0.15,0,0.05,0,0.05,0,0,0,0,0,0,0,0,0,0.1,3.15,4.758195372,0.002018918,2.66,0.4,36.855,11.73399353,20,103,183,33,25,0,0,2356.805,53,70,1654.6
pote.txt_2223,83.57142857,0.107142857,0,0.071428571,0.035714286,0,0.107142857,0.035714286,0.071428571,0.25,0.035714286,0.035714286,0.071428571,0,0,0,0,0,0.107142857,0.071428571,0,0,0,0,0,0,0,0,0,0.071428571,3.035714286,3.845334779,0.001215057,2.671428571,0.357142857,7.682142857,9.876167297,28,137,237,39,37,1,0,3164.735,71,101,2238.5
pote.txt_7023,75.55555556,0,0,0,0.111111111,0,0.111111111,0.055555556,0,0.111111111,0.111111111,0.055555556,0.055555556,0,0,0.111111111,0.055555556,0,0.111111111,0,0.111111111,0,0,0,0,0,0,0,0,0.111111111,3.222222222,1.848880723,0.000848299,2.888888889,0.277777778,11.64444444,9.524597168,18,99,155,29,27,1,0,2179.515,49,68,1553.8
pote.txt_10531,156.6666667,0.266666667,0,0,0,0.066666667,0,0,0,0.333333333,0.333333333,0,0,0,0,0,0,0,0,0,0,0,0,0,0,0,0,0,0,0.066666667,3.133333333,4.755106609,0.002871198,2.4,0.666666667,-7.646666667,10.60253906,15,81,146,20,16,0,0,1656.14,35,50,1079.5
pote.txt_1375,48.75,0.041666667,0.041666667,0.041666667,0.041666667,0.125,0,0,0.041666667,0.125,0.041666667,0,0,0.208333333,0,0.125,0.041666667,0.041666667,0.041666667,0.041666667,0,0,0,0,0,0,0,0,0,0.166666667,2.875,3.751104844,0.001286191,2.633333333,0.333333333,61.82083333,10.29566956,24,133,212,36,31,1,0,2916.445,63,85,1854.1
pote.txt_445,64.14634146,0.024390244,0.146341463,0.024390244,0,0.024390244,0.146341463,0.024390244,0.073170732,0.12195122,0.048780488,0,0,0.12195122,0.024390244,0.048780488,0.024390244,0.073170732,0.048780488,0,0.024390244,0,0,0,0,0,0,0,0,0.048780488,2.487804878,5.782976617,0.001334254,2.695121951,0.365853659,42.28780488,9.303443909,41,191,311,55,50,6,0,4334.24,105,145,3001.3
pote.txt_9247,39,0,0,0,0,0.2,0,0,0,0,0.1,0,0,0.2,0,0.2,0,0,0,0.3,0,0,0,0,0,0,0,0,0,0.5,3,1.760081614,0.00118068,2.12,0.3,63.9,12.00006104,10,64,102,16,11,0,0,1490.735,27,32,781.8
pote.txt_9697,130,0,0,0,0,0,0.083333333,0.083333333,0.083333333,0.25,0.25,0,0,0,0,0,0.083333333,0,0,0.166666667,0,0,0,0,0,0,0,0,0,0.166666667,3.25,2.844278799,0.001885083,2.241666667,0.333333333,40.60833333,10.30207825,12,68,119,17,14,0,0,1508.835,31,41,918.2
pote.txt_6455,110,0.125,0,0,0,0,0.1875,0,0.0625,0.25,0.1875,0.0625,0.0625,0,0,0,0,0,0,0.0625,0,0,0,0,0,0,0,0,0,0.0625,2.9375,3.75610561,0.002173477,2.5125,0.4375,-7.6625,10.4777832,16,75,139,21,18,1,0,1728.155,38,54,1200.6
pote.txt_441,15.3125,0.03125,0,0.0625,0.03125,0.03125,0.0625,0.21875,0,0.125,0.03125,0,0.0625,0,0,0.125,0.09375,0,0,0,0.125,0,0,0,0,0,0,0,0,0.15625,3.25,5.367340908,0.001321245,3.06875,0.09375,46.746875,9.992378235,32,199,258,64,48,0,0,4062.335,95,126,2929.9
pote.txt_11991,170,0,0,0,0,0,0,0,0.25,0.25,0,0,0,0,0,0.25,0,0,0.25,0,0,0,0,0,0,0,0,0,0,0,3.75,3.758083612,0.003716037,2.8,0.5,-9.0625,12.01651001,8,46,90,16,9,0,0,1011.315,22,28,687.8
pote.txt_10195,68.82352941,0.058823529,0,0,0.058823529,0.058823529,0.176470588,0,0.058823529,0.294117647,0.058823529,0,0.058823529,0,0,0,0,0,0.058823529,0.117647059,0,0,0,0,0,0,0,0,0,0.176470588,3.117647059,3.757917071,0.001888989,2.582352941,0.294117647,0.564705882,10.17684174,17,86,151,23,21,0,0,1989.38,43,59,1318.1
pote.txt_2091,156,0.066666667,0,0,0,0.066666667,0.266666667,0,0.133333333,0.133333333,0.2,0,0,0,0,0,0.066666667,0,0.066666667,0,0,0,0,0,0,0,0,0,0,0.066666667,2.466666667,1.758103612,0.001193699,2.44,0.533333333,-6.126666667,10.00268555,15,70,121,17,17,0,0,1472.82,33,48,1021.8
pote.txt_7657,121.4285714,0.333333333,0,0,0,0,0.142857143,0,0.047619048,0.19047619,0.142857143,0,0.047619048,0,0,0,0,0,0.047619048,0.047619048,0,0,0,0,0,0,0,0,0,0.047619048,2.380952381,3.75610561,0.001830934,2.647619048,0.571428571,4.628571429,10.4777832,21,90,164,26,23,0,0,2051.47,48,68,1491.8
pote.txt_11755,130,0,0,0,0,0,0.083333333,0.083333333,0.166666667,0.166666667,0.166666667,0.083333333,0,0,0,0.083333333,0.083333333,0,0,0.083333333,0,0,0,0,0,0,0,0,0,0.083333333,3.333333333,2.845267801,0.001920098,2.425,0.416666667,11.06666667,11.16629028,12,67,117,19,14,1,0,1481.835,31,42,966.4
pote.txt_6625,137.6470588,0.058823529,0,0,0,0.176470588,0,0,0.117647059,0.235294118,0.176470588,0,0,0.058823529,0,0,0.117647059,0,0.058823529,0,0,0,0,0,0,0,0,0,0,0.176470588,3.058823529,3.75610561,0.001897512,2.258823529,0.588235294,-1.476470588,10.4777832,17,100,163,21,20,0,0,1979.49,40,57,1206.7
pote.txt_5507,107,0,0,0,0.1,0,0.2,0,0.2,0,0,0,0,0,0,0,0.3,0,0.1,0.1,0,0,0,0,0,0,0,0,0,0.1,2.3,-1.237087924,-0.001196277,2.62,0.3,76.05,3.999664307,10,41,72,10,16,0,0,1034.115,25,35,747.4
pote.txt_6371,61.25,0.1875,0.125,0,0,0,0.0625,0.0625,0.0625,0,0,0,0.0625,0.0625,0,0.0625,0,0.1875,0.0625,0.0625,0,0,0,0,0,0,0,0,0,0.0625,2.125,0.827463822,0.000486476,2.76875,0.4375,15.875,8.081573486,16,70,114,22,21,2,0,1700.935,42,56,1213.6
pote.txt_475,117.8787879,0.03030303,0.060606061,0.03030303,0.03030303,0.03030303,0.212121212,0,0,0.151515152,0.181818182,0,0.03030303,0,0.03030303,0,0.060606061,0,0.151515152,0,0,0,0,0,0,0,0,0,0,0.03030303,2.606060606,2.739235852,0.000825568,2.624242424,0.454545455,4.13030303,9.243148804,33,147,254,40,42,2,0,3318,79,114,2422.3
pote.txt_11567,180,0,0,0,0,0,0,0.076923077,0.230769231,0.384615385,0.230769231,0,0,0,0,0,0.076923077,0,0,0,0,0,0,0,0,0,0,0,0,0,3.692307692,4.842280797,0.003099992,2.376923077,0.461538462,25.19230769,10.60253906,13,78,140,20,15,0,0,1562.03,33,46,1001.9
pote.txt_7141,66.84210526,0.052631579,0,0,0.210526316,0,0.210526316,0,0.052631579,0,0.105263158,0,0.052631579,0.052631579,0.105263158,0.157894737,0,0,0,0,0,0,0,0,0,0,0,0,0,0,3,-1.228686538,-0.00058252,3.157894737,0.210526316,70.90526316,4.948043823,19,86,145,31,31,0,0,2109.26,51,71,1661.7
pote.txt_4471,87,0,0,0,0,0.1,0,0,0,0.5,0,0,0,0.1,0,0,0,0,0.3,0,0,0,0,0,0,0,0,0,0,0.1,3.5,4.755106609,0.003960658,2.59,0.4,-6.63,10.60253906,10,59,105,15,11,0,0,1200.585,25,35,749
pote.txt_3595,0,0,0.333333333,0,0,0,0,0,0,0.5,0,0,0,0,0,0.166666667,0,0,0,0,0,0,0,0,0,0,0,0,0,0,4,3.737292631,0.004885254,3.033333333,0.333333333,62.66666667,9.850692749,6,30,60,12,7,2,0,765.015,19,24,524.5
pote.txt_7999,69.16666667,0.083333333,0,0,0,0,0.125,0,0,0.208333333,0.125,0,0.041666667,0,0.041666667,0.25,0.041666667,0,0.041666667,0.041666667,0,0,0,0,0,0,0,0,0,0.041666667,3.458333333,10.75504661,0.003756008,3.054166667,0.25,94.97083333,12.7041626,24,119,225,49,28,0,0,2863.425,69,86,2158.9
pote.txt_3613,0,0,0.166666667,0,0,0,0,0,0,0.166666667,0,0,0,0,0,0.333333333,0,0,0,0.166666667,0.166666667,0,0,0,0,0,0,0,0,0.333333333,3.833333333,2.748182622,0.003016384,2.883333333,0.166666667,75.61666667,10.05352783,6,36,63,13,8,1,0,911.085,20,23,572.3
pote.txt_9883,143.9130435,0.043478261,0,0.043478261,0,0,0.260869565,0,0,0,0.260869565,0,0.086956522,0,0,0,0.086956522,0.086956522,0.130434783,0,0,0,0,0,0,0,0,0,0,0,2.086956522,-1.238777625,-0.000582294,2.595652174,0.434782609,0.165217391,3.799819946,23,92,159,25,32,0,0,2127.41,53,77,1660.2
pote.txt_8947,34,0,0,0,0,0.075,0.1,0.15,0.025,0.05,0.025,0,0.05,0.25,0.075,0.05,0,0.025,0.05,0.025,0.05,0,0,0,0,0,0,0,0,0.15,2.5,4.27913074,0.000910208,2.71,0.175,76.1175,10.44691467,40,236,313,65,49,0,0,4701.265,101,138,3035.8
pote.txt_8819,159.4444444,0,0.027777778,0.027777778,0,0,0.111111111,0.055555556,0.055555556,0.027777778,0.25,0,0.083333333,0.083333333,0.055555556,0.027777778,0.027777778,0.027777778,0.138888889,0,0,0,0,0,0,0,0,0,0,0,2.555555556,0.924660761,0.000240699,2.5,0.472222222,31.25833333,8.239440918,36,180,295,49,46,1,0,3841.565,86,122,2677.7
pote.txt_6865,37.77777778,0,0.222222222,0,0,0,0.055555556,0,0,0.055555556,0.055555556,0,0,0,0.055555556,0.333333333,0,0.055555556,0.055555556,0,0.111111111,0,0,0,0,0,0,0,0,0.111111111,3.388888889,6.717440651,0.002894444,3.1,0.333333333,28.95,10.33486938,18,94,162,38,23,4,0,2320.805,57,69,1661.2
pote.txt_6389,91.25,0.0625,0,0,0,0.1875,0,0,0,0.25,0.125,0,0,0,0,0.1875,0.0625,0,0.125,0,0,0,0,0,0,0,0,0,0,0.1875,3.5625,6.75607561,0.003338766,2.675,0.5,49.05,12.31365967,16,97,163,29,18,0,0,2023.525,43,56,1331.2
pote.txt_4893,0,0,0.181818182,0,0,0,0,0.272727273,0,0,0,0,0,0,0,0.363636364,0.181818182,0,0,0,0,0,0,0,0,0,0,0,0,0,3.363636364,4.001782199,0.002789476,3.418181818,0.181818182,101.1090909,11.52635193,11,63,91,29,14,2,0,1434.6,37,44,1083.8
pote.txt_5763,167.1428571,0.071428571,0,0,0,0,0.285714286,0,0.142857143,0.142857143,0.214285714,0,0,0,0,0,0.071428571,0,0.071428571,0,0,0,0,0,0,0,0,0,0,0,2.428571429,1.758103612,0.001326225,2.507142857,0.5,-7.278571429,10.00268555,14,61,112,16,16,0,0,1325.645,31,45,958.5
pote.txt_97,110.3225806,0.129032258,0.064516129,0.064516129,0.032258065,0.032258065,0.161290323,0,0.032258065,0.193548387,0.193548387,0,0,0.032258065,0,0,0,0.032258065,0.032258065,0,0,0,0,0,0,0,0,0,0,0.032258065,2.64516129,2.739357612,0.000867206,2.587096774,0.483870968,-16.77419355,9.190010071,31,142,245,37,39,2,0,3158.83,74,108,2239.7
pote.txt_7815,84.7826087,0.043478261,0,0,0.086956522,0,0,0.043478261,0.043478261,0.043478261,0.130434783,0.043478261,0.086956522,0.043478261,0.043478261,0.130434783,0,0.086956522,0.043478261,0,0.130434783,0,0,0,0,0,0,0,0,0.130434783,3.217391304,1.848870723,0.000635499,2.813043478,0.304347826,78.84782609,9.522674561,23,133,206,38,36,1,0,2909.32,64,87,2021
pote.txt_6233,78,0,0,0,0,0.133333333,0,0,0.066666667,0.333333333,0.133333333,0,0.066666667,0,0,0.066666667,0.066666667,0,0,0.133333333,0,0,0,0,0,0,0,0,0,0.266666667,3.733333333,5.755096609,0.002845564,2.373333333,0.333333333,5.38,11.38845825,15,91,158,24,18,0,0,2022.48,41,53,1238.8
pote.txt_9433,210,0,0,0,0,0.076923077,0.153846154,0,0.076923077,0,0.461538462,0,0.153846154,0.076923077,0,0,0,0,0,0,0,0,0,0,0,0,0,0,0,0.076923077,2.538461538,-0.239898386,-0.00017176,2.146153846,0.615384615,20.76923077,5.5234375,13,68,113,15,16,0,0,1396.71,28,41,894.3
pote.txt_321,124.8,0.08,0,0,0,0.04,0.12,0,0.04,0.24,0.2,0,0,0.04,0.04,0,0.08,0,0.08,0.04,0,0,0,0,0,0,0,0,0,0.08,2.88,5.754107608,0.002123013,2.472,0.44,12.964,10.6993103,25,125,222,32,29,0,0,2710.35,60,84,1823.6
pote.txt_9569,152.2222222,0.222222222,0,0,0,0,0,0,0.111111111,0,0.222222222,0,0,0,0,0.333333333,0,0,0,0,0.111111111,0,0,0,0,0,0,0,0,0.111111111,3.222222222,2.759072613,0.002438722,2.844444444,0.555555556,136.1777778,11.71134949,9,51,90,18,11,0,0,1131.36,25,31,784.1
pote.txt_6381,55,0.0625,0.125,0,0,0,0.0625,0,0.0625,0.1875,0.0625,0,0,0.1875,0,0.0625,0.0625,0.0625,0,0.0625,0,0,0,0,0,0,0,0,0,0.0625,2.625,3.737292631,0.002093504,2.6375,0.3125,22.325,9.850692749,16,75,134,22,19,2,0,1785.185,42,56,1171.9
pote.txt_6883,37.77777778,0,0,0,0.055555556,0.055555556,0.222222222,0,0.055555556,0,0,0,0,0.222222222,0.111111111,0.055555556,0,0,0.055555556,0,0.166666667,0,0,0,0,0,0,0,0,0.222222222,2.333333333,-0.240094927,-0.000118552,2.738888889,0.166666667,53.73333333,6.000244141,18,96,133,23,26,0,0,2025.235,44,62,1332.1
pote.txt_3389,0,0,0,0,0,0.4,0,0,0,0,0,0,0,0,0,0.2,0,0,0,0.4,0,0,0,0,0,0,0,0,0,0.8,3.4,0.760091614,0.000903838,1.88,0.4,8,9.748046875,5,36,54,8,6,0,0,840.96,14,16,412.8
pote.txt_1021,21.6,0.08,0.16,0.06,0.06,0.04,0.1,0.08,0,0.1,0.02,0.02,0.02,0,0.04,0.02,0.06,0.06,0.02,0.04,0.02,0,0,0,0,0,0,0,0,0.1,2.7,0.035380109,6.32E-06,2.806,0.34,15.46,7.025848389,50,235,349,69,73,9,0,5599.265,137,191,4035.8
pote.txt_6813,124.4444444,0,0,0.055555556,0.055555556,0,0.055555556,0.055555556,0.055555556,0.111111111,0.222222222,0,0.055555556,0,0.055555556,0.111111111,0,0,0.055555556,0.111111111,0,0,0,0,0,0,0,0,0,0.111111111,3.388888889,1.849189024,0.000802364,2.555555556,0.333333333,56.56111111,9.986236572,18,100,172,30,25,0,0,2304.675,49,65,1541.9
pote.txt_7633,51.9047619,0.333333333,0.047619048,0.047619048,0,0,0.047619048,0,0,0.285714286,0.047619048,0,0,0.142857143,0,0.047619048,0,0,0,0,0,0,0,0,0,0,0,0,0,0,2.571428571,5.745317379,0.00270934,2.89047619,0.428571429,29.85714286,10.31024933,21,93,166,30,24,1,0,2120.56,52,73,1546.7
pote.txt_8891,38.42105263,0,0.157894737,0.026315789,0,0.026315789,0.184210526,0.052631579,0.026315789,0.078947368,0.052631579,0,0.026315789,0.026315789,0,0.131578947,0,0.026315789,0.026315789,0.052631579,0.105263158,0,0,0,0,0,0,0,0,0.184210526,2.789473684,6.869121805,0.001521641,2.771052632,0.289473684,40.00526316,9.455436707,38,195,297,61,47,6,0,4514.285,106,138,3069.8
pote.txt_5421,135.3846154,0.153846154,0,0.076923077,0.076923077,0.153846154,0.076923077,0,0.230769231,0.076923077,0.076923077,0,0,0,0,0,0.076923077,0,0,0,0,0,0,0,0,0,0,0,0,0.153846154,2.692307692,-1.236966164,-0.000868876,2.415384615,0.615384615,27.00769231,4.370300293,13,68,106,14,19,0,0,1423.64,30,45,944.6
pote.txt_6679,62.94117647,0,0,0.058823529,0.058823529,0.058823529,0,0.058823529,0.058823529,0,0.058823529,0,0.058823529,0,0.058823529,0.176470588,0.176470588,0.058823529,0.058823529,0,0.058823529,0,0,0,0,0,0,0,0,0.117647059,3.176470588,0.850178025,0.000403261,2.958823529,0.235294118,61.98823529,8.75,17,93,142,30,29,0,0,2108.26,50,66,1561.2
pote.txt_6797,76.11111111,0.166666667,0,0,0,0.166666667,0.111111111,0,0,0.222222222,0.111111111,0,0,0,0.055555556,0.055555556,0.055555556,0,0.055555556,0,0,0,0,0,0,0,0,0,0,0.166666667,2.944444444,4.75609561,0.00238233,2.644444444,0.5,4.238888889,11.33377075,18,95,154,26,21,0,0,1996.405,44,61,1371.1
pote.txt_1053,19.4,0.02,0.16,0.02,0.02,0.06,0.1,0.02,0,0.12,0,0.02,0.08,0.08,0,0.06,0.04,0.08,0.06,0,0.06,0,0,0,0,0,0,0,0,0.12,2.66,6.762978096,0.001207337,2.818,0.32,14.47,9.182373047,50,241,369,71,68,9,0,5601.565,136,186,3950
pote.txt_3505,0,0,0,0,0,0,0,0,0,0,0,0,0,0,0,0.333333333,0,0,0,0.666666667,0,0,0,0,0,0,0,0,0,0.666666667,3.666666667,1.760081614,0.001636973,2.133333333,0,199.2666667,12.00006104,6,36,70,12,7,0,0,1075.205,20,20,572.4
pote.txt_2503,202.1428571,0.142857143,0,0,0,0,0,0,0.071428571,0.285714286,0.357142857,0,0.071428571,0,0,0,0,0,0.071428571,0,0,0,0,0,0,0,0,0,0,0,3.214285714,3.75610561,0.002400014,2.35,0.642857143,-1.214285714,10.4777832,14,75,141,19,16,0,0,1565.035,33,47,1032.9
pote.txt_6275,104.6666667,0.333333333,0,0,0.066666667,0,0,0.133333333,0.066666667,0.133333333,0.066666667,0,0,0,0,0,0,0.066666667,0.066666667,0,0.066666667,0,0,0,0,0,0,0,0,0.066666667,2.533333333,0.93426345,0.000575693,2.786666667,0.533333333,30.50666667,8.512451172,15,80,119,21,20,0,0,1622.85,37,53,1137.2
pote.txt_3789,0,0,0,0,0,0,0,0,0,0,0,0,0,0,0,0.714285714,0,0,0,0.285714286,0,0,0,0,0,0,0,0,0,0.285714286,4.428571429,4.760051615,0.004063731,3.314285714,0,417.7142857,12.60205078,7,42,84,22,8,0,0,1171.35,26,26,798.2
pote.txt_2471,97.5,0,0,0,0,0,0,0,0.166666667,0.083333333,0.083333333,0,0,0,0,0.416666667,0,0,0,0.25,0,0,0,0,0,0,0,0,0,0.25,4,5.759052614,0.003155308,2.683333333,0.25,120.6833333,12.60343933,12,72,140,28,13,0,0,1825.195,38,42,1156.5
pote.txt_11905,130,0,0,0,0,0,0,0,0,0.666666667,0.333333333,0,0,0,0,0,0,0,0,0,0,0,0,0,0,0,0,0,0,0,4.333333333,7.752109606,0.00518177,2.5,0.333333333,-33.28333333,10.84532166,12,72,142,20,13,0,0,1496.035,32,44,967.6
pote.txt_1321,101.5217391,0.043478261,0.043478261,0.043478261,0.043478261,0.043478261,0.173913043,0,0.130434783,0.173913043,0.02173913,0.02173913,0.043478261,0,0,0.02173913,0.043478261,0.02173913,0.130434783,0,0,0,0,0,0,0,0,0,0,0.043478261,2.782608696,4.740160072,0.000985729,2.697826087,0.434782609,-11.83478261,9.627990723,46,213,365,59,60,3,0,4808.785,113,163,3508.9
pote.txt_8849,15.67567568,0,0.027027027,0,0.027027027,0,0.027027027,0,0,0,0,0,0,0.108108108,0.081081081,0.432432432,0.189189189,0.054054054,0.054054054,0,0,0,0,0,0,0,0,0,0,0,3.378378378,14.75285109,0.003214738,3.459459459,0.081081081,280.3324324,12.63687134,37,180,328,88,52,1,0,4589.13,120,142,3670.8
pote.txt_5239,155,0.25,0,0,0,0,0,0.083333333,0,0.25,0.333333333,0,0,0,0,0.083333333,0,0,0,0,0,0,0,0,0,0,0,0,0,0,3.166666667,3.8442688,0.002823129,2.616666667,0.583333333,11.06666667,11.26391602,12,66,116,20,13,0,0,1361.705,30,41,931
pote.txt_5503,97,0,0,0,0.1,0,0.2,0,0.1,0,0,0,0,0,0,0,0.3,0,0.2,0.1,0,0,0,0,0,0,0,0,0,0.1,2.2,-1.237087924,-0.001212718,2.68,0.3,65.28,3.999664307,10,40,70,10,16,0,0,1020.095,25,35,747.4
pote.txt_4451,117,0,0,0,0,0,0,0,0.1,0.2,0.2,0,0.1,0,0,0.2,0.1,0,0,0.1,0,0,0,0,0,0,0,0,0,0.1,3.7,3.758083612,0.002860937,2.67,0.3,64.71,12.01651001,10,55,105,19,13,0,0,1313.585,29,36,893.2
pote.txt_3841,0,0,0,0,0,0,0,0,0,0,0,0,0,0,0,0.285714286,0,0,0,0.714285714,0,0,0,0,0,0,0,0,0,0.714285714,3.571428571,1.760081614,0.001395329,1.985714286,0,172.2285714,12.00006104,7,42,81,13,8,0,0,1261.41,23,23,651.5
pote.txt_4681,80,0.090909091,0,0,0,0,0,0,0,0,0.181818182,0,0.090909091,0.181818182,0,0.090909091,0.272727273,0.090909091,0,0,0,0,0,0,0,0,0,0,0,0,2.272727273,0.760091614,0.000665434,2.8,0.272727273,101.5636364,9.748046875,11,48,83,15,17,0,0,1142.25,29,39,856.9
pote.txt_1269,118.1818182,0.090909091,0.060606061,0.060606061,0,0,0.121212121,0,0.03030303,0.090909091,0.181818182,0,0.060606061,0,0.03030303,0,0.090909091,0.090909091,0.090909091,0,0,0,0,0,0,0,0,0,0,0,2.454545455,0.739544153,0.00022473,2.633333333,0.454545455,19.15454545,8.033081055,33,140,245,39,47,2,0,3290.81,82,117,2494.2
pote.txt_7207,16.66666667,0.166666667,0.111111111,0.055555556,0.055555556,0,0.055555556,0.111111111,0,0.111111111,0,0,0.111111111,0,0,0.111111111,0.111111111,0,0,0,0,0,0,0,0,0,0,0,0,0,2.833333333,1.916561232,0.000965943,3.194444444,0.277777778,45.62222222,8.90423584,18,82,126,32,27,2,0,1984.135,52,70,1581.6
pote.txt_4499,58,0,0.3,0,0,0,0.1,0,0,0.1,0,0,0.1,0,0,0.1,0,0,0.2,0,0.1,0,0,0,0,0,0,0,0,0.1,2.7,1.728390642,0.001510283,2.82,0.5,10.54,8.679504395,10,46,77,15,13,3,0,1144.415,28,37,789.7
pote.txt_3919,97.14285714,0,0,0,0,0,0.142857143,0,0,0.428571429,0.142857143,0.142857143,0,0,0,0,0,0,0.142857143,0,0,0,0,0,0,0,0,0,0,0,3.571428571,2.757104611,0.003433163,2.557142857,0.428571429,-19.8,10.30207825,7,36,70,10,8,1,0,803.08,17,25,546.4
pote.txt_10269,222.8571429,0,0,0,0,0,0,0,0,0.428571429,0.571428571,0,0,0,0,0,0,0,0,0,0,0,0,0,0,0,0,0,0,0,3.857142857,2.757104611,0.00322408,2.142857143,0.571428571,-39.94285714,10.30207825,7,42,82,10,8,0,0,855.16,17,24,521.1
pote.txt_7939,28.33333333,0.041666667,0.083333333,0,0,0.125,0.041666667,0,0,0.166666667,0,0.041666667,0.083333333,0.041666667,0,0.083333333,0.125,0.083333333,0.083333333,0,0,0,0,0,0,0,0,0,0,0.125,2.916666667,5.73628363,0.002095634,2.791666667,0.375,18.07083333,10.48077393,24,119,194,36,32,3,0,2737.255,65,88,1952.8
pote.txt_8541,13.44827586,0,0,0,0,0,0.310344828,0.137931034,0,0,0.034482759,0,0,0.034482759,0.034482759,0.103448276,0.310344828,0,0,0,0.034482759,0,0,0,0,0,0,0,0,0.034482759,2.24137931,3.107769367,0.00109666,3.155172414,0.034482759,51,11.71134949,29,124,173,47,41,0,0,2833.85,79,105,2376.3
pote.txt_4543,0,0,0.2,0,0,0.1,0.2,0,0,0,0,0,0,0,0,0.5,0,0,0,0,0,0,0,0,0,0,0,0,0,0.1,3.4,4.740249634,0.00374275,3.39,0.3,115.07,11.82499695,10,49,87,25,11,2,0,1266.515,32,37,958.5
pote.txt_10447,117,0.1,0.1,0,0.1,0,0,0,0.1,0.1,0.1,0,0,0,0.1,0.2,0,0,0.1,0,0,0,0,0,0,0,0,0,0,0,3.4,1.751992085,0.001441417,2.92,0.5,71.63,9.504089355,10,51,94,18,14,1,0,1215.465,28,37,869.8
pote.txt_4051,195,0,0,0,0,0,0.5,0,0.166666667,0,0.333333333,0,0,0,0,0,0,0,0,0,0,0,0,0,0,0,0,0,0,0,2,-0.239898386,-0.000453799,2.383333333,0.5,46.85,5.5234375,6,24,44,6,7,0,0,528.645,12,18,379.8
pote.txt_4247,205.5555556,0,0,0,0,0,0,0,0.222222222,0,0.222222222,0.111111111,0,0,0,0.333333333,0,0,0.111111111,0,0,0,0,0,0,0,0,0,0,0,3.666666667,2.760071614,0.002360004,2.577777778,0.666666667,0.511111111,12.30105591,9,52,100,18,10,1,0,1169.52,24,31,789.1
pote.txt_7373,97.5,0,0,0,0,0.1,0,0,0.05,0.45,0.2,0,0,0,0,0.1,0,0,0,0,0.1,0,0,0,0,0,0,0,0,0.2,4.1,10.7490926,0.004025222,2.535,0.35,21.04,10.93002319,20,132,225,35,23,0,0,2670.435,55,73,1670
pote.txt_7777,35.45454545,0,0,0,0,0.136363636,0,0,0.090909091,0,0,0,0,0.454545455,0,0.272727273,0,0,0,0,0.045454545,0,0,0,0,0,0,0,0,0.181818182,2.636363636,5.759042614,0.002088664,2.745454545,0.227272727,152.3095455,12.30265808,22,134,202,40,24,0,0,2757.285,57,73,1661.1
pote.txt_2607,14.68085106,0.085106383,0.170212766,0.021276596,0.042553191,0.063829787,0.085106383,0.063829787,0,0.042553191,0,0,0.021276596,0.021276596,0.042553191,0.127659574,0.106382979,0.085106383,0.021276596,0,0,0,0,0,0,0,0,0,0,0.063829787,2.659574468,4.947099942,0.000954707,3.017021277,0.340425532,50.81702128,8.969551086,47,215,328,76,66,8,0,5181.8,134,178,3919.3
pote.txt_7305,128.4210526,0.157894737,0,0,0,0.105263158,0.052631579,0,0.105263158,0.263157895,0.105263158,0,0,0.052631579,0,0,0.052631579,0,0.105263158,0,0,0,0,0,0,0,0,0,0,0.105263158,2.842105263,4.755106609,0.002309874,2.463157895,0.578947368,-2.494736842,10.60253906,19,101,172,24,21,0,0,2058.6,44,63,1339
pote.txt_11059,140,0.285714286,0,0,0,0,0,0,0,0.428571429,0.285714286,0,0,0,0,0,0,0,0,0,0,0,0,0,0,0,0,0,0,0,3.285714286,5.754107608,0.003775698,2.571428571,0.571428571,-14.97142857,10.6993103,14,72,138,20,15,0,0,1523.985,34,48,1042.2
pote.txt_6991,216.6666667,0,0,0,0,0,0.055555556,0,0.055555556,0.277777778,0.5,0,0,0.055555556,0,0,0,0,0,0,0.055555556,0,0,0,0,0,0,0,0,0.055555556,3.333333333,4.754107608,0.002255499,2.122222222,0.555555556,-17.58888889,10.30154419,18,106,191,23,20,0,0,2107.785,42,60,1275.7
pote.txt_8271,120,0.115384615,0,0.038461538,0.038461538,0.038461538,0.192307692,0.038461538,0.038461538,0.076923077,0.153846154,0,0.038461538,0,0.076923077,0,0,0.038461538,0.115384615,0,0,0,0,0,0,0,0,0,0,0.038461538,2.5,-0.150790977,-5.72E-05,2.665384615,0.461538462,-8.369230769,6.75112915,26,121,195,33,35,0,0,2636.015,61,89,1950.3
pote.txt_10037,152.6086957,0.043478261,0,0,0,0,0.173913043,0,0.217391304,0.086956522,0.130434783,0,0.043478261,0.043478261,0,0.043478261,0.086956522,0.043478261,0.043478261,0.043478261,0,0,0,0,0,0,0,0,0,0.043478261,2.565217391,2.758093612,0.001145911,2.495652174,0.434782609,15.23913043,11.16629028,23,107,193,29,28,0,0,2406.9,55,76,1678
pote.txt_7251,0,0,0,0,0,0,0.375,0,0,0,0,0,0,0,0.5,0,0,0,0,0,0.125,0,0,0,0,0,0,0,0,0.125,2.75,-0.240897387,-0.000278541,3.0375,0,46.2875,5.5234375,8,35,52,12,14,0,0,864.855,21,29,697.5
pote.txt_5199,195,0,0,0,0,0.25,0,0,0,0,0.5,0,0,0.25,0,0,0,0,0,0,0,0,0,0,0,0,0,0,0,0.25,2.5,-0.239898386,-0.000250099,1.75,0.75,56.9,5.5234375,8,52,78,8,9,0,0,959.215,16,24,478.4
pote.txt_9755,149.3333333,0.066666667,0,0,0,0,0.066666667,0,0.2,0.333333333,0.066666667,0,0.066666667,0,0,0,0,0,0.133333333,0.066666667,0,0,0,0,0,0,0,0,0,0.066666667,3.266666667,4.755106609,0.002735618,2.46,0.466666667,-13.04,10.60253906,15,79,149,21,17,0,0,1738.22,37,51,1138
pote.txt_9157,27.60869565,0.043478261,0.173913043,0.043478261,0,0,0.173913043,0.02173913,0.02173913,0.108695652,0.02173913,0,0.02173913,0.130434783,0.02173913,0,0.086956522,0.02173913,0.02173913,0,0.086956522,0,0,0,0,0,0,0,0,0.086956522,2.239130435,2.761318395,0.000587213,2.758695652,0.282608696,6.808695652,8.474746704,46,201,303,55,62,8,0,4702.415,119,167,3338
pote.txt_8703,121.2121212,0.090909091,0.060606061,0.060606061,0,0,0.121212121,0,0.03030303,0.151515152,0.212121212,0,0,0,0.03030303,0,0.151515152,0.03030303,0.060606061,0,0,0,0,0,0,0,0,0,0,0,2.606060606,2.737546151,0.000828327,2.596969697,0.454545455,16.58181818,9.243148804,33,143,255,39,45,2,0,3304.91,82,117,2460.8
pote.txt_7613,153.3333333,0.047619048,0,0,0,0,0.095238095,0,0.047619048,0,0.333333333,0,0,0.047619048,0.047619048,0.333333333,0,0,0,0.047619048,0,0,0,0,0,0,0,0,0,0.047619048,3.333333333,6.760031615,0.002586899,2.747619048,0.428571429,107.1142857,12.77818298,21,113,211,43,23,0,0,2613.18,58,71,1826.7
pote.txt_2185,53.33333333,0,0.095238095,0.047619048,0,0.071428571,0.071428571,0.023809524,0.119047619,0.071428571,0,0,0.095238095,0.023809524,0.023809524,0.142857143,0.095238095,0.047619048,0.023809524,0.023809524,0.023809524,0,0,0,0,0,0,0,0,0.119047619,3,6.805857361,0.001366999,2.826190476,0.30952381,29.02857143,10.0977478,42,212,340,70,59,4,0,4978.685,119,156,3590.3
pote.txt_7479,0,0,0,0,0,0,0.266666667,0,0,0,0,0,0,0,0,0.466666667,0,0,0,0.2,0.066666667,0,0,0,0,0,0,0,0,0.266666667,3.4,6.759032614,0.003278983,3.186666667,0,128.86,12.39916229,15,77,140,36,17,0,0,2061.32,48,53,1470.1
pote.txt_1989,48.75,0,0,0,0,0,0,0,0,0,0.125,0,0,0,0,0.375,0,0,0,0.5,0,0,0,0,0,0,0,0,0,0.5,3.75,2.760071614,0.002052792,2.3125,0.125,263.05,12.30105591,8,48,93,17,9,0,0,1344.545,26,27,763.7
pote.txt_4083,25,0.25,0,0,0.125,0,0.125,0.125,0,0.125,0,0,0,0,0.125,0.125,0,0,0,0,0,0,0,0,0,0,0,0,0,0,3,0.849077264,0.000947678,3.3,0.25,-12.475,8.755126953,8,39,61,15,12,0,0,895.955,22,30,706.2
pote.txt_9133,21.30434783,0.065217391,0.173913043,0.043478261,0.043478261,0.065217391,0.065217391,0,0,0.086956522,0.02173913,0.02173913,0.065217391,0.065217391,0.043478261,0.065217391,0.065217391,0.043478261,0.02173913,0.02173913,0.02173913,0,0,0,0,0,0,0,0,0.108695652,2.717391304,2.683731135,0.0005176,2.8,0.369565217,34.54565217,8.503799438,46,211,334,64,66,9,0,5184.955,126,173,3703.1
pote.txt_823,71.33333333,0.033333333,0,0,0.033333333,0.166666667,0.033333333,0,0.066666667,0.3,0.033333333,0,0,0.066666667,0,0.1,0.066666667,0,0.1,0,0,0,0,0,0,0,0,0,0,0.166666667,3.4,10.75389107,0.002955571,2.666666667,0.4,9.336666667,11.78974915,30,176,290,48,35,0,0,3638.515,78,106,2377.4
pote.txt_7611,148.5714286,0.047619048,0,0,0,0.047619048,0.095238095,0,0,0,0.333333333,0,0,0.047619048,0.047619048,0.333333333,0,0,0.047619048,0,0,0,0,0,0,0,0,0,0,0.047619048,3.285714286,6.760031615,0.002640503,2.795238095,0.476190476,117.8238095,12.77818298,21,115,207,43,23,0,0,2560.13,57,71,1810.9
pote.txt_8487,43.44827586,0,0.206896552,0,0.034482759,0,0.172413793,0,0,0,0.034482759,0,0.068965517,0.103448276,0,0.034482759,0.034482759,0.172413793,0.103448276,0.034482759,0,0,0,0,0,0,0,0,0,0.034482759,2.034482759,-0.296503864,-0.000101668,2.768965517,0.344827586,34.76551724,5.962646484,29,112,188,34,40,6,0,2916.38,76,104,2125.1
pote.txt_2881,58.5,0,0,0,0,0,0.2,0.25,0,0.3,0.15,0,0.1,0,0,0,0,0,0,0,0,0,0,0,0,0,0,0,0,0,3.2,6.189978549,0.002728504,2.905,0.15,16.73,10.6993103,20,115,166,38,23,0,0,2268.635,53,73,1650.9
pote.txt_3585,214,0,0,0,0,0,0,0,0,0,0.4,0,0.2,0,0,0,0,0,0.2,0.2,0,0,0,0,0,0,0,0,0,0.2,2.8,-0.239898386,-0.000372646,1.96,0.6,32.68,5.5234375,5,27,50,6,7,0,0,643.77,12,16,375
pote.txt_6965,27.22222222,0.111111111,0,0,0,0,0.166666667,0,0,0.277777778,0,0,0,0,0.055555556,0.166666667,0.111111111,0.055555556,0.055555556,0,0,0,0,0,0,0,0,0,0,0,3.166666667,7.755076609,0.003990725,3.205555556,0.166666667,63.78888889,12.3167572,18,80,151,33,23,0,0,1943.275,51,66,1567.1
pote.txt_1747,140,0.0625,0,0,0,0.0625,0.125,0,0.125,0.0625,0.125,0.0625,0.0625,0.0625,0,0.0625,0.0625,0,0.125,0,0,0,0,0,0,0,0,0,0,0.0625,2.625,1.759092613,0.001025641,2.5,0.5625,6.0875,11.00073242,16,79,135,21,19,1,0,1715.115,37,53,1177.8
pote.txt_91,97.5,0.071428571,0.071428571,0.071428571,0,0,0.107142857,0.035714286,0.035714286,0.178571429,0.142857143,0.071428571,0.071428571,0,0,0,0,0.071428571,0.071428571,0,0,0,0,0,0,0,0,0,0,0,2.857142857,2.824720339,0.000940741,2.610714286,0.464285714,-11.91428571,9.243362427,28,131,225,37,37,4,0,3002.655,70,102,2185.1
pote.txt_10749,84.13793103,0.103448276,0.206896552,0,0.034482759,0,0.068965517,0,0.137931034,0.068965517,0,0,0.034482759,0.068965517,0,0.034482759,0.103448276,0,0.068965517,0.034482759,0.034482759,0,0,0,0,0,0,0,0,0.068965517,2.379310345,1.700499133,0.000552882,2.648275862,0.517241379,25.8,8.333808899,29,126,213,35,37,6,0,3075.7,75,103,2107.8
pote.txt_2417,102,0,0,0,0.1,0.15,0.1,0.05,0.05,0.1,0.1,0,0,0,0,0.1,0,0,0.15,0.1,0,0,0,0,0,0,0,0,0,0.25,3.15,1.850878725,0.000726685,2.485,0.45,52.545,9.986236572,20,119,186,30,25,0,0,2547.015,51,69,1583.1
pote.txt_3997,55.71428571,0,0,0,0,0,0,0,0.142857143,0.285714286,0,0,0,0,0,0.285714286,0,0,0,0.285714286,0,0,0,0,0,0,0,0,0,0.285714286,4.142857143,3.758083612,0.003504694,2.614285714,0.142857143,112.7142857,12.01651001,7,42,83,15,8,0,0,1072.3,22,25,656.1
pote.txt_6547,91.25,0,0,0,0,0,0.0625,0,0.125,0.1875,0.0625,0,0.0625,0,0,0.125,0,0,0.0625,0.3125,0,0,0,0,0,0,0,0,0,0.3125,3.4375,4.757084611,0.002108922,2.29375,0.25,17.2,12.02441406,16,89,168,26,18,0,0,2255.695,45,54,1341.9
pote.txt_8099,62.4,0.08,0,0.04,0.08,0.08,0.12,0,0.08,0.04,0,0.08,0.04,0.08,0.04,0.04,0.04,0.04,0.08,0,0.04,0,0,0,0,0,0,0,0,0.12,2.64,-1.235164703,-0.000447825,2.704,0.4,50.464,4.679092407,25,123,189,31,37,2,0,2758.14,61,90,1955.2
pote.txt_6291,0,0,0,0,0,0.466666667,0,0,0,0.133333333,0,0,0,0.066666667,0,0.266666667,0,0,0,0.066666667,0,0,0,0,0,0,0,0,0,0.533333333,3.666666667,5.758063613,0.002602338,2.46,0.466666667,91.34666667,12.48092651,15,110,155,29,16,0,0,2212.65,41,51,1262.1
pote.txt_3185,0,0,0,0,0,0,0,0,0,0,0,0,0,0,0,1,0,0,0,0,0,0,0,0,0,0,0,0,0,0,5,3.760061615,0.005849914,4.2,0,437.1,12.4770813,4,24,50,16,5,0,0,642.755,16,16,512
pote.txt_9431,172.3076923,0,0,0,0,0.153846154,0.153846154,0,0.076923077,0.076923077,0.307692308,0,0,0.076923077,0,0,0.076923077,0,0.076923077,0,0,0,0,0,0,0,0,0,0,0.153846154,2.538461538,0.759102613,0.000540768,2.153846154,0.615384615,-2.076923077,8.75,13,71,114,14,15,0,0,1403.75,28,41,855.2
pote.txt_10319,113.75,0.083333333,0,0,0.041666667,0.041666667,0.083333333,0.083333333,0.125,0.166666667,0.083333333,0,0.125,0,0.083333333,0,0,0,0.083333333,0,0,0,0,0,0,0,0,0,0,0.041666667,3.041666667,2.933264449,0.001086336,2.7125,0.416666667,-2.9625,10.00145721,24,128,203,37,32,0,0,2700.145,60,85,1931.8
pote.txt_6791,43.33333333,0,0,0,0,0.222222222,0,0,0.111111111,0.333333333,0,0,0,0,0,0.277777778,0,0,0,0,0.055555556,0,0,0,0,0,0,0,0,0.277777778,4.222222222,10.75305861,0.004223221,2.816666667,0.333333333,37.96111111,12.19232178,18,123,201,39,20,0,0,2546.175,53,66,1639.2
pote.txt_7461,19.33333333,0,0,0,0,0,0.266666667,0,0,0,0,0,0,0.066666667,0,0.333333333,0,0,0.066666667,0.2,0.066666667,0,0,0,0,0,0,0,0,0.266666667,2.933333333,4.759052614,0.002446562,2.946666667,0.066666667,107.6066667,12.17848969,15,75,132,30,17,0,0,1945.2,44,51,1326.7
pote.txt_1193,121.0344828,0.137931034,0,0,0,0.034482759,0.034482759,0,0.103448276,0.068965517,0.068965517,0,0.068965517,0.068965517,0,0.172413793,0,0.034482759,0.137931034,0.034482759,0.034482759,0,0,0,0,0,0,0,0,0.103448276,2.827586207,6.757054612,0.001999685,2.727586207,0.482758621,56.5862069,12.18318939,29,152,262,48,34,0,0,3379.06,75,98,2325
pote.txt_10015,120.3333333,0.1,0.066666667,0.066666667,0,0,0.133333333,0,0.033333333,0.166666667,0.2,0.033333333,0.066666667,0,0,0,0,0.066666667,0.066666667,0,0,0,0,0,0,0,0,0,0,0,2.7,2.737546151,0.000886291,2.573333333,0.5,10.93666667,9.243148804,30,134,239,37,39,3,0,3088.765,73,106,2257.7
pote.txt_7785,93.18181818,0.090909091,0.090909091,0.090909091,0,0.045454545,0,0.045454545,0,0.090909091,0.181818182,0.090909091,0.136363636,0.045454545,0,0,0,0.045454545,0.045454545,0,0,0,0,0,0,0,0,0,0,0.045454545,2.818181818,-0.172282658,-6.91E-05,2.5,0.545454545,21.77727273,6.728271484,22,110,175,29,31,4,0,2491.965,55,81,1735.7
pote.txt_11987,150,0,0,0.076923077,0,0.076923077,0.076923077,0,0.230769231,0.076923077,0.153846154,0,0.153846154,0,0.076923077,0,0,0,0,0.076923077,0,0,0,0,0,0,0,0,0,0.153846154,3.076923077,-0.239776626,-0.000152353,2.276923077,0.461538462,48.80769231,5.836181641,13,70,117,17,19,0,0,1573.82,32,45,1030.5
pote.txt_757,52.91666667,0.041666667,0.166666667,0.020833333,0.041666667,0.041666667,0.041666667,0,0.0625,0.166666667,0.0625,0,0.020833333,0.083333333,0,0.0625,0.083333333,0.083333333,0,0,0.020833333,0,0,0,0,0,0,0,0,0.0625,2.833333333,7.67861437,0.001432993,2.739583333,0.375,49.94791667,9.326087952,48,229,384,66,65,8,0,5358.445,131,179,3731
pote.txt_401,106.3636364,0.045454545,0,0,0,0.136363636,0.181818182,0.136363636,0.181818182,0,0.045454545,0,0,0,0,0.136363636,0.045454545,0.045454545,0.045454545,0,0,0,0,0,0,0,0,0,0,0.136363636,2.681818182,3.021594179,0.001212574,2.686363636,0.454545455,39.66363636,12.30105591,22,125,179,37,25,0,0,2491.885,55,74,1713.4
pote.txt_2415,146.1111111,0,0,0,0,0.055555556,0.055555556,0.055555556,0.111111111,0.111111111,0.222222222,0.111111111,0.111111111,0,0,0.055555556,0,0.055555556,0.055555556,0,0,0,0,0,0,0,0,0,0,0.055555556,3.222222222,2.845267801,0.001328518,2.405555556,0.555555556,97.65555556,11.16629028,18,101,169,27,22,2,0,2141.685,44,63,1441.1
pote.txt_3263,0,0,0,0,0,0,0,0,0,0.75,0,0,0,0,0,0.25,0,0,0,0,0,0,0,0,0,0,0,0,0,0,5,3.757094611,0.006724408,3.3,0,7.5,11.26391602,4,24,50,10,5,0,0,558.725,13,16,395.9
pote.txt_11715,186.6666667,0.166666667,0,0,0,0,0,0,0.166666667,0,0.083333333,0,0,0,0,0.333333333,0,0,0.25,0,0,0,0,0,0,0,0,0,0,0,3.083333333,3.760061615,0.002644625,2.883333333,0.666666667,89,12.4770813,12,63,120,24,13,0,0,1421.775,32,40,1018.4
pote.txt_5085,72.5,0,0,0,0,0.166666667,0,0,0,0.583333333,0,0,0,0,0,0,0,0,0.25,0,0,0,0,0,0,0,0,0,0,0.166666667,3.916666667,6.753108607,0.004481175,2.575,0.416666667,-32.43333333,10.77845764,12,75,131,19,13,0,0,1506.995,31,43,941.6
pote.txt_3849,0,0,0,0,0,0,0,0,0,0,0,0,0,0,0,0.142857143,0,0,0,0.857142857,0,0,0,0,0,0,0,0,0,0.857142857,3.285714286,0.760091614,0.000588566,1.542857143,0,90.4,9.748046875,7,42,80,10,8,0,0,1291.43,22,22,602.6
pote.txt_1531,138.3333333,0.166666667,0.083333333,0,0,0.083333333,0.041666667,0,0.083333333,0.166666667,0.166666667,0,0,0.083333333,0,0,0,0.041666667,0.083333333,0,0,0,0,0,0,0,0,0,0,0.083333333,2.541666667,3.73630363,0.001467954,2.379166667,0.666666667,26.58333333,9.701263428,24,122,206,28,26,2,0,2545.245,55,79,1617.5
pote.txt_5491,107,0,0,0,0,0.3,0,0,0.2,0,0,0,0,0,0,0,0.4,0,0.1,0,0,0,0,0,0,0,0,0,0,0.3,2.5,-0.239898386,-0.000211684,2.26,0.6,28.26,5.5234375,10,56,80,10,15,0,0,1133.285,24,34,714.2
pote.txt_10145,0,0,0,0,0,0,0,0,0,0,0,0,0,0.15,0.05,0.55,0.2,0.05,0,0,0,0,0,0,0,0,0,0,0,0,3.6,10.75999162,0.004130634,3.605,0,360.19,13.00003052,20,102,190,54,27,0,0,2604.925,68,77,2079.9
pote.txt_10371,126.1904762,0.333333333,0,0,0,0.047619048,0,0,0,0.380952381,0.238095238,0,0,0,0,0,0,0,0,0,0,0,0,0,0,0,0,0,0,0.047619048,3.095238095,7.752109606,0.003439436,2.571428571,0.619047619,-6.647619048,10.84532166,21,108,197,29,22,0,0,2253.89,50,71,1537.3
pote.txt_10877,24.5,0.05,0,0,0,0.1,0.2,0,0.05,0,0,0.05,0.1,0.1,0,0.1,0.05,0.05,0,0,0.15,0,0,0,0,0,0,0,0,0.25,2.45,1.757084611,0.000774549,2.775,0.25,5.535,9.696670532,20,104,146,28,28,1,0,2268.525,51,70,1579.6
pote.txt_8445,115,0.107142857,0.071428571,0.035714286,0.035714286,0,0.107142857,0,0.107142857,0.178571429,0.107142857,0.035714286,0.035714286,0,0,0,0,0.107142857,0.071428571,0,0,0,0,0,0,0,0,0,0,0,2.75,2.739235852,0.000938228,2.617857143,0.5,3.575,9.243148804,28,127,228,34,37,3,0,2919.585,69,100,2108.7
pote.txt_4649,168.1818182,0,0,0,0,0.090909091,0,0,0.090909091,0.454545455,0.272727273,0,0,0,0,0,0,0,0.090909091,0,0,0,0,0,0,0,0,0,0,0.090909091,3.818181818,4.755106609,0.003502015,2.272727273,0.545454545,-17.93636364,10.60253906,11,68,124,16,12,0,0,1357.82,27,38,826.3
pote.txt_1389,156.9565217,0.086956522,0,0,0,0,0.130434783,0,0.173913043,0.043478261,0.173913043,0,0.043478261,0.043478261,0,0.043478261,0.130434783,0.043478261,0.043478261,0.043478261,0,0,0,0,0,0,0,0,0,0.043478261,2.434782609,1.759092613,0.00073917,2.482608696,0.47826087,18.93043478,11.00073242,23,105,188,28,29,0,0,2379.82,55,76,1672.3
pote.txt_10795,59.77272727,0.045454545,0.136363636,0.045454545,0.045454545,0.022727273,0.159090909,0.022727273,0.022727273,0.045454545,0.068181818,0,0.090909091,0,0,0.022727273,0.068181818,0.045454545,0.068181818,0.045454545,0.045454545,0,0,0,0,0,0,0,0,0.113636364,2.454545455,-1.208273696,-0.000255325,2.725,0.363636364,20.74772727,5.482421875,44,194,303,55,64,6,0,4732.305,116,161,3431.9
pote.txt_2781,0,0,0,0,0,0,0.695652174,0.304347826,0,0,0,0,0,0,0,0,0,0,0,0,0,0,0,0,0,0,0,0,0,0,1.608695652,0.370320932,0.00019585,3.2,0,20.92608696,7.247802734,23,95,99,37,24,0,0,1890.84,53,76,1656.8
pote.txt_7753,57.72727273,0.090909091,0,0.045454545,0,0.090909091,0.136363636,0,0.045454545,0.045454545,0.045454545,0,0.045454545,0.090909091,0.090909091,0,0,0.181818182,0.045454545,0,0.045454545,0,0,0,0,0,0,0,0,0.136363636,2.318181818,-0.240775627,-0.00010349,2.654545455,0.318181818,38.64545455,5.834472656,22,106,160,26,33,0,0,2326.565,54,77,1657.9
pote.txt_8375,126.6666667,0.185185185,0,0,0.037037037,0,0.185185185,0,0.037037037,0.148148148,0.185185185,0,0.037037037,0,0,0,0.037037037,0.037037037,0.074074074,0,0.037037037,0,0,0,0,0,0,0,0,0.037037037,2.444444444,2.757917071,0.001043425,2.674074074,0.481481481,7.248148148,9.825592041,27,120,208,32,34,0,0,2643.14,63,91,1954.4
pote.txt_3501,0,0,0,0,0,0,0,0,0,0,0,0,0,0,0,0.5,0,0,0,0.5,0,0,0,0,0,0,0,0,0,0.5,4,2.760071614,0.002640749,2.65,0,294.7333333,12.30105591,6,36,71,15,7,0,0,1045.185,21,21,621.3
pote.txt_7245,0,0,0,0,0.166666667,0,0.5,0,0,0,0,0,0,0,0.166666667,0,0,0,0,0,0.166666667,0,0,0,0,0,0,0,0,0.166666667,2.333333333,-1.238086925,-0.002030999,3.116666667,0,-18.38333333,3.999664307,6,25,35,7,11,0,0,609.595,15,22,480.5
pote.txt_11307,104,0.066666667,0,0.2,0,0.066666667,0.133333333,0,0.133333333,0,0.066666667,0,0.066666667,0.066666667,0,0.066666667,0.066666667,0,0.066666667,0,0,0,0,0,0,0,0,0,0,0.066666667,2.466666667,-2.236546103,-0.001407775,2.646666667,0.4,6.873333333,3.929916382,15,69,109,19,24,0,0,1588.71,37,54,1176.3
pote.txt_7619,129.047619,0,0,0,0,0,0.047619048,0,0.047619048,0.380952381,0,0,0,0.047619048,0.047619048,0,0,0,0.380952381,0.047619048,0,0,0,0,0,0,0,0,0,0.047619048,3.238095238,7.752109606,0.003205802,2.571428571,0.428571429,-4.919047619,10.84532166,21,112,210,30,23,0,0,2418.15,52,72,1581.8
pote.txt_5279,56.66666667,0,0,0,0,0.083333333,0,0,0,0.333333333,0.083333333,0.083333333,0,0,0,0.25,0,0,0.083333333,0.083333333,0,0,0,0,0,0,0,0,0,0.166666667,4.166666667,6.75607561,0.004030747,2.741666667,0.333333333,71.06666667,12.31365967,12,73,135,25,13,1,0,1676.135,35,44,1098.8
pote.txt_10727,18.57142857,0,0.142857143,0,0.047619048,0.047619048,0.142857143,0.047619048,0,0.142857143,0.047619048,0,0.095238095,0.095238095,0,0.047619048,0.047619048,0.047619048,0,0.047619048,0,0,0,0,0,0,0,0,0,0.095238095,2.714285714,2.817376291,0.001192424,2.814285714,0.238095238,-1.342857143,9.106750488,21,99,157,31,28,3,0,2362.73,57,77,1655.2
pote.txt_11749,23.33333333,0.233333333,0.033333333,0.066666667,0.133333333,0,0.1,0.033333333,0,0.033333333,0,0,0.066666667,0.133333333,0.033333333,0,0.1,0,0,0,0.033333333,0,0,0,0,0,0,0,0,0.033333333,2.166666667,-5.15113982,-0.001733815,3.04,0.266666667,38.24333333,4.075553894,30,124,180,36,50,1,0,2970.985,76,112,2334.2
pote.txt_9503,95.43478261,0.065217391,0.043478261,0.043478261,0.043478261,0.043478261,0.130434783,0,0.195652174,0.195652174,0,0.02173913,0.043478261,0,0,0.02173913,0.02173913,0.086956522,0.043478261,0,0,0,0,0,0,0,0,0,0,0.043478261,2.913043478,5.739161071,0.001161789,2.689130435,0.413043478,19.60434783,9.761558533,46,219,378,60,62,3,0,4939.935,116,166,3575.5
pote.txt_7043,40,0,0,0,0,0,0.058823529,0,0,0.058823529,0.058823529,0,0,0,0,0.294117647,0.235294118,0.058823529,0.058823529,0.058823529,0.117647059,0,0,0,0,0,0,0,0,0.176470588,3.235294118,5.757054612,0.002667254,3.058823529,0.117647059,81.62352941,11.8393631,17,89,153,33,25,0,0,2158.42,53,64,1583.5
pote.txt_3443,0,0,0,0,0,0,0,0,0,0,0,0,0,0,0,0.666666667,0,0,0,0.333333333,0,0,0,0,0,0,0,0,0,0.333333333,4.333333333,3.760061615,0.003703892,3.166666667,0,294.7333333,12.4770813,6,36,72,18,7,0,0,1015.165,22,22,670.2
pote.txt_4701,115.4545455,0.090909091,0,0,0,0,0,0,0.090909091,0.090909091,0.181818182,0,0,0,0,0.363636364,0,0,0,0.181818182,0,0,0,0,0,0,0,0,0,0.181818182,3.727272727,4.759062614,0.003062696,2.7,0.363636364,162.9727273,12.47900391,11,63,122,24,12,0,0,1553.88,33,38,1012.7
pote.txt_4979,195,0,0,0,0,0,0.166666667,0,0.083333333,0.166666667,0.416666667,0,0,0,0,0,0.083333333,0.083333333,0,0,0,0,0,0,0,0,0,0,0,0,2.833333333,1.758103612,0.001400227,2.3,0.5,11.06666667,10.00268555,12,59,110,14,15,0,0,1255.585,28,40,852.2
pote.txt_7,127.6923077,0.076923077,0,0.076923077,0.076923077,0.153846154,0.076923077,0,0.230769231,0.153846154,0.076923077,0,0,0,0,0,0.076923077,0,0,0,0,0,0,0,0,0,0,0,0,0.153846154,3,-0.237965165,-0.000160707,2.415384615,0.538461538,20.47692308,6.068603516,13,71,113,15,19,0,0,1480.74,31,46,970.6
pote.txt_8977,52.43902439,0.097560976,0.146341463,0.048780488,0,0.024390244,0.097560976,0.024390244,0.024390244,0.073170732,0.048780488,0,0,0.048780488,0.024390244,0.073170732,0.146341463,0.048780488,0.048780488,0.024390244,0,0,0,0,0,0,0,0,0,0.048780488,2.43902439,3.787084381,0.000883198,2.795121951,0.390243902,57.17317073,8.9400177,41,175,290,56,55,6,0,4287.92,110,149,3170.4
pote.txt_6653,0,0,0.176470588,0,0,0.176470588,0.176470588,0,0,0,0,0,0.058823529,0,0,0.294117647,0,0.117647059,0,0,0,0,0,0,0,0,0,0,0,0.176470588,2.941176471,4.730348644,0.00232178,3.047058824,0.352941176,86.55882353,11.40437317,17,84,133,33,21,3,0,2037.38,50,62,1485.9
pote.txt_4931,186.6666667,0.166666667,0,0,0,0,0,0,0.166666667,0,0.083333333,0,0,0,0,0.25,0,0,0.25,0.083333333,0,0,0,0,0,0,0,0,0,0.083333333,2.916666667,2.760071614,0.001901144,2.625,0.666666667,28.9,12.30105591,12,63,119,21,13,0,0,1451.795,31,39,969.5
pote.txt_9325,0,0,0,0,0,0,0,0,0,0.222222222,0,0.111111111,0,0,0.111111111,0.333333333,0,0,0,0.222222222,0,0,0,0,0,0,0,0,0,0.222222222,4.333333333,4.758073612,0.003461298,2.866666667,0.111111111,136.1777778,12.3074646,9,52,101,21,11,1,0,1374.65,29,34,915.4
pote.txt_10085,46.31578947,0.052631579,0.210526316,0.052631579,0.052631579,0,0.105263158,0,0.052631579,0.105263158,0.052631579,0,0,0,0,0.210526316,0,0.052631579,0,0,0.052631579,0,0,0,0,0,0,0,0,0.052631579,3.105263158,3.721391874,0.001667544,3.005263158,0.368421053,2.236842105,9.249076843,19,89,155,33,26,4,0,2231.66,56,73,1633.5
pote.txt_2851,31.95652174,0.065217391,0.173913043,0.065217391,0.02173913,0.065217391,0.043478261,0.086956522,0.02173913,0.043478261,0.043478261,0,0.086956522,0.02173913,0.043478261,0.043478261,0.043478261,0.108695652,0,0,0.02173913,0,0,0,0,0,0,0,0,0.086956522,2.652173913,0.032746188,6.30E-06,2.808695652,0.369565217,17.4826087,7.024246216,46,225,322,68,69,8,0,5195.765,128,176,3771.4
pote.txt_6211,142.6666667,0.066666667,0.066666667,0.066666667,0.066666667,0,0.066666667,0,0.066666667,0.133333333,0.133333333,0,0,0,0,0,0.066666667,0.066666667,0.2,0,0,0,0,0,0,0,0,0,0,0,2.666666667,-0.247866155,-0.000157386,2.586666667,0.533333333,16.11333333,6.061767578,15,69,123,17,22,1,0,1574.89,37,54,1118.5
pote.txt_10895,115,0.035714286,0.071428571,0.071428571,0,0,0.178571429,0,0.107142857,0.178571429,0.178571429,0.035714286,0.035714286,0,0.035714286,0,0.035714286,0.035714286,0,0,0,0,0,0,0,0,0,0,0,0,2.857142857,2.737546151,0.000937983,2.557142857,0.428571429,-10.76785714,9.243148804,28,126,225,35,37,3,0,2918.545,69,100,2131.1
pote.txt_6889,21.66666667,0,0.166666667,0,0,0,0.055555556,0,0,0.111111111,0.055555556,0,0.111111111,0,0.055555556,0.166666667,0.222222222,0.055555556,0,0,0,0,0,0,0,0,0,0,0,0,3.055555556,4.728370642,0.002331193,3.111111111,0.222222222,59.65555556,10.14260864,18,76,138,32,27,3,0,2028.305,55,70,1618.1
pote.txt_3143,0,0,0,0,0,0,0.333333333,0,0,0,0,0,0,0,0,0.666666667,0,0,0,0,0,0,0,0,0,0,0,0,0,0,3.666666667,1.760081614,0.00454285,3.866666667,0,197.6,12.00006104,3,14,29,9,4,0,0,387.44,10,11,319.3
pote.txt_2085,85.51020408,0.040816327,0.040816327,0.020408163,0.06122449,0.040816327,0.265306122,0,0.142857143,0.204081633,0.020408163,0,0,0,0,0.020408163,0.040816327,0.020408163,0.06122449,0.020408163,0,0,0,0,0,0,0,0,0,0.06122449,2.734693878,6.739851771,0.001346089,2.73877551,0.346938776,12.38979592,9.866340637,49,220,380,62,61,2,0,5006.99,120,171,3655.9
pote.txt_9083,8.666666667,0,0.088888889,0.022222222,0.133333333,0,0,0.022222222,0.022222222,0.088888889,0,0.022222222,0,0.044444444,0.266666667,0.222222222,0,0.022222222,0,0,0.044444444,0,0,0,0,0,0,0,0,0.044444444,3.844444444,6.81956137,0.001148927,3.233333333,0.133333333,81.02222222,9.837287903,45,242,399,93,75,5,0,5935.59,141,184,4466.7
pote.txt_4845,54.44444444,0.222222222,0,0,0,0.111111111,0,0,0,0,0,0,0,0,0,0.333333333,0,0,0.111111111,0.222222222,0,0,0,0,0,0,0,0,0,0.333333333,3.111111111,2.760071614,0.002212589,2.733333333,0.444444444,126.7444444,12.30105591,9,50,88,18,10,0,0,1247.44,26,30,795.4
pote.txt_6593,85,0.0625,0,0,0,0.1875,0.0625,0,0,0.25,0.0625,0,0,0,0,0.0625,0,0,0.1875,0.0625,0.0625,0,0,0,0,0,0,0,0,0.3125,3.1875,4.755096609,0.0023581,2.41875,0.5,14.40625,10.58277893,16,98,155,23,18,0,0,2016.495,40,54,1217.6
pote.txt_5345,135.3846154,0.153846154,0,0,0,0,0,0,0,0.230769231,0.307692308,0.076923077,0,0,0,0.153846154,0.076923077,0,0,0,0,0,0,0,0,0,0,0,0,0,3.461538462,4.757084611,0.003113377,2.646153846,0.538461538,67.66923077,12.02441406,13,68,130,22,15,1,0,1527.95,34,46,1075.9
pote.txt_6691,148.8235294,0.117647059,0,0,0,0.058823529,0.058823529,0,0.058823529,0.294117647,0.117647059,0,0.058823529,0,0,0,0,0,0.235294118,0,0,0,0,0,0,0,0,0,0,0.058823529,3,4.755106609,0.002562875,2.529411765,0.588235294,-12.25882353,10.60253906,17,89,159,23,19,0,0,1855.38,40,57,1248.8
pote.txt_11259,72.17391304,0.086956522,0,0,0.043478261,0.130434783,0.173913043,0.043478261,0.086956522,0.173913043,0.043478261,0.043478261,0.043478261,0,0,0,0.086956522,0,0.043478261,0,0,0,0,0,0,0,0,0,0,0.130434783,2.782608696,2.84609026,0.001153707,2.647826087,0.434782609,4.526086957,10.00140381,23,117,180,30,29,1,0,2466.91,55,80,1734.9
pote.txt_5067,65,0.166666667,0,0,0,0,0.083333333,0,0,0.166666667,0,0,0,0,0,0.166666667,0,0.083333333,0.166666667,0.166666667,0,0,0,0,0,0,0,0,0,0.166666667,2.916666667,3.758083612,0.002578047,2.775,0.333333333,60.10833333,12.01651001,12,58,110,20,14,0,0,1457.725,33,41,992.9
pote.txt_8309,18.84615385,0.038461538,0.307692308,0,0,0.076923077,0.115384615,0,0.038461538,0,0,0.038461538,0,0.076923077,0.038461538,0.230769231,0.038461538,0,0,0,0,0,0,0,0,0,0,0,0,0.076923077,2.730769231,5.680833694,0.001912317,2.907692308,0.5,29,9.223815918,26,116,193,45,29,9,0,2970.655,74,95,2102.3
pote.txt_4921,186.6666667,0.166666667,0,0,0,0,0,0,0.166666667,0,0.083333333,0,0,0,0,0.333333333,0,0,0.25,0,0,0,0,0,0,0,0,0,0,0,3.083333333,3.760061615,0.002644625,2.883333333,0.666666667,72.95,12.4770813,12,63,120,24,13,0,0,1421.775,32,40,1018.4
pote.txt_2041,74.13793103,0.103448276,0,0,0,0.068965517,0.172413793,0,0.068965517,0,0.068965517,0,0,0,0,0.310344828,0.034482759,0.034482759,0.034482759,0.068965517,0.034482759,0,0,0,0,0,0,0,0,0.172413793,2.965517241,8.759012614,0.002508272,2.931034483,0.344827586,80.64827586,12.54485321,29,148,254,56,33,0,0,3492.05,81,99,2510.5
pote.txt_11371,60.6,0.06,0.16,0.04,0.04,0.08,0.14,0.06,0.1,0.08,0.04,0.04,0.02,0.04,0,0,0.04,0.02,0,0,0.04,0,0,0,0,0,0,0,0,0.12,2.54,-0.055715302,-1.03E-05,2.588,0.48,43.356,6.95300293,50,246,357,61,65,10,0,5421.405,125,181,3680.7
pote.txt_5143,130,0.083333333,0,0.083333333,0,0.083333333,0,0,0.166666667,0.166666667,0.083333333,0,0,0,0.083333333,0.166666667,0,0,0.083333333,0,0,0,0,0,0,0,0,0,0,0.083333333,3.5,2.759204373,0.001855807,2.666666667,0.5,31.95,11.00030518,12,68,119,21,16,0,0,1486.795,32,43,1021.4
pote.txt_10209,43.33333333,0,0,0,0,0,0,0,0.111111111,0.222222222,0,0,0,0,0,0.222222222,0,0,0,0.444444444,0,0,0,0,0,0,0,0,0,0.444444444,3.888888889,3.758083612,0.002601272,2.277777778,0.111111111,144.9777778,12.01651001,9,54,105,17,10,0,0,1444.71,28,31,814.3
pote.txt_5409,105.3846154,0.153846154,0,0.076923077,0.076923077,0.153846154,0.076923077,0,0.230769231,0.153846154,0,0,0,0,0,0,0.076923077,0,0,0,0,0,0,0,0,0,0,0,0,0.153846154,2.846153846,-0.237965165,-0.000165408,2.530769231,0.538461538,13.94615385,6.068603516,13,68,107,15,19,0,0,1438.66,31,46,970.6
pote.txt_10883,98,0.2,0,0,0.04,0.08,0.24,0.04,0.04,0.12,0.16,0,0,0,0,0,0.08,0,0,0,0,0,0,0,0,0,0,0,0,0.08,2.32,1.847089261,0.000769374,2.68,0.48,-13.004,9.703186035,25,113,178,30,30,0,0,2400.77,57,83,1767.5
pote.txt_1147,50.83333333,0.041666667,0.145833333,0,0.041666667,0.020833333,0.104166667,0.041666667,0.0625,0.041666667,0.041666667,0,0.125,0.020833333,0.041666667,0.0625,0.083333333,0.020833333,0.020833333,0.020833333,0.0625,0,0,0,0,0,0,0,0,0.104166667,2.6875,2.865738979,0.000530685,2.8375,0.333333333,33.99166667,8.57194519,48,227,347,71,69,7,0,5400.075,132,178,3930.1
pote.txt_7067,54.44444444,0.166666667,0,0,0.055555556,0.055555556,0.277777778,0.055555556,0,0,0.055555556,0,0.111111111,0,0,0.055555556,0.055555556,0,0.055555556,0.055555556,0,0,0,0,0,0,0,0,0,0.111111111,2.166666667,-0.149923735,-8.33E-05,2.911111111,0.333333333,-15.06666667,6.749633789,18,76,115,25,24,0,0,1799.905,44,61,1392
pote.txt_5967,195,0.071428571,0,0,0,0,0.142857143,0,0,0.285714286,0.428571429,0,0,0,0,0,0,0,0.071428571,0,0,0,0,0,0,0,0,0,0,0,3.071428571,3.75610561,0.002514186,2.335714286,0.571428571,-33.16428571,10.4777832,14,72,136,18,15,0,0,1493.965,32,46,990.2
pote.txt_3229,0,0,0,0,0,0,0,0,0,0.5,0,0,0,0,0,0,0,0,0,0.5,0,0,0,0,0,0,0,0,0,0.5,4,1.758103612,0.002718262,2.05,0,7.5,10.00268555,4,24,48,6,5,0,0,646.775,12,14,336.8
pote.txt_10987,91.66666667,0,0,0,0.055555556,0,0.111111111,0.055555556,0.055555556,0.055555556,0.055555556,0,0.055555556,0.055555556,0.055555556,0.055555556,0.111111111,0,0.166666667,0.055555556,0.055555556,0,0,0,0,0,0,0,0,0.111111111,2.722222222,0.848078263,0.000409833,2.733333333,0.277777778,-20.12777778,8.597045898,18,92,146,26,26,0,0,2069.325,47,64,1444.6
pote.txt_8821,103.0555556,0.138888889,0,0,0.055555556,0.027777778,0.138888889,0,0.111111111,0.194444444,0.055555556,0.027777778,0.055555556,0.027777778,0,0.055555556,0,0,0.083333333,0.027777778,0,0,0,0,0,0,0,0,0,0.055555556,2.888888889,6.758709531,0.001736241,2.730555556,0.444444444,34.71666667,10.7289505,36,173,305,51,43,1,0,3892.725,88,124,2778.1
pote.txt_8519,124.4827586,0.137931034,0,0.034482759,0,0,0.068965517,0,0.103448276,0.275862069,0.103448276,0.034482759,0.034482759,0.034482759,0,0,0.034482759,0.034482759,0.103448276,0,0,0,0,0,0,0,0,0,0,0,2.931034483,6.753230367,0.002204172,2.603448276,0.482758621,6.772413793,10.47740936,29,140,256,38,35,1,0,3063.84,70,101,2176
pote.txt_27,50.8,0.08,0.08,0,0,0.08,0.04,0,0.04,0.12,0.04,0.04,0,0.04,0.04,0.2,0.04,0.04,0.04,0.08,0,0,0,0,0,0,0,0,0,0.16,3.2,7.737252631,0.002475303,2.736,0.4,77.924,11.84037781,25,131,228,44,29,3,0,3125.78,70,89,2112.2
pote.txt_7145,97.36842105,0.052631579,0,0,0,0.157894737,0.105263158,0.157894737,0.052631579,0.105263158,0.105263158,0,0,0.052631579,0,0.105263158,0,0,0.105263158,0,0,0,0,0,0,0,0,0,0,0.157894737,2.894736842,4.019606177,0.001778823,2.615789474,0.473684211,-21.79473684,12.01651001,19,118,167,33,20,0,0,2259.7,47,64,1456.2
pote.txt_727,47.65957447,0.042553191,0.170212766,0.042553191,0.021276596,0.021276596,0.170212766,0,0.021276596,0.063829787,0.042553191,0.063829787,0.042553191,0,0.106382979,0.085106383,0.021276596,0,0.063829787,0.021276596,0,0,0,0,0,0,0,0,0,0.042553191,2.808510638,3.682908675,0.000717908,2.808510638,0.425531915,38.89148936,8.752510071,47,200,341,69,62,11,0,5130.06,125,173,3843.9
pote.txt_4173,162.2222222,0,0,0,0,0.111111111,0,0.111111111,0.222222222,0,0.111111111,0,0,0.222222222,0,0,0.111111111,0,0.111111111,0,0,0,0,0,0,0,0,0,0,0.111111111,2.333333333,-0.152724198,-0.000149403,2.222222222,0.555555556,66.68888889,6.741088867,9,54,79,11,11,0,0,1022.23,20,29,590.7
pote.txt_3115,0,0,0,0,0,0,0,0,0,0,0,0,0,0,0,0.666666667,0,0,0,0.333333333,0,0,0,0,0,0,0,0,0,0.333333333,4.333333333,1.760081614,0.003407115,3.166666667,0,388.5333333,12.00006104,3,18,37,9,4,0,0,516.59,11,11,335.1
pote.txt_9447,81.93548387,0.064516129,0.064516129,0.032258065,0.064516129,0.064516129,0.064516129,0,0.096774194,0.032258065,0.096774194,0,0.096774194,0.096774194,0,0.129032258,0,0.032258065,0,0.032258065,0.032258065,0,0,0,0,0,0,0,0,0.129032258,2.838709677,1.745003317,0.000476228,2.709677419,0.387096774,54.84225806,8.901672363,31,160,257,47,43,2,0,3664.22,82,111,2504.7
pote.txt_6311,84.66666667,0.066666667,0.133333333,0,0,0.133333333,0,0,0.133333333,0.266666667,0.066666667,0,0,0.066666667,0,0,0,0.066666667,0,0.066666667,0,0,0,0,0,0,0,0,0,0.2,3.066666667,3.73630363,0.00204581,2.293333333,0.533333333,14.59333333,9.701263428,15,84,141,19,17,2,0,1826.32,38,52,1077.6
pote.txt_1895,58.66666667,0.166666667,0.033333333,0.033333333,0,0.033333333,0.166666667,0.033333333,0,0.1,0.033333333,0,0.033333333,0,0,0.133333333,0.033333333,0.033333333,0.1,0.066666667,0,0,0,0,0,0,0,0,0,0.1,2.6,5.835458571,0.001792368,2.893333333,0.366666667,35.30333333,11.56896973,30,136,230,48,36,1,0,3255.725,79,104,2418.1
pote.txt_8379,108.5185185,0.111111111,0,0,0.037037037,0.111111111,0.148148148,0,0.074074074,0.148148148,0.148148148,0,0,0,0.037037037,0,0.037037037,0.074074074,0.037037037,0,0.037037037,0,0,0,0,0,0,0,0,0.148148148,2.703703704,2.757917071,0.000950531,2.518518519,0.481481481,15.62222222,9.825592041,27,139,222,32,35,0,0,2901.45,64,92,1974.7
pote.txt_9933,0,0,0,0,0,0,0,0,0,0.5,0,0,0,0,0,0,0,0,0,0.5,0,0,0,0,0,0,0,0,0,0.5,4,4.755106609,0.002990793,2.05,0,9,10.60253906,10,60,117,15,11,0,0,1589.915,30,35,842
pote.txt_7149,138.9473684,0.210526316,0,0,0,0.105263158,0,0.105263158,0.157894737,0.052631579,0.105263158,0,0.052631579,0.052631579,0,0,0.105263158,0,0.052631579,0,0,0,0,0,0,0,0,0,0,0.105263158,2.421052632,0.93345099,0.000455477,2.468421053,0.631578947,2.5,8.764526367,19,104,153,25,23,0,0,2049.39,44,63,1355.4
pote.txt_11517,45.88235294,0.029411765,0.176470588,0.088235294,0,0,0.205882353,0,0.058823529,0.029411765,0.029411765,0,0.029411765,0.058823529,0.029411765,0.117647059,0.088235294,0,0.029411765,0,0.029411765,0,0,0,0,0,0,0,0,0.029411765,2.441176471,1.702019955,0.000485601,2.908823529,0.323529412,58.44705882,8.342407227,34,137,227,49,47,6,0,3504.975,92,125,2694.7
pote.txt_5663,98.46153846,0.384615385,0,0,0,0,0,0,0.076923077,0.076923077,0.076923077,0,0,0.230769231,0,0.153846154,0,0,0,0,0,0,0,0,0,0,0,0,0,0,2.230769231,2.759082613,0.002072021,2.853846154,0.538461538,157,12.00839233,13,60,106,20,14,0,0,1331.59,31,42,936.3
pote.txt_7119,54.44444444,0.111111111,0,0,0,0.166666667,0.055555556,0.055555556,0.055555556,0.111111111,0.055555556,0,0,0,0.055555556,0.166666667,0,0,0,0.055555556,0.111111111,0,0,0,0,0,0,0,0,0.333333333,3.277777778,4.843249799,0.002028353,2.638888889,0.388888889,4.788888889,11.06887817,18,115,168,32,22,0,0,2387.775,49,63,1513.3
pote.txt_9775,125.8333333,0.125,0.083333333,0,0,0.083333333,0.041666667,0,0.083333333,0.125,0.083333333,0.041666667,0,0.083333333,0,0.041666667,0,0.041666667,0.166666667,0,0,0,0,0,0,0,0,0,0,0.083333333,2.583333333,3.737292631,0.001434477,2.45,0.666666667,26.97916667,9.850692749,24,122,206,30,26,3,0,2605.335,56,80,1681.5
pote.txt_1777,137.9166667,0.041666667,0.083333333,0,0,0.041666667,0.125,0,0.125,0.166666667,0.125,0,0,0.041666667,0,0,0.041666667,0.083333333,0.125,0,0,0,0,0,0,0,0,0,0,0.041666667,2.583333333,3.73630363,0.001501033,2.458333333,0.541666667,7.945833333,9.701263428,24,115,202,28,28,2,0,2489.155,57,81,1672.1
pote.txt_627,0,0,0,0,0.071428571,0.071428571,0.071428571,0.285714286,0,0.142857143,0,0,0,0,0,0.214285714,0.071428571,0,0,0,0.071428571,0,0,0,0,0,0,0,0,0.142857143,3.571428571,4.108581826,0.002191179,3.228571429,0.071428571,-14.92142857,11.00030518,14,94,123,33,19,0,0,1875.055,43,55,1325.4
pote.txt_4349,146,0,0,0,0,0.2,0.1,0,0.1,0.1,0.2,0,0,0.1,0,0,0.1,0,0.1,0,0,0,0,0,0,0,0,0,0,0.2,2.6,0.759102613,0.000677537,2.18,0.6,-5.7,8.75,10,57,89,11,12,0,0,1120.385,22,32,665.3
pote.txt_9513,94.19354839,0.064516129,0.064516129,0.032258065,0,0.032258065,0.129032258,0,0.032258065,0.096774194,0.096774194,0,0.064516129,0,0,0.032258065,0.064516129,0.161290323,0.129032258,0,0,0,0,0,0,0,0,0,0,0.032258065,2.451612903,2.738413392,0.000868045,2.716129032,0.419354839,3.512903226,9.388999939,31,135,233,39,43,2,0,3154.69,79,110,2372.2
pote.txt_2925,0,0,0,0,0,0.15,0.2,0.1,0,0.35,0,0,0.15,0,0,0,0,0,0,0.05,0,0,0,0,0,0,0,0,0,0.2,3.3,6.927456984,0.002901218,2.8,0.15,19.18,10.77845764,20,113,168,34,24,0,0,2387.775,53,72,1649.3
pote.txt_4279,243.3333333,0,0,0,0,0.166666667,0,0,0.166666667,0,0.333333333,0,0,0,0,0,0,0.166666667,0.166666667,0,0,0,0,0,0,0,0,0,0,0.166666667,2.666666667,-0.239898386,-0.000340332,1.9,0.833333333,8.333333333,5.5234375,6,36,60,6,8,0,0,704.895,13,19,400.1
pote.txt_1889,68.51851852,0.074074074,0,0.037037037,0,0,0.148148148,0,0,0.037037037,0.074074074,0,0.111111111,0.037037037,0,0.185185185,0,0.111111111,0.111111111,0.074074074,0,0,0,0,0,0,0,0,0,0.074074074,2.703703704,4.760173375,0.001559976,2.92962963,0.259259259,17.98148148,12.17848969,27,122,218,46,36,0,0,3051.44,74,95,2302.9
pote.txt_453,29.5,0.1,0.15,0.05,0.05,0.1,0.05,0,0,0.05,0.05,0,0.1,0.05,0,0.05,0.05,0.15,0,0,0,0,0,0,0,0,0,0,0,0.1,2.5,-0.266679134,-0.000122418,2.8,0.4,-5.545,6.048950195,20,90,140,26,31,3,0,2178.435,54,75,1587.7
pote.txt_5425,135.3846154,0.153846154,0,0.076923077,0,0.153846154,0.076923077,0,0.230769231,0.153846154,0.076923077,0,0,0,0,0,0.076923077,0,0,0,0,0,0,0,0,0,0,0,0,0.153846154,2.769230769,0.759224373,0.00053365,2.361538462,0.615384615,5.661538462,8.591064453,13,69,111,15,17,0,0,1422.7,30,44,932.9
pote.txt_12161,183.125,0.1875,0.125,0,0,0,0,0,0.0625,0.1875,0.3125,0,0.0625,0,0,0,0,0,0.0625,0,0,0,0,0,0,0,0,0,0,0,2.8125,2.737302631,0.001596816,2.36875,0.75,22.8375,9.390174866,16,78,144,20,18,2,0,1714.225,38,54,1135.5
pote.txt_11133,50.28571429,0.057142857,0,0.085714286,0.028571429,0.085714286,0,0,0.028571429,0.142857143,0.085714286,0.057142857,0.142857143,0.028571429,0.085714286,0.085714286,0,0.057142857,0,0.028571429,0,0,0,0,0,0,0,0,0,0.114285714,3.4,3.761249354,0.000866462,2.74,0.314285714,45.66285714,10.16140747,35,186,305,57,54,2,0,4340.93,96,133,3125
pote.txt_6549,91.25,0,0,0,0,0,0.0625,0,0.125,0.1875,0.0625,0,0.0625,0,0,0.125,0,0,0.0625,0.3125,0,0,0,0,0,0,0,0,0,0.3125,3.4375,4.757084611,0.002108922,2.29375,0.25,9.4875,12.02441406,16,89,168,26,18,0,0,2255.695,45,54,1341.9
pote.txt_8347,148.5185185,0.296296296,0,0,0,0,0.037037037,0,0,0.148148148,0.222222222,0.037037037,0.074074074,0,0,0,0,0.037037037,0.111111111,0.037037037,0,0,0,0,0,0,0,0,0,0.037037037,2.518518519,3.75610561,0.001351399,2.511111111,0.666666667,10.38148148,10.4777832,27,124,225,33,31,1,0,2779.42,62,89,1959.9
pote.txt_10511,56.66666667,0.083333333,0,0,0,0,0.083333333,0,0,0.166666667,0,0,0,0,0,0.25,0,0.083333333,0.166666667,0.166666667,0,0,0,0,0,0,0,0,0,0.166666667,3.25,4.758073612,0.003083981,2.875,0.25,60.10833333,12.3074646,12,61,117,23,14,0,0,1542.835,35,42,1057.6
pote.txt_5753,118.5714286,0.142857143,0,0,0,0,0.071428571,0,0.142857143,0.285714286,0.071428571,0.071428571,0.071428571,0,0,0,0,0,0.071428571,0.071428571,0,0,0,0,0,0,0,0,0,0.071428571,3.142857143,3.75610561,0.002347529,2.485714286,0.5,-10.25,10.4777832,14,70,131,19,16,1,0,1600.025,34,48,1074
pote.txt_4573,0,0,0,0.111111111,0,0,0,0,0,0,0,0,0,0,0,0.444444444,0,0,0,0.444444444,0,0,0,0,0,0,0,0,0,0.444444444,3.888888889,2.761182376,0.00183753,2.666666667,0,199.8222222,12.00000763,9,52,99,21,12,0,0,1502.66,31,33,929.4
pote.txt_1137,93.04347826,0,0.086956522,0,0.043478261,0,0.130434783,0,0.086956522,0,0.086956522,0,0,0.130434783,0.130434783,0,0.043478261,0.130434783,0.086956522,0,0.043478261,0,0,0,0,0,0,0,0,0.043478261,2.304347826,-1.257888905,-0.000523083,2.617391304,0.347826087,9.247826087,3.999664307,23,105,170,26,34,2,0,2404.76,57,81,1683.2
pote.txt_4565,107,0,0,0,0,0.1,0,0,0.1,0.5,0.1,0,0,0,0.1,0,0,0,0.1,0,0,0,0,0,0,0,0,0,0,0.1,4,4.755106609,0.003774988,2.51,0.4,-9.79,10.60253906,10,61,110,16,12,0,0,1259.635,26,36,805.7
pote.txt_5379,121.6666667,0,0,0,0,0.25,0,0,0.083333333,0.083333333,0.166666667,0,0,0.083333333,0,0.083333333,0.083333333,0,0.083333333,0.083333333,0,0,0,0,0,0,0,0,0,0.333333333,3,1.759092613,0.001132783,2.116666667,0.583333333,54.91666667,11.00073242,12,76,118,16,14,0,0,1552.895,29,39,872.4
pote.txt_6529,79.375,0.0625,0.125,0,0,0.125,0,0,0.125,0.3125,0.0625,0,0,0.0625,0,0,0,0.0625,0,0.0625,0,0,0,0,0,0,0,0,0,0.1875,3.1875,4.735304629,0.002422777,2.3375,0.5,14.30625,9.904258728,16,90,153,21,18,2,0,1954.495,41,56,1166.9
pote.txt_3165,96.66666667,0,0,0,0,0,0,0,0,0,0,0,0,0,0,0.666666667,0,0,0.333333333,0,0,0,0,0,0,0,0,0,0,0,4,1.760081614,0.004097787,3.566666667,0.333333333,197.6,12.00006104,3,17,35,9,4,0,0,429.52,10,11,319.3
pote.txt_10813,93.33333333,0,0,0,0,0.166666667,0.083333333,0,0,0.166666667,0.208333333,0,0,0.041666667,0.041666667,0.041666667,0.166666667,0.041666667,0.041666667,0,0,0,0,0,0,0,0,0,0,0.166666667,2.958333333,4.75609561,0.001742629,2.470833333,0.416666667,22.14583333,11.33377075,24,131,210,32,31,0,0,2729.265,60,83,1818.1
pote.txt_387,134.1666667,0.125,0.083333333,0,0,0.041666667,0.041666667,0,0.041666667,0.125,0.208333333,0.083333333,0,0.083333333,0,0,0.041666667,0.041666667,0.083333333,0,0,0,0,0,0,0,0,0,0,0.041666667,2.583333333,2.737302631,0.001074174,2.345833333,0.666666667,26.97916667,9.390174866,24,117,203,27,27,4,0,2548.285,55,81,1662.4
pote.txt_3653,222.8571429,0,0,0,0,0,0,0.428571429,0,0,0.571428571,0,0,0,0,0,0,0,0,0,0,0,0,0,0,0,0,0,0,0,3,0.021624179,2.45E-05,2.228571429,0.571428571,8.571428571,7.02243042,7,51,67,13,8,0,0,882.04,17,24,529.2
pote.txt_3729,0,0,0,0,0,0,0,0,0,0,0,0,0,0,0,0.571428571,0,0,0,0.428571429,0,0,0,0,0,0,0,0,0,0.428571429,4.142857143,3.760061615,0.003129811,2.871428571,0,335.8857143,12.4770813,7,42,83,19,8,0,0,1201.37,25,25,749.3
pote.txt_5001,65,0,0.083333333,0.083333333,0,0,0.083333333,0.083333333,0,0,0.166666667,0,0.083333333,0.083333333,0.083333333,0.166666667,0,0,0,0.083333333,0,0,0,0,0,0,0,0,0,0.083333333,3,0.838475573,0.000560979,2.766666667,0.25,58.95833333,8.258239746,12,62,100,22,17,1,0,1494.665,34,44,1043.6
pote.txt_5729,195,0,0,0,0.071428571,0,0.071428571,0,0.214285714,0.071428571,0.285714286,0,0,0.071428571,0,0,0.142857143,0.071428571,0,0,0,0,0,0,0,0,0,0,0,0,2.714285714,-0.238086925,-0.000159062,2.328571429,0.5,24.67142857,6.001953125,14,70,125,15,20,0,0,1496.815,33,48,996.8
pote.txt_7541,93,0.2,0,0,0,0.1,0.05,0,0,0.2,0.15,0,0,0,0,0.2,0.05,0,0.05,0,0,0,0,0,0,0,0,0,0,0.1,3.2,7.756065611,0.003347699,2.845,0.5,37.46,12.48477173,20,106,186,36,22,0,0,2316.835,53,69,1649.1
pote.txt_3269,0,0,0,0,0,0.333333333,0,0,0,0,0,0,0,0.333333333,0,0,0,0,0,0,0.333333333,0,0,0,0,0,0,0,0,0.666666667,2.333333333,-0.240897387,-0.000566178,2.1,0.333333333,112,5.5234375,3,23,27,3,5,0,0,425.48,7,10,196.2
pote.txt_3645,167.1428571,0.142857143,0,0.142857143,0,0,0.142857143,0,0.142857143,0,0.142857143,0,0,0,0,0.142857143,0,0,0.142857143,0,0,0,0,0,0,0,0,0,0,0,2.571428571,-0.238787625,-0.000321444,2.671428571,0.571428571,-3.557142857,5.836181641,7,32,58,10,10,0,0,742.86,17,24,545.5
pote.txt_7711,111.3636364,0.318181818,0,0,0,0,0.181818182,0,0.045454545,0.136363636,0.090909091,0.045454545,0,0,0,0,0,0.090909091,0.090909091,0,0,0,0,0,0,0,0,0,0,0,2.136363636,2.757104611,0.001378949,2.718181818,0.590909091,-0.281818182,10.30207825,22,88,159,25,25,1,0,1999.425,49,72,1536.5
pote.txt_635,21.66666667,0.027777778,0.166666667,0,0,0,0.194444444,0.027777778,0.027777778,0.083333333,0,0,0.111111111,0.055555556,0.083333333,0.055555556,0.055555556,0,0.027777778,0.027777778,0.055555556,0,0,0,0,0,0,0,0,0.083333333,2.555555556,4.782854857,0.001234159,2.911111111,0.25,36.725,9.125869751,36,156,246,54,48,6,0,3875.395,98,131,2888.8
pote.txt_6267,116,0,0,0,0,0,0.066666667,0,0,0.133333333,0,0,0,0.066666667,0.133333333,0.2,0,0,0.4,0,0,0,0,0,0,0,0,0,0,0,3.133333333,4.758073612,0.002721777,2.953333333,0.4,43.19333333,12.3074646,15,77,142,28,18,0,0,1748.15,40,52,1267
pote.txt_1771,200.625,0,0,0,0,0.0625,0.1875,0,0.0625,0.125,0.3125,0,0,0.0625,0,0,0,0,0.1875,0,0,0,0,0,0,0,0,0,0,0.0625,2.5625,1.758103612,0.001055186,2.23125,0.625,14.63125,10.00268555,16,83,144,18,17,0,0,1666.155,34,50,1050.8
pote.txt_2609,12.55319149,0.063829787,0.170212766,0.021276596,0.042553191,0.085106383,0.085106383,0.063829787,0,0.042553191,0,0,0.021276596,0.021276596,0.042553191,0.127659574,0.106382979,0.085106383,0.021276596,0,0,0,0,0,0,0,0,0,0,0.085106383,2.70212766,4.947099942,0.000940889,2.985106383,0.340425532,61.97234043,8.969551086,47,221,332,76,66,8,0,5257.9,134,178,3919.3
pote.txt_11853,97.69230769,0.076923077,0,0,0,0.076923077,0.076923077,0.076923077,0,0.307692308,0.230769231,0,0,0.076923077,0,0,0.076923077,0,0,0,0,0,0,0,0,0,0,0,0,0.076923077,3.076923077,3.843279798,0.002620162,2.538461538,0.384615385,22.66923077,10.4777832,13,73,119,19,15,0,0,1466.81,32,45,961.9
pote.txt_4065,0,0,0,0,0,0,0,0,0,0,0,0,0,0,0,0,0,0,0,0,1,0,0,0,0,0,0,0,0,1,3,-0.24389439,-0.000363633,2.3,0,100.05,5.5234375,4,36,38,4,9,0,0,670.715,12,16,334.4
pote.txt_10975,102.7777778,0,0.027777778,0,0,0.027777778,0.138888889,0,0.111111111,0.194444444,0.111111111,0,0,0.083333333,0,0.166666667,0.027777778,0.027777778,0.055555556,0.027777778,0,0,0,0,0,0,0,0,0,0.055555556,3.138888889,12.74314762,0.003065331,2.727777778,0.333333333,27.28055556,12.31227112,36,186,337,61,39,1,0,4157.185,95,124,2864.4
pote.txt_6745,178.3333333,0,0,0.055555556,0,0,0.222222222,0,0.055555556,0.166666667,0.277777778,0,0,0.055555556,0,0,0,0,0.166666667,0,0,0,0,0,0,0,0,0,0,0,2.611111111,1.758225372,0.000966432,2.4,0.5,-4.933333333,9.702972412,18,86,155,21,21,0,0,1819.295,40,59,1241.1
pote.txt_5443,142.3076923,0,0,0.076923077,0,0.076923077,0.076923077,0,0.076923077,0.153846154,0.230769231,0,0,0,0,0,0.153846154,0,0.076923077,0.076923077,0,0,0,0,0,0,0,0,0,0.153846154,2.923076923,0.759224373,0.000504203,2.253846154,0.461538462,0.484615385,8.591064453,13,68,117,15,18,0,0,1505.79,32,45,969
pote.txt_2939,60.9375,0,0,0.03125,0,0.09375,0.03125,0,0.09375,0.03125,0.0625,0,0.03125,0.3125,0,0.25,0,0,0,0.0625,0,0,0,0,0,0,0,0,0,0.15625,2.875,7.760143375,0.001924269,2.68125,0.25,76.40625,12.47809601,32,183,298,58,36,0,0,4032.775,85,108,2541.2
pote.txt_407,88.33333333,0.19047619,0,0.023809524,0.023809524,0.047619048,0.071428571,0.071428571,0.047619048,0.142857143,0.023809524,0,0.023809524,0,0,0.047619048,0.047619048,0.095238095,0.142857143,0,0,0,0,0,0,0,0,0,0,0.047619048,2.595238095,6.019541396,0.001363088,2.833333333,0.452380952,0.664285714,10.6557312,42,206,329,61,54,0,0,4416.105,106,148,3270
pote.txt_6755,64.44444444,0,0.333333333,0,0,0,0.111111111,0,0,0,0,0,0,0,0,0.333333333,0,0,0.222222222,0,0,0,0,0,0,0,0,0,0,0,2.888888889,5.700635674,0.002734583,3.1,0.555555556,55.27777778,9.687271118,18,78,146,36,19,6,0,2084.645,54,66,1533.6
pote.txt_2901,0,0,0,0,0,0.055555556,0.222222222,0.277777778,0,0.333333333,0,0,0.111111111,0,0,0,0,0,0,0,0,0,0,0,0,0,0,0,0,0.055555556,3.222222222,6.189978549,0.00298119,3.061111111,0.055555556,17.47777778,10.6993103,18,106,142,36,21,0,0,2076.345,49,67,1524.3
pote.txt_2663,121.6666667,0,0,0,0,0,0,0,0.166666667,0.333333333,0.083333333,0,0,0,0,0.25,0,0,0.083333333,0.083333333,0,0,0,0,0,0,0,0,0,0.083333333,4.083333333,6.75607561,0.004159953,2.741666667,0.333333333,73.28333333,12.31365967,12,71,139,25,13,0,0,1624.075,35,43,1073.5
pote.txt_3879,0,0,0,0,0,0,0,0,0,0,0,0,0,0,0,0.285714286,0,0,0,0.714285714,0,0,0,0,0,0,0,0,0,0.714285714,3.571428571,1.760081614,0.001395329,1.985714286,0,90.4,12.00006104,7,42,81,13,8,0,0,1261.41,23,23,651.5
pote.txt_2533,76.52173913,0.086956522,0,0,0.043478261,0.086956522,0.043478261,0,0,0.347826087,0.173913043,0.043478261,0,0.043478261,0,0.086956522,0,0,0,0.043478261,0,0,0,0,0,0,0,0,0,0.130434783,3.608695652,8.754900068,0.003076655,2.6,0.391304348,-3.095652174,11.33366394,23,131,231,37,26,1,0,2845.59,60,82,1858.1
pote.txt_10169,0,0,0,0,0,0.333333333,0,0,0,0,0,0,0.333333333,0,0,0,0,0,0,0.333333333,0,0,0,0,0,0,0,0,0,0.666666667,3,-0.239898386,-0.000515356,2,0.333333333,6.666666667,5.5234375,3,19,28,4,5,0,0,465.5,8,10,248.4
pote.txt_11569,156,0,0,0,0,0,0,0.2,0.2,0.333333333,0.2,0,0,0,0,0,0.066666667,0,0,0,0,0,0,0,0,0,0,0,0,0,3.6,5.016629174,0.002731922,2.486666667,0.4,23.16666667,10.60253906,15,96,154,26,17,0,0,1836.3,39,54,1185.9
pote.txt_9173,39.36170213,0,0,0.042553191,0.042553191,0.063829787,0.063829787,0.085106383,0.021276596,0.042553191,0.063829787,0.085106383,0.042553191,0.021276596,0.085106383,0.127659574,0.063829787,0.063829787,0.021276596,0,0.063829787,0,0,0,0,0,0,0,0,0.127659574,3.234042553,4.111605809,0.000705307,2.846808511,0.255319149,64.05106383,10.14714813,47,265,389,81,71,4,0,5829.53,131,180,4207
pote.txt_5795,111.4285714,0.071428571,0.142857143,0,0.071428571,0,0.071428571,0,0.142857143,0,0.071428571,0,0,0.071428571,0,0.142857143,0.071428571,0.071428571,0.071428571,0,0,0,0,0,0,0,0,0,0,0,2.571428571,0.743090096,0.000489579,2.785714286,0.5,44.49285714,8.072174072,14,63,112,20,19,2,0,1517.815,37,50,1081.9
pote.txt_1685,130,0.074074074,0,0,0.037037037,0.074074074,0.111111111,0,0.148148148,0.148148148,0.111111111,0,0,0.037037037,0,0.037037037,0.111111111,0.037037037,0.074074074,0,0,0,0,0,0,0,0,0,0,0.074074074,2.740740741,3.758906072,0.001308137,2.559259259,0.481481481,9.018518519,10.46154785,27,135,230,34,34,0,0,2873.48,65,92,1982.7
pote.txt_10927,94.51612903,0.129032258,0,0.032258065,0.032258065,0.064516129,0.193548387,0,0.129032258,0.161290323,0.032258065,0,0.064516129,0,0,0,0.064516129,0.032258065,0.064516129,0,0,0,0,0,0,0,0,0,0,0.064516129,2.548387097,2.759037832,0.000892436,2.725806452,0.419354839,-12.18064516,9.825592041,31,139,232,38,41,0,0,3091.58,74,107,2314
pote.txt_4089,195,0,0,0,0,0,0.125,0,0,0,0.5,0,0,0,0,0,0.25,0.125,0,0,0,0,0,0,0,0,0,0,0,0,2.375,-0.239898386,-0.000298773,2.2875,0.5,8.75,5.5234375,8,36,66,8,12,0,0,802.945,19,27,567.3
pote.txt_11175,64.44444444,0,0.333333333,0,0,0,0.111111111,0,0,0,0,0,0,0,0,0.333333333,0,0,0.222222222,0,0,0,0,0,0,0,0,0,0,0,2.888888889,2.730368644,0.002597061,3.1,0.555555556,54.72222222,9.307128906,9,39,74,18,10,3,0,1051.33,27,33,766.8
pote.txt_3441,0,0,0,0,0,0,0,0,0,0,0,0,0,0,0,0.666666667,0,0,0,0.333333333,0,0,0,0,0,0,0,0,0,0.333333333,4.333333333,3.760061615,0.003703892,3.166666667,0,390.2,12.4770813,6,36,72,18,7,0,0,1015.165,22,22,670.2
pote.txt_5863,145.7142857,0,0,0,0,0.142857143,0,0,0,0.285714286,0.214285714,0,0,0.142857143,0,0,0,0,0.214285714,0,0,0,0,0,0,0,0,0,0,0.142857143,3.071428571,3.75610561,0.002267954,2.242857143,0.571428571,-3.7,10.4777832,14,85,142,18,15,0,0,1656.165,32,46,962.2
pote.txt_653,185,0,0,0,0,0,0.25,0,0.15,0.05,0.25,0,0.05,0.05,0,0,0.05,0.05,0.1,0,0,0,0,0,0,0,0,0,0,0,2.3,0.759102613,0.000392428,2.405,0.5,36.855,8.75,20,90,160,22,24,0,0,1934.375,44,64,1361.3
pote.txt_5975,157.6923077,0.076923077,0,0,0,0,0,0,0.153846154,0.384615385,0.230769231,0,0.076923077,0,0,0,0.076923077,0,0,0,0,0,0,0,0,0,0,0,0,0,3.538461538,4.755106609,0.003176594,2.492307692,0.461538462,-23.42307692,10.60253906,13,70,133,19,16,0,0,1496.92,33,46,1015.9
pote.txt_5051,65,0.166666667,0,0,0,0,0.083333333,0,0,0.166666667,0,0,0,0,0,0.25,0,0.083333333,0.166666667,0.083333333,0,0,0,0,0,0,0,0,0,0.083333333,3.083333333,4.758073612,0.003332673,3.033333333,0.333333333,42.75,12.3074646,12,58,111,23,14,0,0,1427.705,34,42,1041.8
pote.txt_685,112.8947368,0.026315789,0,0.026315789,0.026315789,0,0.131578947,0,0.157894737,0.105263158,0.105263158,0,0.078947368,0.052631579,0.105263158,0.157894737,0,0,0.026315789,0,0,0,0,0,0,0,0,0,0,0,3.210526316,7.759976834,0.00178468,2.863157895,0.315789474,67.73157895,12.01116943,38,189,337,67,50,0,0,4348.105,101,135,3243.9
pote.txt_2089,209.2857143,0.214285714,0,0,0,0,0,0,0.071428571,0.214285714,0.357142857,0,0.071428571,0,0,0,0,0,0.071428571,0,0,0,0,0,0,0,0,0,0,0,2.928571429,2.757104611,0.001828398,2.35,0.714285714,10.91428571,10.30207825,14,72,134,18,16,0,0,1507.935,32,46,1006.9
pote.txt_7041,40,0,0.235294118,0,0,0,0.058823529,0,0,0.058823529,0.058823529,0,0,0,0,0.294117647,0,0.058823529,0.058823529,0.058823529,0.117647059,0,0,0,0,0,0,0,0,0.176470588,3.235294118,5.717450651,0.0025723,2.917647059,0.352941176,28.68235294,9.931015015,17,89,153,33,21,4,0,2222.7,53,64,1506.3
pote.txt_2427,124.2857143,0,0,0,0,0,0,0,0,0.428571429,0,0,0,0,0,0,0,0,0.428571429,0.142857143,0,0,0,0,0,0,0,0,0,0.142857143,3.428571429,5.754107608,0.00328003,2.428571429,0.428571429,-23.2,10.6993103,14,78,150,20,15,0,0,1754.285,36,48,1073.8
pote.txt_9053,50.90909091,0.045454545,0.136363636,0.022727273,0.045454545,0.022727273,0.136363636,0.022727273,0.045454545,0.068181818,0.022727273,0,0.113636364,0,0,0.045454545,0.068181818,0.045454545,0.068181818,0.045454545,0.045454545,0,0,0,0,0,0,0,0,0.113636364,2.590909091,1.789596542,0.000369334,2.8,0.340909091,36.89545455,8.318695068,44,198,314,60,63,6,0,4845.475,119,162,3527.6
pote.txt_9543,127.3913043,0.173913043,0,0,0.043478261,0.043478261,0.173913043,0.043478261,0.086956522,0.130434783,0.130434783,0,0,0,0,0,0.086956522,0,0.086956522,0,0,0,0,0,0,0,0,0,0,0.043478261,2.434782609,1.847089261,0.000814888,2.647826087,0.52173913,-4.613043478,9.703186035,23,107,176,28,28,0,0,2266.68,53,77,1640.9
pote.txt_6049,136,0,0,0,0,0,0.066666667,0,0.133333333,0.333333333,0.066666667,0,0,0,0,0,0.133333333,0,0.2,0.066666667,0,0,0,0,0,0,0,0,0,0.066666667,3.2,4.755106609,0.002775619,2.486666667,0.4,-15.22666667,10.60253906,15,77,146,20,18,0,0,1713.17,38,52,1135.9
pote.txt_591,122.0833333,0.083333333,0,0.041666667,0.041666667,0,0.291666667,0.041666667,0.166666667,0.083333333,0.125,0,0,0,0,0.083333333,0,0,0,0.041666667,0,0,0,0,0,0,0,0,0,0.041666667,2.625,1.849189024,0.000743275,2.704166667,0.375,31.1875,9.986236572,24,110,188,34,29,0,0,2487.895,58,81,1820.5
pote.txt_8939,61,0.05,0.2,0,0,0.025,0.1,0.05,0.025,0.05,0.1,0,0,0.025,0.025,0.025,0.15,0.025,0.025,0,0.125,0,0,0,0,0,0,0,0,0.15,2.425,2.848239063,0.000650713,2.6375,0.425,45.4975,8.490074158,40,195,284,50,54,8,0,4377.105,107,146,2986.4
pote.txt_2443,116.1904762,0.095238095,0.095238095,0.047619048,0,0,0,0.095238095,0.142857143,0,0.095238095,0,0.142857143,0,0.095238095,0,0.047619048,0,0.047619048,0,0.095238095,0,0,0,0,0,0,0,0,0.095238095,2.714285714,-1.086229231,-0.00044651,2.604761905,0.476190476,41.45238095,5.967132568,21,112,162,30,32,2,0,2432.71,55,77,1700.8
pote.txt_1233,118.5714286,0.071428571,0,0,0,0.214285714,0.071428571,0,0.142857143,0.142857143,0.142857143,0,0.071428571,0.071428571,0,0,0.071428571,0,0,0,0,0,0,0,0,0,0,0,0,0.214285714,2.785714286,1.758103612,0.001102304,2.292857143,0.571428571,0.178571429,10.00268555,14,80,123,17,17,0,0,1594.935,32,46,987.2
pote.txt_11789,33.40909091,0.136363636,0.136363636,0.022727273,0.045454545,0.022727273,0.159090909,0.022727273,0,0.045454545,0,0,0.090909091,0,0,0.045454545,0.068181818,0.045454545,0.068181818,0.045454545,0.045454545,0,0,0,0,0,0,0,0,0.113636364,2.318181818,0.790595543,0.000171679,2.888636364,0.363636364,36.27954545,7.776947021,44,184,286,58,62,6,0,4605.085,117,160,3458.9
pote.txt_159,85.75757576,0.090909091,0.181818182,0,0.03030303,0.03030303,0.060606061,0.03030303,0.060606061,0,0.090909091,0,0,0.060606061,0,0.303030303,0,0,0.060606061,0,0,0,0,0,0,0,0,0,0,0.03030303,2.96969697,8.790580325,0.002255285,2.978787879,0.515151515,84.76666667,11.40431976,33,164,283,65,36,6,0,3897.77,94,118,2780.3
pote.txt_9189,51.91489362,0.021276596,0.170212766,0.021276596,0.063829787,0.042553191,0.063829787,0.021276596,0.063829787,0.106382979,0.063829787,0,0.021276596,0.085106383,0,0.085106383,0.042553191,0.127659574,0,0,0,0,0,0,0,0,0,0,0,0.042553191,2.765957447,4.772585024,0.000909545,2.789361702,0.361702128,75.2787234,8.923301697,47,223,367,67,65,8,0,5247.22,129,176,3700.5
pote.txt_7007,75.55555556,0,0,0,0,0.166666667,0,0,0,0.444444444,0.111111111,0,0,0,0,0.111111111,0.055555556,0,0.111111111,0,0,0,0,0,0,0,0,0,0,0.166666667,3.944444444,9.752089606,0.004223576,2.644444444,0.388888889,1.855555556,12.06008911,18,112,194,32,20,0,0,2308.965,49,65,1497.1
pote.txt_9039,44.31818182,0.068181818,0.136363636,0.022727273,0.045454545,0.022727273,0.136363636,0.022727273,0.022727273,0.068181818,0.022727273,0,0.090909091,0,0,0.068181818,0.068181818,0.045454545,0.068181818,0.045454545,0.045454545,0,0,0,0,0,0,0,0,0.113636364,2.590909091,2.789586542,0.00057571,2.847727273,0.340909091,36.89545455,8.650184631,44,197,314,62,62,6,0,4845.475,120,162,3549.6
pote.txt_7239,0,0,0,0,0,0,0.666666667,0,0,0,0,0,0,0,0.166666667,0,0,0,0,0,0.166666667,0,0,0,0,0,0,0,0,0.166666667,1.833333333,-0.240897387,-0.000448152,3.033333333,0,35.31666667,5.5234375,6,22,31,7,9,0,0,537.535,14,20,442.8
pote.txt_11805,64.31818182,0.090909091,0.136363636,0.045454545,0.045454545,0.022727273,0.136363636,0.022727273,0.022727273,0.045454545,0.068181818,0,0.068181818,0,0,0.022727273,0.068181818,0.045454545,0.068181818,0.045454545,0.045454545,0,0,0,0,0,0,0,0,0.113636364,2.409090909,-1.208273696,-0.000256899,2.711363636,0.409090909,25.87727273,5.482421875,44,194,304,54,63,6,0,4703.295,115,160,3389.2
pote.txt_4291,36.25,0,0,0,0,0.125,0.25,0.125,0,0.125,0,0,0,0,0,0.125,0,0,0.125,0.125,0,0,0,0,0,0,0,0,0,0.25,2.875,1.846266802,0.001872225,2.7125,0.25,72.2,11.00073242,8,45,68,14,9,0,0,986.135,21,27,641.6
pote.txt_10439,195,0,0,0,0,0,0,0,0,0,0.5,0,0,0,0,0.5,0,0,0,0,0,0,0,0,0,0,0,0,0,0,4,8.760011615,0.003587118,2.85,0.5,105.7444444,12.90304565,18,108,209,45,19,0,0,2442.075,54,63,1721.7
pote.txt_2143,56.66666667,0.041666667,0.083333333,0.041666667,0.041666667,0.041666667,0.083333333,0.041666667,0,0.125,0.041666667,0,0.041666667,0.041666667,0,0.083333333,0.041666667,0,0.125,0,0.125,0,0,0,0,0,0,0,0,0.166666667,2.875,2.825391039,0.000997217,2.804166667,0.333333333,49.1875,9.189102173,24,130,194,36,34,2,0,2833.275,65,89,1942.6
pote.txt_5465,120,0.153846154,0,0,0,0.153846154,0,0,0,0.076923077,0.153846154,0,0.076923077,0,0,0.076923077,0.076923077,0,0.153846154,0.076923077,0,0,0,0,0,0,0,0,0,0.230769231,2.769230769,1.759092613,0.001134284,2.415384615,0.615384615,51.75384615,11.00073242,13,71,116,18,16,0,0,1550.84,32,43,992.4
pote.txt_59,126.25,0.125,0.083333333,0,0,0.125,0.041666667,0,0.083333333,0.125,0.208333333,0,0.041666667,0.083333333,0,0.041666667,0,0.041666667,0,0,0,0,0,0,0,0,0,0,0,0.125,2.708333333,3.737292631,0.001395374,2.379166667,0.625,12.29583333,9.850692749,24,128,209,31,27,2,0,2678.345,57,80,1698.9
pote.txt_723,37.23404255,0,0.170212766,0.106382979,0.042553191,0.021276596,0.063829787,0.042553191,0,0.063829787,0.063829787,0,0.063829787,0.021276596,0,0.106382979,0.042553191,0.106382979,0.042553191,0.021276596,0.021276596,0,0,0,0,0,0,0,0,0.063829787,2.85106383,0.862420795,0.000158501,2.868085106,0.29787234,23.03191489,7.716064453,47,221,350,72,73,8,0,5441.11,136,184,3998.2
pote.txt_4533,78,0.1,0.1,0,0,0,0,0,0,0.1,0.1,0.1,0,0,0,0,0.2,0.2,0.1,0,0,0,0,0,0,0,0,0,0,0,2.5,0.749201623,0.00072021,2.62,0.5,-19.35,8.222351074,10,42,77,11,15,2,0,1040.255,26,37,766.5
pote.txt_11637,27.95918367,0.040816327,0.163265306,0,0.020408163,0.020408163,0.102040816,0.102040816,0.020408163,0.081632653,0.040816327,0,0,0.040816327,0,0.142857143,0.06122449,0.020408163,0,0.020408163,0.12244898,0,0,0,0,0,0,0,0,0.163265306,2.857142857,10.10951509,0.001713524,2.885714286,0.285714286,49.21836735,9.566307068,49,266,384,84,62,8,0,5899.84,141,183,4038.6
pote.txt_10393,25,0.25,0,0,0,0.25,0,0,0,0.5,0,0,0,0,0,0,0,0,0,0,0,0,0,0,0,0,0,0,0,0.25,3.5,11.7481136,0.004099683,2.625,0.5,9.583333333,11.04153442,24,144,230,36,25,0,0,2865.615,60,84,1831.2
pote.txt_1513,97.64705882,0.058823529,0,0,0,0.235294118,0.058823529,0,0,0.058823529,0.235294118,0.117647059,0,0.117647059,0,0,0.117647059,0,0,0,0,0,0,0,0,0,0,0,0,0.235294118,2.647058824,0.759102613,0.000390001,2.129411765,0.647058824,46.23529412,8.75,17,97,144,18,20,2,0,1946.41,37,56,1165.3
pote.txt_833,60.66666667,0.022222222,0.133333333,0,0.044444444,0.066666667,0.111111111,0,0.044444444,0.155555556,0.088888889,0,0.044444444,0.022222222,0.022222222,0.155555556,0.044444444,0.022222222,0.022222222,0,0,0,0,0,0,0,0,0,0,0.066666667,3.155555556,11.69925359,0.00225407,2.877777778,0.377777778,32.47111111,10.41268158,45,221,380,76,56,6,0,5190.28,125,165,3739.8
pote.txt_4115,22.22222222,0.222222222,0,0.222222222,0,0.111111111,0.111111111,0,0,0,0,0,0,0,0,0.333333333,0,0,0,0,0,0,0,0,0,0,0,0,0,0.111111111,3,0.762313136,0.000717053,3.211111111,0.333333333,0.511111111,9.508789063,9,43,70,18,14,0,0,1063.12,26,34,839.2
pote.txt_11793,42.04545455,0.045454545,0.136363636,0.045454545,0.022727273,0.022727273,0.159090909,0.022727273,0.022727273,0.068181818,0.022727273,0,0.090909091,0,0,0.068181818,0.068181818,0.045454545,0.068181818,0.045454545,0.045454545,0,0,0,0,0,0,0,0,0.113636364,2.568181818,2.787896841,0.000578711,2.831818182,0.318181818,32.42045455,8.650184631,44,195,310,62,62,6,0,4817.425,120,162,3549.6
pote.txt_8281,105.3846154,0.153846154,0.038461538,0,0,0.038461538,0.192307692,0,0.153846154,0.192307692,0.076923077,0,0,0,0,0,0.076923077,0,0,0.038461538,0.038461538,0,0,0,0,0,0,0,0,0.115384615,2.576923077,4.744206618,0.001769404,2.553846154,0.461538462,-7.746153846,10.02581024,26,121,207,31,30,1,0,2681.245,62,87,1853.5
pote.txt_4325,0,0,0,0,0,0.111111111,0,0,0,0.333333333,0,0,0,0,0,0.222222222,0,0,0,0.333333333,0,0,0,0,0,0,0,0,0,0.444444444,4.111111111,4.757084611,0.003348409,2.466666667,0.111111111,55.83333333,12.02441406,9,57,104,18,10,0,0,1420.7,28,32,824.5
pote.txt_10391,25,0.25,0,0,0,0.25,0,0,0,0.5,0,0,0,0,0,0,0,0,0,0,0,0,0,0,0,0,0,0,0,0.25,3.5,11.7481136,0.004099683,2.625,0.5,9.583333333,11.04153442,24,144,230,36,25,0,0,2865.615,60,84,1831.2
pote.txt_11263,33.87755102,0.06122449,0.142857143,0.081632653,0.020408163,0.020408163,0.081632653,0,0.040816327,0.224489796,0,0,0.020408163,0.020408163,0.020408163,0.020408163,0.040816327,0.040816327,0.040816327,0,0.12244898,0,0,0,0,0,0,0,0,0.142857143,2.93877551,6.681095172,0.001192297,2.769387755,0.306122449,30.42040816,9.127632141,49,244,383,65,72,7,0,5603.55,135,188,3922.3
pote.txt_3335,0,0,0,0,0,0,0,0,0,0,0,0,0,0,0,0.4,0,0,0,0.6,0,0,0,0,0,0,0,0,0,0.6,3.8,1.760081614,0.001979844,2.34,0,237.12,12.00006104,5,30,59,11,6,0,0,889,17,17,493.3
pote.txt_5617,30,0,0,0,0,0.076923077,0.153846154,0,0,0.076923077,0.076923077,0,0.076923077,0.153846154,0.153846154,0.076923077,0.076923077,0,0,0,0.076923077,0,0,0,0,0,0,0,0,0.153846154,2.769230769,1.758093612,0.001178623,2.815384615,0.153846154,-0.561538462,9.994354248,13,67,102,20,19,0,0,1491.65,34,46,1054.3
pote.txt_3451,0,0,0,0,0,0,0,0,0,0,0,0,0,0,0,0.5,0,0,0,0.5,0,0,0,0,0,0,0,0,0,0.5,4,2.760071614,0.002640749,2.65,0,294.7333333,12.30105591,6,36,71,15,7,0,0,1045.185,21,21,621.3
pote.txt_9909,41.42857143,0,0,0.142857143,0.142857143,0,0,0,0,0.142857143,0,0,0,0.142857143,0,0,0.142857143,0.142857143,0.142857143,0,0,0,0,0,0,0,0,0,0,0,2.714285714,-1.236966164,-0.001596456,2.9,0.142857143,60.57142857,4.370300293,7,32,54,8,14,0,0,774.82,19,28,571.1
pote.txt_4617,124.5454545,0.181818182,0,0,0,0.090909091,0,0,0.181818182,0.181818182,0.090909091,0,0.090909091,0.090909091,0,0.090909091,0,0,0,0,0,0,0,0,0,0,0,0,0,0.090909091,3,2.758093612,0.00217077,2.590909091,0.545454545,16.26363636,11.16629028,11,60,103,17,13,0,0,1270.56,27,37,841.7
pote.txt_4463,146,0,0,0,0,0.1,0,0.1,0.1,0,0.2,0,0,0,0.1,0.2,0.1,0,0.1,0,0,0,0,0,0,0,0,0,0,0.1,3.3,1.847255803,0.001456258,2.63,0.5,44.45,12.00006104,10,61,97,19,13,0,0,1268.495,27,35,854.1
pote.txt_12095,19.5,0,0,0.05,0.15,0,0.05,0.25,0,0.05,0.05,0,0,0.05,0.05,0.25,0.05,0,0,0,0,0,0,0,0,0,0,0,0,0,3.55,2.204475702,0.000848611,3.365,0.05,110.97,10.61279297,20,121,169,47,31,0,0,2597.745,62,81,1958.8
pote.txt_11867,123.6363636,0,0,0,0,0,0,0,0.181818182,0.454545455,0,0,0.090909091,0.090909091,0,0,0,0,0.181818182,0,0,0,0,0,0,0,0,0,0,0,3.545454545,4.755106609,0.003672776,2.627272727,0.363636364,-5.490909091,10.60253906,11,61,115,17,13,0,0,1294.69,28,39,855
pote.txt_1753,10.42553191,0.042553191,0.170212766,0.021276596,0.042553191,0.085106383,0.085106383,0.063829787,0,0.042553191,0,0,0.021276596,0.021276596,0.042553191,0.14893617,0.106382979,0.085106383,0.021276596,0,0,0,0,0,0,0,0,0,0,0.085106383,2.787234043,5.947089942,0.00111306,3.010638298,0.319148936,64.8106383,9.166404724,47,224,339,79,66,8,0,5343.01,136,179,3984
pote.txt_1891,115.625,0.09375,0,0.03125,0.03125,0.0625,0.15625,0.03125,0.125,0.09375,0.03125,0,0.0625,0,0,0.09375,0,0.03125,0.15625,0,0,0,0,0,0,0,0,0,0,0.0625,2.71875,3.848180023,0.001119945,2.775,0.46875,-11.703125,11.00030518,32,158,260,48,40,0,0,3436.045,79,110,2507.5
pote.txt_12075,86.66666667,0,0,0,0,0.111111111,0,0,0,0.555555556,0.222222222,0,0,0,0.111111111,0,0,0,0,0,0,0,0,0,0,0,0,0,0,0.111111111,4.222222222,4.755106609,0.004097464,2.511111111,0.333333333,0.111111111,10.60253906,9,56,101,15,11,0,0,1160.5,24,33,742.4
pote.txt_2201,148.9473684,0.157894737,0,0,0,0.052631579,0.052631579,0.105263158,0.105263158,0.052631579,0.157894737,0.052631579,0,0.052631579,0,0,0.105263158,0,0.105263158,0,0,0,0,0,0,0,0,0,0,0.052631579,2.421052632,0.93345099,0.000465696,2.431578947,0.631578947,26.61578947,8.764526367,19,100,154,24,22,1,0,2004.42,43,63,1338
pote.txt_1697,63.25,0,0.15,0,0,0.025,0.125,0,0.075,0.125,0.05,0,0.1,0.05,0.025,0.125,0.05,0.025,0.05,0.025,0,0,0,0,0,0,0,0,0,0.05,2.9,9.695650669,0.002156787,2.8275,0.35,63.8475,10.25946045,40,184,323,65,49,6,0,4495.415,110,144,3253.7
pote.txt_10869,69.52380952,0.047619048,0,0,0.047619048,0.095238095,0.285714286,0.047619048,0.095238095,0,0,0,0,0.095238095,0,0,0.047619048,0.047619048,0.095238095,0,0.095238095,0,0,0,0,0,0,0,0,0.19047619,2,-1.151911738,-0.000541984,2.652380952,0.333333333,28.15761905,5.24017334,21,104,141,23,28,0,0,2125.36,48,70,1448.9
pote.txt_4905,124.5454545,0.181818182,0,0,0,0.090909091,0.090909091,0,0.181818182,0,0.090909091,0,0,0,0,0.363636364,0,0,0,0,0,0,0,0,0,0,0,0,0,0.090909091,3.181818182,3.760061615,0.002830093,2.945454545,0.545454545,36.39090909,12.4770813,11,59,105,23,12,0,0,1328.6,30,37,955.1
pote.txt_9087,60.88888889,0.088888889,0,0,0,0.066666667,0,0.022222222,0.088888889,0.133333333,0.044444444,0.022222222,0.111111111,0.088888889,0.088888889,0.044444444,0.066666667,0.066666667,0,0.044444444,0.022222222,0,0,0,0,0,0,0,0,0.133333333,2.977777778,7.840262796,0.001467079,2.66,0.311111111,31.64,11.30108643,45,239,384,68,62,1,0,5344.13,119,161,3689.9
pote.txt_10943,101.0714286,0.107142857,0.071428571,0.071428571,0,0,0.107142857,0,0.071428571,0.178571429,0.107142857,0.035714286,0,0,0,0,0.035714286,0.107142857,0.071428571,0.035714286,0,0,0,0,0,0,0,0,0,0.035714286,2.678571429,2.737546151,0.000927487,2.553571429,0.464285714,-12.54285714,9.243148804,28,125,225,33,37,3,0,2951.575,70,100,2102.1
pote.txt_129,117.3333333,0.2,0,0,0.033333333,0,0.166666667,0,0.033333333,0.2,0.166666667,0.033333333,0.033333333,0,0,0,0.033333333,0,0.066666667,0.033333333,0,0,0,0,0,0,0,0,0,0.033333333,2.633333333,4.75691807,0.001573219,2.633333333,0.5,-5.28,10.30154419,30,133,241,37,35,1,0,3023.685,70,101,2196.8
pote.txt_8667,94.375,0.03125,0.03125,0.0625,0,0.0625,0.1875,0,0.125,0.125,0.0625,0,0,0,0.0625,0.1875,0,0,0.0625,0,0,0,0,0,0,0,0,0,0,0.0625,3.15625,7.748386143,0.002127307,2.846875,0.375,21.221875,11.723526,32,160,278,56,39,1,0,3642.345,85,113,2679.6
pote.txt_10715,172.3076923,0,0,0,0,0.076923077,0,0,0.076923077,0.230769231,0.307692308,0,0,0,0.076923077,0.153846154,0,0,0.076923077,0,0,0,0,0,0,0,0,0,0,0.076923077,3.769230769,4.757084611,0.002874163,2.461538462,0.538461538,17.96923077,12.02441406,13,79,143,23,15,0,0,1655.12,34,45,1073
pote.txt_10021,86,0.08,0.04,0.08,0,0,0.08,0.04,0.08,0.08,0.12,0.04,0,0.2,0,0.04,0,0.08,0,0.04,0,0,0,0,0,0,0,0,0,0.04,2.44,0.837608332,0.000307016,2.524,0.36,50.492,8.206329346,25,122,200,32,32,2,0,2728.22,61,87,1816
pote.txt_4957,0,0,0,0,0.083333333,0.083333333,0,0.333333333,0,0.25,0,0,0,0,0,0.083333333,0.083333333,0,0,0,0.083333333,0,0,0,0,0,0,0,0,0.166666667,3.666666667,3.107602825,0.001902065,3.05,0.083333333,36.33333333,9.997238159,12,86,108,26,17,0,0,1633.805,36,48,1095.4
pote.txt_8901,42.56410256,0.025641026,0.153846154,0.076923077,0,0.051282051,0.128205128,0,0.025641026,0.128205128,0.076923077,0.025641026,0,0,0,0.153846154,0.076923077,0.025641026,0,0,0.051282051,0,0,0,0,0,0,0,0,0.102564103,3.025641026,7.69700495,0.001716809,2.833333333,0.358974359,5.764102564,9.635040283,39,187,310,62,52,7,0,4483.32,110,147,3253.1
pote.txt_7179,82.10526316,0.052631579,0,0,0.052631579,0.210526316,0,0,0.052631579,0.315789474,0.105263158,0,0.052631579,0,0,0.052631579,0.052631579,0,0.052631579,0,0,0,0,0,0,0,0,0,0,0.210526316,3.578947368,5.75690807,0.002427109,2.547368421,0.473684211,-10.50526316,10.6761322,19,116,187,29,24,0,0,2371.92,49,68,1524.1
pote.txt_2585,186.6666667,0.166666667,0,0,0,0,0.083333333,0,0.166666667,0,0.083333333,0,0,0,0,0.25,0,0,0.25,0,0,0,0,0,0,0,0,0,0,0,2.75,2.760071614,0.002086782,2.8,0.666666667,2.091666667,12.30105591,12,59,111,21,13,0,0,1322.645,30,39,953.7
pote.txt_4669,106.3636364,0,0,0,0,0,0.090909091,0,0,0,0.272727273,0,0.090909091,0.272727273,0,0.181818182,0,0,0,0.090909091,0,0,0,0,0,0,0,0,0,0.090909091,2.636363636,1.760081614,0.001334851,2.554545455,0.272727273,78.42727273,12.00006104,11,57,100,18,13,0,0,1318.56,28,36,842.2
pote.txt_6055,90.66666667,0,0,0,0,0,0,0,0.133333333,0.333333333,0,0,0.066666667,0.066666667,0,0,0.266666667,0,0.133333333,0,0,0,0,0,0,0,0,0,0,0,3.133333333,4.755106609,0.002894179,2.753333333,0.266666667,21.64666667,10.60253906,15,73,135,21,21,0,0,1642.99,40,55,1189.4
pote.txt_4003,146.25,0,0,0,0,0.125,0,0.125,0.25,0.125,0.125,0,0,0.125,0,0,0.125,0,0,0,0,0,0,0,0,0,0,0,0,0.125,2.875,0.846276801,0.000886938,2.275,0.5,18.85,8.756835938,8,50,75,11,10,0,0,954.155,19,27,567.4
pote.txt_1127,102.7777778,0,0.333333333,0,0,0.055555556,0.111111111,0,0.166666667,0,0.055555556,0,0,0,0,0.166666667,0,0.055555556,0.055555556,0,0,0,0,0,0,0,0,0,0,0.055555556,2.666666667,2.700665674,0.001337238,2.627777778,0.666666667,13.93333333,8.716995239,18,82,143,27,20,6,0,2019.585,49,64,1359.8
pote.txt_5719,14.28571429,0.142857143,0,0,0.142857143,0,0.071428571,0,0,0,0,0,0,0.142857143,0,0.285714286,0.071428571,0.071428571,0,0,0.071428571,0,0,0,0,0,0,0,0,0.071428571,2.857142857,1.764683538,0.001072251,3.335714286,0.142857143,73.12142857,10.66748047,14,68,112,26,22,0,0,1645.775,41,53,1253.3
pote.txt_2171,132.7272727,0,0,0,0,0.090909091,0.227272727,0.136363636,0.136363636,0.045454545,0.136363636,0,0,0,0,0.045454545,0.045454545,0.045454545,0.090909091,0,0,0,0,0,0,0,0,0,0,0.090909091,2.545454545,2.020615178,0.000856634,2.545454545,0.454545455,16.01363636,11.00073242,22,120,176,32,25,0,0,2358.785,52,73,1610
pote.txt_11549,45.88235294,0.058823529,0.235294118,0,0,0.058823529,0,0,0.058823529,0.058823529,0,0,0,0,0,0.294117647,0,0,0.058823529,0.058823529,0.117647059,0,0,0,0,0,0,0,0,0.235294118,3.294117647,5.717450651,0.002504589,2.835294118,0.470588235,23.21176471,9.931015015,17,95,157,33,20,4,0,2282.79,52,63,1486
pote.txt_8289,150,0.076923077,0,0,0,0,0.115384615,0,0.153846154,0.076923077,0.153846154,0,0,0.038461538,0.076923077,0.076923077,0.038461538,0.076923077,0.076923077,0.038461538,0,0,0,0,0,0,0,0,0,0.038461538,2.730769231,3.758083612,0.001326812,2.542307692,0.461538462,47.99615385,12.01651001,26,126,228,36,32,0,0,2832.415,64,87,1975.3
pote.txt_3493,0,0,0,0,0,0,0,0,0,0,0,0,0,0,0,0.666666667,0,0,0,0.333333333,0,0,0,0,0,0,0,0,0,0.333333333,4.333333333,3.760061615,0.003703892,3.166666667,0,390.2,12.4770813,6,36,72,18,7,0,0,1015.165,22,22,670.2
pote.txt_8809,65.27777778,0.111111111,0,0.083333333,0.055555556,0,0.027777778,0.027777778,0.055555556,0.027777778,0.083333333,0,0.055555556,0.111111111,0.027777778,0.111111111,0.055555556,0.027777778,0,0,0.138888889,0,0,0,0,0,0,0,0,0.138888889,2.777777778,-0.149774996,-3.52E-05,2.844444444,0.25,60.31111111,6.761810303,36,193,286,54,58,0,0,4254.605,98,135,3015.3
pote.txt_1201,68.82352941,0,0.117647059,0,0,0.117647059,0,0,0.117647059,0.235294118,0.058823529,0,0,0.058823529,0,0.176470588,0.058823529,0,0,0.058823529,0,0,0,0,0,0,0,0,0,0.176470588,3.529411765,6.73627363,0.003048405,2.6,0.411764706,10.25882353,11.08148193,17,98,170,30,19,2,0,2209.77,48,61,1398.3
pote.txt_1639,157.6923077,0.076923077,0,0,0,0.076923077,0.153846154,0,0.153846154,0.076923077,0.230769231,0.076923077,0,0,0,0,0.076923077,0.076923077,0,0,0,0,0,0,0,0,0,0,0,0.076923077,2.615384615,0.759102613,0.000556649,2.284615385,0.615384615,2.7,8.75,13,64,110,14,16,1,0,1363.7,29,43,914.8
pote.txt_9225,28.16326531,0.12244898,0,0,0.020408163,0.06122449,0.183673469,0.020408163,0.040816327,0,0,0,0.06122449,0.020408163,0.040816327,0.06122449,0.326530612,0.020408163,0,0,0.020408163,0,0,0,0,0,0,0,0,0.081632653,2.183673469,1.849057264,0.000392268,3.018367347,0.224489796,87.29387755,10.73733521,49,195,295,65,75,0,0,4713.76,129,176,3927.1
pote.txt_10177,187.6923077,0.076923077,0,0,0,0,0.153846154,0,0.230769231,0.076923077,0.230769231,0,0,0,0,0,0.153846154,0,0,0.076923077,0,0,0,0,0,0,0,0,0,0.076923077,2.538461538,0.759102613,0.000553823,2.253846154,0.538461538,4.453846154,8.75,13,61,112,14,16,0,0,1370.66,30,42,905.3
pote.txt_7509,0,0,0,0,0,0,0.266666667,0,0,0,0,0,0,0.066666667,0,0.333333333,0,0,0,0.266666667,0.066666667,0,0,0,0,0,0,0,0,0.333333333,3,4.759052614,0.002341742,2.866666667,0,104.56,12.17848969,15,76,134,30,17,0,0,2032.27,45,51,1342.5
pote.txt_153,64.0625,0.0625,0.1875,0,0.0625,0,0.09375,0,0.03125,0,0.09375,0,0,0,0,0.1875,0.09375,0.09375,0.03125,0,0.0625,0,0,0,0,0,0,0,0,0.0625,2.71875,3.704258596,0.001032349,2.946875,0.40625,13.7875,8.959724426,32,144,244,50,45,6,0,3588.185,92,120,2657.6
pote.txt_1189,185,0,0,0,0,0,0.25,0,0.2,0.1,0.2,0,0.05,0.05,0,0,0,0.05,0.1,0,0,0,0,0,0,0,0,0,0,0,2.45,1.758103612,0.000889965,2.41,0.5,32.61,10.00268555,20,93,167,23,23,0,0,1975.475,44,64,1367
pote.txt_5181,24.16666667,0,0.083333333,0,0,0.083333333,0,0,0,0.166666667,0,0.083333333,0.083333333,0,0.083333333,0.25,0,0,0.083333333,0.083333333,0,0,0,0,0,0,0,0,0,0.166666667,3.833333333,4.748172622,0.002874188,2.866666667,0.333333333,33.25833333,11.72416687,12,67,119,25,15,2,0,1652.005,36,45,1133.2
pote.txt_7491,0,0,0,0,0,0,0.25,0,0,0,0,0,0,0.0625,0,0.375,0,0,0,0.25,0.0625,0,0,0,0,0,0,0,0,0.3125,3.125,5.759042614,0.002631556,2.95,0,126.7375,12.30265808,16,82,146,34,18,0,0,2188.455,49,55,1470.5
pote.txt_4915,65,0,0.25,0,0,0,0.083333333,0.083333333,0.083333333,0.083333333,0.083333333,0,0,0.083333333,0,0.083333333,0.083333333,0,0,0,0.083333333,0,0,0,0,0,0,0,0,0.083333333,2.666666667,1.81556483,0.001315937,2.683333333,0.416666667,27.11666667,8.68057251,12,61,94,18,15,3,0,1379.675,33,44,908.6
pote.txt_10575,143.0769231,0.230769231,0,0,0,0.076923077,0,0,0,0.384615385,0.307692308,0,0,0,0,0,0,0,0,0,0,0,0,0,0,0,0,0,0,0.076923077,3.307692308,4.755106609,0.003230569,2.423076923,0.615384615,-10.36153846,10.60253906,13,72,130,18,14,0,0,1471.91,31,44,952.9
pote.txt_12125,92.72727273,0,0.090909091,0,0.045454545,0.045454545,0,0,0.045454545,0.272727273,0.090909091,0,0.045454545,0.045454545,0,0,0.045454545,0,0.136363636,0.090909091,0.045454545,0,0,0,0,0,0,0,0,0.181818182,3.227272727,4.736117089,0.001728261,2.422727273,0.409090909,-0.663636364,9.700462341,22,122,209,29,28,2,0,2740.395,58,79,1689.2
pote.txt_2145,44.58333333,0,0.083333333,0,0,0.083333333,0.083333333,0,0,0.125,0.083333333,0,0,0.041666667,0,0.125,0.125,0.041666667,0.041666667,0.083333333,0.083333333,0,0,0,0,0,0,0,0,0.25,2.958333333,5.735274629,0.001931397,2.616666667,0.291666667,36.1625,10.20263672,24,129,208,36,31,2,0,2969.495,67,86,1932.7
pote.txt_6485,183.125,0.125,0,0,0,0,0.125,0,0.0625,0.125,0.375,0,0.0625,0,0,0,0.0625,0.0625,0,0,0,0,0,0,0,0,0,0,0,0,2.625,1.758103612,0.001081913,2.40625,0.5625,5.49375,10.00268555,16,75,137,19,20,0,0,1624.995,37,53,1148.1
pote.txt_4351,0,0,0,0.1,0,0,0.5,0,0,0,0,0,0,0.3,0,0,0,0.1,0,0,0,0,0,0,0,0,0,0,0,0,1.3,-1.238777625,-0.001527799,2.92,0,-7.98,3.799819946,10,33,50,10,14,0,0,810.825,22,33,649
pote.txt_3911,0,0,0,0,0,0,0,0,0,0,0,0,0,0,0,0.142857143,0,0,0,0.857142857,0,0,0,0,0,0,0,0,0,0.857142857,3.285714286,0.760091614,0.000588566,1.542857143,0,8.571428571,9.748046875,7,42,80,10,8,0,0,1291.43,22,22,602.6
pote.txt_5147,130,0.083333333,0,0.083333333,0,0.083333333,0,0,0.166666667,0.166666667,0.083333333,0,0,0,0.083333333,0.166666667,0,0,0.083333333,0,0,0,0,0,0,0,0,0,0,0.083333333,3.5,2.759204373,0.001855807,2.666666667,0.5,4.783333333,11.00030518,12,68,119,21,16,0,0,1486.795,32,43,1021.4
pote.txt_10973,91.37931034,0.275862069,0,0,0.103448276,0,0.103448276,0,0.068965517,0.206896552,0.068965517,0,0.034482759,0,0,0,0.034482759,0.034482759,0.034482759,0.034482759,0,0,0,0,0,0,0,0,0,0.034482759,2.655172414,2.762538994,0.000935053,2.824137931,0.448275862,8.420689655,9.700996399,29,127,226,36,39,0,0,2954.42,71,102,2203.9
pote.txt_3347,0,0,0,0,0,0,0,0,0,0,0,0,0,0,0,0.4,0,0,0,0.6,0,0,0,0,0,0,0,0,0,0.6,3.8,1.760081614,0.001979844,2.34,0,237.12,12.00006104,5,30,59,11,6,0,0,889,17,17,493.3
pote.txt_4273,75.55555556,0,0,0,0,0,0,0,0,0.111111111,0.111111111,0,0,0,0,0.333333333,0,0,0.111111111,0.333333333,0,0,0,0,0,0,0,0,0,0.333333333,3.777777778,3.759072613,0.002712859,2.522222222,0.222222222,204.1,12.30426025,9,53,103,19,10,0,0,1385.65,28,31,837.2
pote.txt_5183,26.36363636,0,0.090909091,0,0,0.090909091,0,0,0,0.090909091,0,0.090909091,0,0,0.181818182,0.272727273,0,0,0.090909091,0.090909091,0,0,0,0,0,0,0,0,0,0.181818182,3.818181818,3.749171623,0.002437931,2.827272727,0.363636364,-5.481818182,11.71252441,11,62,109,23,14,2,0,1537.85,33,41,1043.9
pote.txt_8565,81.33333333,0.066666667,0,0,0.033333333,0.066666667,0.2,0.033333333,0.033333333,0.133333333,0.133333333,0.033333333,0,0.033333333,0.1,0,0.066666667,0.033333333,0.033333333,0,0,0,0,0,0,0,0,0,0,0.066666667,2.7,2.84609026,0.000909688,2.663333333,0.366666667,34.62333333,10.00140381,30,144,231,39,39,1,0,3128.645,72,104,2269.7
pote.txt_9261,0,0,0,0,0,0,0,0.5,0,0,0,0,0,0,0,0.5,0,0,0,0,0,0,0,0,0,0,0,0,0,0,4,5.195922556,0.003499845,3.7,0,105.3,12.60205078,10,75,97,35,11,0,0,1484.615,35,40,1100
pote.txt_9563,248.1818182,0,0,0,0,0,0,0,0,0.363636364,0.636363636,0,0,0,0,0,0,0,0,0,0,0,0,0,0,0,0,0,0,0,3.727272727,3.75610561,0.002839511,2.045454545,0.636363636,-37.21818182,10.4777832,11,66,127,15,12,0,0,1322.8,26,37,800.3
pote.txt_10771,72.25806452,0.032258065,0.193548387,0,0.064516129,0.064516129,0.064516129,0,0.096774194,0.064516129,0.032258065,0.032258065,0.064516129,0,0,0,0.161290323,0.032258065,0.064516129,0,0.032258065,0,0,0,0,0,0,0,0,0.096774194,2.580645161,-0.296680405,-8.88E-05,2.625806452,0.516129032,45.60322581,6.101928711,31,140,223,35,45,7,0,3340.95,81,115,2348.5
pote.txt_6869,16.11111111,0,0.222222222,0,0,0,0.055555556,0,0,0.055555556,0,0,0,0,0.055555556,0.333333333,0,0.055555556,0.055555556,0,0.166666667,0,0,0,0,0,0,0,0,0.166666667,3.388888889,6.71644165,0.002832955,3.144444444,0.277777778,24.76111111,10.0977478,18,97,160,38,24,4,0,2370.825,58,70,1681.5
pote.txt_1343,106.6666667,0,0.095238095,0,0.047619048,0.047619048,0.238095238,0,0.095238095,0.142857143,0.142857143,0.047619048,0,0,0,0,0.047619048,0.047619048,0.047619048,0,0,0,0,0,0,0,0,0,0,0.047619048,2.666666667,1.740113093,0.000807597,2.538095238,0.476190476,-1.519047619,8.859375,21,95,164,24,26,3,0,2154.68,50,73,1512.9
pote.txt_10147,0,0,0,0,0,0,0,0,0,0,0,0,0,0.076923077,0.076923077,0.615384615,0.230769231,0,0,0,0,0,0,0,0,0,0,0,0,0,3.923076923,7.760021615,0.004424287,3.730769231,0,417.8153846,12.8451004,13,67,128,38,18,0,0,1753.96,46,51,1430.1
pote.txt_651,127.3913043,0.130434783,0.086956522,0,0,0,0.260869565,0.043478261,0.086956522,0.086956522,0.173913043,0,0,0,0,0,0.043478261,0.043478261,0.043478261,0,0,0,0,0,0,0,0,0,0,0,2.173913043,1.82547582,0.00085319,2.613043478,0.52173913,18.58695652,8.904449463,23,96,163,27,26,2,0,2139.59,53,76,1579.2
pote.txt_9741,73.33333333,0.083333333,0,0,0,0.25,0.083333333,0.083333333,0,0.166666667,0.166666667,0,0.083333333,0,0,0,0,0,0,0.083333333,0,0,0,0,0,0,0,0,0,0.333333333,3,1.8452778,0.001223842,2.283333333,0.5,-43.43333333,10.00279236,12,75,107,17,14,0,0,1507.775,29,40,898.8
pote.txt_9485,76.42857143,0.023809524,0.142857143,0,0.023809524,0.047619048,0.095238095,0.023809524,0.023809524,0,0.095238095,0,0.071428571,0.071428571,0.047619048,0.119047619,0.047619048,0.023809524,0.095238095,0.023809524,0.023809524,0,0,0,0,0,0,0,0,0.095238095,2.619047619,3.789631323,0.000797051,2.738095238,0.428571429,44.37142857,8.98274231,42,203,324,64,54,6,0,4754.565,112,149,3323
pote.txt_4033,195,0,0,0,0,0,0,0,0.5,0.25,0,0,0,0,0,0.25,0,0,0,0,0,0,0,0,0,0,0,0,0,0,4,3.758083612,0.003615784,2.65,0.5,-23.0875,12.01651001,8,48,94,16,9,0,0,1039.355,22,28,687.8
pote.txt_9333,135.3846154,0.153846154,0,0,0,0,0,0,0,0.461538462,0.307692308,0,0,0,0,0,0,0,0,0,0.076923077,0,0,0,0,0,0,0,0,0.076923077,3.615384615,5.753108607,0.003723671,2.484615385,0.461538462,-10.36153846,10.39831543,13,75,137,19,15,0,0,1545.01,33,46,999.2
pote.txt_1965,119.5454545,0,0,0,0,0.136363636,0.227272727,0.136363636,0.136363636,0.045454545,0.136363636,0,0.045454545,0,0,0.045454545,0.045454545,0,0.045454545,0,0,0,0,0,0,0,0,0,0,0.136363636,2.636363636,2.020615178,0.000835025,2.531818182,0.454545455,14.97727273,11.00073242,22,124,175,33,25,0,0,2419.825,52,73,1632.4
pote.txt_6615,194.7058824,0,0,0.117647059,0,0,0.235294118,0,0.058823529,0,0.352941176,0,0,0.058823529,0,0,0,0.058823529,0.117647059,0,0,0,0,0,0,0,0,0,0,0,2.235294118,-2.237656864,-0.001343954,2.3,0.529411765,18.23529412,3.563659668,17,77,133,17,23,0,0,1664.98,37,56,1157.8
pote.txt_3853,0,0,0,0,0,0,0,0,0,0,0,0,0,0,0,0.571428571,0,0,0,0.428571429,0,0,0,0,0,0,0,0,0,0.428571429,4.142857143,3.760061615,0.003129811,2.871428571,0,335.8857143,12.4770813,7,42,83,19,8,0,0,1201.37,25,25,749.3
pote.txt_11063,46.8,0.04,0.16,0,0.04,0.04,0.1,0.04,0.04,0.04,0.04,0,0.12,0.04,0.02,0.06,0.08,0.02,0.04,0.02,0.06,0,0,0,0,0,0,0,0,0.12,2.6,2.855837989,0.000509483,2.804,0.36,35.376,8.505348206,50,238,358,72,70,8,0,5605.365,136,184,4001
pote.txt_1113,36.5625,0,0.1875,0,0.03125,0.09375,0.09375,0,0.0625,0,0.03125,0,0.0625,0,0,0.25,0.125,0.03125,0,0,0.03125,0,0,0,0,0,0,0,0,0.125,3,6.702427135,0.001759895,2.990625,0.375,52.828125,9.984100342,32,155,252,58,43,6,0,3808.425,95,120,2794.1
pote.txt_9749,112.3076923,0,0,0.076923077,0,0.153846154,0,0,0.153846154,0.153846154,0.076923077,0,0,0,0.076923077,0.230769231,0,0,0.076923077,0,0,0,0,0,0,0,0,0,0,0.153846154,3.769230769,3.759194373,0.002186748,2.669230769,0.461538462,18.7,11.72299194,13,80,135,25,17,0,0,1719.08,36,47,1149.4
pote.txt_1123,48.75,0,0.1875,0,0.03125,0,0.09375,0,0.0625,0,0.0625,0,0.0625,0,0,0.25,0.15625,0.03125,0,0,0.0625,0,0,0,0,0,0,0,0,0.0625,2.96875,6.701428134,0.001796483,3.065625,0.3125,58.846875,9.800704956,32,146,250,58,45,6,0,3730.305,97,122,2834.7
pote.txt_3045,92.10526316,0,0,0.052631579,0.052631579,0.105263158,0.052631579,0.052631579,0.105263158,0.157894737,0.052631579,0,0,0,0.105263158,0.052631579,0,0.052631579,0.105263158,0.052631579,0,0,0,0,0,0,0,0,0,0.157894737,3.315789474,1.848200022,0.000778924,2.568421053,0.368421053,-7.4,9.699981689,19,110,175,29,27,0,0,2372.76,50,69,1571
pote.txt_1313,101.5217391,0.043478261,0.043478261,0.043478261,0.043478261,0.043478261,0.173913043,0,0.130434783,0.173913043,0.02173913,0.02173913,0.043478261,0,0,0.02173913,0.043478261,0.02173913,0.130434783,0,0,0,0,0,0,0,0,0,0,0.043478261,2.782608696,4.740160072,0.000985729,2.697826087,0.434782609,-11.83478261,9.627990723,46,213,365,59,60,3,0,4808.785,113,163,3508.9
pote.txt_8321,101.5384615,0.115384615,0,0.038461538,0,0.038461538,0.192307692,0,0,0.076923077,0.230769231,0.038461538,0,0,0,0.192307692,0,0,0,0.038461538,0.038461538,0,0,0,0,0,0,0,0,0.115384615,2.961538462,5.758175373,0.00193516,2.715384615,0.423076923,43.72307692,11.8393631,26,130,225,43,30,1,0,2975.555,67,89,2120.4
pote.txt_931,126.25,0.166666667,0.083333333,0,0,0.083333333,0.041666667,0,0.125,0.166666667,0.125,0,0.041666667,0.041666667,0,0,0,0.083333333,0.041666667,0,0,0,0,0,0,0,0,0,0,0.083333333,2.625,3.73630363,0.0014571,2.45,0.625,7.945833333,9.701263428,24,120,203,29,28,2,0,2564.205,57,81,1694.5
pote.txt_2579,162.5,0.166666667,0,0,0,0,0,0,0.166666667,0.083333333,0.083333333,0,0,0,0,0.333333333,0,0,0.166666667,0,0,0,0,0,0,0,0,0,0,0,3.333333333,4.759062614,0.003280268,2.941666667,0.583333333,-7.383333333,12.47900391,12,64,123,25,13,0,0,1450.815,33,41,1044.4
pote.txt_8701,86.06060606,0.151515152,0.060606061,0.03030303,0.03030303,0.03030303,0.060606061,0,0.03030303,0.151515152,0.151515152,0.03030303,0,0,0.03030303,0,0.121212121,0.121212121,0,0,0,0,0,0,0,0,0,0,0,0.03030303,2.666666667,2.739235852,0.000801647,2.654545455,0.454545455,42.03939394,9.243148804,33,147,255,39,47,3,0,3417.01,84,120,2526.7
pote.txt_8239,90.38461538,0.153846154,0,0.038461538,0.038461538,0,0,0.038461538,0.076923077,0.038461538,0.115384615,0,0.038461538,0.038461538,0.038461538,0.153846154,0.038461538,0.038461538,0,0,0.153846154,0,0,0,0,0,0,0,0,0.153846154,3,2.846172021,0.000894301,2.830769231,0.346153846,69.90769231,9.816299438,26,147,225,43,39,0,0,3182.565,72,96,2227.9
pote.txt_7811,139.5652174,0,0,0,0.086956522,0,0.086956522,0.086956522,0.130434783,0.130434783,0.130434783,0,0.086956522,0,0.043478261,0,0.043478261,0.043478261,0.130434783,0,0,0,0,0,0,0,0,0,0,0,3,0.937073912,0.00036462,2.67826087,0.391304348,-12.5826087,8.512451172,23,121,197,33,33,0,0,2570,58,83,1835.4
pote.txt_9571,173.3333333,0,0,0,0,0,0.111111111,0,0.111111111,0,0.333333333,0,0,0,0,0.444444444,0,0,0,0,0,0,0,0,0,0,0,0,0,0,3.666666667,3.760061615,0.003262725,2.911111111,0.444444444,93.93333333,12.4770813,9,50,97,21,10,0,0,1152.43,26,31,828.5
pote.txt_821,24.375,0.0625,0,0,0,0.0625,0.0625,0.0625,0,0.125,0,0.0625,0,0.25,0.125,0.0625,0,0,0.0625,0.0625,0,0,0,0,0,0,0,0,0,0.125,2.75,2.845267801,0.001494179,2.6625,0.25,26.91875,11.16629028,16,87,135,25,19,1,0,1904.235,40,55,1228.7
pote.txt_937,66,0.15,0.15,0.025,0,0.025,0.125,0.025,0.025,0.025,0.05,0,0.05,0,0,0.1,0.1,0.025,0.075,0,0.05,0,0,0,0,0,0,0,0,0.075,2.35,3.78595362,0.000914094,2.865,0.475,23.3825,8.939804077,40,173,275,57,52,6,0,4141.755,106,143,3116.7
pote.txt_5139,97.5,0.083333333,0,0.083333333,0,0.083333333,0,0,0.083333333,0.166666667,0.083333333,0,0,0,0.083333333,0.25,0,0,0.083333333,0,0,0,0,0,0,0,0,0,0,0.083333333,3.666666667,3.759194373,0.002457271,2.875,0.416666667,39.025,11.72299194,12,68,120,24,16,0,0,1529.825,34,44,1086.1
pote.txt_999,0,0,0,0,0,0.222222222,0.111111111,0,0,0,0,0,0,0.333333333,0,0.222222222,0.111111111,0,0,0,0,0,0,0,0,0,0,0,0,0.222222222,2.444444444,1.760081614,0.001660125,2.8,0.222222222,121.9111111,12.00006104,9,50,73,15,11,0,0,1060.21,23,30,677.4
pote.txt_8883,133.6842105,0.157894737,0.052631579,0,0,0,0.105263158,0.105263158,0,0.105263158,0.263157895,0,0.105263158,0,0,0,0,0,0.052631579,0.052631579,0,0,0,0,0,0,0,0,0,0.052631579,2.578947368,4.085000383,0.000996617,2.526315789,0.526315789,4.789473684,9.701583862,38,190,304,54,43,2,0,4098.865,92,128,2828.6
pote.txt_9489,186.3636364,0.090909091,0,0,0,0,0.090909091,0,0.272727273,0.272727273,0.181818182,0,0,0,0,0,0.090909091,0,0,0,0,0,0,0,0,0,0,0,0,0,3.090909091,2.757104611,0.00232958,2.4,0.545454545,-29.5,10.30207825,11,56,106,14,13,0,0,1183.52,26,37,794.6
pote.txt_959,114.1666667,0.208333333,0.083333333,0,0,0.125,0.041666667,0,0.125,0.166666667,0.083333333,0,0,0.083333333,0,0,0.041666667,0,0.041666667,0,0,0,0,0,0,0,0,0,0,0.125,2.5,3.73630363,0.001472624,2.425,0.666666667,19.50833333,9.701263428,24,122,198,28,26,2,0,2537.175,55,79,1617.5
pote.txt_3567,130,0,0.333333333,0,0,0,0,0.333333333,0.333333333,0,0,0,0,0,0,0,0,0,0,0,0,0,0,0,0,0,0,0,0,0,2.666666667,-0.085351989,-0.000117746,2.466666667,0.666666667,62.66666667,6.89831543,6,36,48,10,7,2,0,724.885,16,22,439.2
pote.txt_4861,141.8181818,0,0,0,0,0.090909091,0,0,0,0.090909091,0.363636364,0,0,0,0,0.454545455,0,0,0,0,0,0,0,0,0,0,0,0,0,0.090909091,4.090909091,5.759052614,0.003771704,2.863636364,0.454545455,148.2545455,12.60343933,11,69,127,27,12,0,0,1526.91,33,39,1045.8
pote.txt_3111,0,0,0,0,0,0,0,0,0,0.333333333,0,0,0,0,0,0.333333333,0,0,0,0,0.333333333,0,0,0,0,0,0,0,0,0.333333333,4.333333333,1.758093612,0.00377638,3.166666667,0,-49.7,9.994354248,3,21,35,7,5,0,0,465.55,10,12,300.9
pote.txt_2537,123.1578947,0,0,0.052631579,0,0.157894737,0,0,0.315789474,0.210526316,0,0,0,0,0,0.157894737,0,0,0,0.052631579,0.052631579,0,0,0,0,0,0,0,0,0.263157895,3.736842105,5.75619737,0.002227467,2.394736842,0.473684211,35.15263158,11.12228394,19,124,204,32,23,0,0,2584.19,51,67,1574.6
pote.txt_7973,20.41666667,0.041666667,0,0.041666667,0,0.041666667,0.083333333,0.291666667,0,0.166666667,0.041666667,0,0,0,0,0.125,0.083333333,0,0,0,0.083333333,0,0,0,0,0,0,0,0,0.125,3.25,6.365417687,0.002107534,3.041666667,0.125,34.32916667,10.63735962,24,155,199,51,31,0,0,3020.315,70,92,2137.1
pote.txt_10845,108.1081081,0.081081081,0.054054054,0.027027027,0.027027027,0.054054054,0.162162162,0,0.081081081,0.189189189,0.135135135,0.027027027,0.027027027,0,0,0,0.054054054,0.027027027,0.054054054,0,0,0,0,0,0,0,0,0,0,0.054054054,2.756756757,4.73723785,0.001233752,2.575675676,0.486486486,14.35405405,9.700462341,37,173,297,45,46,3,0,3839.7,89,129,2730.4
pote.txt_9105,84.44444444,0.088888889,0,0.022222222,0.022222222,0.022222222,0.155555556,0,0.044444444,0.044444444,0.066666667,0,0.022222222,0.066666667,0.155555556,0.111111111,0,0.022222222,0.111111111,0.044444444,0,0,0,0,0,0,0,0,0,0.066666667,2.733333333,4.761984836,0.000958601,2.811111111,0.333333333,40.47555556,11.83434296,45,211,360,70,59,0,0,4967.64,115,155,3650.9
pote.txt_11413,103.2,0,0.08,0.04,0.08,0.1,0.02,0.02,0.04,0.02,0.18,0,0,0.04,0.04,0,0.14,0.04,0.06,0.02,0.08,0,0,0,0,0,0,0,0,0.2,2.72,-5.183839793,-0.000881801,2.402,0.46,104.1562,4.075553894,50,274,401,55,78,4,0,5878.695,128,183,3787
pote.txt_6931,40,0,0.117647059,0,0,0,0.058823529,0,0,0.058823529,0.058823529,0,0,0,0.058823529,0.294117647,0.117647059,0.058823529,0.058823529,0,0.117647059,0,0,0,0,0,0,0,0,0.117647059,3.294117647,5.737252631,0.002690413,3.105882353,0.235294118,65.24705882,10.89530945,17,88,150,34,24,2,0,2132.48,53,65,1571.8
pote.txt_4673,35.45454545,0,0.090909091,0,0,0.090909091,0,0.090909091,0,0.272727273,0.090909091,0,0,0.090909091,0,0.090909091,0,0,0,0,0.181818182,0,0,0,0,0,0,0,0,0.272727273,3.454545455,3.832369807,0.002584549,2.636363636,0.272727273,1.018181818,9.865859985,11,74,107,19,14,1,0,1482.8,31,41,895.3
pote.txt_7455,132,0.15,0,0,0,0,0.05,0,0,0,0.3,0,0,0,0.1,0.25,0,0.15,0,0,0,0,0,0,0,0,0,0,0,0,3.05,4.760051615,0.002062669,2.855,0.45,38.39,12.60205078,20,99,183,37,26,0,0,2307.715,55,70,1735.8
pote.txt_4345,0,0,0,0,0.1,0.2,0.1,0,0,0,0,0,0,0.3,0,0.2,0.1,0,0,0,0,0,0,0,0,0,0,0,0,0.2,2.6,0.762892076,0.00064145,2.89,0.2,110.72,9.59765625,10,55,80,16,14,0,0,1189.325,26,35,778.4
pote.txt_6397,75,0.75,0,0,0,0,0,0,0,0.125,0,0,0,0.125,0,0,0,0,0,0,0,0,0,0,0,0,0,0,0,0,1.5,1.758103612,0.00133039,2.9375,0.75,28.7375,10.00268555,16,58,100,18,17,0,0,1321.495,34,50,1036.8
pote.txt_35,55.47619048,0,0.142857143,0,0,0.047619048,0.142857143,0.023809524,0.071428571,0.023809524,0,0,0.023809524,0.071428571,0.047619048,0.19047619,0,0.071428571,0.095238095,0.023809524,0.023809524,0,0,0,0,0,0,0,0,0.095238095,2.738095238,8.785791861,0.001815713,2.869047619,0.357142857,57.29761905,10.73947144,42,205,336,72,50,6,0,4838.755,116,149,3420
pote.txt_6209,38.66666667,0,0,0,0,0,0,0,0,0.466666667,0,0,0,0,0,0.133333333,0,0,0.133333333,0.266666667,0,0,0,0,0,0,0,0,0,0.266666667,4.066666667,8.753088607,0.004032381,2.56,0.133333333,83.40666667,12.05335999,15,88,172,28,16,0,0,2170.7,45,54,1324.1
pote.txt_2697,167.1428571,0.142857143,0,0.071428571,0,0.071428571,0.071428571,0,0,0.142857143,0.285714286,0,0,0,0,0,0.071428571,0,0.142857143,0,0,0,0,0,0,0,0,0,0,0.071428571,2.642857143,0.759224373,0.000515149,2.371428571,0.642857143,9.978571429,8.591064453,14,70,120,16,18,0,0,1473.795,32,47,996.2
pote.txt_961,138.3333333,0.166666667,0.083333333,0,0,0.083333333,0.041666667,0,0.166666667,0.166666667,0.083333333,0,0,0.083333333,0,0,0.041666667,0,0.083333333,0,0,0,0,0,0,0,0,0,0,0.083333333,2.541666667,3.73630363,0.001476091,2.404166667,0.666666667,18.55833333,9.701263428,24,121,204,28,26,2,0,2531.215,55,79,1617.5
pote.txt_6571,34.70588235,0.176470588,0,0.058823529,0,0,0,0,0,0.352941176,0,0,0,0.176470588,0,0,0.058823529,0.117647059,0.058823529,0,0,0,0,0,0,0,0,0,0,0,2.764705882,4.755228369,0.002648946,2.852941176,0.235294118,22.64117647,10.30154419,17,80,143,23,23,0,0,1795.14,44,62,1288.7
pote.txt_3503,0,0,0,0,0,0,0,0,0,0,0,0,0,0,0,0.5,0,0,0,0.5,0,0,0,0,0,0,0,0,0,0.5,4,2.760071614,0.002640749,2.65,0,199.2666667,12.30105591,6,36,71,15,7,0,0,1045.185,21,21,621.3
pote.txt_7887,119.1304348,0.217391304,0,0,0.043478261,0.130434783,0.086956522,0.043478261,0.086956522,0.086956522,0.130434783,0.043478261,0.043478261,0,0,0,0.043478261,0,0.043478261,0,0,0,0,0,0,0,0,0,0,0.130434783,2.565217391,0.848088262,0.000346313,2.495652174,0.652173913,10.55652174,8.598754883,23,119,182,28,28,1,0,2448.91,52,77,1662.6
pote.txt_7957,93.75,0.125,0,0.083333333,0.041666667,0,0,0.041666667,0.083333333,0,0.125,0,0.041666667,0,0.041666667,0.166666667,0.041666667,0.041666667,0,0,0.166666667,0,0,0,0,0,0,0,0,0.166666667,3.083333333,0.848291783,0.000282643,2.829166667,0.333333333,58.85,8.436401367,24,137,206,40,39,0,0,3001.285,68,91,2127
pote.txt_6659,166.4705882,0.235294118,0,0,0,0.058823529,0.117647059,0,0.058823529,0.117647059,0.176470588,0,0,0.058823529,0,0,0,0,0.176470588,0,0,0,0,0,0,0,0,0,0,0.058823529,2.235294118,1.758103612,0.001054594,2.441176471,0.705882353,7.1,10.00268555,17,81,139,19,18,0,0,1667.09,36,53,1114.1
pote.txt_2725,159.4736842,0.210526316,0,0,0,0.052631579,0,0,0.105263158,0.157894737,0.210526316,0,0,0.052631579,0,0,0.157894737,0,0.052631579,0,0,0,0,0,0,0,0,0,0,0.052631579,2.578947368,2.757104611,0.001399247,2.421052632,0.631578947,3.489473684,10.30207825,19,94,164,22,23,0,0,1970.42,44,63,1327.6
pote.txt_3873,0,0,0,0,0,0,0,0,0,0,0,0,0,0,0,0.285714286,0,0,0,0.714285714,0,0,0,0,0,0,0,0,0,0.714285714,3.571428571,1.760081614,0.001395329,1.985714286,0,172.2285714,12.00006104,7,42,81,13,8,0,0,1261.41,23,23,651.5
pote.txt_1529,138.3333333,0.166666667,0.083333333,0,0,0.083333333,0.041666667,0,0.125,0.166666667,0.125,0,0,0.083333333,0,0,0,0.041666667,0.083333333,0,0,0,0,0,0,0,0,0,0,0.083333333,2.541666667,3.73630363,0.001467954,2.3875,0.666666667,18.55833333,9.701263428,24,122,206,28,26,2,0,2545.245,55,79,1617.5
pote.txt_241,110,0.043478261,0,0,0,0.173913043,0.130434783,0.130434783,0.086956522,0.043478261,0.086956522,0,0.043478261,0,0,0.043478261,0.043478261,0,0.130434783,0,0.043478261,0,0,0,0,0,0,0,0,0.217391304,2.652173913,2.019616177,0.000759511,2.5,0.52173913,-16.1826087,9.994567871,23,139,188,34,27,0,0,2659.1,55,77,1716
pote.txt_8857,84.32432432,0,0,0.135135135,0.054054054,0.108108108,0.027027027,0,0.108108108,0.081081081,0.108108108,0,0.027027027,0,0.054054054,0.216216216,0.027027027,0,0,0,0.054054054,0,0,0,0,0,0,0,0,0.162162162,3.621621622,3.766251339,0.000781307,2.791891892,0.324324324,43.17567568,10.13801575,37,217,345,67,58,0,0,4820.45,106,142,3390.6
pote.txt_10685,148.8235294,0,0,0,0,0.117647059,0.058823529,0,0.117647059,0.117647059,0.176470588,0.058823529,0.117647059,0,0,0.117647059,0,0,0.117647059,0,0,0,0,0,0,0,0,0,0,0.117647059,3.294117647,3.758083612,0.001822905,2.458823529,0.588235294,-2.270588235,12.01651001,17,97,165,27,20,1,0,2061.59,42,58,1368.2
pote.txt_829,28.86363636,0.045454545,0.181818182,0.045454545,0,0.022727273,0.159090909,0.022727273,0.022727273,0.113636364,0.022727273,0,0,0.136363636,0.022727273,0,0.068181818,0.022727273,0.022727273,0,0.090909091,0,0,0,0,0,0,0,0,0.113636364,2.272727273,2.761318395,0.000601417,2.697727273,0.318181818,9.247727273,8.474746704,44,201,298,52,58,8,0,4591.355,113,159,3148.4
pote.txt_1605,116.1904762,0.095238095,0,0,0.047619048,0,0,0,0.095238095,0.238095238,0.142857143,0.047619048,0.047619048,0.047619048,0.047619048,0.047619048,0.047619048,0,0.047619048,0,0.047619048,0,0,0,0,0,0,0,0,0.047619048,3.333333333,4.75690807,0.001924284,2.638095238,0.428571429,24.72380952,10.29524231,21,113,199,31,28,1,0,2472.04,54,76,1699
pote.txt_9017,33.95348837,0.023255814,0.186046512,0.023255814,0.093023256,0,0.11627907,0.023255814,0,0.069767442,0.046511628,0,0.023255814,0.046511628,0,0.093023256,0.11627907,0.023255814,0.046511628,0.046511628,0.023255814,0,0,0,0,0,0,0,0,0.069767442,2.674418605,1.776394487,0.00037144,2.895348837,0.302325581,62.59534884,8.2059021,43,188,309,61,62,8,0,4782.45,121,163,3472.3
pote.txt_7261,138.4210526,0.052631579,0,0,0,0.157894737,0.157894737,0,0.052631579,0.105263158,0.210526316,0,0,0.105263158,0,0,0.052631579,0,0.105263158,0,0,0,0,0,0,0,0,0,0,0.157894737,2.421052632,1.758103612,0.000877525,2.289473684,0.578947368,26.47894737,10.00268555,19,101,159,21,21,0,0,2003.48,41,60,1247
pote.txt_1235,122.0833333,0.208333333,0.083333333,0,0,0.083333333,0,0,0.083333333,0.083333333,0.083333333,0,0.041666667,0.083333333,0,0.041666667,0.041666667,0.041666667,0.125,0,0,0,0,0,0,0,0,0,0,0.083333333,2.375,2.738291632,0.001081002,2.5375,0.666666667,33.65833333,9.503982544,24,117,194,30,28,2,0,2533.105,57,80,1693.2
pote.txt_4093,97.77777778,0.222222222,0.111111111,0.222222222,0,0,0.111111111,0,0,0,0.111111111,0.111111111,0,0,0,0,0,0,0.111111111,0,0,0,0,0,0,0,0,0,0,0,2.222222222,-2.247557854,-0.002513991,2.555555556,0.666666667,34.56666667,3.563659668,9,35,59,9,14,2,0,894.02,21,33,671.4
pote.txt_7579,83.80952381,0.095238095,0,0.047619048,0.047619048,0.047619048,0.142857143,0,0.142857143,0.047619048,0.047619048,0.047619048,0.095238095,0,0,0.047619048,0.142857143,0.047619048,0,0,0,0,0,0,0,0,0,0,0,0.047619048,2.619047619,-0.236976164,-0.000108634,2.776190476,0.380952381,56.5,6.0703125,21,92,153,27,32,1,0,2181.42,53,76,1687.3
pote.txt_11673,48.88888889,0.083333333,0.055555556,0.027777778,0,0.083333333,0.166666667,0,0.027777778,0.138888889,0.055555556,0,0.166666667,0,0.111111111,0.027777778,0.027777778,0,0.027777778,0,0,0,0,0,0,0,0,0,0,0.083333333,2.833333333,4.73641539,0.001228217,2.85,0.333333333,7.833333333,9.901908875,36,164,264,54,50,2,0,3856.335,93,129,2960.5
pote.txt_3007,51.19047619,0.095238095,0.142857143,0.023809524,0,0.023809524,0.119047619,0.023809524,0.023809524,0.071428571,0.047619048,0,0,0.047619048,0.023809524,0.071428571,0.166666667,0.047619048,0.047619048,0.023809524,0,0,0,0,0,0,0,0,0,0.047619048,2.380952381,4.78596362,0.001108641,2.811904762,0.380952381,59.62857143,9.18221283,42,176,293,57,55,6,0,4316.965,112,151,3216.3
pote.txt_12147,157.6923077,0.076923077,0,0,0,0.153846154,0.153846154,0,0.153846154,0,0.230769231,0,0,0,0.076923077,0.153846154,0,0,0,0,0,0,0,0,0,0,0,0,0,0.153846154,2.923076923,1.760081614,0.001170407,2.446153846,0.615384615,27.77692308,12.00006104,13,72,118,20,15,0,0,1503.82,31,42,995
pote.txt_2297,114.2857143,0.028571429,0,0,0.028571429,0.085714286,0.142857143,0.028571429,0.2,0.142857143,0.085714286,0,0.028571429,0.057142857,0,0.114285714,0.028571429,0.028571429,0,0,0,0,0,0,0,0,0,0,0,0.085714286,3.028571429,7.84505126,0.001973191,2.657142857,0.4,32.48857143,12.02056885,35,189,313,55,41,0,0,3975.82,88,120,2726
pote.txt_7351,190,0.05,0,0,0,0,0.25,0,0.05,0.05,0.35,0,0.1,0.05,0,0,0,0,0.1,0,0,0,0,0,0,0,0,0,0,0,2.3,0.759102613,0.000393037,2.405,0.55,22.195,8.75,20,90,159,23,23,0,0,1931.375,43,63,1363.4
pote.txt_8787,75.55555556,0.027777778,0.166666667,0,0,0,0.111111111,0,0.083333333,0.083333333,0,0.027777778,0.055555556,0.083333333,0.027777778,0.111111111,0.055555556,0.027777778,0.138888889,0,0,0,0,0,0,0,0,0,0,0,2.611111111,6.697658671,0.001746586,2.822222222,0.444444444,34.08333333,9.695121765,36,157,278,54,43,7,0,3834.715,95,128,2793.9
pote.txt_3117,0,0,0,0,0,0,0,0,0,0,0,0,0,0,0,0.666666667,0,0,0,0.333333333,0,0,0,0,0,0,0,0,0,0.333333333,4.333333333,1.760081614,0.003407115,3.166666667,0,197.6,12.00006104,3,18,37,9,4,0,0,516.59,11,11,335.1
pote.txt_3139,0,0,0,0,0.333333333,0,0,0,0,0,0,0,0,0,0,0.666666667,0,0,0,0,0,0,0,0,0,0,0,0,0,0,4.666666667,0.762892076,0.001660266,4.033333333,0,197.6,9.59765625,3,17,33,9,6,0,0,459.5,11,13,357
pote.txt_4073,41.42857143,0,0,0,0,0.285714286,0,0.142857143,0,0.142857143,0,0,0,0,0,0.142857143,0,0,0.142857143,0.142857143,0,0,0,0,0,0,0,0,0,0.428571429,3.428571429,1.846266802,0.001811486,2.4,0.428571429,68.92857143,11.00073242,7,50,71,13,8,0,0,1019.2,19,24,578.3
pote.txt_1791,97.83783784,0.162162162,0.054054054,0,0.027027027,0.054054054,0.108108108,0.027027027,0.054054054,0.162162162,0.135135135,0,0.081081081,0,0.054054054,0,0.027027027,0.027027027,0.027027027,0,0,0,0,0,0,0,0,0,0,0.054054054,2.72972973,4.824290278,0.001241266,2.683783784,0.486486486,8.113513514,9.788902283,37,176,290,50,47,2,0,3886.59,91,129,2820.6
pote.txt_5559,180,0.076923077,0,0,0,0.076923077,0.153846154,0,0.076923077,0,0.307692308,0,0,0.076923077,0,0.076923077,0.076923077,0,0.076923077,0,0,0,0,0,0,0,0,0,0,0.076923077,2.384615385,0.760091614,0.00056068,2.361538462,0.615384615,17.51538462,9.748046875,13,65,110,16,15,0,0,1355.66,29,41,893.9
pote.txt_6597,40,0,0,0.058823529,0.117647059,0.117647059,0.058823529,0,0.058823529,0.058823529,0,0.058823529,0.117647059,0,0,0,0.235294118,0,0.058823529,0.058823529,0,0,0,0,0,0,0,0,0,0.176470588,2.882352941,-2.234155702,-0.001130011,2.682352941,0.294117647,58.15294118,4.137397766,17,82,126,20,30,1,0,1977.11,45,65,1422.9
pote.txt_993,19.77777778,0.111111111,0.222222222,0.044444444,0,0.022222222,0.2,0,0,0.044444444,0.022222222,0,0.022222222,0.022222222,0.088888889,0.088888889,0.066666667,0,0,0,0.044444444,0,0,0,0,0,0,0,0,0.066666667,2.4,3.659297231,0.000795288,2.942222222,0.377777778,24.31555556,8.61365509,45,178,284,64,60,10,0,4601.22,122,165,3545.7
pote.txt_1613,97.30769231,0,0.076923077,0,0,0.038461538,0,0,0.076923077,0.153846154,0.115384615,0.076923077,0,0.038461538,0.076923077,0.115384615,0,0.115384615,0.076923077,0,0.038461538,0,0,0,0,0,0,0,0,0.076923077,3.346153846,6.735274629,0.002105415,2.580769231,0.461538462,64.23846154,10.57273865,26,143,249,41,33,4,0,3199.025,70,95,2149.1
pote.txt_10587,128.4615385,0.384615385,0,0,0,0.076923077,0,0,0,0.307692308,0.230769231,0,0,0,0,0,0,0,0,0,0,0,0,0,0,0,0,0,0,0.076923077,2.846153846,3.75610561,0.00273623,2.538461538,0.692307692,-3.830769231,10.4777832,13,66,117,17,14,0,0,1372.73,30,43,926.9
pote.txt_10707,112.3076923,0,0,0.076923077,0,0.153846154,0,0,0.153846154,0.230769231,0.076923077,0,0,0,0.076923077,0.153846154,0,0,0.076923077,0,0,0,0,0,0,0,0,0,0,0.153846154,3.769230769,3.758205372,0.002222383,2.576923077,0.461538462,12.16923077,11.09707642,13,80,135,23,17,0,0,1691.07,35,47,1110.7
pote.txt_11033,150,0,0,0,0,0.076923077,0.153846154,0,0.230769231,0.230769231,0.153846154,0,0,0,0,0,0.076923077,0,0,0.076923077,0,0,0,0,0,0,0,0,0,0.153846154,3.076923077,2.757104611,0.001834547,2.246153846,0.461538462,-8.607692308,10.30207825,13,70,124,16,15,0,0,1502.88,31,43,937
pote.txt_887,101.0714286,0.071428571,0.035714286,0.071428571,0,0.035714286,0.107142857,0.035714286,0.107142857,0.071428571,0.107142857,0,0,0.142857143,0,0.107142857,0.035714286,0.035714286,0.035714286,0,0,0,0,0,0,0,0,0,0,0.035714286,2.571428571,2.837588333,0.000936942,2.675,0.392857143,12.45,10.04562378,28,139,227,41,35,1,0,3028.565,70,97,2108.2
pote.txt_7651,111.4285714,0.047619048,0,0,0,0.047619048,0.142857143,0,0.142857143,0.19047619,0.095238095,0.047619048,0.047619048,0,0.047619048,0,0.047619048,0.047619048,0.047619048,0.047619048,0,0,0,0,0,0,0,0,0,0.095238095,2.952380952,3.75610561,0.001610093,2.476190476,0.428571429,9.961904762,10.4777832,21,104,183,27,26,1,0,2332.85,51,72,1600.4
pote.txt_6735,155.2941176,0.176470588,0,0,0,0.117647059,0.235294118,0,0.117647059,0.058823529,0.235294118,0,0,0.058823529,0,0,0,0,0,0,0,0,0,0,0,0,0,0,0,0.117647059,2.176470588,0.759102613,0.000457834,2.335294118,0.647058824,30.68235294,8.75,17,82,132,18,18,0,0,1658.03,35,52,1088.1
pote.txt_6939,40,0,0.117647059,0,0.058823529,0,0.058823529,0,0,0.117647059,0.058823529,0,0,0,0.058823529,0.294117647,0,0.058823529,0.058823529,0,0.117647059,0,0,0,0,0,0,0,0,0.117647059,3.588235294,5.739064092,0.002590275,3.135294118,0.235294118,42.02941176,10.44114685,17,93,159,35,24,2,0,2215.62,53,66,1594.9
pote.txt_5805,83.57142857,0,0,0,0,0,0.142857143,0,0.142857143,0.214285714,0.071428571,0,0,0,0,0.214285714,0.071428571,0,0,0.071428571,0.071428571,0,0,0,0,0,0,0,0,0.142857143,3.5,5.75607561,0.003268408,2.814285714,0.214285714,86.96428571,11.74435425,14,76,138,26,17,0,0,1761.125,40,50,1214.7
pote.txt_7063,16.11111111,0,0,0,0,0.055555556,0.111111111,0,0,0.055555556,0,0.055555556,0.055555556,0,0.111111111,0.388888889,0.055555556,0,0.055555556,0.055555556,0,0,0,0,0,0,0,0,0,0.111111111,3.722222222,7.759032614,0.003267326,3.238888889,0.166666667,104.1277778,12.77903748,18,94,169,43,23,1,0,2374.735,56,67,1807.8
pote.txt_10797,9.512195122,0,0.146341463,0.048780488,0.170731707,0,0.024390244,0,0.024390244,0.024390244,0,0,0.024390244,0.048780488,0.243902439,0.146341463,0.024390244,0.024390244,0,0,0.048780488,0,0,0,0,0,0,0,0,0.048780488,3.414634146,-2.280446573,-0.00044623,3.16097561,0.170731707,105.4439024,4.93309021,41,200,319,71,75,6,0,5110.47,125,169,3877.7
pote.txt_1589,132.1428571,0,0,0,0.071428571,0.071428571,0.214285714,0,0.142857143,0.142857143,0.142857143,0,0,0,0,0,0.071428571,0,0.071428571,0.071428571,0,0,0,0,0,0,0,0,0,0.142857143,2.785714286,0.760914074,0.00049191,2.407142857,0.428571429,4.964285714,8.591064453,14,70,120,16,18,0,0,1546.855,33,47,1012
pote.txt_1545,75.45454545,0.090909091,0,0,0,0.045454545,0.136363636,0,0.045454545,0.272727273,0.090909091,0.045454545,0,0,0.090909091,0,0.045454545,0.045454545,0.045454545,0,0.045454545,0,0,0,0,0,0,0,0,0.090909091,3.090909091,5.753108607,0.00237246,2.659090909,0.363636364,13.71363636,10.39831543,22,111,190,30,28,1,0,2424.955,55,78,1720.2
pote.txt_3119,0,0,0,0,0,0,0,0,0,0,0,0,0,0,0,0.333333333,0,0,0,0.666666667,0,0,0,0,0,0,0,0,0,0.666666667,3.666666667,0.760091614,0.001390556,2.133333333,0,197.6,9.748046875,3,18,36,6,4,0,0,546.61,10,10,286.2
pote.txt_6669,131.7647059,0.058823529,0,0,0,0.058823529,0.117647059,0.058823529,0,0.058823529,0.235294118,0,0,0,0.058823529,0.235294118,0,0,0.117647059,0,0,0,0,0,0,0,0,0,0,0.058823529,3.176470588,4.846236802,0.002399792,2.8,0.470588235,30.48823529,12.47900391,17,94,159,33,19,0,0,2019.44,45,58,1432.3
pote.txt_7749,155,0.045454545,0,0,0,0,0.318181818,0,0,0,0.318181818,0,0.090909091,0,0,0,0.090909091,0.045454545,0.090909091,0,0,0,0,0,0,0,0,0,0,0,2.045454545,-0.239898386,-0.000121021,2.563636364,0.454545455,9.186363636,5.5234375,22,87,152,24,28,0,0,1982.295,49,71,1538.9
pote.txt_3981,55.71428571,0.142857143,0,0,0,0.142857143,0.142857143,0,0,0.142857143,0,0,0,0.142857143,0,0,0,0.142857143,0.142857143,0,0,0,0,0,0,0,0,0,0,0.142857143,2.142857143,0.759102613,0.001055996,2.628571429,0.428571429,-25.02857143,8.75,7,34,54,8,9,0,0,718.85,16,23,475.4
pote.txt_7745,4.545454545,0.045454545,0.181818182,0.045454545,0.181818182,0,0.090909091,0.045454545,0,0.045454545,0,0,0.090909091,0,0,0.136363636,0,0.045454545,0,0.045454545,0.045454545,0,0,0,0,0,0,0,0,0.090909091,3.045454545,-1.181993551,-0.000444378,3.131818182,0.227272727,47.85454545,5.593505859,22,103,160,36,37,4,0,2659.885,66,89,1975.7
pote.txt_9441,90.71428571,0.071428571,0.035714286,0.035714286,0,0,0.107142857,0.035714286,0.107142857,0.071428571,0.107142857,0,0.035714286,0.142857143,0,0.142857143,0.035714286,0.035714286,0,0.035714286,0,0,0,0,0,0,0,0,0,0.035714286,2.678571429,4.836457572,0.001548328,2.75,0.321428571,31.79642857,11.55529785,28,137,233,45,34,1,0,3123.665,73,97,2193.7
pote.txt_9355,60.47619048,0.047619048,0.047619048,0.047619048,0.047619048,0.047619048,0.095238095,0,0,0.142857143,0.142857143,0.047619048,0,0.19047619,0,0.047619048,0.047619048,0,0,0,0.047619048,0,0,0,0,0,0,0,0,0.095238095,2.714285714,1.750125843,0.000745432,2.614285714,0.333333333,43.78095238,9.112091064,21,107,171,27,28,2,0,2347.8,52,75,1558.3
pote.txt_2167,102.7777778,0,0.333333333,0,0,0.055555556,0.111111111,0,0.111111111,0,0.111111111,0,0,0,0,0.222222222,0,0,0.055555556,0,0,0,0,0,0,0,0,0,0,0.055555556,2.833333333,3.700655674,0.001783736,2.688888889,0.666666667,42.53333333,9.007522583,18,84,148,30,19,6,0,2074.665,50,64,1404.2
pote.txt_11743,0,0,0,0,0,0.5,0,0,0,0,0,0,0,0,0,0.5,0,0,0,0,0,0,0,0,0,0,0,0,0,0.5,4,5.760041615,0.003133565,2.85,0.5,152.3666667,12.69892883,12,90,128,30,13,0,0,1838.175,36,42,1147.8
pote.txt_3511,0,0,0,0,0,0,0,0,0,0,0,0,0,0,0,0.333333333,0,0,0,0.666666667,0,0,0,0,0,0,0,0,0,0.666666667,3.666666667,1.760081614,0.001636973,2.133333333,0,199.2666667,12.00006104,6,36,70,12,7,0,0,1075.205,20,20,572.4
pote.txt_7953,121.6666667,0.083333333,0,0,0,0.041666667,0.041666667,0,0.125,0.083333333,0.041666667,0,0.041666667,0.041666667,0,0.166666667,0,0.041666667,0.166666667,0.041666667,0.083333333,0,0,0,0,0,0,0,0,0.166666667,2.958333333,5.756065611,0.001971576,2.658333333,0.458333333,13.53333333,11.58039856,24,134,225,39,29,0,0,2919.525,63,82,1935.4
pote.txt_10961,148,0,0,0.04,0,0,0.28,0,0.04,0.08,0.28,0,0.04,0,0,0,0.08,0.08,0.08,0,0,0,0,0,0,0,0,0,0,0,2.36,0.759224373,0.000318626,2.536,0.4,7.428,8.591064453,25,106,188,28,33,0,0,2382.81,58,84,1796.1
pote.txt_4563,39,0,0,0,0,0.2,0.1,0,0,0.2,0.1,0.2,0,0,0,0.1,0,0,0,0.1,0,0,0,0,0,0,0,0,0,0.3,3.6,2.758093612,0.002052604,2.28,0.5,15.7,11.16629028,10,60,99,15,11,2,0,1343.705,25,35,816.1
pote.txt_3899,0,0,0,0,0,0,0,0,0,0,0,0,0,0,0,0.428571429,0,0,0,0.571428571,0,0,0,0,0,0,0,0,0,0.571428571,3.857142857,2.760071614,0.002241428,2.428571429,0,172.2285714,12.30105591,7,42,82,16,8,0,0,1231.39,24,24,700.4
pote.txt_8423,21.30434783,0.043478261,0.086956522,0.043478261,0,0,0.217391304,0,0,0.173913043,0.043478261,0.043478261,0,0,0,0.086956522,0.173913043,0.043478261,0,0,0.043478261,0,0,0,0,0,0,0,0,0.043478261,2.739130435,4.73640539,0.001991978,2.965217391,0.217391304,58.03478261,9.899505615,23,95,165,33,32,3,0,2377.74,63,86,1876.1
pote.txt_1161,43,0.06,0.16,0.02,0.06,0.02,0.12,0.04,0.04,0.1,0.04,0,0.04,0.04,0.02,0.04,0.08,0.02,0.02,0.02,0.06,0,0,0,0,0,0,0,0,0.1,2.64,2.856782209,0.000519103,2.806,0.34,28.128,8.482650757,50,234,360,68,70,8,0,5503.305,135,186,3918.9
pote.txt_5413,135.3846154,0.153846154,0,0,0.076923077,0.153846154,0.076923077,0,0.230769231,0.153846154,0.076923077,0,0,0,0,0,0.076923077,0,0,0,0,0,0,0,0,0,0,0,0,0.153846154,2.846153846,0.760914074,0.000529615,2.430769231,0.615384615,10.98461538,8.591064453,13,70,113,15,17,0,0,1436.73,30,44,932.9
pote.txt_515,130.4166667,0.166666667,0.083333333,0,0,0.125,0.041666667,0,0.125,0.125,0.166666667,0,0.041666667,0.083333333,0,0,0,0.041666667,0,0,0,0,0,0,0,0,0,0,0,0.125,2.541666667,2.737302631,0.001055555,2.3375,0.666666667,15.83333333,9.390174866,24,125,202,28,27,2,0,2593.235,55,79,1634.2
pote.txt_1105,32.77777778,0.111111111,0.111111111,0.055555556,0,0.055555556,0.055555556,0,0,0.055555556,0.055555556,0,0.111111111,0.055555556,0,0.111111111,0.222222222,0,0,0,0,0,0,0,0,0,0,0,0,0.055555556,2.555555556,1.740401394,0.000909731,2.95,0.333333333,95.7,8.955825806,18,76,125,27,27,2,0,1913.095,50,67,1487.1
pote.txt_3751,0,0,0,0,0,0,0,0,0,0,0,0,0,0,0,0.428571429,0,0,0,0.571428571,0,0,0,0,0,0,0,0,0,0.571428571,3.857142857,2.760071614,0.002241428,2.428571429,0,172.2285714,12.30105591,7,42,82,16,8,0,0,1231.39,24,24,700.4
pote.txt_965,122.0833333,0.166666667,0.083333333,0,0,0.125,0.041666667,0,0.083333333,0.125,0.125,0,0.041666667,0.083333333,0,0,0.041666667,0,0.083333333,0,0,0,0,0,0,0,0,0,0,0.125,2.458333333,2.737302631,0.001072962,2.404166667,0.666666667,23.85833333,9.390174866,24,122,196,28,27,2,0,2551.165,55,79,1634.2
pote.txt_10339,152.2222222,0.277777778,0,0,0,0.055555556,0,0.055555556,0.111111111,0,0.166666667,0,0.055555556,0.055555556,0,0,0.166666667,0,0.055555556,0,0,0,0,0,0,0,0,0,0,0.055555556,2.111111111,-0.152724198,-8.51E-05,2.505555556,0.666666667,18.54444444,6.741088867,18,86,135,21,23,0,0,1795.055,41,59,1257.7
pote.txt_11597,97.5,0,0,0,0,0,0,0,0.25,0,0,0,0,0,0,0.5,0,0,0,0.25,0,0,0,0,0,0,0,0,0,0.25,4,1.760081614,0.002794912,2.8,0.25,150.7,12.00006104,4,24,48,10,5,0,0,629.745,13,14,398.4
pote.txt_1163,16.25,0.041666667,0.333333333,0,0,0.083333333,0.166666667,0,0,0,0,0.041666667,0.041666667,0.083333333,0,0.125,0.041666667,0,0.041666667,0,0,0,0,0,0,0,0,0,0,0.083333333,2.291666667,2.680863694,0.001059163,2.795833333,0.541666667,37.2625,8.546150208,24,98,156,34,27,9,0,2531.115,64,86,1781.6
pote.txt_117,42.8,0,0.16,0,0,0,0.08,0,0.08,0.08,0,0,0.04,0.04,0.04,0.24,0.04,0.04,0.04,0,0.12,0,0,0,0,0,0,0,0,0.12,3.16,7.715442649,0.002504477,3.008,0.28,95.12,10.22330475,25,129,215,47,33,4,0,3080.66,75,94,2199.6
pote.txt_3609,16.66666667,0.166666667,0.166666667,0,0,0,0,0,0,0.333333333,0,0,0,0,0,0.166666667,0,0,0,0,0.166666667,0,0,0,0,0,0,0,0,0.166666667,3.5,2.747193621,0.003577331,3,0.333333333,8.333333333,9.787033081,6,33,57,11,8,1,0,767.945,18,23,517.8
pote.txt_9641,117.5862069,0.103448276,0,0.068965517,0,0.034482759,0.172413793,0,0.034482759,0.137931034,0.137931034,0,0,0,0.068965517,0,0.034482759,0.068965517,0.137931034,0,0,0,0,0,0,0,0,0,0,0.034482759,2.551724138,1.758347132,0.000603329,2.624137931,0.448275862,-4.820689655,9.52822876,29,131,225,35,39,0,0,2914.41,69,100,2161.4
pote.txt_3771,0,0,0,0,0,0,0,0,0,0,0,0,0,0,0,0.571428571,0,0,0,0.428571429,0,0,0,0,0,0,0,0,0,0.428571429,4.142857143,3.760061615,0.003129811,2.871428571,0,254.0571429,12.4770813,7,42,83,19,8,0,0,1201.37,25,25,749.3
pote.txt_9075,73.18181818,0.068181818,0,0.045454545,0.068181818,0.022727273,0.090909091,0,0.090909091,0.068181818,0.045454545,0.022727273,0.045454545,0.090909091,0.113636364,0.090909091,0.022727273,0.045454545,0.045454545,0,0.022727273,0,0,0,0,0,0,0,0,0.045454545,2.909090909,1.766738518,0.000356804,2.854545455,0.295454545,24.025,9.520751953,44,215,354,66,66,1,0,4951.565,115,161,3659.9
pote.txt_9639,86.66666667,0,0,0,0.055555556,0.111111111,0.111111111,0,0.111111111,0.388888889,0.111111111,0,0.055555556,0,0.055555556,0,0,0,0,0,0,0,0,0,0,0,0,0,0,0.111111111,3.666666667,5.755919069,0.002680082,2.611111111,0.333333333,-39.74444444,10.39831543,18,102,175,27,23,0,0,2147.665,46,65,1444.5
pote.txt_345,87.5862069,0.103448276,0.068965517,0.068965517,0,0,0.103448276,0,0.034482759,0.172413793,0.137931034,0.068965517,0.068965517,0,0.034482759,0,0.034482759,0.068965517,0.034482759,0,0,0,0,0,0,0,0,0,0,0,2.827586207,2.737546151,0.000896774,2.648275862,0.448275862,0.082758621,9.243148804,29,128,227,37,40,4,0,3052.66,73,106,2282.7
pote.txt_5539,112.3076923,0,0,0,0.076923077,0.153846154,0,0,0.076923077,0.307692308,0.153846154,0,0,0,0,0.076923077,0.076923077,0,0.076923077,0,0,0,0,0,0,0,0,0,0,0.153846154,3.692307692,3.758906072,0.002297564,2.538461538,0.461538462,3.153846154,10.46154785,13,79,134,20,17,0,0,1636.04,34,47,1049.6
pote.txt_1049,153.6842105,0.105263158,0,0,0,0,0.157894737,0,0.052631579,0.157894737,0.157894737,0.052631579,0,0,0,0,0.052631579,0.052631579,0.210526316,0,0,0,0,0,0,0,0,0,0,0,2.526315789,2.757104611,0.001463128,2.521052632,0.578947368,-3.931578947,10.30207825,19,86,158,22,22,1,0,1884.39,43,63,1346.6
pote.txt_3681,0,0,0,0,0,0,0,0,0,0,0,0,0,0,0,0.571428571,0,0,0,0.428571429,0,0,0,0,0,0,0,0,0,0.428571429,4.142857143,3.760061615,0.003129811,2.871428571,0,335.8857143,12.4770813,7,42,83,19,8,0,0,1201.37,25,25,749.3
pote.txt_4061,0,0,0,0,0,0,0,0,0,1,0,0,0,0,0,0,0,0,0,0,0,0,0,0,0,0,0,0,0,0,5,7.752109606,0.007429555,3,0,8.75,10.84532166,8,48,98,16,9,0,0,1043.415,24,32,714.4
pote.txt_1983,49.09090909,0.136363636,0,0,0,0.181818182,0.136363636,0.045454545,0.090909091,0.136363636,0,0,0,0,0.045454545,0.136363636,0.045454545,0,0,0.045454545,0,0,0,0,0,0,0,0,0,0.227272727,3,5.8442488,0.002240004,2.731818182,0.409090909,27.73181818,12.31056213,22,122,187,37,25,0,0,2609.035,57,75,1772.2
pote.txt_7397,126.5,0.1,0,0,0,0,0.05,0,0.1,0.15,0.05,0,0.05,0.05,0,0.1,0,0.05,0.2,0,0.1,0,0,0,0,0,0,0,0,0.1,2.85,4.755086609,0.00207755,2.705,0.45,2.185,10.56504822,20,107,182,30,25,0,0,2288.795,51,69,1563
pote.txt_8479,97.85714286,0.142857143,0,0,0.035714286,0,0.035714286,0.071428571,0.071428571,0.071428571,0.142857143,0,0.071428571,0,0,0.178571429,0,0.142857143,0,0,0.035714286,0,0,0,0,0,0,0,0,0.035714286,3.035714286,5.93421345,0.001812104,2.942857143,0.357142857,52.37142857,11.8393631,28,148,245,51,38,0,0,3274.765,78,102,2429.9
pote.txt_7177,133.1578947,0.105263158,0,0,0,0,0.052631579,0,0.105263158,0.157894737,0.052631579,0,0.052631579,0,0,0.105263158,0,0.052631579,0.210526316,0,0.105263158,0,0,0,0,0,0,0,0,0.105263158,2.947368421,4.755086609,0.002169608,2.715789474,0.473684211,-8.363157895,10.56504822,19,102,175,29,24,0,0,2191.68,49,66,1513.7
pote.txt_6119,39.33333333,0.133333333,0,0,0,0.133333333,0.066666667,0,0,0.066666667,0.066666667,0.066666667,0,0,0,0.2,0.2,0,0,0,0.066666667,0,0,0,0,0,0,0,0,0.2,3,3.758073612,0.002114782,2.853333333,0.4,10.85333333,11.72299194,15,79,125,25,20,1,0,1777.05,41,54,1276.1
pote.txt_12123,85.88235294,0.058823529,0.117647059,0,0,0,0,0,0.058823529,0.117647059,0.058823529,0,0.058823529,0.058823529,0,0.235294118,0.058823529,0,0.117647059,0,0.058823529,0,0,0,0,0,0,0,0,0.058823529,3.176470588,5.737262631,0.002781676,2.935294118,0.411764706,56.33529412,10.94839478,17,88,156,32,21,2,0,2062.52,49,62,1458.2
pote.txt_11005,95.25,0.15,0,0.025,0.025,0,0.125,0.025,0.1,0.125,0.05,0,0.025,0,0.1,0.05,0,0.1,0.075,0.025,0,0,0,0,0,0,0,0,0,0.025,2.75,4.846192021,0.001138169,2.8075,0.375,14.9775,10.56504822,40,185,320,58,54,0,0,4257.885,102,141,3206
pote.txt_6537,91.25,0,0,0,0,0,0.125,0,0.125,0.25,0.0625,0,0.0625,0,0,0.125,0,0,0.0625,0.1875,0,0,0,0,0,0,0,0,0,0.1875,3.4375,5.75608561,0.002782714,2.54375,0.25,-8.2125,12.03199768,16,85,161,27,18,0,0,2068.515,44,55,1336.3
pote.txt_5107,89.16666667,0,0,0.083333333,0,0.083333333,0,0,0.166666667,0.25,0,0,0,0,0.083333333,0.25,0,0,0.083333333,0,0,0,0,0,0,0,0,0,0,0.083333333,4,4.758195372,0.002998374,2.891666667,0.333333333,30.54166667,11.73399353,12,71,127,25,16,0,0,1586.925,35,45,1112.1
pote.txt_11681,60,0,0,0,0.076923077,0,0,0,0.076923077,0.153846154,0.076923077,0,0,0.230769231,0,0.153846154,0,0,0,0.230769231,0,0,0,0,0,0,0,0,0,0.230769231,3.230769231,2.760894074,0.001540574,2.469230769,0.153846154,85.29230769,11.00030518,13,74,133,21,16,0,0,1792.12,36,45,1047.4
pote.txt_3295,96.66666667,0,0,0.333333333,0,0,0,0,0,0,0,0,0,0,0,0,0,0.333333333,0.333333333,0,0,0,0,0,0,0,0,0,0,0,2.333333333,-1.238777625,-0.003716259,2.666666667,0.333333333,-21.63333333,3.799819946,3,13,23,3,7,0,0,333.34,8,12,247.9
pote.txt_11303,25.16129032,0.032258065,0,0.032258065,0.193548387,0.064516129,0.129032258,0.032258065,0,0,0.032258065,0.096774194,0,0.032258065,0.129032258,0.096774194,0.096774194,0,0.032258065,0,0,0,0,0,0,0,0,0,0,0.064516129,3.096774194,-4.134770664,-0.001153726,3.009677419,0.258064516,41.74516129,4.537940979,31,150,228,46,53,3,0,3583.84,83,121,2742.6
pote.txt_8835,75.42857143,0.171428571,0.028571429,0.028571429,0,0.028571429,0.114285714,0,0.057142857,0.057142857,0.028571429,0,0.028571429,0.057142857,0.085714286,0,0.028571429,0.114285714,0.085714286,0.057142857,0.028571429,0,0,0,0,0,0,0,0,0.114285714,2.257142857,0.748324382,0.000204959,2.637142857,0.4,19.49142857,8.175354004,35,156,255,41,48,1,0,3651.1,86,120,2602.4
pote.txt_3471,0,0,0,0,0,0,0,0,0,0,0,0,0,0,0,0.5,0,0,0,0.5,0,0,0,0,0,0,0,0,0,0.5,4,2.760071614,0.002640749,2.65,0,199.2666667,12.30105591,6,36,71,15,7,0,0,1045.185,21,21,621.3
pote.txt_6933,40,0,0.117647059,0,0,0,0.058823529,0,0,0.058823529,0.058823529,0,0,0,0.058823529,0.294117647,0.117647059,0.058823529,0.058823529,0,0.117647059,0,0,0,0,0,0,0,0,0.117647059,3.294117647,5.737252631,0.002690413,3.105882353,0.235294118,72.87058824,10.89530945,17,88,150,34,24,2,0,2132.48,53,65,1571.8
pote.txt_9939,35.45454545,0.090909091,0.090909091,0,0,0,0.090909091,0,0,0,0,0,0,0,0.090909091,0.363636364,0.090909091,0,0.090909091,0.090909091,0,0,0,0,0,0,0,0,0,0.090909091,3.181818182,3.750160624,0.002728243,3.190909091,0.272727273,205.2545455,12.00048828,11,51,96,24,14,1,0,1374.57,34,40,1034.9
pote.txt_8645,13,0.033333333,0,0,0.033333333,0.066666667,0.233333333,0.166666667,0,0,0,0,0,0,0.066666667,0,0.333333333,0,0.033333333,0,0.033333333,0,0,0,0,0,0,0,0,0.1,2.2,-0.802215984,-0.000268576,2.996666667,0.133333333,28.43333333,6.535263062,30,139,172,42,46,0,0,2986.925,79,110,2388.9
pote.txt_4343,39,0,0.2,0.1,0,0,0,0.1,0,0,0.1,0.1,0.1,0.1,0,0,0.1,0.1,0,0,0,0,0,0,0,0,0,0,0,0,2.5,-1.171405417,-0.001045641,2.63,0.4,38.72,5.07611084,10,46,69,13,16,3,0,1120.275,27,39,796
pote.txt_2705,158.9473684,0.052631579,0,0,0,0.105263158,0.052631579,0,0.157894737,0.263157895,0.157894737,0,0,0.052631579,0,0.052631579,0,0,0.105263158,0,0,0,0,0,0,0,0,0,0,0.105263158,3.210526316,5.755096609,0.002601914,2.373684211,0.578947368,-19.34210526,11.38845825,19,110,191,27,20,0,0,2211.87,45,63,1383.4
pote.txt_9007,25.95238095,0.19047619,0,0.095238095,0.095238095,0,0.19047619,0,0,0.214285714,0,0,0.071428571,0.047619048,0.047619048,0,0,0.023809524,0.023809524,0,0,0,0,0,0,0,0,0,0,0,2.666666667,0.766835497,0.000184049,3.076190476,0.214285714,-5.319047619,8.241790771,42,171,286,56,65,0,0,4166.465,107,157,3400
pote.txt_7787,53.18181818,0,0.090909091,0,0,0.045454545,0.136363636,0,0.136363636,0.045454545,0,0,0,0.090909091,0.045454545,0.227272727,0.045454545,0.090909091,0,0.045454545,0,0,0,0,0,0,0,0,0,0.090909091,2.909090909,5.739250633,0.002216736,2.877272727,0.272727273,35.88181818,11.83023071,22,107,187,39,27,2,0,2589.055,62,78,1835.5
pote.txt_10809,21.83673469,0,0.081632653,0.12244898,0.163265306,0.040816327,0.020408163,0,0.020408163,0.06122449,0.020408163,0.040816327,0.020408163,0,0.12244898,0.102040816,0.081632653,0.020408163,0.020408163,0.020408163,0.040816327,0,0,0,0,0,0,0,0,0.102040816,3.408163265,-6.255339089,-0.001024872,2.957142857,0.224489796,92.40204082,4.426483154,49,245,384,74,92,6,0,6103.53,144,203,4542.4
pote.txt_2103,173.1818182,0.136363636,0,0,0,0.045454545,0.136363636,0,0.181818182,0.136363636,0.227272727,0,0,0.045454545,0,0,0.090909091,0,0,0,0,0,0,0,0,0,0,0,0,0.045454545,2.545454545,2.757104611,0.001239836,2.368181818,0.590909091,15.47727273,10.30207825,22,107,187,25,25,0,0,2223.765,49,71,1497.2
pote.txt_2061,169.4736842,0.105263158,0,0,0,0.052631579,0.105263158,0,0.157894737,0.105263158,0.210526316,0,0.052631579,0.052631579,0,0,0.105263158,0,0.052631579,0,0,0,0,0,0,0,0,0,0,0.052631579,2.526315789,1.758103612,0.000899566,2.389473684,0.578947368,4,10.00268555,19,93,160,22,23,0,0,1954.39,43,62,1324
pote.txt_8727,59.09090909,0,0,0,0,0.060606061,0.060606061,0,0.090909091,0,0.060606061,0,0,0.515151515,0,0.212121212,0,0,0,0,0,0,0,0,0,0,0,0,0,0.060606061,2.272727273,6.760031615,0.001809188,2.709090909,0.212121212,66.95757576,12.77818298,33,179,284,54,34,0,0,3736.5,80,106,2303.8
pote.txt_1133,97.38095238,0.095238095,0,0.071428571,0.071428571,0.071428571,0.142857143,0.071428571,0.071428571,0.047619048,0.047619048,0.023809524,0.023809524,0,0.023809524,0.023809524,0.047619048,0,0.142857143,0,0.023809524,0,0,0,0,0,0,0,0,0.095238095,2.595238095,-2.969589155,-0.000657855,2.70952381,0.452380952,18.17142857,5.311096191,42,212,311,55,60,1,0,4514.045,102,150,3259.2
pote.txt_7963,93.75,0.125,0,0.041666667,0.041666667,0,0,0.041666667,0.083333333,0,0.125,0,0.041666667,0.041666667,0.041666667,0.166666667,0.041666667,0.041666667,0,0,0.166666667,0,0,0,0,0,0,0,0,0.166666667,3,1.847171022,0.000619167,2.816666667,0.333333333,66.875,9.520858765,24,138,208,40,37,0,0,2983.315,67,89,2075.3
pote.txt_1403,138.3333333,0.083333333,0.083333333,0,0,0.083333333,0.083333333,0,0.208333333,0.166666667,0.125,0,0,0.083333333,0,0,0,0.083333333,0,0,0,0,0,0,0,0,0,0,0,0.083333333,2.666666667,3.73630363,0.001442981,2.341666667,0.583333333,7.945833333,9.701263428,24,124,210,28,27,2,0,2589.295,56,80,1637.8
pote.txt_12061,41.05263158,0,0.105263158,0,0,0.052631579,0.157894737,0,0.052631579,0.157894737,0.052631579,0,0,0.105263158,0.052631579,0.105263158,0,0.105263158,0,0,0.052631579,0,0,0,0,0,0,0,0,0.105263158,2.842105263,4.73628363,0.00219925,2.784210526,0.263157895,50.99473684,10.06089783,19,95,157,29,24,2,0,2153.59,51,68,1487.7
pote.txt_9295,180,0.076923077,0,0,0,0.153846154,0,0,0,0.076923077,0.384615385,0,0,0.076923077,0,0,0.076923077,0.076923077,0.076923077,0,0,0,0,0,0,0,0,0,0,0.153846154,2.615384615,0.759102613,0.000519286,2.1,0.692307692,32.33076923,8.75,13,74,120,14,16,0,0,1461.82,29,42,875.5
pote.txt_3947,156,0,0,0,0,0,0.2,0,0,0.4,0.4,0,0,0,0,0,0,0,0,0,0,0,0,0,0,0,0,0,0,0,3.4,1.758103612,0.003152249,2.44,0.4,-59.92,10.00268555,5,26,51,7,6,0,0,557.73,12,17,368.5
pote.txt_949,103.6363636,0.121212121,0.060606061,0.03030303,0,0.03030303,0.060606061,0,0.03030303,0.121212121,0.181818182,0,0.03030303,0,0.03030303,0,0.181818182,0.090909091,0.03030303,0,0,0,0,0,0,0,0,0,0,0.03030303,2.545454545,2.737424391,0.000815464,2.621212121,0.454545455,18.04545455,9.307662964,33,145,251,39,47,2,0,3356.89,84,118,2500.7
pote.txt_3923,55.71428571,0,0.285714286,0,0,0,0,0,0.142857143,0.285714286,0,0,0.142857143,0,0.142857143,0,0,0,0,0,0,0,0,0,0,0,0,0,0,0,3.428571429,1.738301632,0.002079209,2.742857143,0.428571429,53.27142857,8.903701782,7,33,61,11,10,2,0,836.04,20,27,582.5
pote.txt_5039,130,0.083333333,0,0,0,0.083333333,0,0.083333333,0.083333333,0,0.166666667,0,0,0,0.083333333,0.166666667,0.166666667,0,0.083333333,0,0,0,0,0,0,0,0,0,0,0.083333333,3,1.847255803,0.001294825,2.7,0.5,54.75833333,12.00006104,12,67,107,21,16,0,0,1426.645,32,42,1001
pote.txt_5947,132.7272727,0,0,0,0,0.181818182,0,0,0,0.090909091,0.272727273,0,0,0,0,0.272727273,0.090909091,0,0.090909091,0,0,0,0,0,0,0,0,0,0,0.181818182,3.545454545,3.759072613,0.002619983,2.590909091,0.545454545,18.88181818,12.30426025,11,68,115,21,13,0,0,1434.77,30,38,936.7
pote.txt_1833,180,0,0,0,0,0.076923077,0.153846154,0,0.153846154,0.076923077,0.307692308,0,0.076923077,0,0,0.076923077,0.076923077,0,0,0,0,0,0,0,0,0,0,0,0,0.076923077,2.923076923,1.759092613,0.001218402,2.384615385,0.538461538,4.453846154,11.00073242,13,68,118,18,16,0,0,1443.77,31,43,976.6
pote.txt_319,124.8,0.08,0,0,0,0.04,0.12,0,0.04,0.24,0.2,0,0,0.04,0.04,0,0.08,0,0.08,0.04,0,0,0,0,0,0,0,0,0,0.08,2.88,5.754107608,0.002123013,2.472,0.44,16.408,10.6993103,25,125,222,32,29,0,0,2710.35,60,84,1823.6
pote.txt_8005,130,0.083333333,0,0,0.041666667,0.041666667,0.041666667,0.083333333,0.125,0.125,0.125,0,0.125,0,0.083333333,0,0,0,0.083333333,0.041666667,0,0,0,0,0,0,0,0,0,0.083333333,3.041666667,1.93426345,0.000687304,2.5625,0.458333333,2.179166667,9.703292847,24,132,210,36,32,0,0,2814.275,60,84,1921.6
pote.txt_5311,240,0,0,0,0,0,0.153846154,0,0.153846154,0,0.461538462,0,0.153846154,0.076923077,0,0,0,0,0,0,0,0,0,0,0,0,0,0,0,0,2.538461538,-0.239898386,-0.000176048,2.161538462,0.615384615,35.58461538,5.5234375,13,65,115,15,16,0,0,1362.69,28,41,894.3
pote.txt_9813,86.66666667,0.111111111,0,0.055555556,0.111111111,0,0.055555556,0.055555556,0,0.055555556,0.111111111,0,0.055555556,0.111111111,0,0,0,0,0.111111111,0.111111111,0.055555556,0,0,0,0,0,0,0,0,0.166666667,2.555555556,-2.147980515,-0.001011126,2.561111111,0.333333333,37.41666667,4.651107788,18,94,144,22,27,0,0,2124.345,45,64,1373.8
pote.txt_9,158.125,0.0625,0,0.0625,0,0.0625,0.1875,0,0.0625,0.125,0.1875,0,0,0,0,0,0.0625,0,0.1875,0,0,0,0,0,0,0,0,0,0,0.0625,2.5,0.759224373,0.000469827,2.44375,0.5625,-13.65,8.591064453,16,76,130,18,20,0,0,1615.965,36,53,1122.8
pote.txt_8689,106.3636364,0.121212121,0,0.03030303,0.03030303,0.03030303,0.121212121,0,0.121212121,0.181818182,0.03030303,0,0.060606061,0.03030303,0.03030303,0.060606061,0,0,0.121212121,0.03030303,0,0,0,0,0,0,0,0,0,0.060606061,2.878787879,5.758018831,0.001597098,2.733333333,0.424242424,25.03939394,10.65562439,33,160,280,48,41,0,0,3605.3,82,114,2579.6
pote.txt_8837,105.6756757,0.135135135,0.054054054,0,0.054054054,0.027027027,0.135135135,0,0.081081081,0.162162162,0.135135135,0.027027027,0.027027027,0,0.027027027,0,0,0.108108108,0.027027027,0,0,0,0,0,0,0,0,0,0,0.027027027,2.702702703,3.739926552,0.000978621,2.643243243,0.486486486,-1.554054054,9.514396667,37,169,295,45,48,3,0,3821.63,90,130,2767.4
pote.txt_2647,137.6470588,0.058823529,0,0,0,0.176470588,0.058823529,0,0.117647059,0.235294118,0.176470588,0,0,0.058823529,0,0,0.058823529,0,0.058823529,0,0,0,0,0,0,0,0,0,0,0.176470588,3,3.75610561,0.001926732,2.264705882,0.588235294,-26.64117647,10.4777832,17,99,161,21,19,0,0,1949.47,39,56,1186.4
pote.txt_6127,84.66666667,0.066666667,0,0,0,0.066666667,0,0,0.066666667,0.4,0.133333333,0,0.066666667,0,0,0.066666667,0,0,0,0.133333333,0,0,0,0,0,0,0,0,0,0.2,3.8,6.754097608,0.003398322,2.466666667,0.333333333,5.38,11.43353271,15,88,161,25,17,0,0,1987.48,41,53,1244.5
pote.txt_11893,142,0.4,0,0,0,0,0.05,0,0,0.15,0.15,0,0.1,0,0,0,0,0,0.15,0,0,0,0,0,0,0,0,0,0,0,2.25,2.757104611,0.001456262,2.72,0.7,-7.48,10.30207825,20,85,153,25,23,0,0,1893.275,45,65,1429.4
pote.txt_3259,0,0,0,0,0,0,0,0,0,0.75,0,0,0,0,0,0.25,0,0,0,0,0,0,0,0,0,0,0,0,0,0,5,3.757094611,0.006724408,3.3,0,89,11.26391602,4,24,50,10,5,0,0,558.725,13,16,395.9
pote.txt_9977,90.71428571,0.071428571,0,0,0,0.142857143,0,0.071428571,0.071428571,0.357142857,0.142857143,0,0,0.071428571,0,0,0,0,0,0.071428571,0,0,0,0,0,0,0,0,0,0.214285714,3.428571429,4.842280797,0.002713925,2.321428571,0.428571429,1.164285714,10.60253906,14,89,143,21,15,0,0,1784.235,35,48,1046.7
pote.txt_11825,40.83333333,0.166666667,0.166666667,0,0,0.083333333,0,0,0,0,0,0,0,0,0,0.416666667,0,0,0.083333333,0,0.083333333,0,0,0,0,0,0,0,0,0.166666667,3.25,4.739250633,0.003044099,3.175,0.5,124.3666667,11.42156982,12,65,109,27,14,2,0,1556.865,37,44,1105.4
pote.txt_10469,49,0.1,0.1,0,0,0,0.1,0.1,0,0.1,0.1,0.1,0,0,0,0,0,0.2,0,0,0.1,0,0,0,0,0,0,0,0,0.1,2.6,0.83537681,0.000742996,2.64,0.4,25.57,8.206542969,10,51,77,13,14,2,0,1124.335,26,37,774.9
pote.txt_4889,0,0,0,0,0,0,0.545454545,0,0,0,0,0,0,0,0,0.454545455,0,0,0,0,0,0,0,0,0,0,0,0,0,0,2.818181818,4.760051615,0.004170837,3.654545455,0,60.44545455,12.60205078,11,42,80,26,12,0,0,1141.27,32,38,1019.8
pote.txt_10245,127.3913043,0.173913043,0,0,0.086956522,0,0.043478261,0,0.043478261,0.130434783,0.173913043,0,0.173913043,0,0.043478261,0,0,0,0.086956522,0.043478261,0,0,0,0,0,0,0,0,0,0.043478261,2.869565217,0.762725535,0.00030065,2.682608696,0.47826087,20.85217391,8.497924805,23,109,191,31,33,0,0,2536.92,57,81,1838.6
pote.txt_1743,86,0.12,0.08,0,0,0.04,0.08,0,0,0.2,0.16,0,0.08,0,0.08,0,0.12,0,0.04,0,0,0,0,0,0,0,0,0,0,0.04,2.84,4.735304629,0.001795628,2.7,0.44,27.076,9.904258728,25,114,198,34,33,2,0,2637.13,64,89,1946.2
pote.txt_8317,18.84615385,0.038461538,0,0,0,0.038461538,0.076923077,0.076923077,0.038461538,0.192307692,0,0.038461538,0,0,0.192307692,0.153846154,0.038461538,0.115384615,0,0,0,0,0,0,0,0,0,0,0,0.038461538,3.538461538,8.929414986,0.002820743,3.076923077,0.153846154,68.45,12.48658752,26,139,230,52,36,1,0,3165.625,76,99,2412
pote.txt_2927,0,0,0,0,0,0,0.2,0.1,0,0.35,0,0,0.15,0,0,0,0,0,0,0.2,0,0,0,0,0,0,0,0,0,0.2,3.3,6.927456984,0.002765601,2.74,0,13.995,10.77845764,20,104,174,34,24,0,0,2504.865,56,72,1696.7
pote.txt_8201,31.2,0.04,0.08,0,0.08,0.04,0.04,0,0.04,0.16,0,0.04,0,0.08,0.08,0.16,0.04,0.04,0.04,0.04,0,0,0,0,0,0,0,0,0,0.08,3.32,5.741884554,0.00187421,2.924,0.28,54.32,10.45348358,25,127,221,43,34,3,0,3063.63,71,94,2161.8
pote.txt_4315,43.33333333,0,0,0,0,0.111111111,0,0,0.111111111,0.111111111,0,0,0,0,0,0.333333333,0,0,0,0.333333333,0,0,0,0,0,0,0,0,0,0.444444444,3.888888889,3.759072613,0.002621956,2.455555556,0.222222222,108.7555556,12.30426025,9,57,103,19,10,0,0,1433.69,28,31,837.2
pote.txt_11791,46.59090909,0.090909091,0.136363636,0.045454545,0.045454545,0.022727273,0.136363636,0.022727273,0.022727273,0.068181818,0.022727273,0,0.068181818,0,0,0.045454545,0.068181818,0.045454545,0.068181818,0.045454545,0.045454545,0,0,0,0,0,0,0,0,0.113636364,2.5,0.790717303,0.00016607,2.806818182,0.363636364,37.55,7.772674561,44,194,306,58,63,6,0,4761.345,118,162,3479.9
pote.txt_11831,195,0,0,0,0,0,0.5,0,0.125,0,0.375,0,0,0,0,0,0,0,0,0,0,0,0,0,0,0,0,0,0,0,2,-0.239898386,-0.000343273,2.375,0.5,37.6375,5.5234375,8,32,58,8,9,0,0,698.855,16,24,506.4
pote.txt_53,108.5185185,0.111111111,0,0,0.037037037,0.074074074,0.148148148,0,0.074074074,0.148148148,0.148148148,0,0,0,0.037037037,0,0.074074074,0.074074074,0.037037037,0,0.037037037,0,0,0,0,0,0,0,0,0.111111111,2.666666667,2.757917071,0.000970636,2.577777778,0.444444444,15.62222222,9.825592041,27,133,218,32,36,0,0,2841.35,65,93,1995
pote.txt_7433,63.5,0.05,0,0,0.05,0,0.05,0,0.1,0,0.05,0.05,0,0,0.15,0.3,0.05,0,0,0,0.15,0,0,0,0,0,0,0,0,0.15,3.6,4.759855074,0.001800244,3.06,0.25,101.975,11.36303711,20,114,187,41,30,1,0,2644.005,60,76,1926.5
pote.txt_2591,113.3333333,0,0,0,0,0,0,0,0.166666667,0.083333333,0,0,0,0,0,0.416666667,0,0,0.166666667,0.166666667,0,0,0,0,0,0,0,0,0,0.166666667,3.833333333,5.759052614,0.003340314,2.85,0.333333333,185.95,12.60343933,12,70,136,28,13,0,0,1724.105,37,42,1140.7
pote.txt_7123,178.3333333,0,0,0,0,0,0.166666667,0,0.166666667,0.333333333,0.166666667,0,0,0,0,0,0,0,0.166666667,0,0,0,0,0,0,0,0,0,0,0,3.166666667,5.754107608,0.002974368,2.45,0.5,-34.60555556,10.6993103,18,93,176,24,19,0,0,1934.565,42,60,1295.4
pote.txt_4809,195,0,0,0,0,0,0.375,0,0.125,0.125,0.375,0,0,0,0,0,0,0,0,0,0,0,0,0,0,0,0,0,0,0,2.5,0.759102613,0.00098588,2.35,0.5,27.025,8.75,8,36,67,9,9,0,0,769.975,17,25,532.4
pote.txt_1827,117,0,0,0,0.1,0,0.1,0.2,0.3,0.1,0,0,0,0,0.1,0,0,0,0,0,0.1,0,0,0,0,0,0,0,0,0.1,3.2,-0.064737549,-5.23E-05,2.68,0.3,17.6,6.919891357,10,63,88,16,15,0,0,1237.395,26,37,817.1
pote.txt_5573,180,0.076923077,0,0,0,0.076923077,0.153846154,0,0.076923077,0,0.307692308,0,0,0.076923077,0,0.076923077,0.076923077,0,0.076923077,0,0,0,0,0,0,0,0,0,0,0.076923077,2.384615385,0.760091614,0.00056068,2.361538462,0.615384615,32.33076923,9.748046875,13,65,110,16,15,0,0,1355.66,29,41,893.9
pote.txt_10501,0,0,0,0,0.058823529,0,0,0,0,0.176470588,0,0,0,0.117647059,0.058823529,0.352941176,0.117647059,0.058823529,0,0.058823529,0,0,0,0,0,0,0,0,0,0.058823529,3.764705882,7.759855074,0.003444874,3.305882353,0,80.79411765,12.30586243,17,90,167,39,24,0,0,2252.58,55,66,1671.4
pote.txt_4371,12.5,0.125,0,0,0,0.25,0,0.125,0,0.25,0,0,0.125,0.125,0,0,0,0,0,0,0,0,0,0,0,0,0,0,0,0.25,3,1.8452778,0.001867416,2.6375,0.375,38.1125,10.00279236,8,51,69,13,10,0,0,988.145,20,28,615.8
pote.txt_8797,62.22222222,0.027777778,0.166666667,0,0,0,0.111111111,0,0.083333333,0.055555556,0.027777778,0.027777778,0.055555556,0.055555556,0.083333333,0.138888889,0.083333333,0.027777778,0.055555556,0,0,0,0,0,0,0,0,0,0,0,2.777777778,6.698647672,0.001706799,2.894444444,0.388888889,67.13333333,9.807434082,36,156,276,58,46,7,0,3924.685,99,131,2952.3
pote.txt_11169,75.55555556,0,0.333333333,0,0,0,0.111111111,0,0,0,0.111111111,0,0,0,0,0.333333333,0,0,0.111111111,0,0,0,0,0,0,0,0,0,0,0,3,5.700635674,0.002698289,3.011111111,0.555555556,85.05555556,9.687271118,18,80,150,36,19,6,0,2112.685,54,66,1533.6
pote.txt_1877,125.8333333,0.041666667,0,0,0.041666667,0.041666667,0.208333333,0.166666667,0.083333333,0.041666667,0.166666667,0.041666667,0.041666667,0,0.041666667,0,0,0,0.083333333,0,0,0,0,0,0,0,0,0,0,0.041666667,2.625,0.110609828,4.29E-05,2.6,0.458333333,9.679166667,7.098693848,24,129,185,35,29,1,0,2577.995,56,82,1808.4
pote.txt_11809,51.13636364,0.136363636,0.136363636,0.022727273,0.022727273,0.022727273,0.159090909,0.022727273,0,0.022727273,0.045454545,0,0.090909091,0,0,0.045454545,0.068181818,0.045454545,0.068181818,0.045454545,0.045454545,0,0,0,0,0,0,0,0,0.113636364,2.25,0.788784082,0.000172446,2.804545455,0.409090909,24.60681818,7.781005859,44,185,289,57,60,6,0,4574.105,115,157,3395.2
pote.txt_11145,0,0,0,0,0,0,0.489795918,0,0,0,0,0.102040816,0,0.040816327,0.020408163,0.06122449,0.020408163,0,0,0.06122449,0.204081633,0,0,0,0,0,0,0,0,0.265306122,2.163265306,2.750081604,0.000538002,2.783673469,0.102040816,37.03877551,9.399307251,49,217,305,59,62,5,0,5111.66,119,167,3707.7
pote.txt_189,40,0,0.235294118,0,0,0.058823529,0.058823529,0,0.058823529,0.058823529,0,0,0,0,0,0.294117647,0,0,0.058823529,0.058823529,0.117647059,0,0,0,0,0,0,0,0,0.235294118,3.294117647,5.717450651,0.002520066,2.847058824,0.411764706,13.22352941,9.931015015,17,94,155,33,20,4,0,2268.77,52,63,1486
pote.txt_9065,46.59090909,0.068181818,0.113636364,0,0.045454545,0.022727273,0.090909091,0.045454545,0.022727273,0.090909091,0.045454545,0,0.136363636,0.045454545,0.045454545,0.045454545,0.068181818,0.022727273,0.045454545,0.022727273,0.022727273,0,0,0,0,0,0,0,0,0.068181818,2.704545455,3.885550959,0.000798759,2.875,0.318181818,37.51818182,9.019378662,44,205,322,66,62,5,0,4864.485,119,162,3587.3
pote.txt_4119,173.3333333,0,0,0,0,0,0,0.111111111,0.222222222,0,0.222222222,0,0,0,0.111111111,0.222222222,0.111111111,0,0,0,0,0,0,0,0,0,0,0,0,0,3.444444444,1.847255803,0.001627051,2.688888889,0.444444444,94.48888889,12.00006104,9,53,90,18,12,0,0,1135.34,25,32,790.8
pote.txt_8669,94.375,0.03125,0.03125,0.0625,0,0.0625,0.1875,0,0.125,0.125,0.0625,0,0,0,0.0625,0.1875,0,0,0.0625,0,0,0,0,0,0,0,0,0,0,0.0625,3.15625,7.748386143,0.002127307,2.846875,0.375,17.54375,11.723526,32,160,278,56,39,1,0,3642.345,85,113,2679.6
pote.txt_7669,37.14285714,0,0,0,0,0,0,0,0,0,0.095238095,0,0,0.380952381,0,0.523809524,0,0,0,0,0,0,0,0,0,0,0,0,0,0,3.285714286,10.75999162,0.003928036,3.295238095,0.095238095,121.4857143,13.00003052,21,118,212,54,22,0,0,2739.28,64,74,1929
pote.txt_9763,160,0,0,0,0,0.142857143,0,0,0.142857143,0.071428571,0.214285714,0,0,0.071428571,0,0,0.214285714,0.071428571,0.071428571,0,0,0,0,0,0,0,0,0,0,0.142857143,2.642857143,0.759102613,0.000485082,2.207142857,0.571428571,30.73571429,8.75,14,77,125,15,19,0,0,1564.895,33,47,979.4
pote.txt_6253,162.6666667,0.066666667,0,0.133333333,0,0,0,0,0,0.4,0.4,0,0,0,0,0,0,0,0,0,0,0,0,0,0,0,0,0,0,0,3.666666667,3.75634913,0.002125546,2.373333333,0.466666667,-24.62666667,10.00092316,15,83,155,21,20,0,0,1767.24,38,55,1180.9
pote.txt_6305,6.666666667,0.066666667,0.266666667,0.066666667,0,0.066666667,0.266666667,0,0,0.066666667,0,0,0,0,0,0,0.066666667,0,0,0,0.133333333,0,0,0,0,0,0,0,0,0.2,2.133333333,-0.281378588,-0.000183458,2.72,0.4,-1.986666667,5.807128906,15,63,88,16,21,4,0,1533.75,39,55,1078.1
pote.txt_1041,97.5,0,0,0,0,0.5,0,0,0.125,0,0.125,0,0,0,0,0.125,0.125,0,0,0,0,0,0,0,0,0,0,0,0,0.5,3.125,0.760091614,0.000706218,2.0625,0.75,32.825,9.748046875,8,57,77,11,10,0,0,1076.285,19,26,591.4
pote.txt_9771,97.5,0.09375,0.0625,0.0625,0.03125,0.03125,0.125,0.03125,0.03125,0.15625,0.125,0.0625,0.03125,0,0,0,0,0.0625,0.09375,0,0,0,0,0,0,0,0,0,0,0.03125,2.75,1.827530801,0.00053876,2.60625,0.5,6.190625,8.788452148,32,151,252,40,42,4,0,3392.105,78,115,2433.3
pote.txt_6917,37.77777778,0,0.333333333,0,0,0,0.055555556,0,0.055555556,0.111111111,0,0,0,0,0,0.333333333,0,0,0.055555556,0.055555556,0,0,0,0,0,0,0,0,0,0.055555556,3.388888889,7.698637672,0.003367888,3.027777778,0.444444444,27.64444444,10.21855164,18,85,162,38,19,6,0,2285.895,57,68,1601.4
pote.txt_11149,0,0,0,0,0,0,0.510638298,0,0,0.021276596,0,0.021276596,0,0.021276596,0.021276596,0.106382979,0,0,0,0.063829787,0.234042553,0,0,0,0,0,0,0,0,0.29787234,2.234042553,5.748063603,0.001148141,2.912765957,0.021276596,-21.3212766,9.849304199,47,216,302,64,60,1,0,5006.41,120,160,3649.3
pote.txt_2621,146.5,0.2,0.05,0,0,0,0.1,0,0.1,0,0.15,0,0.05,0,0.1,0,0.05,0.05,0.1,0.05,0,0,0,0,0,0,0,0,0,0.05,2.25,-0.249799376,-0.000123154,2.505,0.6,-1.705,5.516601563,20,86,151,23,26,1,0,2028.355,47,66,1451.5
pote.txt_10281,45.88235294,0.058823529,0.117647059,0,0,0.058823529,0.058823529,0,0.058823529,0.058823529,0,0,0,0,0,0.294117647,0.058823529,0,0.058823529,0.058823529,0.117647059,0,0,0,0,0,0,0,0,0.235294118,3.235294118,5.737252631,0.002583615,2.911764706,0.352941176,13.22352941,10.89530945,17,94,155,33,21,2,0,2220.63,51,62,1504.3
pote.txt_2505,195,0.071428571,0,0,0,0,0,0,0.071428571,0.357142857,0.357142857,0,0.071428571,0,0,0,0,0,0.071428571,0,0,0,0,0,0,0,0,0,0,0,3.5,4.755106609,0.002931388,2.35,0.571428571,-7.278571429,10.60253906,14,78,148,20,16,0,0,1622.135,34,48,1058.9
pote.txt_1797,76.78571429,0.107142857,0,0,0.035714286,0.071428571,0.214285714,0,0,0.142857143,0.142857143,0.071428571,0,0.035714286,0.035714286,0.035714286,0.035714286,0.035714286,0.035714286,0,0,0,0,0,0,0,0,0,0,0.071428571,2.678571429,3.758906072,0.001299093,2.671428571,0.428571429,15.2,10.46154785,28,130,218,36,34,2,0,2893.485,66,96,2098.7
pote.txt_771,23.90243902,0.048780488,0.146341463,0.048780488,0,0.024390244,0.048780488,0,0,0.073170732,0.048780488,0,0.048780488,0.097560976,0.024390244,0.170731707,0.048780488,0.048780488,0,0.073170732,0.048780488,0,0,0,0,0,0,0,0,0.146341463,2.87804878,7.697872191,0.001545528,2.82195122,0.268292683,44.64634146,9.766098022,41,200,332,68,55,6,0,4980.74,119,152,3448.9
pote.txt_1489,128.6363636,0.272727273,0,0,0,0,0,0,0,0.045454545,0.090909091,0,0,0.090909091,0,0,0.045454545,0.227272727,0.227272727,0,0,0,0,0,0,0,0,0,0,0,1.863636364,0.759102613,0.000364698,2.640909091,0.590909091,28.09090909,8.75,22,94,165,23,29,0,0,2081.455,51,73,1512.4
pote.txt_8085,113.6,0.2,0,0,0.04,0.04,0.24,0.04,0.04,0.12,0.2,0,0,0,0,0,0.08,0,0,0,0,0,0,0,0,0,0,0,0,0.04,2.32,1.847089261,0.000780433,2.68,0.48,-13.004,9.703186035,25,110,180,30,30,0,0,2366.75,57,83,1767.5
pote.txt_8349,65.18518519,0.074074074,0,0,0.074074074,0.074074074,0.074074074,0.037037037,0.111111111,0.296296296,0.037037037,0.074074074,0,0,0.037037037,0,0.037037037,0.037037037,0,0.037037037,0,0,0,0,0,0,0,0,0,0.111111111,3.407407407,5.844904718,0.001822597,2.614814815,0.37037037,6.685185185,10.22229004,27,147,246,38,35,2,0,3206.91,69,99,2170.9
pote.txt_2267,217.6923077,0.076923077,0,0,0,0.076923077,0.153846154,0,0.153846154,0.076923077,0.384615385,0,0,0.076923077,0,0,0,0,0,0,0,0,0,0,0,0,0,0,0,0.076923077,2.538461538,0.759102613,0.000555001,2.1,0.692307692,27.00769231,8.75,13,69,118,14,14,0,0,1367.75,27,40,834.9
pote.txt_3593,0,0,0.333333333,0,0,0,0,0,0,0.666666667,0,0,0,0,0,0,0,0,0,0,0,0,0,0,0,0,0,0,0,0,4,3.73630363,0.005069577,2.833333333,0.333333333,8.333333333,9.701263428,6,30,60,10,7,2,0,737.005,18,24,485.8
pote.txt_5931,62.85714286,0.071428571,0,0.071428571,0.142857143,0.142857143,0,0,0,0,0.142857143,0.071428571,0.071428571,0,0,0.285714286,0,0,0,0,0,0,0,0,0,0,0,0,0,0.142857143,3.642857143,0.766803299,0.000413794,2.95,0.428571429,73.48571429,9.447265625,14,80,129,27,22,1,0,1853.105,40,54,1326.1
pote.txt_6543,91.25,0,0,0,0,0,0.125,0,0.125,0.1875,0.0625,0,0.0625,0,0,0.125,0,0,0.0625,0.25,0,0,0,0,0,0,0,0,0,0.25,3.3125,4.757084611,0.002237002,2.425,0.25,11.89375,12.02441406,16,85,160,26,18,0,0,2126.545,44,54,1326.1
pote.txt_9561,159.6,0.08,0,0,0.04,0.04,0.12,0.08,0.08,0.08,0.16,0,0,0.08,0,0,0.04,0,0.2,0,0,0,0,0,0,0,0,0,0,0.04,2.4,0.935262451,0.000360528,2.488,0.56,29.316,8.60559082,25,130,205,31,29,0,0,2594.15,56,82,1721.9
pote.txt_7019,113.3333333,0,0,0,0,0,0.111111111,0.055555556,0,0.166666667,0.166666667,0.055555556,0.055555556,0,0,0.111111111,0,0,0.166666667,0,0.111111111,0,0,0,0,0,0,0,0,0.111111111,3.222222222,4.842260798,0.00222666,2.683333333,0.388888889,17.62777778,10.56504822,18,103,168,30,22,1,0,2174.675,47,64,1484.1
pote.txt_9577,16.66666667,0.166666667,0.166666667,0,0,0,0,0,0,0,0,0,0,0,0,0.333333333,0,0,0,0.333333333,0,0,0,0,0,0,0,0,0,0.333333333,3.166666667,1.750180624,0.001995611,2.683333333,0.333333333,199.2666667,10.35217285,6,30,58,12,7,1,0,877.015,19,21,541.8
pote.txt_4305,121.25,0,0,0,0,0.25,0,0,0,0,0.125,0,0,0.375,0,0,0,0,0.25,0,0,0,0,0,0,0,0,0,0,0.25,2,-0.239898386,-0.000262145,2.075,0.625,105.05,5.5234375,8,49,70,8,9,0,0,915.135,16,24,464.4
pote.txt_8831,105.4054054,0.108108108,0.054054054,0.054054054,0,0.027027027,0.135135135,0,0.027027027,0.162162162,0.135135135,0,0,0,0.054054054,0,0.054054054,0.081081081,0.108108108,0,0,0,0,0,0,0,0,0,0,0.027027027,2.594594595,3.73654715,0.000996556,2.637837838,0.459459459,4.9,9.514396667,37,165,287,45,49,2,0,3749.46,91,130,2762.4
pote.txt_9197,43.61702128,0.021276596,0,0.106382979,0.021276596,0.042553191,0.042553191,0.063829787,0.063829787,0.042553191,0.042553191,0.021276596,0.042553191,0.042553191,0.063829787,0.127659574,0.106382979,0.085106383,0,0,0.063829787,0,0,0,0,0,0,0,0,0.106382979,3.042553191,2.024983441,0.000359036,2.893617021,0.191489362,70.48510638,9.397277832,47,251,374,78,77,1,0,5640.06,134,182,4182
pote.txt_4041,97.5,0,0,0,0,0.375,0,0,0.125,0,0.125,0,0,0,0,0.125,0.25,0,0,0,0,0,0,0,0,0,0,0,0,0.375,3,0.760091614,0.000747985,2.2625,0.625,32.825,9.748046875,8,51,73,11,11,0,0,1016.185,20,27,611.7
pote.txt_12163,127.3913043,0.130434783,0,0,0,0,0,0,0.043478261,0.217391304,0.217391304,0,0.043478261,0,0.043478261,0.260869565,0,0,0.043478261,0,0,0,0,0,0,0,0,0,0,0,3.695652174,10.75504661,0.003801015,2.92173913,0.434782609,107.8173913,12.7041626,23,125,238,48,26,0,0,2829.52,65,82,2059.5
pote.txt_4339,49,0.1,0,0.1,0.1,0,0,0,0,0.1,0.1,0,0.1,0,0.1,0,0,0.2,0,0,0.1,0,0,0,0,0,0,0,0,0.1,3,-1.237965165,-0.00104714,2.86,0.2,28.38,4.370300293,10,50,79,13,20,0,0,1182.235,28,40,880.7
pote.txt_2341,87.77777778,0.444444444,0,0,0,0,0.111111111,0,0.111111111,0,0,0,0,0.111111111,0.111111111,0,0.111111111,0,0,0,0,0,0,0,0,0,0,0,0,0,1.666666667,-0.239898386,-0.000305665,2.844444444,0.555555556,30.28888889,5.5234375,9,33,56,10,12,0,0,784.84,20,29,618.7
pote.txt_7517,0,0,0,0,0,0,0.235294118,0,0,0,0,0,0,0.058823529,0,0.352941176,0,0,0,0.294117647,0.058823529,0,0,0,0,0,0,0,0,0.352941176,3.117647059,5.759042614,0.002425207,2.841176471,0,90.02352941,12.30265808,17,88,157,35,19,0,0,2374.66,52,58,1549.6
pote.txt_10533,137.3333333,0.333333333,0,0,0,0.066666667,0,0,0,0.333333333,0.266666667,0,0,0,0,0,0,0,0,0,0,0,0,0,0,0,0,0,0,0.066666667,3,4.755106609,0.002946053,2.5,0.666666667,-1.986666667,10.60253906,15,78,140,20,16,0,0,1614.06,35,50,1079.5
pote.txt_6483,183.125,0.125,0,0,0,0,0.0625,0,0.0625,0.125,0.375,0,0.0625,0,0,0,0.125,0.0625,0,0,0,0,0,0,0,0,0,0,0,0,2.6875,1.758103612,0.001062289,2.4,0.5625,10.8,10.00268555,16,76,139,19,21,0,0,1655.015,38,54,1168.4
pote.txt_8179,120.8,0.08,0.08,0,0,0.04,0.12,0,0.04,0.16,0.16,0.04,0.08,0,0.04,0,0.04,0,0.12,0,0,0,0,0,0,0,0,0,0,0.04,2.76,3.73630363,0.001417801,2.544,0.56,26.108,9.701263428,25,117,204,32,30,3,0,2635.28,60,86,1862.2
pote.txt_10739,26.08695652,0.260869565,0,0,0.02173913,0,0.086956522,0,0,0.434782609,0,0,0,0.108695652,0.02173913,0.02173913,0,0.043478261,0,0,0,0,0,0,0,0,0,0,0,0,3,19.74292206,0.004144325,3.002173913,0.260869565,25.15869565,11.21798706,46,213,390,70,52,0,0,4763.845,118,164,3547.5
pote.txt_3483,0,0,0,0,0,0,0,0,0,0,0,0,0,0,0,0.5,0,0,0,0.5,0,0,0,0,0,0,0,0,0,0.5,4,2.760071614,0.002640749,2.65,0,199.2666667,12.30105591,6,36,71,15,7,0,0,1045.185,21,21,621.3
pote.txt_5155,32.5,0.083333333,0,0,0,0.083333333,0,0,0,0.083333333,0,0.083333333,0.083333333,0,0.166666667,0.25,0,0,0.083333333,0.083333333,0,0,0,0,0,0,0,0,0,0.166666667,3.666666667,3.759072613,0.00232058,2.916666667,0.333333333,6.091666667,12.30426025,12,66,115,25,16,1,0,1619.885,35,44,1148.9
pote.txt_11763,89.16666667,0,0,0,0,0,0.083333333,0,0.083333333,0.5,0.083333333,0,0.083333333,0,0,0,0,0,0.083333333,0.083333333,0,0,0,0,0,0,0,0,0,0.083333333,3.75,5.754107608,0.003914692,2.6,0.25,-37.25,10.6993103,12,65,125,19,14,0,0,1469.875,32,43,974.1
pote.txt_9293,187.6923077,0.076923077,0,0,0,0.153846154,0.076923077,0,0.076923077,0.076923077,0.384615385,0,0,0.076923077,0,0,0.076923077,0,0,0,0,0,0,0,0,0,0,0,0,0.153846154,2.615384615,0.759102613,0.000530177,2.076923077,0.692307692,10.98461538,8.75,13,73,118,14,15,0,0,1431.79,28,41,855.2
pote.txt_3457,0,0,0,0,0,0,0,0,0,0,0,0,0,0,0,0.5,0,0,0,0.5,0,0,0,0,0,0,0,0,0,0.5,4,2.760071614,0.002640749,2.65,0,199.2666667,12.30105591,6,36,71,15,7,0,0,1045.185,21,21,621.3
pote.txt_1085,105.8333333,0.083333333,0,0,0,0,0.083333333,0.041666667,0,0.041666667,0.25,0,0,0.041666667,0,0.208333333,0.125,0.041666667,0,0.083333333,0,0,0,0,0,0,0,0,0,0.083333333,2.916666667,5.846226802,0.00206486,2.729166667,0.333333333,76.55416667,12.60343933,24,121,214,42,29,0,0,2831.295,66,83,1996.2
pote.txt_4387,0,0,0,0,0,0,0,0,0,0.3,0,0,0,0,0,0.4,0,0,0,0.3,0,0,0,0,0,0,0,0,0,0.3,4.4,6.757064612,0.004260726,2.91,0,213.44,12.48284912,10,60,119,25,11,0,0,1585.895,34,37,1017.2
pote.txt_6573,45.88235294,0.058823529,0.058823529,0,0,0.058823529,0.117647059,0,0.058823529,0.058823529,0,0,0.058823529,0.058823529,0,0.058823529,0,0.294117647,0.058823529,0.058823529,0,0,0,0,0,0,0,0,0,0.117647059,2.352941176,1.749191623,0.000943917,2.711764706,0.294117647,48.19411765,9.507720947,17,77,130,22,24,1,0,1853.12,45,60,1313.8
pote.txt_5169,32.5,0.083333333,0.083333333,0,0,0.083333333,0,0,0,0.083333333,0,0,0.083333333,0,0.166666667,0.25,0,0,0.083333333,0.083333333,0,0,0,0,0,0,0,0,0,0.166666667,3.5,3.749171623,0.002355251,2.966666667,0.333333333,12.375,11.71252441,12,64,111,25,16,1,0,1591.835,36,44,1124.6
pote.txt_525,90,0.162162162,0.054054054,0,0.027027027,0.054054054,0.162162162,0.027027027,0.054054054,0.135135135,0.135135135,0.027027027,0.027027027,0,0.027027027,0,0.027027027,0.081081081,0,0,0,0,0,0,0,0,0,0,0,0.054054054,2.540540541,3.825289279,0.001019952,2.654054054,0.486486486,11.99189189,9.595466614,37,169,278,46,46,3,0,3750.46,89,128,2732.4
pote.txt_3753,0,0,0,0,0,0,0,0,0,0,0,0,0,0,0,0.285714286,0,0,0,0.714285714,0,0,0,0,0,0,0,0,0,0.714285714,3.571428571,1.760081614,0.001395329,1.985714286,0,172.2285714,12.00006104,7,42,81,13,8,0,0,1261.41,23,23,651.5
pote.txt_917,38.04878049,0.048780488,0.146341463,0,0.073170732,0.146341463,0.097560976,0,0.024390244,0.12195122,0.024390244,0,0.048780488,0.048780488,0,0.048780488,0.073170732,0,0.048780488,0.024390244,0.024390244,0,0,0,0,0,0,0,0,0.195121951,2.756097561,3.703113054,0.000789826,2.673170732,0.43902439,45.40243902,8.886238098,41,207,314,54,54,6,0,4688.52,107,148,3128.2
pote.txt_5313,240,0,0,0,0,0,0.076923077,0,0.153846154,0,0.461538462,0,0.153846154,0.076923077,0,0,0.076923077,0,0,0,0,0,0,0,0,0,0,0,0,0,2.615384615,-0.239898386,-0.000172253,2.153846154,0.615384615,47.14615385,5.5234375,13,66,117,15,17,0,0,1392.71,29,42,914.6
pote.txt_11217,14.46808511,0,0.170212766,0,0.042553191,0.106382979,0.127659574,0.085106383,0,0.042553191,0.021276596,0,0.042553191,0,0.021276596,0.14893617,0.106382979,0.063829787,0.021276596,0,0,0,0,0,0,0,0,0,0,0.106382979,2.829787234,7.033143369,0.001306035,2.982978723,0.319148936,64.17446809,9.372337341,47,232,341,81,63,8,0,5385.11,135,177,3968.7
pote.txt_3599,0,0,0,0,0,0.166666667,0.166666667,0,0,0,0,0,0,0,0,0.666666667,0,0,0,0,0,0,0,0,0,0,0,0,0,0.166666667,4,3.760061615,0.004439349,3.583333333,0.166666667,185.1166667,12.4770813,6,35,62,18,7,0,0,846.985,20,22,638.6
pote.txt_9125,17.55555556,0.088888889,0.222222222,0.044444444,0,0.022222222,0.2,0,0,0.066666667,0.022222222,0,0.022222222,0.022222222,0.088888889,0.088888889,0.066666667,0,0,0,0.044444444,0,0,0,0,0,0,0,0,0.066666667,2.488888889,4.65829823,0.000999995,2.942222222,0.355555556,22.42888889,8.780548096,45,181,291,65,60,10,0,4658.32,123,166,3571.7
pote.txt_11275,68.2,0.04,0.12,0.02,0,0.02,0.1,0.02,0.06,0.04,0.06,0,0.04,0.16,0,0.12,0.06,0.02,0.06,0,0.06,0,0,0,0,0,0,0,0,0.08,2.46,6.783935618,0.00123558,2.762,0.36,48.89,9.549484253,50,243,384,74,62,6,0,5490.485,131,176,3793.1
pote.txt_10485,167.1428571,0,0,0,0,0,0,0.571428571,0.428571429,0,0,0,0,0,0,0,0,0,0,0,0,0,0,0,0,0,0,0,0,0,3,1.154888626,0.000323495,2.557142857,0.428571429,170.4428571,7.481292725,28,216,246,60,29,0,0,3570.035,72,100,2231.6
pote.txt_4423,59,0.2,0,0,0,0.1,0,0,0.1,0.2,0,0,0.1,0,0.1,0.1,0,0,0,0,0.1,0,0,0,0,0,0,0,0,0.2,3.3,2.757094611,0.002226273,2.82,0.4,0.51,10.28968811,10,57,91,17,14,0,0,1238.435,27,36,855.4
pote.txt_6217,38.66666667,0,0,0,0,0.266666667,0,0,0,0.4,0,0,0,0,0,0.133333333,0.066666667,0,0.133333333,0,0,0,0,0,0,0,0,0,0,0.266666667,3.866666667,7.754087608,0.003929144,2.673333333,0.4,9.106666667,12.04641724,15,97,157,27,17,0,0,1973.48,41,54,1255.2
pote.txt_7573,74.28571429,0.047619048,0.095238095,0,0,0.047619048,0.238095238,0,0.047619048,0.047619048,0.095238095,0.047619048,0.047619048,0,0.19047619,0,0,0.047619048,0.047619048,0,0,0,0,0,0,0,0,0,0,0.047619048,2.571428571,0.739300633,0.0003433,2.671428571,0.428571429,14.28571429,8.058288574,21,90,149,27,28,3,0,2153.51,51,73,1616.4
pote.txt_2677,97.5,0.0625,0,0.0625,0,0.0625,0.1875,0,0.125,0.125,0.0625,0,0,0,0.0625,0.1875,0,0,0.0625,0,0,0,0,0,0,0,0,0,0,0.0625,3.125,7.758287133,0.002148946,2.8625,0.375,13.865625,12.01116943,32,160,278,56,39,0,0,3610.275,84,112,2678.6
pote.txt_4011,0,0,0,0,0,0,0,0,0,0,0,0,0,0,0,0.5,0,0,0,0.5,0,0,0,0,0,0,0,0,0,0.5,4,3.760061615,0.002709808,2.65,0,295.15,12.4770813,8,48,94,20,9,0,0,1387.575,28,28,828.4
pote.txt_11947,142.3076923,0,0,0,0,0.076923077,0.230769231,0,0.076923077,0.153846154,0.230769231,0.076923077,0,0,0,0,0,0,0.076923077,0.076923077,0,0,0,0,0,0,0,0,0,0.153846154,2.846153846,1.758103612,0.001202648,2.2,0.538461538,-18.26923077,10.00268555,13,67,117,15,14,1,0,1461.86,29,42,916
pote.txt_8751,120,0.225806452,0,0.032258065,0.096774194,0,0.096774194,0,0.193548387,0.096774194,0.032258065,0,0,0.032258065,0,0.096774194,0.032258065,0.032258065,0.032258065,0,0,0,0,0,0,0,0,0,0,0,2.677419355,1.766626758,0.000548858,2.858064516,0.483870968,38.25483871,9.693572998,31,141,249,43,42,0,0,3218.73,77,109,2411.8
pote.txt_2803,16.66666667,0.166666667,0,0,0,0.166666667,0,0,0,0.166666667,0,0,0,0,0,0.166666667,0,0,0,0.333333333,0,0,0,0,0,0,0,0,0,0.5,3.333333333,1.759092613,0.001969791,2.316666667,0.333333333,8.333333333,11.00073242,6,36,62,10,7,0,0,893.035,17,20,502.1
pote.txt_10403,0,0,0,0,0,0.5,0,0,0,0.5,0,0,0,0,0,0,0,0,0,0,0,0,0,0,0,0,0,0,0,0.5,4,13.7461156,0.003549294,2.25,0.5,-27.93214286,11.11405945,28,210,296,42,29,0,0,3872.915,70,98,2136.4
pote.txt_9981,103.75,0.0625,0,0,0,0.125,0,0.0625,0.0625,0.375,0.1875,0,0,0.0625,0,0,0,0,0,0.0625,0,0,0,0,0,0,0,0,0,0.1875,3.5,5.841281796,0.002883779,2.3125,0.4375,-12.43125,10.6993103,16,101,166,24,17,0,0,2025.565,40,55,1199.3
pote.txt_1169,94.13793103,0.103448276,0.068965517,0.068965517,0,0.034482759,0.103448276,0,0.034482759,0.172413793,0.103448276,0.034482759,0.068965517,0,0,0,0,0.103448276,0.103448276,0,0,0,0,0,0,0,0,0,0,0.034482759,2.689655172,2.737546151,0.000900609,2.627586207,0.482758621,-8.837931034,9.243148804,29,132,228,36,39,3,0,3039.66,72,104,2214.7
pote.txt_10617,143.0769231,0.230769231,0,0,0,0.153846154,0,0,0,0.307692308,0.307692308,0,0,0,0,0,0,0,0,0,0,0,0,0,0,0,0,0,0,0.153846154,3.153846154,3.75610561,0.002519338,2.307692308,0.692307692,-3.830769231,10.4777832,13,75,127,17,14,0,0,1490.91,30,43,926.9
pote.txt_11199,39.36170213,0.021276596,0.170212766,0.085106383,0.042553191,0.042553191,0.085106383,0.042553191,0.021276596,0.063829787,0.042553191,0,0.063829787,0.042553191,0.021276596,0.085106383,0.063829787,0.042553191,0.042553191,0,0.021276596,0,0,0,0,0,0,0,0,0.063829787,2.744680851,0.861310034,0.0001635,2.863829787,0.340425532,57.20212766,7.715957642,47,220,338,70,70,8,0,5267.94,131,180,3868.1
pote.txt_11499,37.77777778,0,0.333333333,0,0,0.055555556,0.111111111,0,0.055555556,0.055555556,0,0,0,0,0,0.277777778,0,0,0.055555556,0.055555556,0,0,0,0,0,0,0,0,0,0.111111111,3.055555556,5.699646673,0.002583977,2.888888889,0.5,34.5,9.567001343,18,84,150,34,19,6,0,2205.765,54,66,1510.7
pote.txt_4375,205,0.1,0,0,0,0.1,0.2,0,0,0,0.5,0,0,0.1,0,0,0,0,0,0,0,0,0,0,0,0,0,0,0,0.1,2.2,-0.239898386,-0.000236758,2.09,0.7,28.26,5.5234375,10,51,84,10,11,0,0,1013.265,20,30,619
pote.txt_10981,53.67346939,0.06122449,0.081632653,0.020408163,0.020408163,0.020408163,0.040816327,0,0.06122449,0.06122449,0,0.020408163,0.020408163,0.081632653,0.12244898,0.163265306,0.081632653,0.020408163,0.081632653,0.040816327,0,0,0,0,0,0,0,0,0,0.06122449,2.979591837,8.721351875,0.001518436,2.891836735,0.326530612,93.54897959,11.24068451,49,234,405,83,66,5,0,5743.64,137,179,4178
pote.txt_3433,0,0,0,0,0,0,0,0,0,0,0,0,0,0,0,0.833333333,0,0,0,0.166666667,0,0,0,0,0,0,0,0,0,0.166666667,4.666666667,4.760051615,0.004831828,3.683333333,0,485.6666667,12.60205078,6,36,73,21,7,0,0,985.145,23,23,719.1
pote.txt_5821,130,0,0,0,0,0,0,0,0,0.416666667,0.333333333,0,0,0,0,0.166666667,0,0,0,0,0.083333333,0,0,0,0,0,0,0,0,0.083333333,4.166666667,6.754087608,0.004255736,2.641666667,0.333333333,31.15833333,11.26370239,12,75,139,23,14,0,0,1587.055,34,44,1039.3
pote.txt_6065,0,0,0.2,0,0,0,0.133333333,0,0,0.266666667,0,0,0,0,0,0.266666667,0.066666667,0.066666667,0,0,0,0,0,0,0,0,0,0,0,0,3.466666667,7.72636264,0.004372142,3.246666667,0.2,36.2,11.01889038,15,68,131,31,18,3,0,1767.18,47,58,1355.9
pote.txt_2665,121.6666667,0,0,0.083333333,0,0.083333333,0,0,0.166666667,0.166666667,0.083333333,0,0,0,0.083333333,0.25,0,0,0.083333333,0,0,0,0,0,0,0,0,0,0,0.083333333,3.833333333,3.759194373,0.00239149,2.766666667,0.416666667,15.06666667,11.72299194,12,71,126,24,16,0,0,1571.905,34,44,1086.1
pote.txt_5977,170.8333333,0.083333333,0,0,0,0,0,0,0.166666667,0.333333333,0.25,0,0.083333333,0,0,0,0.083333333,0,0,0,0,0,0,0,0,0,0,0,0,0,3.416666667,3.75610561,0.002744197,2.45,0.5,-19.13333333,10.4777832,12,64,121,17,15,0,0,1368.745,30,42,926.6
pote.txt_10415,0,0,0,0,0,0.333333333,0,0,0,0.666666667,0,0,0,0,0,0,0,0,0,0,0,0,0,0,0,0,0,0,0,0.333333333,4.333333333,17.7421196,0.004861201,2.5,0.333333333,-40.47037037,11.23053741,27,189,299,45,28,0,0,3649.74,72,99,2177.1
pote.txt_7429,170.5,0.05,0,0,0,0,0.25,0,0.15,0.1,0.2,0,0.05,0.05,0,0,0.05,0,0.1,0,0,0,0,0,0,0,0,0,0,0,2.35,1.758103612,0.000915982,2.485,0.5,8.32,10.00268555,20,89,159,23,23,0,0,1919.365,44,64,1367
pote.txt_4555,165,0,0,0,0,0.2,0,0,0,0.3,0.2,0,0,0,0,0,0,0,0.3,0,0,0,0,0,0,0,0,0,0,0.2,3.3,2.757104611,0.002258802,2.19,0.7,-46.53,10.30207825,10,63,105,13,11,0,0,1220.605,23,33,711
pote.txt_6227,64.66666667,0,0,0,0.133333333,0,0.066666667,0,0,0.133333333,0.066666667,0.066666667,0.066666667,0,0,0.133333333,0.066666667,0,0.133333333,0,0.133333333,0,0,0,0,0,0,0,0,0.133333333,3.4,1.761706534,0.000940997,2.94,0.266666667,-3.813333333,9.524490356,15,82,134,24,24,1,0,1872.17,42,58,1335.2
pote.txt_1655,78.4,0.16,0,0,0,0.08,0.2,0,0.08,0.12,0.08,0,0,0.04,0.08,0,0.12,0,0,0.04,0,0,0,0,0,0,0,0,0,0.12,2.4,2.757104611,0.001094141,2.62,0.4,39.424,10.30207825,25,112,184,30,31,0,0,2519.88,59,83,1808.6
pote.txt_3815,0,0,0,0,0,0,0,0,0,0,0,0,0,0,0,0.428571429,0,0,0,0.571428571,0,0,0,0,0,0,0,0,0,0.571428571,3.857142857,2.760071614,0.002241428,2.428571429,0,172.2285714,12.30105591,7,42,82,16,8,0,0,1231.39,24,24,700.4
pote.txt_1307,110,0.043478261,0.043478261,0.065217391,0.02173913,0.065217391,0.195652174,0.02173913,0.130434783,0.173913043,0.043478261,0.02173913,0,0,0,0.02173913,0,0.02173913,0.130434783,0,0,0,0,0,0,0,0,0,0,0.065217391,2.760869565,4.825644559,0.000995612,2.6,0.47826087,-6.706521739,9.628044128,46,224,371,59,56,3,0,4846.915,110,160,3411.6
pote.txt_4741,0,0,0.181818182,0,0,0,0.181818182,0.090909091,0,0.272727273,0,0,0.181818182,0,0,0,0.090909091,0,0,0,0,0,0,0,0,0,0,0,0,0,2.909090909,2.824476819,0.002403074,3.045454545,0.181818182,28.99090909,9.390335083,11,48,78,18,15,2,0,1175.36,31,42,910.7
pote.txt_3733,0,0,0,0,0,0,0,0,0,0,0,0,0,0,0,0.571428571,0,0,0,0.428571429,0,0,0,0,0,0,0,0,0,0.428571429,4.142857143,3.760061615,0.003129811,2.871428571,0,335.8857143,12.4770813,7,42,83,19,8,0,0,1201.37,25,25,749.3
pote.txt_10835,22.30769231,0,0,0,0,0.076923077,0.076923077,0,0,0.076923077,0,0,0,0.076923077,0,0.076923077,0,0.153846154,0.076923077,0.384615385,0,0,0,0,0,0,0,0,0,0.461538462,2.769230769,1.759092613,0.000958064,2.153846154,0.153846154,35.17692308,11.00073242,13,71,123,17,16,0,0,1836.09,36,43,1019.2
pote.txt_751,46.8,0.02,0.16,0.06,0.04,0.06,0.04,0.04,0.04,0.18,0.06,0,0.06,0,0.06,0.04,0.06,0.06,0.02,0,0,0,0,0,0,0,0,0,0,0.06,3.12,5.855214268,0.001014817,2.784,0.36,36.742,9.032997131,50,247,397,75,73,8,0,5769.725,140,193,4160.3
pote.txt_1139,146.4285714,0.071428571,0,0,0.071428571,0.071428571,0.142857143,0.071428571,0.142857143,0.071428571,0.214285714,0,0,0,0,0.071428571,0.071428571,0,0,0,0,0,0,0,0,0,0,0,0,0.071428571,2.857142857,0.849077264,0.00054644,2.571428571,0.5,5.528571429,8.755126953,14,75,120,20,18,0,0,1553.835,34,48,1063.6
pote.txt_11543,40,0,0,0,0,0,0.058823529,0.058823529,0.058823529,0.058823529,0,0,0,0.352941176,0,0.235294118,0.058823529,0,0.058823529,0,0.058823529,0,0,0,0,0,0,0,0,0.058823529,2.647058824,4.845237801,0.002410146,2.976470588,0.117647059,37.55882353,12.00844574,17,94,148,32,20,0,0,2010.35,46,59,1346.2
pote.txt_3151,130,0,0,0,0,0,0,0,0,0,0.333333333,0,0,0,0,0.666666667,0,0,0,0,0,0,0,0,0,0,0,0,0,0,4.333333333,1.760081614,0.003968259,3.3,0.333333333,261.8,12.00006104,3,18,37,9,4,0,0,443.54,10,11,319.3
pote.txt_9459,41.4893617,0.042553191,0.170212766,0.021276596,0.063829787,0.021276596,0.085106383,0.063829787,0.021276596,0.063829787,0.042553191,0.021276596,0.021276596,0.021276596,0.042553191,0.085106383,0.085106383,0.021276596,0.042553191,0.021276596,0.042553191,0,0,0,0,0,0,0,0,0.085106383,2.808510638,2.9469334,0.000547535,2.84893617,0.361702128,51.39361702,8.50604248,47,227,349,71,66,9,0,5382.18,131,178,3854.1
pote.txt_5925,202.1428571,0.071428571,0,0,0,0.071428571,0.142857143,0,0.071428571,0.071428571,0.428571429,0,0.071428571,0.071428571,0,0,0,0,0,0,0,0,0,0,0,0,0,0,0,0.071428571,2.571428571,0.759102613,0.000512265,2.178571429,0.642857143,-2.842857143,8.75,14,73,124,16,16,0,0,1481.855,30,44,940.9
pote.txt_10133,0,0,0,0,0,0,0,0,0,0,0,0,0,0,0,1,0,0,0,0,0,0,0,0,0,0,0,0,0,0,5,8.760011615,0.006153076,4.2,0,518.0444444,12.90304565,9,54,110,36,10,0,0,1423.68,36,36,1152
pote.txt_10299,51.76470588,0.117647059,0.117647059,0,0,0.058823529,0.058823529,0,0.058823529,0.058823529,0,0,0,0,0,0.294117647,0,0,0.058823529,0.058823529,0.117647059,0,0,0,0,0,0,0,0,0.235294118,3.176470588,5.737252631,0.002602365,2.905882353,0.411764706,4.382352941,10.89530945,17,94,155,33,20,2,0,2204.63,50,61,1484
pote.txt_4803,212.7272727,0,0,0,0,0,0,0,0.181818182,0.090909091,0.363636364,0,0,0,0,0.181818182,0.090909091,0.090909091,0,0,0,0,0,0,0,0,0,0,0,0,3.363636364,2.759082613,0.002081274,2.436363636,0.545454545,1.372727273,12.00839233,11,61,116,18,14,0,0,1325.67,29,38,892.3
pote.txt_9045,44.31818182,0.068181818,0.136363636,0,0.045454545,0.022727273,0.136363636,0.022727273,0.022727273,0.068181818,0.022727273,0,0.136363636,0,0,0.045454545,0.068181818,0.045454545,0.068181818,0.045454545,0.045454545,0,0,0,0,0,0,0,0,0.113636364,2.545454545,2.788475781,0.00058064,2.843181818,0.340909091,44.20681818,8.650291443,44,195,309,61,62,6,0,4802.415,119,161,3532.6
pote.txt_1291,94.84848485,0.121212121,0.060606061,0.03030303,0.03030303,0.060606061,0.03030303,0.03030303,0.060606061,0.121212121,0.151515152,0,0.060606061,0,0.03030303,0,0.121212121,0.090909091,0,0,0,0,0,0,0,0,0,0,0,0.060606061,2.727272727,1.827409041,0.000514172,2.63030303,0.454545455,30.48181818,8.822097778,33,159,258,42,48,2,0,3554.08,85,120,2569.2
pote.txt_6201,116.6666667,0,0,0,0,0,0,0,0,0.4,0.2,0,0,0.133333333,0,0,0,0,0.133333333,0,0.133333333,0,0,0,0,0,0,0,0,0.133333333,3.4,5.752109606,0.003117033,2.446666667,0.333333333,-12.01333333,10.22229004,15,92,157,21,18,0,0,1845.38,38,53,1118.1
pote.txt_2045,157.6923077,0.076923077,0,0,0,0.153846154,0.153846154,0.230769231,0.230769231,0,0.153846154,0,0,0,0,0,0,0,0,0,0,0,0,0,0,0,0,0,0,0.153846154,2.538461538,0.021624179,1.47E-05,2.315384615,0.615384615,45.99230769,7.02243042,13,82,107,19,14,0,0,1474.73,29,42,909
pote.txt_8785,95,0.222222222,0,0.027777778,0.055555556,0.027777778,0.055555556,0,0.027777778,0.083333333,0.055555556,0,0.027777778,0.055555556,0.055555556,0.055555556,0.027777778,0.055555556,0.138888889,0.027777778,0,0,0,0,0,0,0,0,0,0.055555556,2.5,1.763826296,0.000464982,2.786111111,0.472222222,14.15833333,9.696670532,36,165,280,48,49,0,0,3793.325,89,125,2776.1
pote.txt_7527,126.5,0,0.1,0.05,0,0.1,0.05,0,0.1,0.15,0.15,0,0.05,0.1,0,0,0.05,0,0.1,0,0,0,0,0,0,0,0,0,0,0.1,2.75,1.738423392,0.000777896,2.35,0.55,7.76,8.859375,20,105,172,24,25,2,0,2234.775,48,69,1418.7
pote.txt_11955,16.11111111,0,0.027777778,0,0.027777778,0,0.027777778,0,0,0,0,0,0,0.111111111,0.083333333,0.444444444,0.166666667,0.055555556,0.055555556,0,0,0,0,0,0,0,0,0,0,0,3.416666667,14.75285109,0.003276915,3.469444444,0.083333333,268.7805556,12.63687134,36,177,323,87,50,1,0,4502.055,117,138,3587.2
pote.txt_711,13,0.033333333,0.2,0,0.033333333,0.033333333,0.233333333,0,0,0.033333333,0,0.033333333,0,0.066666667,0.066666667,0.1,0.066666667,0,0.033333333,0,0.066666667,0,0,0,0,0,0,0,0,0.1,2.433333333,2.700479133,0.000854129,2.913333333,0.333333333,30.37333333,8.674591064,30,127,198,42,39,7,0,3161.675,80,109,2326.7
pote.txt_4333,39,0,0,0.1,0,0.2,0,0,0.1,0,0,0,0.2,0,0.1,0.1,0.1,0,0,0,0.1,0,0,0,0,0,0,0,0,0.3,3.2,-0.239786626,-0.000183974,2.7,0.3,-6.03,5.836181641,10,59,82,16,18,0,0,1303.375,28,38,904.1
pote.txt_9891,90.68965517,0.103448276,0.068965517,0.068965517,0,0.034482759,0.103448276,0,0.034482759,0.137931034,0.068965517,0.034482759,0.068965517,0,0,0.034482759,0,0.103448276,0.137931034,0,0,0,0,0,0,0,0,0,0,0.034482759,2.655172414,2.738535152,0.000896807,2.696551724,0.482758621,-2.196551724,9.306808472,29,131,226,38,39,3,0,3053.65,73,104,2253.4
pote.txt_5635,172.3076923,0,0,0,0,0,0,0,0.230769231,0.461538462,0.153846154,0,0,0,0,0,0.076923077,0,0.076923077,0,0,0,0,0,0,0,0,0,0,0,3.769230769,5.754107608,0.00373874,2.423076923,0.461538462,-36.48461538,10.6993103,13,74,143,19,15,0,0,1539.05,33,46,999.2
pote.txt_5881,146.4285714,0.071428571,0,0,0,0.071428571,0.071428571,0.071428571,0.071428571,0.214285714,0.285714286,0,0.071428571,0,0,0,0,0.071428571,0,0,0,0,0,0,0,0,0,0,0,0.071428571,3.071428571,2.844278799,0.001782169,2.421428571,0.5,-2.557142857,10.30207825,14,79,130,20,17,0,0,1595.965,34,48,1055.9
pote.txt_1585,100.6896552,0,0.068965517,0.034482759,0.034482759,0.034482759,0.034482759,0.034482759,0.068965517,0.172413793,0.137931034,0,0.034482759,0.034482759,0.034482759,0.103448276,0.034482759,0.068965517,0.068965517,0,0,0,0,0,0,0,0,0,0,0.034482759,3.24137931,5.82638004,0.001701068,2.720689655,0.379310345,31.55172414,10.20269012,29,154,263,47,39,2,0,3425.13,79,107,2398.2
pote.txt_6225,110,0,0,0,0,0,0.066666667,0,0,0.2,0.133333333,0.066666667,0.066666667,0,0,0.133333333,0,0,0.2,0,0.133333333,0,0,0,0,0,0,0,0,0.133333333,3.4,4.755086609,0.002546463,2.693333333,0.4,3.366666667,10.56504822,15,86,147,25,19,1,0,1867.33,40,54,1265.5
pote.txt_1519,112.4242424,0.090909091,0.060606061,0.090909091,0,0,0.060606061,0,0.121212121,0.181818182,0.121212121,0.03030303,0,0,0,0.03030303,0.090909091,0.090909091,0.03030303,0,0,0,0,0,0,0,0,0,0,0,2.878787879,3.737657911,0.001061159,2.606060606,0.454545455,2.733333333,9.513435364,33,152,274,42,46,3,0,3522.24,85,121,2571.8
pote.txt_1675,107,0,0,0,0.1,0,0,0.1,0.1,0,0.1,0,0,0,0.1,0.2,0.2,0,0.1,0,0,0,0,0,0,0,0,0,0,0,3.3,0.850066265,0.000694297,3.01,0.3,82.97,9.604492188,10,54,89,19,16,0,0,1224.355,29,38,912.1
pote.txt_5515,112.3076923,0,0,0,0,0.153846154,0.076923077,0,0.076923077,0.230769231,0.153846154,0,0,0,0,0.076923077,0.076923077,0,0.076923077,0.076923077,0,0,0,0,0,0,0,0,0,0.230769231,3.307692308,3.757094611,0.00231632,2.353846154,0.461538462,15.3,11.26391602,13,76,129,19,15,0,0,1622.01,33,44,1001.7
pote.txt_3527,0,0,0,0,0,0,0,0,0,0,0,0,0,0,0,0.333333333,0,0,0,0.666666667,0,0,0,0,0,0,0,0,0,0.666666667,3.666666667,1.760081614,0.001636973,2.133333333,0,199.2666667,12.00006104,6,36,70,12,7,0,0,1075.205,20,20,572.4
pote.txt_2547,132.9411765,0.411764706,0,0,0,0,0.058823529,0,0,0,0.235294118,0,0,0,0,0.235294118,0.058823529,0,0,0,0,0,0,0,0,0,0,0,0,0,2.470588235,3.760061615,0.00216465,2.947058824,0.647058824,32.07058824,12.4770813,17,74,137,29,19,0,0,1737.03,43,56,1355.2
pote.txt_4553,87,0,0,0,0,0.2,0,0,0,0.5,0,0,0,0,0,0,0,0,0.3,0,0,0,0,0,0,0,0,0,0,0.2,3.7,4.755106609,0.003802123,2.49,0.5,-55.17,10.60253906,10,63,107,15,11,0,0,1250.645,25,35,763
pote.txt_5575,180,0.076923077,0,0,0,0.076923077,0.153846154,0,0.153846154,0,0.230769231,0,0,0.076923077,0,0.076923077,0.076923077,0,0.076923077,0,0,0,0,0,0,0,0,0,0,0.076923077,2.384615385,0.760091614,0.00056068,2.376923077,0.615384615,47.14615385,9.748046875,13,65,110,16,15,0,0,1355.66,29,41,893.9
pote.txt_6925,37.77777778,0,0.333333333,0,0,0.055555556,0.111111111,0,0.055555556,0.055555556,0,0,0,0,0,0.166666667,0,0,0.055555556,0.055555556,0.111111111,0,0,0,0,0,0,0,0,0.222222222,2.833333333,3.697668671,0.001665808,2.677777778,0.5,-18.28888889,8.939750671,18,90,144,28,21,6,0,2219.745,52,66,1421.9
pote.txt_11439,39,0.1,0,0,0.3,0,0,0,0,0.1,0,0,0,0.1,0,0,0,0.1,0.1,0,0.2,0,0,0,0,0,0,0,0,0.2,2.9,-2.234464003,-0.001819129,2.94,0.2,56.41,4.252593994,10,56,81,11,20,0,0,1228.315,27,40,819
pote.txt_2615,16.59574468,0.021276596,0.170212766,0,0.042553191,0.085106383,0.085106383,0.063829787,0,0.042553191,0.021276596,0,0.021276596,0.021276596,0.042553191,0.191489362,0.085106383,0.085106383,0.021276596,0,0,0,0,0,0,0,0,0,0,0.085106383,2.936170213,8.945949181,0.001627927,3.031914894,0.319148936,89.29148936,9.881828308,47,232,359,85,63,8,0,5495.3,138,178,4055.4
pote.txt_107,72.17391304,0.086956522,0,0,0.043478261,0.130434783,0.173913043,0.043478261,0.086956522,0.173913043,0.043478261,0.043478261,0.043478261,0,0,0,0.086956522,0,0.043478261,0,0,0,0,0,0,0,0,0,0,0.130434783,2.782608696,2.84609026,0.001153707,2.647826087,0.434782609,-0.104347826,10.00140381,23,117,180,30,29,1,0,2466.91,55,80,1734.9
pote.txt_4557,87,0,0,0,0,0.2,0,0.1,0,0.4,0,0,0,0,0,0,0,0,0.3,0,0,0,0,0,0,0,0,0,0,0.2,3.5,3.843279798,0.003051179,2.51,0.5,-25.89,10.4777832,10,66,102,16,11,0,0,1259.605,25,35,765.7
pote.txt_9655,195,0,0,0,0,0,0,0,0,0,0.5,0,0,0,0,0.5,0,0,0,0,0,0,0,0,0,0,0,0,0,0,4,3.760061615,0.003432671,2.85,0.5,200.1,12.4770813,8,48,94,20,9,0,0,1095.375,24,28,765.2
pote.txt_7359,190,0.05,0,0,0,0,0.25,0,0.1,0.1,0.3,0,0.05,0.05,0,0,0,0,0.1,0,0,0,0,0,0,0,0,0,0,0,2.4,1.758103612,0.000903703,2.395,0.55,17.95,10.00268555,20,92,165,23,22,0,0,1945.445,43,63,1346.7
pote.txt_3611,0,0,0.166666667,0,0,0,0,0,0,0.333333333,0,0,0,0,0,0.166666667,0,0,0,0.166666667,0.166666667,0,0,0,0,0,0,0,0,0.333333333,3.833333333,2.747193621,0.00311094,2.683333333,0.166666667,8.333333333,9.787033081,6,36,63,11,8,1,0,883.075,19,23,533.6
pote.txt_6873,81.11111111,0.055555556,0,0,0,0.166666667,0,0,0,0.277777778,0.111111111,0,0,0,0,0.222222222,0.055555556,0,0.111111111,0,0,0,0,0,0,0,0,0,0,0.166666667,3.722222222,8.75506661,0.003793545,2.777777778,0.444444444,44.71111111,12.48658752,18,109,187,35,20,0,0,2307.885,50,64,1548.5
pote.txt_8929,63.25,0.025,0.15,0,0,0,0.1,0,0.075,0.075,0.025,0.025,0.05,0.05,0.075,0.175,0.075,0.025,0.075,0,0,0,0,0,0,0,0,0,0,0,2.925,9.697628671,0.00217223,2.9475,0.375,78.825,10.84617615,40,179,321,69,50,7,0,4464.365,112,146,3360.9
pote.txt_11491,111.8518519,0,0.037037037,0.037037037,0,0.037037037,0.074074074,0,0.148148148,0.222222222,0.111111111,0.037037037,0,0.037037037,0,0.148148148,0.037037037,0.037037037,0.037037037,0,0,0,0,0,0,0,0,0,0,0.037037037,3.407407407,8.745287379,0.002733731,2.666666667,0.407407407,55.12962963,11.60475159,27,144,261,45,32,2,0,3199.03,72,97,2214.5
pote.txt_10647,30,0.3,0,0,0,0.2,0.2,0,0,0,0,0.1,0,0.1,0,0.1,0,0,0,0,0,0,0,0,0,0,0,0,0,0.2,2.1,0.760091614,0.000742136,2.7,0.6,39.98,9.748046875,10,47,69,13,11,1,0,1024.195,22,32,709
pote.txt_11731,0,0,0.166666667,0.166666667,0,0,0,0,0,0,0,0,0,0,0,0.333333333,0,0,0,0.333333333,0,0,0,0,0,0,0,0,0,0.333333333,3.5,0.751301385,0.000815723,2.65,0.166666667,231.3666667,8.249694824,6,31,58,12,9,1,0,921.025,20,23,579.5
pote.txt_3257,0,0,0,0,0,0.25,0.25,0,0,0,0,0,0,0.25,0,0,0,0,0,0,0.25,0,0,0,0,0,0,0,0,0.5,2,-0.240897387,-0.000499233,2.375,0.25,55.65,5.5234375,4,25,30,4,6,0,0,482.535,9,13,259.5
pote.txt_9195,43.61702128,0.021276596,0.170212766,0.021276596,0.063829787,0.063829787,0.042553191,0.021276596,0.085106383,0.106382979,0.021276596,0,0.021276596,0.085106383,0,0.106382979,0.063829787,0.106382979,0,0,0,0,0,0,0,0,0,0,0,0.063829787,2.85106383,5.772575024,0.001075701,2.819148936,0.361702128,72.78510638,9.100288391,47,229,372,70,65,8,0,5366.34,131,177,3765.2
pote.txt_435,125.2,0.16,0,0,0,0.04,0.04,0.08,0.04,0.2,0.24,0,0,0,0.08,0,0.04,0.04,0,0.04,0,0,0,0,0,0,0,0,0,0.08,3,4.929454986,0.001733033,2.484,0.48,21.508,10.60253906,25,136,224,36,30,0,0,2844.41,62,86,1911.7
pote.txt_9863,111.4285714,0,0.142857143,0,0,0.142857143,0.071428571,0,0.071428571,0.142857143,0.214285714,0.071428571,0,0.071428571,0.071428571,0,0,0,0,0,0,0,0,0,0,0,0,0,0,0.142857143,3,1.738301632,0.00105922,2.207142857,0.642857143,10.91428571,8.903701782,14,77,125,17,16,3,0,1641.115,33,48,994.2
pote.txt_8279,105.3846154,0.192307692,0,0,0,0.038461538,0.192307692,0,0.038461538,0.153846154,0.153846154,0.076923077,0.038461538,0,0,0,0,0.076923077,0.038461538,0,0,0,0,0,0,0,0,0,0,0.038461538,2.5,3.75610561,0.001465995,2.596153846,0.538461538,-20.13076923,10.4777832,26,115,201,31,30,2,0,2562.155,59,87,1883.7
pote.txt_3811,0,0,0,0,0,0,0,0,0,0,0,0,0,0,0,0.571428571,0,0,0,0.428571429,0,0,0,0,0,0,0,0,0,0.428571429,4.142857143,3.760061615,0.003129811,2.871428571,0,254.0571429,12.4770813,7,42,83,19,8,0,0,1201.37,25,25,749.3
pote.txt_3583,97.5,0,0,0,0,0,0.25,0,0,0,0.25,0,0.25,0,0,0,0,0,0,0.25,0,0,0,0,0,0,0,0,0,0.25,2.5,-0.239898386,-0.000491057,2.3,0.25,0.775,5.5234375,4,18,33,5,6,0,0,488.535,10,13,311.7
pote.txt_1535,157.6923077,0.076923077,0,0,0,0.076923077,0.076923077,0,0.230769231,0.076923077,0.153846154,0,0,0,0,0,0.230769231,0,0,0.076923077,0,0,0,0,0,0,0,0,0,0.153846154,2.615384615,0.759102613,0.000529102,2.246153846,0.538461538,10.98461538,8.75,13,65,112,14,17,0,0,1434.7,31,43,925.6
pote.txt_489,103.3333333,0.060606061,0.060606061,0.03030303,0,0.03030303,0.181818182,0.03030303,0.060606061,0.151515152,0.121212121,0.03030303,0,0,0.03030303,0,0.060606061,0.060606061,0.090909091,0,0,0,0,0,0,0,0,0,0,0.03030303,2.606060606,3.823599578,0.001137614,2.606060606,0.454545455,-0.366666667,9.595466614,33,151,255,41,41,3,0,3361.07,80,115,2436.5
pote.txt_521,115,0.071428571,0.071428571,0.071428571,0,0,0.107142857,0,0.071428571,0.178571429,0.178571429,0.035714286,0.071428571,0,0,0,0,0.107142857,0.035714286,0,0,0,0,0,0,0,0,0,0,0,2.821428571,2.737546151,0.000924033,2.564285714,0.464285714,-6.335714286,9.243148804,28,128,229,35,38,3,0,2962.605,70,101,2151.4
pote.txt_6913,5.555555556,0.055555556,0.222222222,0.055555556,0,0.055555556,0,0,0,0,0,0,0.055555556,0.277777778,0,0.166666667,0,0,0,0.055555556,0.055555556,0,0,0,0,0,0,0,0,0.166666667,2.444444444,1.720589414,0.000788702,2.733333333,0.333333333,96.07777778,8.549514771,18,90,138,28,23,4,0,2181.545,50,65,1384
pote.txt_9675,108.2142857,0.214285714,0,0.035714286,0,0,0.071428571,0,0,0.142857143,0.142857143,0.035714286,0.107142857,0,0.035714286,0,0,0.071428571,0.107142857,0.035714286,0,0,0,0,0,0,0,0,0,0.035714286,2.607142857,2.757226371,0.000942179,2.65,0.5,0.246428571,10.00140381,28,125,222,36,37,1,0,2926.435,68,97,2166.6
pote.txt_1425,132.8571429,0.214285714,0,0,0,0.071428571,0,0,0.071428571,0.071428571,0.214285714,0,0.071428571,0,0,0.071428571,0,0.142857143,0,0.071428571,0,0,0,0,0,0,0,0,0,0.142857143,2.714285714,1.759092613,0.001087259,2.442857143,0.571428571,4.9,11.00073242,14,72,125,19,18,0,0,1617.915,35,47,1076
pote.txt_8935,68.5,0.15,0.025,0,0,0.025,0.15,0,0.075,0,0.025,0,0.1,0.075,0,0.075,0.025,0.15,0.05,0.05,0.025,0,0,0,0,0,0,0,0,0.1,2.15,2.749171623,0.000665077,2.7775,0.35,35.58,10.76361084,40,173,285,53,53,1,0,4133.615,101,136,3049.9
pote.txt_12135,165.3846154,0.153846154,0,0,0,0.153846154,0.076923077,0,0.230769231,0.076923077,0.153846154,0,0,0,0,0.076923077,0.076923077,0,0,0,0,0,0,0,0,0,0,0,0,0.153846154,2.769230769,1.759092613,0.001214189,2.353846154,0.692307692,-3.830769231,11.00073242,13,71,117,17,15,0,0,1448.78,30,42,933.9
pote.txt_11087,23.4,0.02,0.16,0.08,0.04,0.06,0.1,0.02,0.02,0.02,0.02,0,0.08,0.02,0.02,0.1,0.08,0.02,0.02,0.04,0.08,0,0,0,0,0,0,0,0,0.18,2.74,-0.226873155,-3.85E-05,2.814,0.3,32.508,6.702209473,50,242,357,73,77,8,0,5887.475,142,191,4191.2
pote.txt_1679,107,0,0.066666667,0,0,0,0.166666667,0.033333333,0.066666667,0.1,0.133333333,0,0.033333333,0.033333333,0.066666667,0.066666667,0.133333333,0,0.1,0,0,0,0,0,0,0,0,0,0,0,2.7,4.824456819,0.001538551,2.746666667,0.366666667,43.33333333,10.33283997,30,137,236,44,38,2,0,3135.715,77,105,2332.4
pote.txt_12067,173.3333333,0,0,0,0,0,0.111111111,0,0.111111111,0.222222222,0.333333333,0,0,0,0,0.111111111,0,0.111111111,0,0,0,0,0,0,0,0,0,0,0,0,3.333333333,2.758093612,0.002648626,2.5,0.444444444,26.24444444,11.16629028,9,48,92,14,11,0,0,1041.33,23,31,706.7
pote.txt_2287,103.75,0.0625,0,0.0625,0,0.0625,0.125,0.0625,0.0625,0.125,0.1875,0,0,0,0,0.125,0.0625,0,0,0.0625,0,0,0,0,0,0,0,0,0,0.125,3.0625,2.846378562,0.001500293,2.60625,0.375,45.79375,11.00030518,16,86,142,26,20,0,0,1897.215,42,56,1296.7
pote.txt_3657,167.1428571,0,0,0,0,0,0,0,0,0,0.428571429,0,0,0,0,0.428571429,0,0,0,0.142857143,0,0,0,0,0,0,0,0,0,0.142857143,3.857142857,2.760071614,0.002726697,2.6,0.428571429,244.8857143,12.30105591,7,42,82,16,8,0,0,1012.24,21,24,653
pote.txt_4013,195,0,0,0,0,0,0,0,0.5,0,0,0,0,0,0,0.5,0,0,0,0,0,0,0,0,0,0,0,0,0,0,4,3.760061615,0.003432671,2.95,0.5,8.75,12.4770813,8,48,94,20,9,0,0,1095.375,24,28,765.2
pote.txt_4507,195,0,0,0,0,0,0.1,0,0.1,0.3,0.4,0,0,0,0,0.1,0,0,0,0,0,0,0,0,0,0,0,0,0,0,3.6,3.757094611,0.003179788,2.41,0.5,16.13,11.26391602,10,56,108,16,11,0,0,1181.555,25,34,775.7
pote.txt_12149,127.6923077,0.076923077,0,0,0,0.153846154,0.153846154,0,0.076923077,0,0.230769231,0,0,0,0.076923077,0.230769231,0,0,0,0,0,0,0,0,0,0,0,0,0,0.153846154,3.076923077,2.760071614,0.001784318,2.638461538,0.538461538,21.24615385,12.30105591,13,72,119,23,15,0,0,1546.85,33,43,1059.7
pote.txt_409,49,0.1,0.1,0,0,0,0.1,0,0.05,0.2,0.05,0,0,0.15,0,0.05,0.1,0.05,0,0.05,0,0,0,0,0,0,0,0,0,0.05,2.55,4.73629363,0.002225111,2.725,0.3,18.04,10.06517029,20,89,159,27,24,2,0,2128.565,52,70,1471.4
pote.txt_1825,136.8,0.12,0,0,0,0.04,0.08,0.04,0.04,0.2,0.28,0,0.04,0,0.08,0,0,0.04,0,0.04,0,0,0,0,0,0,0,0,0,0.08,3.04,4.842280797,0.001708976,2.436,0.48,18.112,10.60253906,25,133,227,35,30,0,0,2833.44,61,85,1905.4
pote.txt_10477,111.4285714,0,0,0,0,0,0,0.714285714,0.285714286,0,0,0,0,0,0,0,0,0,0,0,0,0,0,0,0,0,0,0,0,0,3,1.503585379,0.000410148,2.771428571,0.285714286,154.75,7.547515869,28,228,230,68,29,0,0,3665.955,76,104,2346.4
