#name,PAAC_1,PAAC_2,PAAC_3,PAAC_4,PAAC_5,PAAC_6,PAAC_7,PAAC_8,PAAC_9,PAAC_10,PAAC_11,PAAC_12,PAAC_13,PAAC_14,PAAC_15,PAAC_16,PAAC_17,PAAC_18,PAAC_19,PAAC_20,PAAC_21,PAAC_22
potr.txt_11431,1.408,2.816,0,0,4.224,0,0,0,2.816,8.448,0,0,2.816,0,0,4.224,0,1.408,0,0,4.831,6.284
potr.txt_4109,1.575,0,0,0,0,1.575,3.15,0,3.15,0,0,0,0,0,3.15,0,0,0,0,1.575,9.471,13.62
potr.txt_2515,0.663,0,0.663,0.663,1.326,0,0,0.663,3.979,1.326,0,0.663,0,0,0.663,0.663,0,0.663,0.663,0,10.105,15.509
potr.txt_545,1.01,0.505,0,0,0,1.516,0,1.01,2.021,3.536,0,0.505,0,0,2.021,0,0,0,0,0,10.611,15.854
potr.txt_3529,0,0,0,0,0,0,0,0,0,0,0,0,0,0,5.019,0,0,0,5.019,0,16.813,14.011
potr.txt_379,4.093,2.046,0,0,3.07,2.046,0,3.07,3.07,2.046,0,0,2.046,1.023,0,1.023,0,1.023,0,0,5.03,8.097
potr.txt_9965,4.426,2.95,0,0,0,0,0,0,1.475,1.475,0,0,0,1.475,4.426,0,0,1.475,0,0,7.508,11.187
potr.txt_3617,0,0,0,0,0,0,0,7.265,3.633,0,3.633,0,0,0,0,3.633,0,3.633,0,0,6.577,8.454
potr.txt_7189,9.224,0,0,0,3.689,0,1.845,3.689,0,5.534,0,1.845,1.845,0,0,5.534,0,1.845,0,0,3.486,4.784
potr.txt_8417,0.7,2.8,0.7,0,0,3.5,0,0,2.8,0.7,0.7,0,0,0,1.4,2.8,0.7,0,0,0.7,9.921,8.992
potr.txt_10775,0,5.663,0,0.944,0.944,2.831,0,3.775,1.888,0.944,0,0.944,1.888,0,0,3.775,1.888,2.831,0,0.944,5.539,5.047
potr.txt_151,0,3.423,0,0.57,1.141,1.711,0,0.57,0,1.711,0,0.57,0,0,2.852,1.141,1.711,2.852,0,0.57,9.414,8.153
potr.txt_10261,1.658,0,0,4.144,1.658,0.829,0,0.829,0,3.315,0,0,0.829,0.829,1.658,2.486,0.829,0,0,0,8.427,8.915
potr.txt_9601,0,1.818,0,0,0,0,0,0,0,0,0,0,0,1.818,3.635,0,0,0,3.635,0,8.602,20.274
potr.txt_427,0,0,0,0,0,14.431,4.618,0,0,0,0,1.154,0,0,0,0,0,0,0,1.732,6.555,8.371
potr.txt_3877,0,0,0,0,0,0,0,0,0,0,0,0,0,0,2.526,0,0,0,6.314,0,17.847,16.063
potr.txt_1953,2.276,0,0,0,2.276,3.414,0,3.414,2.276,2.276,1.138,1.138,1.138,0,0,2.276,0,1.138,0,0,6.036,8.289
potr.txt_11631,3.08,0,0.44,0.44,0,2.2,0,1.76,2.2,0.88,0,0.88,0,1.76,0.88,0,1.32,1.32,0.44,0,8.635,10.166
potr.txt_10197,1.478,0,0,0,1.478,0,0,2.217,3.694,2.955,0,0,1.478,0,0.739,2.217,0,0,0,0,10.198,10.127
potr.txt_3569,0,0,25.035,0,0,0,0,0,6.259,0,0,0,0,0,0,0,0,6.259,0,0,3.317,4.146
potr.txt_11509,3.907,0,0,0,0,1.674,0,2.791,4.465,0.558,2.232,0.558,1.116,0,0,0.558,0,2.232,0,0,8.325,8.087
potr.txt_9351,0.815,0,0.815,0.815,0,2.446,0,0.815,1.631,1.631,0,0,2.446,1.631,1.631,0.815,0,2.446,0,0.815,10.246,7.388
potr.txt_6507,1.232,1.232,1.232,0,1.232,2.465,0,0,4.929,1.232,0,0,0,1.232,1.232,1.232,1.232,1.232,0,0,9.2,7.543
potr.txt_10387,1.893,0,0,0,1.893,0,0,0,0,0,0,0,0,0,3.786,0,0,0,0,0,14.296,23.507
potr.txt_8223,1.896,0,0.632,0,1.896,3.16,1.896,2.528,1.896,0,0,0.632,0,0.632,0,0.632,0,0,0.632,0,9.778,10.334
potr.txt_7077,0.895,0,0,0,0.448,0.895,0,0,0,1.343,0,0,0,0,3.581,0,0,0.448,0.448,0,15.057,21.167
potr.txt_761,0,1.972,0.986,0.986,0.986,0.986,0.986,0,0.986,0.986,0,1.972,0.986,0,2.958,2.958,0.986,0,0,0,8.877,8.774
potr.txt_9847,2.371,0,0.79,0.79,0,3.161,0,2.371,2.371,1.581,0,0,0,0.79,0,2.371,0,0.79,0.79,0,8.621,9.586
potr.txt_8399,2.62,0.524,0.524,0,1.048,1.572,0,0.524,0.524,1.048,0,1.048,0.524,0,2.096,0.524,0.524,0,0.524,0.524,11.911,11.219
potr.txt_11911,0,0,0,0,0,0,0,0,5.437,7.611,0,0,0,0,0,0,0,0,0,0,9.379,15.473
potr.txt_825,3.367,0,0,0,0,0,0,2.525,3.367,3.367,0,0,0,0,0.842,0,0,1.683,0,0,9.867,11.855
potr.txt_11389,1.337,3.567,1.783,0,0.446,2.229,0.446,0.892,1.783,1.337,0,1.337,0.892,0,0.892,2.229,0.892,0.892,0,1.337,7.296,7.365
potr.txt_6585,4.331,2.165,0,0,2.165,0,0,2.165,3.248,1.083,0,1.083,1.083,0,1.083,0,0,0,0,0,10.922,7.054
potr.txt_3167,0,0,0,0,0,0,0,0,0,0,0,0,0,0,7.28,0,0,0,0,3.64,9.616,19.229
potr.txt_3973,0,0,0,7.229,0,0,0,3.615,0,0,0,0,0,0,0,0,0,3.615,0,3.615,10.611,7.699
potr.txt_621,0,0,0.76,0.76,0.76,0.76,3.039,0,1.519,0.76,0,1.519,0,0,2.279,1.519,0,0,0,2.279,9.315,11.377
potr.txt_2691,1.209,0,0,0,1.209,1.209,0,0,3.627,6.045,0,1.209,0,0,0,1.209,1.209,1.209,0,0,7.799,10.448
potr.txt_4789,0,0,0,0,0,0,0,0,5.751,1.438,0,0,2.876,0,0,0,0,2.876,0,2.876,11.835,9.029
potr.txt_1007,1.33,0,1.33,0,0.665,0,0.665,0.665,1.995,1.995,0.665,1.995,0,0.665,1.33,1.33,1.33,1.33,0,1.33,7.989,9.774
potr.txt_10947,0,6.651,0,1.108,1.108,3.326,0,2.217,2.217,1.108,0,3.326,2.217,0,0,2.217,2.217,4.434,0,1.108,4.509,4.404
potr.txt_773,0.546,0,0,0.546,0,1.093,0,0,3.825,2.186,1.093,0.546,0,0,1.639,1.093,0,0,1.093,0,10.788,13.08
potr.txt_11629,0,2.177,0,0,0,2.177,0,0,0,0,0,0,0.544,0,3.265,0,0,0,1.633,0.544,13.253,16.869
potr.txt_5449,1.283,0,1.283,1.283,2.566,1.283,0,2.566,2.566,0,0,0,0,0,0,1.283,0,0,0,0,11.957,11.227
potr.txt_12057,0,0,0,0,4.652,0,0,4.652,0,4.652,0,0,13.955,0,0,0,0,0,0,4.652,5.122,4.055
potr.txt_3029,0,0,0,0,2.078,2.078,1.039,0,3.117,1.039,0,0,0,0,1.039,0,1.039,1.039,0,2.078,12.376,10.18
potr.txt_3337,0,0,0,0,0,0,0,0,0,0,0,0,0,0,3.809,0,0,0,5.713,0,13.755,18.338
potr.txt_2231,4.75,0,0,0,0,0,0,2.375,2.375,4.75,0,1.188,0,0,1.188,0,0,0,0,0,9.453,10.435
potr.txt_4063,5.057,0,0,5.057,0,5.057,0,0,0,0,0,5.057,0,0,0,5.057,0,0,0,0,7.872,4.811
potr.txt_5347,1.07,0,0,0,1.07,1.07,0,0,6.419,0,0,0,0,0,3.21,1.07,0,0,0,0,11.982,11.507
potr.txt_5215,0,0,0,1.126,2.252,0,0,0,2.252,1.126,0,1.126,0,0,2.252,1.126,0,0,0,2.252,9.715,14.387
potr.txt_169,0,9.143,1.143,0,2.286,2.286,2.286,2.286,2.286,0,1.143,0,1.143,0,1.143,1.143,2.286,0,0,0,5.898,5.016
potr.txt_7133,0,0,0,0,0,1.277,0,1.277,0,1.277,0,0,0,0,2.554,0,0,0,1.277,0,15.459,22.041
potr.txt_71,0,0,0,0,0,1.945,0,1.945,1.945,11.673,0,1.945,1.945,0,0,1.945,0,1.945,0,0,5.021,7.658
potr.txt_7221,3.427,1.142,0,0,0,2.285,2.285,0,2.285,5.712,0,2.285,0,0,0,0,0,1.142,1.142,0,7.331,7.768
potr.txt_6875,0.586,0,0,0,1.756,0,0,0,2.927,1.171,0,0,0,0,2.342,0.586,0,1.171,0,0,11.4,18.274
potr.txt_6773,1.613,0,0,0,2.42,0.807,0,2.42,4.033,2.42,0,0,0.807,0,0,0,0,0,0,0,10.786,11.808
potr.txt_1765,0.99,2.971,0.495,0,1.485,3.466,1.485,0.99,0.495,0,0,0.495,0.495,1.485,1.485,0.495,0.99,0,0,0.99,7.406,10.171
potr.txt_173,0,2.944,0,0,0.736,2.208,0,0,0,0.736,0,0,0,0,4.416,0,0,1.472,0,0.736,11.076,13.446
potr.txt_3225,6.517,0,0,0,0,0,0,0,6.517,0,0,0,0,0,0,0,0,0,0,0,9.95,14.924
potr.txt_1505,2.834,1.89,0,0,1.89,0.945,0,1.89,3.779,3.779,0.945,0.945,1.89,0,0,0,0.945,0.945,0,0,5.997,8.386
potr.txt_1483,0.621,3.728,0.621,1.243,0,2.485,0.621,1.243,3.106,1.243,0,0.621,0.621,0,0,1.864,1.243,0.621,0,2.485,7.878,6.729
potr.txt_8829,3.637,0,0,0,0,0.909,0.909,0.909,0.455,1.364,0,1.364,1.819,0,1.819,0,0.455,2.273,0,0.909,9.709,9.954
potr.txt_6661,0,3.509,0,0,0.877,3.509,0,0,0,0.877,0,0,0,0,3.509,0,0,1.755,0,0.877,12.61,9.433
potr.txt_3175,0,0,0,0,0,0,0,0,8.424,4.212,0,0,0,0,0,0,0,0,0,0,8.517,17.034
potr.txt_3079,0,0,0,0,0,0,0,0,1.782,0,0,0,2.673,0,4.456,0,0,0,2.673,0,13.045,14.444
potr.txt_2059,0.737,0,0,0,1.474,1.474,0,0,0,0.737,0.737,0,0,0,3.685,1.474,0,0,0,0.737,18.746,9.816
potr.txt_9691,0,0,0,0,0,2.047,1.023,2.047,3.07,2.047,0,0,0,0,1.023,0,0,0,1.023,0,12.402,13.778
potr.txt_6723,4.432,0,0.886,0.886,0,1.773,0,0.886,3.545,2.659,0,0,0,0,0,0,0,0,0,0,9.317,12.518
potr.txt_7323,0.889,0,0,1.778,0,1.778,0,0.889,0,0,0.889,0.889,1.778,0.889,0.889,1.778,0,1.778,1.778,1.778,9.254,9.359
potr.txt_6395,0.736,0,0.736,0,0,1.472,0,0,0,2.207,0,0,0,0,3.679,0,0,1.472,0.736,0.736,12.294,14.83
potr.txt_11561,0,0,0,0,0,0,0,0,0,0,0,0,5.123,0,15.369,0,0,0,0,0,6.429,9.643
potr.txt_3851,0,0,0,0,0,0,0,0,0,0,0,0,0,0,12.662,0,0,0,5.065,0,5.49,13.18
potr.txt_2205,7.062,0,0.543,0.543,0,1.63,0,1.087,3.26,0.543,0.543,0.543,0,0,0,1.087,0,0.543,0.543,0,8.916,9.544
potr.txt_9111,1.804,0,0.361,0.361,0.361,2.165,0,1.443,1.443,1.082,0,0.361,1.082,1.804,1.443,0.361,0.361,1.443,0.361,0,9.08,11.267
potr.txt_7301,2.833,0,0,0,1.417,2.833,1.417,4.25,1.417,4.25,1.417,1.417,1.417,0,0,2.833,0,1.417,0,0,4.672,7.086
potr.txt_8783,0.586,3.514,0,0,0,6.443,0.586,0,0.586,0.586,0,0.586,1.757,1.171,0.586,1.757,0,0,0.586,1.757,8.058,8.007
potr.txt_3671,0,0,0,0,0,0,0,0,0,0,0,0,0,0,8.294,0,0,0,3.318,0,9.8,17.637
potr.txt_7897,2.297,0,0,0.766,1.532,3.063,0.766,0.766,3.063,1.532,0,0,0,0,0,2.297,0.766,0.766,0,0,8.06,10.732
potr.txt_3357,0,0,0,0,0,0,0,0,0,0,0,0,0,0,7.078,0,0,0,4.719,0,7.387,19.692
potr.txt_501,3.647,2.431,0,0,3.647,0,0,0,3.647,7.294,0,0,1.216,0,0,1.216,0,1.216,0,0,5.767,7.514
potr.txt_6213,0,3.014,0,0,0,3.014,0,0,1.005,0,0,1.005,0,0,3.014,1.005,0,2.009,0,1.005,8.942,12.89
potr.txt_3159,0,0,0,0,0,0,0,0,0,0,0,0,0,8.104,16.209,0,0,0,0,0,4.427,8.854
potr.txt_10713,0,0,0,0,1.707,0,0,2.561,2.561,0.854,0,0,0,0.854,1.707,0,0,0.854,0,0,11.104,17.37
potr.txt_4443,0,3.176,0,0,0,0,0,3.176,6.351,0,3.176,0,0,0,0,6.351,6.351,3.176,0,0,4.901,4.597
potr.txt_3277,0,0,0,0,0,0,0,0,3.961,0,0,0,0,0,0,0,0,0,3.961,0,14.661,21.993
potr.txt_2177,0.673,4.04,0,0,0,2.02,1.347,0,4.04,0.673,1.347,2.02,0.673,1.347,1.347,0,2.02,0.673,0,0,7.288,7.424
potr.txt_11017,0.956,0.478,0,1.913,0.478,1.435,4.782,0,2.869,1.435,0,0,0,0.478,0.478,0.478,0.478,2.391,0,0,8.103,9.633
potr.txt_11085,0,0,0,0,1.059,1.059,0,0,5.293,4.235,0,0,0,0,0,0,2.117,1.059,1.059,0,11.7,9.082
potr.txt_10039,0,0,0,0,0.887,0,0,1.775,3.55,0,0.887,0.887,0,1.775,2.662,0,0,0,1.775,0,11.607,11.449
potr.txt_8377,3.796,0,0,0.759,0,4.556,0,0.759,3.037,3.796,0,0.759,0,0,0,0,0.759,1.518,0,0.759,7.84,8.226
potr.txt_11309,1.893,0.473,0.473,0,1.893,2.839,0,1.42,0.473,0,0,2.366,1.42,0.473,0.946,1.42,1.893,0.473,0,2.366,8.715,7.085
potr.txt_9873,2.103,0,0,0,0,10.516,0,4.206,0,10.516,0,0,2.103,0,0,2.103,0,4.206,0,0,3.463,4.571
potr.txt_8581,0.645,0,0.645,0.645,1.29,3.224,0,1.29,1.934,3.224,0,1.29,0,0,0.645,0,3.224,1.29,0,0,8.445,8.636
potr.txt_5497,2.198,0,0,0,0,1.099,0,0,3.298,3.298,0,1.099,0,0,0,1.099,0,1.099,1.099,0,9.457,13.465
potr.txt_9253,1.526,0,0,0,0.763,2.289,0,2.289,3.816,3.816,0,0,0.763,0,0,0.763,1.526,1.526,0.763,0,8.562,8.07
potr.txt_10173,0,0,0,0,0,0,0,8.017,8.017,0,0,0,0,0,0,0,0,0,0,0,20.594,0
potr.txt_1517,1.788,1.788,0,0,0.894,2.682,0,3.577,3.577,2.682,0.894,0,1.788,0,0,0,1.788,0,0,0,6.535,8.755
potr.txt_2087,4.643,0,0.663,0,0,1.99,0.663,0.663,2.653,3.317,0.663,0,0,0.663,0,0.663,1.99,1.327,0.663,0,6.799,9.213
potr.txt_2619,3.822,0,0,0,1.274,2.548,0,0,1.274,1.274,0,0,3.822,0,1.274,3.822,5.096,1.274,0,0,6.09,6.479
potr.txt_1963,2.739,0,0.913,0,1.826,2.739,3.652,0.913,0.913,1.826,0.913,0,0,0,0.913,0.913,0,0.913,0.913,0,7.656,8.76
potr.txt_11319,2.276,0,0,0,2.276,0,0,2.276,2.276,0,2.276,0,4.553,2.276,0,4.553,2.276,0,4.553,0,4.058,6.373
potr.txt_309,2.512,0,0.502,0.502,0,2.01,0,0.502,3.517,1.507,0,0,0.502,1.005,0,0,0.502,0.502,1.507,0,10.589,11.237
potr.txt_1005,2.389,1.194,0.597,0,1.194,2.389,0.597,0,1.194,1.791,0,1.791,0.597,0,1.194,1.791,2.389,2.986,0,0,6.172,8.634
potr.txt_3763,0,0,0,0,0,0,0,0,0,0,0,0,0,0,5.052,0,0,0,3.789,0,17.847,16.063
potr.txt_10675,2.521,0,1.26,0,0,1.26,2.521,0,2.521,0,0,0,0,0,2.521,1.26,0,0,0,1.26,10.813,10.946
potr.txt_2169,0,3.929,0,0,1.31,1.31,0,0,0,0,0,0,0,0,3.929,0,0,1.31,0,0,10.137,16.961
potr.txt_6245,1.006,0,0,1.006,1.006,0,0,1.006,4.026,1.006,0,0,1.006,0,1.006,1.006,0,3.019,0,0,11.066,10.73
potr.txt_9573,0,0,0,0,0.619,3.097,0,0.619,1.858,0.619,0,0.619,0,0.619,0.619,0.619,0.619,0,0.619,1.858,11.779,14.21
potr.txt_4795,6.063,3.031,0,0,0,0,0,0,3.031,1.516,0,0,0,0,1.516,0,0,0,1.516,0,8.955,10.879
potr.txt_7719,0.621,0,0.621,0,0,0,0,0.621,2.484,4.346,0.621,0,0,0.621,1.863,0,0.621,1.242,0,0,11.1,12.771
potr.txt_9661,0,0,0,0,0,0,0,0,6.488,6.488,0,0,0,0,0,0,0,0,0,0,7.803,17.167
potr.txt_1461,0,0,0,0,2.63,2.63,0,1.315,1.315,3.945,0,0,1.315,0,1.315,0,0,1.315,0,1.315,7.904,11.448
potr.txt_9491,2.632,0,1.316,0,1.316,1.316,0,3.949,2.632,1.316,1.316,0,0,0,0,1.316,0,1.316,0,0,8.061,9.895
potr.txt_4981,0,0,0,0,0,3.206,0,1.603,3.206,8.014,0,0,0,0,0,1.603,1.603,0,0,0,7.537,9.644
potr.txt_315,0,0,0.964,0,0,4.821,0,0.964,2.892,4.821,0,0,0.964,0,0,0,0,2.892,0,0,7.403,10.66
potr.txt_2679,0.721,0,0.721,0,0.721,1.443,0,1.443,1.443,0.721,0,0,0,0.721,2.164,0,0,0.721,0,0,12.543,16.512
potr.txt_9307,0,1.854,0,0,0,1.854,0,1.854,4.634,2.78,0,0,0,0.927,0,0.927,1.854,4.634,0,0,6.201,9.2
potr.txt_5755,1.233,0,0,0,0,1.233,0,2.466,4.932,2.466,1.233,1.233,0,0,0,0,0,1.233,1.233,0,9.554,9.615
potr.txt_7929,3.744,1.872,0,0,2.808,0,0,3.744,3.744,0.936,0,0,1.872,0,0,1.872,0,1.872,0,0,6.145,8.392
potr.txt_4309,0,0,0,0,0,0,0,0,0.934,1.867,0,0,0,0,2.801,0,0,0,2.801,0,15.934,19.24
potr.txt_7765,3.257,0,0,0,1.628,1.628,2.442,0,3.257,1.628,0,0,0,0,0,0.814,0.814,1.628,0,0.814,7.154,11.324
potr.txt_7035,0,0,0,0,0,0,0,0,2.184,0,0,0,0,0,3.275,0,0,0,4.367,0,13.421,17.915
potr.txt_2135,3.509,0,0.702,0.702,0.702,2.106,0,0.702,2.808,1.404,0.702,0.702,0,0,0,0.702,0.702,1.404,0.702,0,8.694,10.167
potr.txt_2125,0.435,2.608,0.435,0.435,1.304,2.174,0.869,0,0.435,0,0,1.304,0.435,0,3.043,0.435,0,0,0.869,0.869,11.425,9.649
potr.txt_11161,0,4.486,0,0,1.495,1.495,0,1.495,0,0,0,0,0,0,2.99,0,1.495,0,0,0,11.16,13.028
potr.txt_10925,5.566,0,0,1.113,2.227,2.227,2.227,1.113,1.113,2.227,0,0,1.113,0,0,0,0,5.566,0,0,5.557,7.611
potr.txt_1011,0,0,0,0,1.617,1.617,0,0,0,1.617,0,0,0,3.235,3.235,3.235,0,1.617,0,0,8.909,11.515
potr.txt_3239,17.202,0,0,0,0,0,0,0,5.734,0,0,0,0,0,0,0,0,0,0,0,5.68,8.52
potr.txt_10929,2.417,0,0.604,0.604,0.604,3.626,0,2.417,3.022,1.209,0,1.209,0,0,0,1.209,0.604,1.209,0,0,8.181,9.474
potr.txt_4515,0,0,0,0,1.343,1.343,0,1.343,4.029,5.372,0,0,0,0,0,0,0,0,0,0,9.229,15.002
potr.txt_4823,0,0,0,0,0,0,0,0,6.22,6.22,0,0,1.244,0,0,0,0,0,0,0,8.047,15.786
potr.txt_3095,0,0,0,0,1.392,0.696,0,2.783,1.392,1.392,0.696,0.696,0,0,1.392,0.696,0.696,1.392,0,0,10.708,13.861
potr.txt_10891,2.309,1.54,0.77,0,0,3.849,0,1.54,3.849,4.619,0,1.54,0,0,0,0,1.54,1.54,0,0,7.079,7.01
potr.txt_7453,3.216,0,0,0,0,3.216,0,0.804,3.216,3.216,0.804,0.804,0,0,0,0,0,0,0.804,0,9.353,11.181
potr.txt_4599,0.981,0,0,0,0,0.981,0,0,0,0,0,0,0.981,0,3.924,0,0,0,2.943,0,14.957,16.418
potr.txt_3097,1.247,0,0,0,0.416,1.663,0,1.247,3.326,0,0.416,0,0,0.416,2.494,0.416,0.831,0,0,0.416,11.247,13.875
potr.txt_12041,1.581,0,0,0,0,3.162,0,0,3.162,0,0,0,0,0.79,3.162,1.581,0.79,0.79,0,0,16.771,5.131
potr.txt_2355,0,6.129,2.452,0,1.226,0,0,2.452,0,0,0,1.226,0,1.226,0,6.129,3.678,3.678,1.226,0,4.703,5.808
potr.txt_5897,1.131,0,0,0,0,0,0,2.262,5.656,4.525,0,1.131,0,0,0,0,0,0,0,0,10.342,11.988
potr.txt_2011,4.538,0,0,0,1.512,3.025,0,1.512,1.512,7.563,0,0,0,1.512,0,1.512,1.512,1.512,0,0,6.099,6.331
potr.txt_8295,4.768,0,0,0,1.907,0,3.814,0,3.814,6.675,0,0,0,0,0,0,0,0,0,0,6.978,8.694
potr.txt_2309,1.706,0,0,0,0,1.706,0,3.411,1.706,3.411,0,1.706,3.411,0,0,1.706,0,5.116,0,1.706,6.387,6.12
potr.txt_3489,0,0,0,0,0,0,0,0,0,0,0,0,0,0,3.549,0,0,0,17.746,0,6.851,8.568
potr.txt_11711,2.233,0,0,0,0,3.349,0,3.349,1.117,4.466,0,0,1.117,2.233,2.233,1.117,2.233,2.233,1.117,0,5.044,6.781
potr.txt_8609,1.444,0,1.444,2.887,0,0,2.165,0,0.722,2.165,0,0,1.444,1.444,2.165,2.165,1.444,2.165,0,0,6.763,8.376
potr.txt_10923,0.66,0.66,0.99,0.66,0.99,2.971,0.33,1.981,2.641,0.66,0.33,0,0,0,0.33,0,0.66,1.321,0,0,10.237,11.439
potr.txt_2097,0.904,3.617,0.452,0.904,0.904,3.165,0,0.452,2.261,1.356,0,0.452,0.904,0.904,0.904,1.809,0.452,0.452,0,0.452,7.48,8.716
potr.txt_2759,0,2.142,0,0,0,2.142,0,2.142,3.214,0,0,1.071,2.142,1.071,2.142,1.071,1.071,1.071,0,1.071,5.963,10.225
potr.txt_2625,5.295,1.765,0,0,0,1.765,0,3.53,0,3.53,0,0,0,3.53,0,0,0,3.53,1.765,0,5.923,7.11
potr.txt_7585,0,2.448,0,0,0,7.343,0,0,2.448,7.343,0,0,0,0,0,2.448,0,3.672,0,0,5.044,7.395
potr.txt_6481,0,0,0,0,0,0,0,0,6.382,3.191,0,0,2.127,0,0,0,0,3.191,0,2.127,15.411,4.028
potr.txt_5245,1.339,0,0,2.679,0,0,0,4.018,4.018,0,0,0,0,0,0,0,0,2.679,0,1.339,11,9.546
potr.txt_5823,0,0,0,0,1.992,0,0,0.664,1.328,1.328,0,0,0,0,3.319,0,0,0,0,0.664,12.649,20.034
potr.txt_9725,1.199,0,0,0,0,1.199,1.199,3.598,3.598,1.199,0,1.199,0,0,0,0,0,0,1.199,0,9.63,13.144
potr.txt_6831,3.05,0,0,0,3.05,3.05,1.525,6.1,1.525,3.05,0,0,3.05,0,0,3.05,0,0,0,0,6.21,5.267
potr.txt_10325,0,0,0,0,0,10.401,6.241,0,0,0,0,0,0,2.08,0,2.08,0,4.161,0,0,7.231,5.646
potr.txt_11485,0,2.652,0,0,0,1.326,0,0,0,0.663,0,0,0,0.663,3.978,0,0.663,0.663,1.326,0,13.615,13.205
potr.txt_1485,0,0,0,0,2.354,2.354,3.139,2.354,1.57,0.785,0,0,0,0,0.785,0,2.354,2.354,0,0,7.726,10.608
potr.txt_2207,2.014,1.342,0.671,0,0.671,2.014,0,1.342,2.685,2.685,0,0.671,0,0,0.671,0.671,4.698,2.685,0,0,7.055,7.226
potr.txt_245,0,0,0,1.378,0.919,2.296,0,1.378,3.674,1.837,0,0.459,0.919,1.378,0.459,0,0,0.459,0,0,8.823,12.893
potr.txt_9919,0.453,2.719,0,0,0,2.266,0,1.36,1.36,0.453,0.453,0.906,0.906,1.813,3.172,1.36,0.453,1.36,0,0,8.147,9.222
potr.txt_10355,1.329,0,0,0,0,2.658,0,1.329,3.988,5.317,1.329,0,0,0,0,0,0,2.658,0,0,7.967,9.809
potr.txt_8185,2.185,0,0,0,1.457,1.457,2.185,0,2.913,0.728,0,0,0,0,0,4.37,0.728,0.728,0.728,0.728,7.463,10.711
potr.txt_665,2.141,0,0,0.535,0,3.747,1.071,2.677,3.747,0.535,0,0.535,0.535,0.535,0.535,0.535,0.535,2.141,0,0.535,7.731,8.468
potr.txt_5133,0.941,0,0,0,0.941,0,0,1.882,1.882,0.941,0,0,0,0.941,2.823,0,0,0.941,0,0,13.368,14.702
potr.txt_593,1.083,0,0.542,0,0,2.708,0.542,1.625,2.167,1.625,0,0,0,0,2.708,0,0,0.542,0.542,0,9.846,13.381
potr.txt_4045,0,0,0,0,8.13,0,0,2.032,0,2.032,0,0,0,0,2.032,0,0,0,0,0,10.674,12.341
potr.txt_5095,2.921,0,0,0,0.974,0,0,0.974,1.948,0.974,0,0,0,0.974,2.921,0,0,0,0,0,13.214,14.08
potr.txt_10657,0,0,0,0,0,0,0,0,3.452,0,0,0,0,0,1.381,0,0,0,4.142,0,11.86,21.677
potr.txt_5407,2.21,0,1.105,1.105,2.21,0,0,3.314,2.21,1.105,0,0,0,0,0,1.105,0,0,0,0,9.242,13.576
potr.txt_6707,0,0,0.845,0.845,1.69,0,0,0.845,4.225,1.69,0,0.845,0,0.845,0.845,0.845,0,0.845,0,0,9.861,12.952
potr.txt_10121,0,0,0,0,0.907,0,0,1.813,0.907,0,0,0,0.907,0,2.72,0,0.907,2.72,0.907,0,12.313,14.788
potr.txt_7639,3.895,0,0,0,0,1.298,0,1.298,1.948,0.649,0,0,0,0,1.948,0.649,0,0,0.649,0.649,10.371,14.588
potr.txt_3473,0,0,0,0,0,0,0,0,0,0,0,0,0,0,4.2,0,0,0,8.4,0,18.079,7.535
potr.txt_11871,1.478,3.941,0,0,0,3.448,0,0,0,0.985,0,0.493,0,2.463,1.97,2.463,0.493,0,0.493,0.985,8.47,8.731
potr.txt_2327,0.916,0,0,0,0.916,1.832,0,1.832,3.664,2.748,0,0.916,0,0,0,1.832,0.916,1.832,0,0,8.653,10.362
potr.txt_6445,0.944,0,0,0,0,0.944,0,1.887,4.718,3.775,0,0,0,0,0,1.887,0,0,0.944,0,8.384,13.409
potr.txt_4303,0,0,0,6.142,0,0,0,0,0,0,0,0,3.071,3.071,0,0,0,3.071,0,6.142,9.148,6.114
potr.txt_7279,2.39,0,0.797,0,1.593,1.593,0,0,3.984,2.39,0,0,0,0,0,0,0.797,1.593,0,0,10.452,11.289
potr.txt_5551,0,0,0,0,0,0,0.803,4.818,1.606,0.803,0,0,0,0,2.409,0,0,0,0,0,11.09,18.805
potr.txt_5115,0,0,0.979,0,0.979,0,0,1.959,2.938,0.979,0,0,0,0.979,1.959,0,0,0.979,0,0,11.603,15.561
potr.txt_5205,0,0,0,0,0.824,0,0,1.649,0,0.824,0,0,0,0,4.122,0,0,2.473,0,0,15.018,16.157
potr.txt_5123,0.934,0,0.934,0,0,0,0,1.867,1.867,0.934,0,0,0,0.934,2.801,0,0,0.934,0,0,12.258,15.996
potr.txt_1239,1.92,0,0,0,1.92,0,0.96,1.92,3.84,1.92,0.96,0.96,0.96,0,0.96,0,0.96,0,0,0,9.132,10.017
potr.txt_6823,0.882,0,0,0,0.882,0.882,0.882,0.882,3.53,0.882,0,0,0.882,0,0.882,1.765,0,1.765,0,0,9.845,13.329
potr.txt_10547,3.463,0,0,0,1.154,0,0,0,4.617,4.617,0,0,0,0,0,0,0,0,0,0,10.428,13.145
potr.txt_1781,0,0,0,0,3.382,3.382,0,0,1.691,8.455,0,0,1.691,0,0,1.691,0,1.691,0,0,6.017,8.873
potr.txt_875,2.749,0.687,0,0,1.375,2.749,0,1.375,4.124,1.375,0,2.062,0.687,0.687,0,1.375,1.375,0.687,0,0.687,5.997,8.886
potr.txt_6115,0,0,1.069,0,1.069,2.138,0,1.069,4.277,2.138,1.069,0,1.069,0,1.069,0,0,1.069,0,0,7.782,12.805
potr.txt_11487,0,0,0,0,0,0.942,0,0,0.942,0,0,0,0,0.942,5.653,0,0.942,0.942,0,2.827,13.467,11.149
potr.txt_5681,0,0,0,0,1.335,0,1.335,0,6.675,1.335,0,0,1.335,0,1.335,1.335,0,0,0,2.67,10.137,8.931
potr.txt_1023,0,0,0.734,0,0.734,0.734,0.734,0,2.202,1.468,0.734,0,1.468,0,2.202,0.734,1.468,0.734,0,1.468,10.484,10.897
potr.txt_10491,0,0,0,0,2.781,0,0,1.39,1.39,4.171,0,0,0,0,1.39,2.781,1.39,0,0,0,7.78,13.755
potr.txt_303,0,0,0.577,0,0.577,0,0,1.155,1.155,1.155,0,0,1.155,0.577,2.887,0,0.577,2.31,1.155,0,12.632,11.839
potr.txt_10963,0.988,0,0.988,0.988,0,8.895,0,0,0,8.895,0,0.988,0,0,0,4.942,0.988,0.988,0,0,4.697,6.172
potr.txt_9803,0,2.655,0,0,0,7.965,0,1.328,1.328,7.965,1.328,0,0,0,0,2.655,0,2.655,0,0,5.032,6.225
potr.txt_7789,0,0,0,0,0.65,1.95,0,1.95,0.65,0,0,0,1.3,0.65,3.25,0.65,1.3,0,0.65,0,12.409,12.525
potr.txt_8457,2.862,1.431,1.431,0,0,1.431,0,1.431,3.577,2.862,0.715,1.431,0,0.715,0,0,1.431,0.715,0,0,7.923,8.541
potr.txt_4765,0,0,0,1.79,1.79,0,1.79,1.79,1.79,1.79,0,0,0,1.79,1.79,3.581,0,1.79,0,0,8.157,8.607
potr.txt_5477,2.404,0,0,0,2.404,0,0,0,2.404,2.404,0,1.202,0,0,0,1.202,0,2.404,1.202,0,8.533,12.569
potr.txt_139,0,3.209,0,0,1.604,0.535,0,0.535,0,1.07,0,0.535,0.535,0.535,3.744,0,2.674,0.535,0,1.07,9.026,10.916
potr.txt_8897,0.922,2.766,0.461,0.461,1.383,1.844,0.922,0.461,0.922,0,0,0,0.461,0.922,2.766,1.383,1.383,0,0,0.461,8.683,10.208
potr.txt_10153,0,0,0,0,0,0,0,0,0,0,0,0,3.785,1.262,13.88,3.785,1.262,0,0,0,4.771,8.728
potr.txt_7807,0,0,0,0,2.137,2.849,2.849,2.137,0.712,0.712,0,0,0,0,1.425,0,1.425,2.137,0,0,8.466,11.707
potr.txt_10689,1.415,1.415,0,0,0.707,1.415,0.707,0,0,0,0,2.122,0.707,0,2.122,0,0,2.829,0.707,0.707,10.937,11.19
potr.txt_11781,2.247,6.742,0,1.124,0,3.371,0,2.247,0,2.247,0,0,3.371,0,1.124,1.124,3.371,1.124,0,2.247,5.444,4.653
potr.txt_11027,1.876,0,0,0,0,3.752,0,3.752,1.876,11.254,0,0,1.876,0,0,5.627,0,1.876,0,0,4.233,5.211
potr.txt_2469,1.509,0,0,0,0.754,0,0,0.754,0.754,0,0,0,0,0,3.772,0,0,0,1.509,0,20.487,12.835
potr.txt_5361,0,0,0,0.999,0.999,1.998,0,2.997,1.998,1.998,0,0,0,0,0,0.999,0,0,0.999,0,10.319,14.637
potr.txt_1663,2.779,0,0,0,0.926,3.705,0,0,2.779,4.632,0,2.779,0.926,0.926,0,0.926,0,2.779,0,0,6.077,7.968
potr.txt_4411,2.389,0,0,4.778,0,0,0,2.389,0,0,0,0,2.389,2.389,0,0,2.389,0,0,4.778,7.267,7.991
potr.txt_7947,1.929,0,0,0,0,0,3.859,0,0,2.894,0,0,4.824,0.965,3.859,1.929,0.965,0,0,1.929,5.574,8.475
potr.txt_6121,0.871,0,0,0,1.741,1.741,0,0,0.871,0.871,0.871,0,0,0,2.612,2.612,0,0,0,0.871,17.191,7.641
potr.txt_5871,2.036,0,0,0,0,4.073,0,0,4.073,0,0,0,0,1.018,2.036,0,0,1.018,0,0,17.42,5.554
potr.txt_791,1.465,3.906,0,0,0,3.418,0,0,0,0.977,0,0.488,0,2.93,1.953,2.441,0.488,0,0.488,0.977,8.284,8.625
potr.txt_6811,1.596,0,0,0,0,0.798,0,1.596,2.394,0.798,0,0.798,0,0,1.596,0,0.798,2.394,0,1.596,9.556,13.257
potr.txt_4277,0,0,0,0,0,0,0,1.014,1.014,4.056,0,0,0,0,3.042,0,0,0,0,0,14.678,18.45
potr.txt_9155,1.062,4.246,1.062,0,0,4.246,0.531,0.531,2.654,0.531,0,0,3.184,0.531,0,2.123,0.531,1.062,0,2.123,6.214,7.003
potr.txt_8651,1.725,1.15,0.575,0.575,0.575,2.875,0,1.15,3.45,2.875,0,0.575,0,0,0,1.15,0.575,1.15,0,0,8.973,9.01
potr.txt_10065,0,0,0,0,0,0,0,1.395,1.395,1.395,0,0,0,0,4.186,0,0,1.395,2.791,0,13.815,11.872
potr.txt_2465,0.829,0,0,0,0,0,0,1.659,0.829,0.829,0,0,0,0,3.317,0,0,0,2.488,0,21.984,9.045
potr.txt_335,0.572,0,1.143,0,0,0,0.572,0.572,2.286,4.001,0.572,0,0,0.572,1.715,0,0.572,1.715,0,0,10.637,12.286
potr.txt_7235,4.776,0,0,0,0.796,0,0,0,4.776,4.776,0,0,0,0,0,0,0,0,0,0,9.334,12.425
potr.txt_11979,0,0,3.004,0,3.004,0,0,0,0,0,0,3.004,0,0,0,0,0,0,3.004,3.004,7.353,14.546
potr.txt_5145,0.88,0,0.88,0,0.88,0,0,1.761,0.88,0.88,0,0,0,0.88,2.641,0,0,0.88,0,0,14.707,14.908
potr.txt_3041,0,0,0.666,0.666,1.998,0.666,0.666,1.332,1.998,0.666,0,0,0,1.332,0.666,0,0.666,1.332,0.666,0.666,10.732,12.64
potr.txt_6539,0,0,0,0,0,1.248,0,1.248,1.872,0.624,0,0.624,0,0,1.248,0,0,0.624,2.496,0,15.514,15.442
potr.txt_811,1.281,2.562,0.427,0.854,0,2.562,0.854,0.854,0,0,0.427,0.427,1.281,0.427,2.135,0.854,0,1.281,0,1.281,9.674,9.232
potr.txt_559,0,6.593,0,1.099,0,5.494,0,0,0,1.099,0,2.198,3.297,0,1.099,1.099,5.494,3.297,1.099,0,5.016,4.437
potr.txt_2381,2.597,0,0,0.649,1.298,1.948,0.649,1.298,3.896,0.649,1.298,0,0.649,0.649,0,0.649,0,0.649,0,0,8.33,11.265
potr.txt_7085,0,0,0,0,0,0.798,0,1.596,5.588,1.596,0,0,0,0,2.395,0,0.798,0.798,0.798,0,11.366,11.443
potr.txt_4925,1.949,0,0,0,0,0,0,1.949,0,0.974,0,0,0,0,3.898,0,0,2.923,0,0,20.973,6.305
potr.txt_6635,4.481,0,0,0,0,1.494,0,4.481,2.988,4.481,1.494,0,0,0,0,2.988,1.494,1.494,0,0,6.475,6.143
potr.txt_11125,1.497,3.992,1.996,0.499,0.998,0.998,1.996,0.499,1.497,0.998,0,1.996,0,0.499,0.499,0.998,2.495,0.499,0.499,0.499,6.942,7.243
potr.txt_6967,0,0,0,0,0.715,0.715,0,1.429,3.573,1.429,0,1.429,0,0,0,0,0,2.144,1.429,0,8.999,16.165
potr.txt_1823,1.107,0,0,0,0,0,0,1.107,3.321,3.321,0,0,0,0,1.107,2.214,0,2.214,0,1.107,11.762,9.507
potr.txt_1373,0,0,0,0,2.302,2.302,0,0.767,2.302,0,0.767,0,0.767,0,2.302,0,0,0,0,0.767,12.863,13.32
potr.txt_9377,2.434,0,0,0,4.869,2.434,2.434,2.434,0,12.172,0,0,2.434,0,0,2.434,0,0,0,0,4.111,5.432
potr.txt_8875,0,1.721,0.86,2.151,0,1.721,0.43,0,0.43,0.43,0,0,0,2.581,4.302,0.86,0.43,0,0.43,0,10.061,10.153
potr.txt_2557,0,0,0,0,1.743,1.743,0,0.871,4.356,1.743,0,0,0,0,1.743,0,0,0,0,0,10.903,15.427
potr.txt_579,0,0,0.95,0,0.475,1.425,0.475,2.85,1.425,0,0,1.9,2.375,1.425,1.425,0.475,0.95,0.475,0.95,0,8.901,9.927
potr.txt_3989,6.838,0,0,0,3.419,3.419,0,0,3.419,0,0,0,3.419,0,0,0,3.419,0,0,0,7.29,6.235
potr.txt_5393,1.311,0,0,0,3.932,1.311,0,0,1.311,2.621,0,1.311,0,0,0,1.311,0,2.621,1.311,0,7.091,12.325
potr.txt_41,4.643,0,0,0.774,0.774,4.643,0.774,0.774,2.322,3.869,0,0.774,0,0,0,1.548,0,0,0,0,7.263,8.477
potr.txt_7337,2.109,0,3.164,1.055,0,1.055,0,0,1.055,5.273,0,0,1.055,1.055,1.055,1.055,2.109,1.055,0,0,8.97,6.61
potr.txt_5211,4.256,0,0,0,2.128,2.128,0,0,2.128,10.64,2.128,0,2.128,0,0,0,0,0,0,0,6.63,5.904
potr.txt_10181,2.601,0,0,0,2.601,0,0,3.902,1.301,5.203,0,0,2.601,0,1.301,3.902,0,0,0,0,6.404,7.467
potr.txt_1837,0.408,2.448,0.408,0,1.224,1.632,0.816,0.408,2.04,0.408,0,0.408,0.408,0.408,2.04,0.408,0.408,0.408,0,1.224,9.027,12.236
potr.txt_4711,0,0,0,0,0,0,0,0,95.238,0,0,0,0,0,0,0,0,0,0,0,0,0
potr.txt_4927,1.906,0,0,0,0.953,0,0,1.906,0,0,0,0,0,0,3.812,0,0,2.859,0,0,21.051,6.734
potr.txt_121,0.783,0,0,0,0,1.956,0.391,1.565,1.174,1.174,0,0,0.391,0,2.347,0,0.391,0.783,0,0.391,12.095,15.869
potr.txt_8553,1.818,0,0,1.212,0,1.818,0,2.424,3.03,1.212,0,0.606,0.606,0.606,1.212,1.818,0.606,0,0.606,0.606,8.167,10.036
potr.txt_6605,2.632,0,0,0,0,1.755,1.755,1.755,2.632,0,0,0.877,0,0,0,0,0.877,0.877,0.877,0.877,10.555,11.487
potr.txt_5289,0,1.405,0,0,1.405,0,5.622,0,0,0,0,0,0,1.405,4.217,2.811,0,0,0,0,10.113,9.498
potr.txt_2363,0,0,0,0.821,1.642,1.642,0,1.642,4.927,1.642,0,0.821,0,1.642,0,0,0,0,0,0,10.185,12.04
potr.txt_3027,0,0,0,0,1.784,1.784,0.892,0,2.676,0.892,0,0,0,0,0.892,0,0.892,0.892,0.892,1.784,13.109,11.205
potr.txt_8273,2.482,0,0.827,0.827,0.827,4.137,0.827,0.827,1.655,2.482,0,0.827,0,1.655,0,0,0.827,3.309,0,0,7.428,7.822
potr.txt_9129,1.657,4.141,0.828,0,0.414,3.727,0,0,0.828,0.414,0,0.828,0.414,1.657,1.657,1.242,0,0,0,0.828,9.196,8.554
potr.txt_1995,2.431,0,0,0,1.215,2.431,0,3.646,2.431,3.646,1.215,1.215,1.215,0,0,2.431,0,1.215,0,0,5.765,8.325
potr.txt_6131,1.495,0,0,0,0,0,0,0.748,4.486,2.243,0,0,0,0,0.748,0,0,0,1.495,0,12.728,15.502
potr.txt_6725,3.029,0,0,0,3.029,0,0,6.058,3.029,4.544,0,0,1.514,0,0,4.544,0,0,0,0,5.098,7.314
potr.txt_3547,0,0,0,0,0,0,0,0,0,0,0,0,0,0,2.638,0,0,0,13.192,0,12.827,8.018
potr.txt_1917,0,0,0,0,0,0.939,2.818,1.878,0.939,0.939,0,1.878,0,0.939,0.939,2.818,0,0,2.818,0,10.014,9.552
potr.txt_7121,5.71,2.855,0,0,1.428,1.428,0,2.855,4.282,4.282,0,0,1.428,0,0,0,1.428,0,0,0,5.087,7.355
potr.txt_5303,0,0,0,0,0,3.815,0,1.907,1.907,11.444,0,0,1.907,0,0,1.907,0,1.907,0,0,5.339,7.64
potr.txt_325,1.351,0,0,0,0,2.702,0,0.675,3.377,2.702,0.675,0,0.675,1.351,0,0,1.351,1.351,1.351,0,9.735,9.11
potr.txt_3663,0,0,0,0,0,0,0,0,0,0,0,0,0,0,15.959,0,0,0,2.66,0,11.106,6.661
potr.txt_1457,1.381,0,0.46,0,0.921,2.762,0,0.921,1.381,0.46,0,0.921,0,0,1.381,0.46,0.46,2.762,0,0,12.656,10.294
potr.txt_4015,0,0,0,0,0,0,0,0,5.367,0,0,0,0,0,0,0,0,0,5.367,0,21.056,8.19
potr.txt_6647,0,3.695,0,1.232,1.232,2.463,2.463,1.232,6.158,0,0,0,1.232,1.232,0,0,0,0,0,0,5.998,9.707
potr.txt_1365,2.658,1.329,1.329,0,0.664,1.329,0,0.664,3.322,1.993,1.329,2.658,0,0,0,0,1.329,0.664,0,0,8.19,8.96
potr.txt_8885,2.027,0,0,0.811,0.405,2.027,0,1.622,2.838,0.811,0.405,0.811,0.811,0,0.811,0,0,1.622,0.405,0,10.589,10.798
potr.txt_2359,0.48,2.878,0.959,0.959,0,2.878,1.439,0,0.48,0,0.48,0.959,0.959,0.48,1.919,1.919,0.48,1.439,0,0.959,9.257,7.531
potr.txt_10283,0.722,2.888,0,0,0.722,0.722,0,0.722,0.722,0,0,0,0,0,3.61,0,0,0.722,0.722,0.722,14.407,11.784
potr.txt_7211,3.032,0,1.011,0,1.011,2.022,0,3.032,2.022,4.043,0,1.011,1.011,0,0,0,0,0,1.011,0,7.625,9.583
potr.txt_10219,0,0,0,0,0,1.994,0,0,3.987,0,0,0,0,1.994,11.962,0,0,0,0,1.994,7.554,7.376
potr.txt_655,0.426,2.553,0.851,0.426,0,2.128,1.277,0,0.426,0.851,0.426,0,1.702,1.277,2.979,2.128,0.426,0.426,0,0,7.733,10.35
potr.txt_1075,1.587,2.38,0.397,0.793,0,1.19,0,0.793,2.38,0,0,0.793,1.587,0.397,1.587,1.19,1.19,0.793,0,0.793,8.989,9.547
potr.txt_9645,2.007,0,1.338,0,0.669,3.345,0,0.669,2.676,2.676,0,0,0,1.338,0,0.669,0.669,2.007,0,0,8.066,10.259
potr.txt_11829,0,3.354,0,0,1.677,0,0,0,0,1.677,0,0,1.677,0,3.354,0,3.354,3.354,0,1.677,10.54,5.845
potr.txt_10191,0.803,0,0,0,0.803,1.606,0,0.803,3.211,0.803,0,0,0.803,0,0,0,0,0.803,1.606,0,11.542,16.637
potr.txt_10481,0,0,0,0,0,0,17.713,13.285,0,0,0,0,0,0,0,0,0,0,0,0,4.167,5.646
potr.txt_5173,1.064,1.064,0,0,1.064,0,0,0,0,0,1.064,1.064,0,2.128,3.192,0,0,1.064,1.064,0,12.557,12.763
potr.txt_4535,3.823,3.823,0,0,0,0,0,0,3.823,0,3.823,0,3.823,0,0,7.645,7.645,3.823,0,0,4.938,2.323
potr.txt_2453,2.162,0,0,0,0,0,0,2.162,0,1.081,0,0,0,1.081,3.243,0,0,3.243,0,0,17.712,7.269
potr.txt_2739,2.465,1.643,0,0,2.465,0.822,0,0.822,4.93,0.822,0,0,0.822,0,0,0.822,0.822,2.465,0,0,7.112,10.387
potr.txt_4751,0,0,0,0,4.966,0,0,0,0,0,0,0,0,0,5.959,0,0,0,0,0,16.564,12.269
potr.txt_6033,2.169,0,0,0,0,0,0,0.723,0,3.616,0,0,0,0,2.893,0,0.723,0,0,0.723,11.857,17.143
potr.txt_10375,2.7,0,0,0,2.7,0,0,0,5.401,0,0,0,0,0,0,0,0,0,0,0,12.266,16.832
potr.txt_4525,1.123,0,0,1.123,0,0,0,1.123,2.245,3.368,0,0,0,0,1.123,0,0,1.123,0,0,13.077,15.13
potr.txt_2277,0.837,1.673,0.837,0,0.837,0.837,0,0,3.347,0.837,0,0.837,1.673,0.837,2.51,0.837,0,0.837,0,1.673,6.718,11.258
potr.txt_4647,0,0,0,0,1.134,0,0,1.134,4.537,3.403,0,0,0,0,0,0,0,1.134,0,1.134,10.833,14.997
potr.txt_6433,0.986,0,0,0,0,0,0,2.959,5.918,3.945,0,0,0,0,0,1.973,0,0,0,0,8.313,12.595
potr.txt_5715,0,0,0,0,1.311,0,6.555,0,0,1.311,0,0,1.311,0,5.244,1.311,0,0,0,0,11.363,8.051
potr.txt_353,2.462,0,0,0,0,3.693,0,1.231,2.462,7.386,0,1.231,1.231,0,0,1.231,0,1.231,0,0,6.841,7.919
potr.txt_9553,1.756,0,0,0,0.878,1.756,0.878,3.511,2.633,1.756,0.878,0,1.756,0,0,0.878,0,0.878,0,0.878,7.778,10.17
potr.txt_8439,2.006,1.337,2.006,0,1.337,0.669,0,1.337,3.343,2.675,0,1.337,0,0.669,0,0,1.337,0.669,0,0,8.851,8.814
potr.txt_11037,0,0,0,0,0,6.47,0,3.882,1.294,6.47,0,2.588,1.294,0,0,0,1.294,2.588,0,0,5.054,7.281
potr.txt_11751,0,0,0,0,0,2.493,1.247,2.493,2.493,2.493,1.247,0,0,0,0,1.247,0,0,1.247,0,9.495,12.487
potr.txt_5087,0,0,0,0,0.957,0.957,0.957,0,0.957,1.914,0,0,0.957,0,2.87,0,0,1.914,0,0,12.697,14.996
potr.txt_3019,0,0,0,0,1.406,1.406,0.703,0.703,2.812,0.703,0,0,0,0.703,0.703,0,0.703,1.406,0.703,1.406,12.29,12.059
potr.txt_8359,2.144,0,0,0.715,0,3.574,0,2.144,2.859,2.144,0,0.715,0,0,0,0.715,2.144,1.429,0,0.715,7.492,9.63
potr.txt_681,0,0,0,0,2.773,1.386,0,2.773,2.773,5.546,0,0,1.386,0,0,1.386,0,0,0,0,7.67,10.691
potr.txt_11287,1.257,0,5.028,5.028,0,0,0,0,0,2.514,0,1.257,0,0,0,3.771,1.257,0,0,2.514,5.576,8.845
potr.txt_8027,0.724,0,0.724,0.724,0.724,1.448,5.068,0.724,2.172,0,0,0.724,0,0,1.448,1.448,0,0,0,1.448,10.577,8.468
potr.txt_2197,1.111,0,1.111,0,2.222,1.111,2.222,6.665,1.111,2.222,0,0,2.222,2.222,0,0,0,0,0,0,5.987,8.729
potr.txt_9719,1.168,0,0,0,0,0,1.168,3.505,3.505,2.337,0,1.168,0,0,0,0,0,0,1.168,0,10.605,12.714
potr.txt_61,0.358,0.716,0.716,0.716,0.358,2.865,0,2.148,2.865,1.432,0.358,0.716,0,0,0.716,0.716,0.358,1.432,0,0,9.828,10.239
potr.txt_6983,1.964,0,0,0,0,2.946,0,0.982,3.928,5.891,0,0,0.982,0,0,0,0,0.982,0,0,8.018,10.708
potr.txt_2151,2.832,0,0,0,1.416,2.832,0,0,2.832,2.832,0,0,0,2.124,0,1.416,0,0.708,0,0.708,8.057,10.642
potr.txt_4145,0.859,0,0,0,0,0,0,0,0,0,0,0,0,0,3.434,0,0,0,2.576,0.859,16.75,20.538
potr.txt_49,2.925,0,0,0.731,0,3.656,0.731,1.462,2.925,3.656,0,0,0,0,0,1.462,1.462,0,0,0.731,7.375,9.344
potr.txt_10359,2.528,0,0,0,0.632,1.264,0.632,0,0,0,0,1.896,0,0,2.528,0,0,2.528,0.632,0.632,11.433,13.053
potr.txt_9877,1.138,0,1.138,0,0,5.69,0,3.414,2.276,5.69,0,1.138,1.138,0,0,0,0,1.138,0,0,6.751,7.574
potr.txt_1449,0.564,3.384,0,2.256,1.128,1.692,0,1.128,2.82,0,0.564,0.564,0.564,0.564,0.564,1.128,1.692,1.128,0,1.692,7.122,8.189
potr.txt_4747,0,0,0,0,0,0,0,0,0,5.168,0,0,0,0,6.201,0,0,0,0,0,16.038,11.879
potr.txt_10567,3.422,0,0,0,1.141,0,0,0,4.562,5.703,0,0,0,0,0,0,0,0,0,0,12.703,9.457
potr.txt_9817,0,2.196,0,0,3.295,1.098,0,1.098,2.196,1.098,0,0,3.295,0,2.196,1.098,0,0,0,0,8.888,9.947
potr.txt_10109,0.625,0,0,0,0.625,3.125,0,0.625,3.125,0,0,0,0,0.625,0.625,0,0.625,0,0,1.875,12.926,14.004
potr.txt_4275,0,0,0,0,0,0,0,0.888,0.888,0,0,0,0,0,2.664,0,0,0,3.552,0,16.617,19.814
potr.txt_10557,4.362,0,0,0,1.454,0,0,0,4.362,4.362,0,0,0,0,0,0,0,0,0,0,8.975,13.587
potr.txt_957,1.971,1.314,0.657,0.657,0,1.971,0,1.314,3.943,2.629,0.657,0.657,0,0,0,0.657,0.657,1.314,0,0,9.018,8.965
potr.txt_1447,2.831,3.397,0.566,0.566,0.566,2.264,1.132,1.132,1.698,1.698,0,1.698,0,0.566,1.132,1.698,0.566,2.831,0,0,6.531,6.731
potr.txt_5811,0,0,1.751,0,0,1.751,1.751,1.751,5.253,0,0,0,1.751,0,0,7.004,0,1.751,0,1.751,6.214,6.939
potr.txt_6429,0.926,0,0,0,0,0.926,0,2.778,5.556,3.704,0,0,0,0,0,0.926,0,0,0,0,8.665,13.514
potr.txt_7817,0.735,1.47,0,0,2.205,0.735,0,0,2.94,0,0.735,0.735,0.735,0,1.47,2.205,1.47,1.47,0,0,8.831,10.738
potr.txt_3025,0,0,0,0,1.654,1.654,0.827,0.827,2.481,0.827,0,0,0,0,0.827,0,0.827,0.827,0.827,1.654,12.778,11.77
potr.txt_8535,0,2.298,0,0,1.149,2.298,0.575,1.724,1.149,0,0,0,1.724,0.575,2.298,0.575,1.149,0.575,0.575,0,10.609,9.234
potr.txt_1261,3.589,1.436,0.718,0,0.718,1.436,0,0,2.871,4.306,0.718,2.153,0,0,0,2.871,1.436,1.436,0,0,6.551,7.138
potr.txt_11515,0,6.114,0,1.019,0,4.076,0,1.019,1.019,2.038,0,1.019,2.038,1.019,1.019,2.038,5.095,1.019,1.019,0,5.4,5.051
potr.txt_7109,0,0,0,0.674,0,0.674,0.674,0.674,1.348,2.695,0,0.674,0,0.674,2.021,0,0,0.674,1.348,0,11.771,14.687
potr.txt_569,0.897,0,0,0,0.897,7.177,0,0.897,1.794,4.486,0,0,0,0.897,0,2.691,1.794,1.794,0,0,6.068,7.862
potr.txt_8771,0,0.872,0.872,0,0.872,2.615,0.872,1.743,0,4.358,0,3.487,4.358,0,0,0,4.358,3.487,1.743,0.872,4.251,5.772
potr.txt_8311,0.615,0,0.615,1.846,1.231,0.615,0,0.615,3.692,1.846,0.615,0,0.615,0,0.615,0.615,0.615,1.846,0,0,9.444,11.194
potr.txt_4989,0,0,0,3.448,0,1.724,0,1.724,3.448,6.896,0,0,0,0,0,1.724,1.724,0,0,0,8.724,7.186
potr.txt_8711,2.402,1.201,1.801,0,0,2.402,0,1.201,3.002,3.002,0,0.6,0,0.6,0.6,0.6,0.6,1.801,0,0,8.122,8.534
potr.txt_11757,0,0,0,0,0,1.568,1.568,1.568,4.703,4.703,1.568,0,0,0,0,1.568,0,0,0,0,8.966,10.223
potr.txt_5131,0.933,0,0.933,0,0.933,0,0,0.933,1.867,0.933,0,0,0,0.933,2.8,0,0,0.933,0,0,12.117,16.142
potr.txt_1361,0,2.483,0,0,0,7.45,0,2.483,1.242,3.725,1.242,1.242,0,1.242,0,1.242,0,3.725,0,0,5.662,6.561
potr.txt_6435,0.892,0,0,0,0,0.892,0,2.676,4.459,2.676,0,0,0,0,0,1.784,0,0,0.892,0,8.837,14.115
potr.txt_5807,0,1.026,0,0,3.079,0,0,1.026,1.026,2.052,0,0,1.026,0,1.026,1.026,0,1.026,1.026,0,10.387,13.987
potr.txt_10443,5.982,0,0,1.196,0,0,0,1.196,3.589,5.982,0,0,0,0,0,1.196,0,1.196,0,0,7.257,8.945
potr.txt_6215,0,0,0,0,2.232,0,0,0,4.465,1.488,0,0,0,0,1.488,0.744,0,0.744,0,0,11.172,17.167
potr.txt_10637,3.203,0,0,0,1.068,0,0,1.068,4.271,4.271,0,0,0,0,0,0,0,0,0,0,9.769,13.761
potr.txt_2081,3.972,0,0.662,0,0,1.324,0,0,2.648,2.648,0.662,1.986,0,0.662,0,0.662,0.662,1.986,0.662,0,7.414,10.433
potr.txt_10807,0.622,3.731,0.622,1.244,0,3.109,0,0,0.622,1.244,0,1.244,0.622,1.865,0.622,1.865,0.622,0,1.244,0.622,7.553,9.03
potr.txt_7477,0,0,0,0,0,1.616,0,0,0,0,0,0,0.539,0,3.77,0,0,0,1.616,0.539,15.935,20.222
potr.txt_3513,0,0,0,0,0,0,0,0,0,0,0,0,0,0,4.171,0,0,0,4.171,0,15.712,19.643
potr.txt_4251,0,0,0,0,0,0,1.098,2.196,0,0,0,0,0,0,3.294,0,0,0,3.294,0,19.543,11.655
potr.txt_4975,17.629,0,5.877,0,0,2.938,0,0,2.938,0,0,0,0,0,0,2.938,0,0,0,0,3.752,5.521
potr.txt_6621,0,0,0,0,0.833,4.998,0,0.833,4.165,0.833,0,0,0,0,0,1.666,0,0,0.833,0,10.111,13.002
potr.txt_10103,0,0,0.924,0,1.848,0.924,0,0.924,2.773,0,0,1.848,6.47,0,0.924,2.773,0.924,0,0.924,0.924,7.349,7.392
potr.txt_721,1.646,3.292,0.412,1.235,0.823,2.469,1.646,0,1.646,0.412,0.412,2.058,0,0.412,0.412,1.235,0.823,0.412,0.823,0.412,7.686,8.316
potr.txt_2917,0,0,0,0,0,3.761,1.881,0,6.582,1.881,0,2.821,0,0,0,0,0,0,0.94,0,9.952,8.571
potr.txt_11207,0,2.095,0.524,3.667,0,0,1.048,0,2.095,0,0.524,0,1.048,6.286,5.238,0,1.048,0,0,1.048,6.479,6.61
potr.txt_6695,3.307,0,2.205,1.102,0,2.205,0,0,5.512,0,1.102,0,1.102,0,1.102,0,0,1.102,0,0,11.175,6.473
potr.txt_905,2.353,0.785,0.785,0,0.785,3.138,0,0,2.353,1.569,0,0,0,0,0.785,1.569,0,2.353,0,1.569,8.407,9.934
potr.txt_8915,2.494,3.741,0.623,0.623,0,2.494,1.247,3.741,1.247,1.247,0.623,1.87,0,0,0.623,1.247,1.87,0,0,0.623,6.465,6.816
potr.txt_1991,1.74,0,0,0,1.74,0,3.48,0,1.74,10.439,0,0,1.74,0,0,5.219,1.74,1.74,0,0,5.602,4.836
potr.txt_941,0.501,3.005,0,0.501,1.002,3.005,0,1.503,1.002,0.501,0,1.503,1.503,0.501,1.503,0.501,1.503,1.503,0,1.503,8.378,7.248
potr.txt_6617,1.233,0,0,0,1.233,1.233,2.466,1.233,3.699,7.398,0,0,1.233,0,0,0,0,1.233,0,0,6.619,9.068
potr.txt_11363,0.349,2.79,1.046,0.698,0.698,1.744,0.349,0.349,2.442,0.698,0,1.395,0.698,0.698,1.046,0,0,0.349,0,2.093,8.86,10.116
potr.txt_8613,3.316,1.658,0.829,0.829,0,0.829,1.658,0,0.829,3.316,0,0.829,1.658,0.829,1.658,1.658,1.658,3.316,0,0,5.429,7.505
potr.txt_7735,1.238,0,0,0,0.619,0.619,0,1.238,0.619,0.619,0,0.619,0.619,0,2.476,0,0.619,2.476,0.619,1.238,11.426,12.506
potr.txt_7365,0.662,0,0,0,0,1.985,0,1.324,5.956,2.647,0,0,0,0,0.662,0,0,0,0,0,11.602,12.941
potr.txt_10879,1.772,0,0,0,0,2.657,0,3.543,2.657,3.543,0,0,0.886,1.772,1.772,1.772,0.886,0.886,0.886,0,6.504,7.629
potr.txt_6137,1.02,0,1.02,1.02,0,2.039,0,1.02,2.039,1.02,0,0,0,0,4.079,0,1.02,0,0,1.02,10.597,10.935
potr.txt_3163,0,0,0,0,0,0,0,0,0,0,0,0,0,0,8.704,0,4.352,0,0,0,8.279,16.558
potr.txt_11585,0.751,0,0,0,0.751,0,0,2.252,1.501,0,0,0,0,0,3.003,0,0,0,1.501,0,21.605,9.895
potr.txt_7597,0.711,0,0.711,0.711,0,0,0.711,0.711,0.711,1.421,0,0,0,2.132,4.974,0.711,0,0,0.711,0,10.405,12.633
potr.txt_11695,0,0,0,0,7.866,0,0,0,0,31.462,0,0,0,0,0,0,0,0,0,7.866,3.123,1.951
potr.txt_9807,1.185,0,0,0,1.185,1.185,0,0,3.555,0,0,1.185,2.37,1.185,1.185,2.37,0,2.37,0,1.185,8.19,9.251
potr.txt_955,1.674,1.116,0.558,0.558,0.558,2.79,0,0.558,3.906,3.348,0,0,0,0,0,1.116,0.558,1.116,0,0,9.189,9.348
potr.txt_3149,0,0,0,0,0,0,0,0,16.34,0,0,0,0,0,32.68,0,0,0,0,0,1.572,3.144
potr.txt_3031,0,0,0,0,2.209,2.209,1.105,0,2.209,1.105,0,0,0,0,1.105,0,1.105,1.105,0,2.209,13.36,9.462
potr.txt_4725,0,0,0,0,3.985,1.992,0,1.992,1.992,5.977,0,0,1.992,0,0,1.992,0,1.992,0,0,6.605,8.336
potr.txt_8611,1.69,0,0,0,0,0,2.535,0,0.845,2.535,0,1.69,1.69,5.071,2.535,2.535,1.69,2.535,0,0,5.936,6.705
potr.txt_10211,0,0,0,0,0,0,0,2.052,2.052,0,0,0,0,0,2.052,0,0,0,3.078,0,13.694,19.144
potr.txt_5791,0,0,0,0,1.742,0,0,0,4.355,2.613,0,0,0,0,1.742,0.871,0,0,0,0.871,12.729,13.606
potr.txt_1733,0,0,0,6.422,0,0,0,0,0,19.265,0,0,0,0,0,0,0,0,0,0,4.977,7.468
potr.txt_355,1.497,0,2.245,1.123,0,2.993,0.374,0,2.619,2.619,0,0,0,0,0,1.497,0,2.619,0,0,7.936,10.882
potr.txt_11397,0.418,4.183,0.837,2.928,0.837,1.255,0.837,0.418,2.51,0.837,0,0,1.255,0.837,1.255,0.418,1.255,0.418,0,0,8.393,7.676
potr.txt_9315,2.145,0,1.073,0,0,1.073,0,3.218,2.145,3.218,0,1.073,0,0,0,0,0,0,1.073,0,10.715,11.187
potr.txt_7899,0.613,0,0,1.227,1.227,1.227,0,0,1.84,1.84,0.613,0.613,0,0,1.84,0.613,0,1.227,0,1.227,9.823,13.372
potr.txt_1725,1.442,0,0,0,0,5.768,1.442,2.884,1.442,5.768,0,0,0,0,0,1.442,1.442,1.442,0,0,6.309,7.795
potr.txt_9409,0,0,0,0,2.218,0,0,0,4.436,0.739,0,0,0,0,1.478,0.739,0,1.478,0,0,11.359,17.13
potr.txt_6287,0,3.59,1.795,0,0.898,0.898,0,0,0.898,0,0,0,0,0,3.59,0,0.898,0,0.898,0,14.224,9.955
potr.txt_6037,0,0,0,0,0.9,0,0,1.801,0.9,0,0,0,0.9,0,2.701,0,0.9,3.601,0.9,0,11.598,14.008
potr.txt_5541,0,0,0,0.882,1.764,0,0,0.882,3.527,1.764,0,0,0,0,0.882,0.882,0,0,0.882,0,11.972,15.758
potr.txt_11289,2.99,0,2.99,1.495,0,4.486,0,0,1.495,0,0,2.99,4.486,0,0,4.486,1.495,0,0,1.495,5.567,5.425
potr.txt_6219,0,0,0,0,0,0,0,0,4.063,0.677,0,0,0,0,1.354,0.677,0,1.354,2.032,0,11.912,18.629
potr.txt_227,1.425,3.799,0,0,0,3.324,0,0,0,0.95,0,0.475,0,2.849,1.9,2.849,0.475,0,0.475,0.95,8.532,8.432
potr.txt_6497,0,0,0,0,2.105,0,0,0,4.911,0.702,0,0,0,0,1.403,0.702,0,1.403,0,0,11.741,16.469
potr.txt_6849,6.154,0,1.231,1.231,0,1.231,2.461,0,2.461,0,0,2.461,0,0,2.461,2.461,0,0,0,0,7.382,7.382
potr.txt_9791,0.771,0.771,0.771,0.771,0.386,2.7,0,1.928,3.085,0.386,0.386,0.771,0,0,0.386,0.386,0.386,2.314,0,0,10.265,10.13
potr.txt_1803,1.285,0,0,0.643,1.285,4.499,0,0,2.571,2.571,1.285,0,0.643,0.643,0.643,0.643,0.643,0.643,0,0,8.867,9.524
potr.txt_9825,2.278,0,0.759,0,0,1.519,0,3.038,3.797,2.278,0,0,1.519,0,0,1.519,2.278,2.278,0,0,6.849,8.595
potr.txt_9527,3.787,0,0,0,1.515,4.544,0,0.757,2.272,3.03,0,0.757,0.757,1.515,0,0.757,0,0.757,0,0,7.836,8.272
potr.txt_281,0,0,0,1.398,0.699,0,0,0,3.496,2.796,0.699,0,0,0.699,1.398,0.699,0.699,0,0.699,0.699,9.662,13.715
potr.txt_3141,0,0,0,0,2.627,0,0,0,0,0,0,0,0,0,5.255,0,0,0,0,0,12.261,24.522
potr.txt_4317,0,0,0,0,1.309,0,0,1.309,3.928,0,0,0,0,0,2.618,0,0,0,1.309,1.309,20.706,6.4
potr.txt_9009,4.47,5.108,0,0,0,2.554,0.639,0,1.277,2.554,0,3.193,0,0.639,1.916,2.554,0.639,1.277,0,0,5.163,6.649
potr.txt_11841,2.146,0,1.61,1.61,1.61,3.22,1.61,1.61,1.073,1.073,0.537,0.537,0,0.537,0.537,1.073,0,3.22,0,0.537,7.055,7.427
potr.txt_10451,5.46,0,0,0.78,0.78,0.78,0,0,3.12,0.78,0,0,0,0,1.56,0.78,0,0,0,0,10.743,12.549
potr.txt_9153,1.069,4.277,1.069,0,0.535,4.277,0.535,0.535,2.673,0.535,0,0.535,3.208,0.535,0,2.139,0.535,0.535,0,1.604,5.996,7.108
potr.txt_6169,1.007,0,1.007,1.007,0,1.007,0,2.015,4.029,1.007,0,0,1.007,1.007,1.007,0,0,1.007,0,0,9.641,12.136
potr.txt_3655,0,0,0,0,0,0,0,0,4.538,4.538,0,0,0,0,0,0,0,0,1.513,0,13.439,16.126
potr.txt_6017,1.013,0,0,1.013,2.025,1.013,0,1.013,0,1.013,0,0,3.038,1.013,3.038,0,0,1.013,0,0,10.116,11.557
potr.txt_11057,1.198,0,0,1.198,1.198,0.599,0.599,0.599,4.792,1.797,1.198,0,0,0.599,0,0.599,0.599,0,0.599,0,9.672,11.497
potr.txt_7443,1.179,0,0,0,2.358,0.589,0,0,5.894,0.589,0,0,0,0,0,0,0,1.179,0,0,11.377,15.718
potr.txt_9455,0,1.892,0,0,0,3.783,0.946,0,0,0.946,0,0.946,0,0,2.837,0,0,0,0,0.946,15.416,10.737
potr.txt_8405,3.693,0,0,0,1.846,4.616,0,0,3.693,2.769,0.923,0,0.923,0.923,0.923,1.846,0.923,0.923,0.923,0,5.587,7.312
potr.txt_1349,0,2.624,0,0,0,7.871,0,2.624,1.312,6.559,1.312,0,0,0,0,2.624,0,2.624,0,0,5.097,6.329
potr.txt_2181,0.53,2.12,1.06,0,1.06,0.53,0.53,1.59,2.651,0,0.53,0.53,1.59,0,2.12,1.59,0.53,1.06,0,1.06,9.314,8.007
potr.txt_123,0,4.04,0,0,0,1.347,0,0,0,0,0,0,0,0,4.04,0,0,2.693,0,0,9.393,17.08
potr.txt_1015,0,0,0,0,0,6.139,19.95,0,0,0,0,0,6.139,0,0,0,0,0,0,0,5.577,3.732
potr.txt_9913,0.903,1.805,0.903,0,0.903,2.708,0,0.903,3.611,1.805,0,0.903,0,0,0.903,0,0,2.708,0,0,9.633,8.698
potr.txt_4101,0,0,0,0,0,1.634,0,0,3.268,0,0,0,0,0,6.536,3.268,0,0,0,0,11.219,11.111
potr.txt_2863,0,0,0,0,3.444,4.591,5.739,0,6.887,0,0,2.296,0,0,0,0,0,0,0,0,8.551,5.634
potr.txt_633,0.864,1.729,0.864,0.864,0.432,0.864,0,0.864,0.432,1.297,0.432,0,0.864,0.432,3.026,2.161,0.864,0.864,0.432,0,8.482,10.657
potr.txt_903,0,0,0,0,0,5.191,0,1.73,0,3.461,0,0,0,0,1.73,5.191,1.73,1.73,0,0,8.638,7.208
potr.txt_4833,0,0,0,0,0,0,0,0,5.888,0,0,0,0,0,0,0,0,2.944,2.944,0,16.774,10.345
potr.txt_6957,0,2.679,0,0,1.339,0.67,0,0,1.339,0,0,0,0,0,3.348,0,0,0.67,0.67,1.339,14.288,12.306
potr.txt_7937,0,0,0,0,3.326,1.663,0,0,3.326,4.157,0,0,0.832,0.832,0.832,4.157,0,0.832,0,0,7.324,9.207
potr.txt_9827,5.844,0,0,0,0.974,3.896,0,0.974,2.922,1.948,0.974,0,0,0,0,1.948,0,0.974,0,0,7.932,8.171
potr.txt_247,1.012,6.071,0,1.012,1.012,2.024,0,2.024,3.035,2.024,0,1.012,2.024,0,0,4.047,2.024,3.035,0,1.012,5.308,4.35
potr.txt_4447,0,0,0,0,0,1.468,0,1.468,2.935,5.87,0,0,0,0,1.468,0,1.468,0,0,0,9.94,12.432
potr.txt_11533,0,0,1.357,0.678,0.678,0,0,2.713,2.035,2.713,0,0.678,0,0,1.357,0,0,1.357,0,0.678,12.468,10.52
potr.txt_10409,0,0,0,0,3.968,0,0,0,7.936,0,0,0,0,0,0,0,0,0,0,0,14.255,12.621
potr.txt_755,0.416,3.326,0.831,0.831,0.831,0.831,0.416,1.663,3.326,0.831,0,0.416,1.663,0,1.247,0.831,2.079,0,0,0,7.225,9.677
potr.txt_9745,1.344,0,0,0,0,1.344,1.344,0,2.689,6.723,0,1.344,0,0,0,0,0,0,1.344,0,9.297,11.174
potr.txt_4753,0,0,0,0,3.607,0,0,0,0,0,0,0,0,0,4.329,0,0,0,0,0,14.754,21.857
potr.txt_2797,1.516,0,0.758,0.758,0.758,0.758,0,0.758,3.032,1.516,0,1.516,0.758,1.516,0.758,0.758,0,0,0.758,0,9.032,11.703
potr.txt_2961,1.233,0,0,0,1.233,1.233,3.699,0,3.699,0,0,0,0,0,2.466,0,0,0,0,1.233,9.511,12.693
potr.txt_4191,1.761,0,0,0,0,1.761,0,0,3.521,3.521,0,0,1.761,0,1.761,0,0,1.761,0,0,10.38,10.447
potr.txt_9545,3.345,0,0,0,0,3.345,0,1.672,1.672,10.035,0,1.672,0,0,0,3.345,1.672,0,0,0,4.994,6.85
potr.txt_7717,0.866,5.196,0,0,0,0,0,1.732,0,0.866,0,0.866,2.598,4.33,2.598,0,0,0,0,0,7.909,9.443
potr.txt_9689,0,0,0,0,0,1.859,0,1.859,2.789,1.859,0.93,0,0,0,0.93,0,0,0,0.93,0,11.224,17.128
potr.txt_2163,0,4.559,0,0,0,1.52,0,1.52,0,1.52,0,0,0,0,3.039,0,0,1.52,0,0,8.941,14.904
potr.txt_2015,0.376,0,0,0,1.129,1.881,0,1.129,3.009,1.505,0,0,1.129,0,2.633,0.376,0,1.129,0,0,9.265,13.651
potr.txt_7161,0,0,0,0,2.31,2.31,1.155,0,2.31,4.621,2.31,2.31,0,0,0,1.155,0,1.155,0,2.31,7.185,7.73
potr.txt_4071,0,0,0,0,2.096,0,2.096,0,2.096,0,0,0,0,0,2.096,0,0,2.096,2.096,0,18.14,7.516
potr.txt_2965,1.022,0,0,0,1.022,1.022,0,0,3.067,0,0,0,0,0,2.045,0,0,0,0,4.09,10.314,15.886
potr.txt_8991,1.005,3.016,1.508,0.503,1.005,3.016,0.503,0.503,1.005,2.513,0,0.503,0.503,0.503,1.005,1.005,1.508,0.503,0,0.503,8.226,7.747
potr.txt_11539,8.017,0,0,0,0,0,0,4.008,0,0,0,0,0,4.008,0,0,4.008,0,0,4.008,4.626,8.824
potr.txt_6989,0,0,0,0,0.989,0,0,0,4.943,8.897,0,0,1.977,0,0,0,0,0,0,0.989,10.362,8.238
potr.txt_767,0.367,2.202,0.367,0,1.835,1.835,0,0.734,0,0.367,0,0.367,0.367,0,2.936,1.468,0.734,0.367,0,1.468,10.013,11.361
potr.txt_4585,0.954,0,0,0,0,2.862,0,0,3.815,0,0,0,0,0,0,0,0,0,1.908,0,15.275,16.777
potr.txt_10951,0.919,5.513,1.838,0.919,0.919,4.594,0,0,0,0.919,0,0.919,3.675,0,0.919,0,3.675,1.838,0.919,0,5.572,5.846
potr.txt_1565,0,0,0,0.623,0,13.706,3.738,0,0,0,0,0.623,0,0,0,0.623,0,0,0,2.492,6.479,8.544
potr.txt_3807,0,0,0,0,0,0,0,0,0,0,0,0,0,0,5.175,0,0,0,3.881,0,22.512,10.806
potr.txt_4457,11.995,0,0,0,0,0,0,0,0,7.997,3.998,0,3.998,0,0,7.997,0,3.998,0,0,3.324,3.44
potr.txt_5735,3.243,0,0,4.865,0,1.622,0,1.622,0,3.243,0,0,0,0,0,1.622,3.243,1.622,0,1.622,7.818,6.547
potr.txt_11165,0,8.584,0,0,0,2.861,0,5.723,0,2.861,0,0,0,0,2.861,0,0,2.861,0,0,5.785,6.622
potr.txt_1267,3.673,1.469,0.735,0,0.735,2.204,0,0.735,2.204,4.408,0,2.938,0,0,0,2.938,1.469,0.735,0,0,6.353,6.973
potr.txt_1025,0,0,0,0,0.594,1.189,1.189,0.594,2.972,1.783,1.189,0,0,0,1.783,1.189,1.189,0.594,0,0.594,9.88,12.236
potr.txt_4707,0,0,0,0,1.383,0,0,0,1.383,0,0,0,0,0,6.916,0,0,0,5.533,0,9.153,12.483
potr.txt_1407,1.722,1.148,1.722,0,0,1.148,0,3.445,3.445,2.297,0.574,0,0,0,0.574,1.722,1.148,0,0,0,8.948,8.503
potr.txt_8813,1.343,0,0.671,0,2.685,4.028,1.343,0.671,1.343,0,0,0.671,1.343,0,0.671,2.685,0.671,1.343,0.671,1.343,6.507,8.765
potr.txt_11545,0.714,2.855,0,0,0.714,0.714,0,0.714,0,0,0,0,0,0,3.569,0,0,0.714,0.714,1.428,13.854,12.589
potr.txt_3355,0,0,0,0,0,0,0,0,0,0,0,0,0,0,2.563,0,0,0,10.254,0,15.143,10.096
potr.txt_3341,0,0,0,0,0,0,0,0,0,0,0,0,0,0,13.848,0,0,0,3.462,0,8.193,10.923
potr.txt_1893,0,0,0,0,1.976,0.329,0,1.317,0,0.329,0,0,6.586,0,3.293,0,0,0.329,0,0,12.594,10.518
potr.txt_8269,6.751,0,0,0,2.25,2.25,0,0,0,4.501,0,0,2.25,6.751,0,0,0,6.751,0,0,4.289,5.311
potr.txt_9213,1.713,2.569,0.428,0.428,1.285,1.713,0.857,0.428,1.713,1.713,0,1.713,0,0,1.285,1.713,0.857,1.713,0,0.428,7.823,8.197
potr.txt_10061,0,0,0,0,1.069,0,0,1.069,1.069,0,0,0,0,0,4.278,0,0,0,2.139,0,22.556,9.277
potr.txt_7181,0.703,0,0,0.703,1.406,0,0,0.703,4.218,1.406,0,0.703,0,0,0.703,0.703,0,0.703,0,1.406,10.693,13.655
potr.txt_3157,0,0,0,0,0,0,0,0,0,0,0,0,4.196,0,8.392,0,0,0,0,0,8.545,17.089
potr.txt_7751,2.556,0,1.704,0,0,1.704,0,0.852,3.409,3.409,0.852,1.704,0,0.852,0,0,0.852,0.852,0,0,7.523,10.118
potr.txt_6519,0,2.25,0,0,1.125,2.25,0,1.125,3.375,1.125,0,0,3.375,0,0,1.125,1.125,0,1.125,0,8.81,9.574
potr.txt_4287,0,0,0,0,0,0,0,1.118,0,0,0,0,0,2.236,3.353,0,0,0,3.353,0,11.886,18.885
potr.txt_1001,2.06,0,1.545,1.03,0,0.515,0.515,1.03,0.515,1.03,0.515,1.03,2.06,0.515,2.06,1.03,0.515,0,0,2.575,8.335,9.506
potr.txt_11997,0,0,0,0,0,0,0,0,3.256,0,0,0,0,0,3.256,0,0,6.511,0,0,23.655,1.239
potr.txt_7503,0,0,0,0,0,1.711,0,0,0,0,0,0,0.57,0,3.421,0,0,0,2.281,0.57,14.288,20.443
potr.txt_11699,0,0,0,0,3.138,0,0,0,0,12.553,0,0,0,0,3.138,0,0,0,0,3.138,7.255,7.646
potr.txt_10129,2.223,0,0,0,0,1.111,0,1.111,3.334,1.111,0,1.111,0,0,1.111,0,0,2.223,0,2.223,8.717,12.472
potr.txt_7543,1.647,0,0,0,0.824,2.471,0,0.824,3.294,2.471,0,0,0,0,0.824,0,1.647,2.471,0,0,8.317,11.75
potr.txt_7715,0.695,0,0.695,0.695,0.695,1.391,0,2.782,2.086,1.391,0,1.391,0,0.695,0.695,0.695,0.695,0,0.695,0,10.009,11.516
potr.txt_3309,0,0,0,0,0,0,0,0,0,0,0,0,0,0,95.238,0,0,0,0,0,0,0
potr.txt_7117,0.592,0,0.592,0,0,0,0,1.777,1.777,2.369,0,0,0,0,1.777,0,0.592,0,0,1.184,12.16,17.246
potr.txt_8973,0.786,2.357,0.786,0,0.393,0.786,0,0,1.178,0.786,0,0.786,1.964,0.393,2.357,0.786,0.786,0,1.178,0.786,13.331,7.174
potr.txt_1073,1.772,1.772,1.329,0,0.443,1.772,0,0.886,1.772,0.886,0,1.329,1.772,0.443,1.772,1.772,0.886,0.443,0,0.443,7.442,9.502
potr.txt_11787,1.344,8.065,1.344,1.344,0,4.032,0,0,0,2.688,0,0,2.688,0,0,2.688,4.032,2.688,0,2.688,4.497,4.287
potr.txt_9145,0.586,0,0.586,0.879,1.465,0.879,0.879,0.879,2.637,1.172,0,0.293,0,0.293,1.758,0.293,0,0.293,0,0.586,10.38,13.774
potr.txt_8719,0.332,0,0.664,0.664,0.664,0.997,0,1.661,0.997,0.997,0,0,0,0.664,2.99,0.332,0,0,0,0,12.133,16.622
potr.txt_2509,0,2.69,2.69,0.897,1.793,0.897,0.897,0.897,1.793,1.793,0,1.793,2.69,0.897,0,0.897,2.69,1.793,0,0.897,6.405,5.861
potr.txt_12155,0.865,0,0,0,0.865,1.731,0,1.731,0,2.596,0,0,0,0.865,1.731,0,0,0,0.865,0,12.694,15.467
potr.txt_1659,1.429,0,0,0.715,0.715,3.573,0,0.715,2.858,2.144,0,0.715,0.715,0,0,0.715,0.715,2.144,0.715,0,8.037,10.49
potr.txt_12103,0,0,0,0,0,1.21,0,0,1.814,1.21,0,0,0,0,2.419,0,0,1.21,0,2.419,13.774,16.484
potr.txt_1037,0.776,3.103,0.388,1.164,0.388,1.551,1.164,0.388,1.164,0.776,0.388,0.388,0.388,0.776,1.551,1.551,0.388,0.776,0.388,0.776,8.733,9.421
potr.txt_257,4.356,0,1.245,0,0,1.867,0.622,1.245,2.489,1.867,0.622,0,0,0.622,0,0.622,1.245,1.867,0.622,0,6.899,10.23
potr.txt_3791,0,0,0,0,0,0,0,0,0,0,0,0,0,0,8.563,0,0,0,3.425,0,14.843,11.875
potr.txt_3245,2.139,0,0,0,0,0,0,2.139,2.139,0,0,0,0,0,2.139,0,0,0,0,0,14.751,19.964
potr.txt_11461,0,0,0,0,1.959,0,0,3.918,4.897,1.959,0,1.959,0,0,0,0.979,0,0.979,0,0,8.371,11.488
potr.txt_5653,2.216,0,0,0,1.108,0,0,0,4.432,4.432,1.108,0,0,0,0,0,0,1.108,0,0,10.346,12.413
potr.txt_11735,0,0,0.487,0,0.487,0,0,0.973,0.973,0.973,0,0,0.973,0,1.946,0,0.487,1.946,1.946,0,14.118,14.164
potr.txt_7661,4.336,0,0,0,0,2.168,0,0.723,4.336,1.445,0,0.723,0,0,0,0,0,0.723,0.723,0,9.671,12.017
potr.txt_5433,0,0,0,0,0,1.811,1.811,0,7.244,0,0,3.622,0,0,0,0,0,0,5.433,0,7.284,9.278
potr.txt_2447,0,1.133,0,0.567,0,1.133,0.567,0,0.567,0.567,0,0,0,0.567,3.967,0,0.567,0.567,1.133,0.567,14.649,12.233
potr.txt_3875,0,0,0,0,0,0,0,0,0,0,0,0,0,0,3.7,0,0,0,4.933,0,13.268,21.229
potr.txt_12117,0,0,0,0,1.802,0.901,0,0,0.901,1.802,0.901,1.802,0.901,0.901,2.704,0,0,0,0.901,0,12.624,11.466
potr.txt_7275,1.629,0,0.815,0,1.629,1.629,0,0,4.073,3.258,0,0,0,0,0,0,0.815,1.629,0,0,8.425,12.868
potr.txt_6715,0,0,0,0,1.562,1.562,0,1.562,6.246,1.562,0,0,0,0,0,0,0,0,0.781,0,11.701,12.781
potr.txt_8957,0.817,2.451,1.225,0,0,2.451,0.408,0.408,0.408,1.634,1.225,0.817,0,0.408,1.634,0.817,0,1.225,0.408,0,9.74,10.486
potr.txt_1547,0.576,3.456,0.576,0.576,1.152,2.88,0,1.152,4.032,0,0,1.152,0.576,0,0,2.304,0.576,2.304,0.576,0,9.282,5.681
potr.txt_1687,1.351,0.901,0,0,0.901,0.901,0,0.45,0.45,1.801,1.801,0,0.45,0,2.252,2.702,0.901,0,0.901,0.45,9.694,10.682
potr.txt_3367,0,0,0,0,0,0,0,0,0,0,0,0,0,0,2.563,0,0,0,10.254,0,15.143,10.096
potr.txt_109,1.815,0,0,0,0,2.722,0,2.722,2.722,3.629,0,0,0.907,1.815,1.815,0.907,1.815,1.815,0.907,0,6.335,7.417
potr.txt_9499,1.376,1.376,1.376,0,0,2.064,0,2.064,3.44,2.064,0.688,1.376,0,0.688,0,0.688,0.688,1.376,0,0,8.177,8.976
potr.txt_10541,2.606,0,0,0,0.869,0,0,0,6.08,3.475,0,0,0,0,0,0,0,0,0,0,10.509,14.374
potr.txt_6609,0,3.414,0,0,1.707,0.854,0,0.854,4.268,0,0,0,0,0,0.854,0,0,0.854,0.854,0.854,11.722,10.882
potr.txt_11415,0.448,3.583,1.791,1.791,0.896,1.791,0.448,0.896,1.343,0.448,0,0.896,0.896,0,0.448,1.791,1.791,0.896,0,1.791,7.215,7.704
potr.txt_11957,0,0.5,0,0.5,0,0.5,0,0,0,0,0,0,2.001,1.5,8.002,3.001,1,1,0,0,7.856,10.525
potr.txt_2897,0,0,0,0,2.386,4.773,5.966,0,7.159,0,0,2.386,0,0,0,0,0,0,0,0,8.728,5.659
potr.txt_2893,0,0,0,0,3.545,4.727,5.909,0,7.091,0,0,2.364,0,0,0,0,0,0,0,0,8.334,5.388
potr.txt_7979,0.695,0,0.695,1.39,0.695,1.39,4.866,0,2.085,0,0,0,0,0,2.085,1.39,0,0,0,1.39,8.936,10.884
potr.txt_10237,0,0,0,0,1.435,2.87,0,2.87,0,5.74,0,0,1.435,0,1.435,1.435,0,1.435,0,0,7.762,9.967
potr.txt_6161,0,0,0,0,0,0,0,0,1.229,1.229,0,0,0,0,3.073,0,0,3.073,0.615,0,14.071,18.81
potr.txt_4431,0,0,0,0,0,1.204,0,1.204,3.612,4.816,0,0,0,0,1.204,0,0,0,0,0,10.031,16.588
potr.txt_11233,1.597,1.065,0.532,0,1.597,1.597,0,0.532,2.662,1.065,0,3.194,1.065,2.129,0.532,0.532,0,0.532,0,0.532,7.994,9.252
potr.txt_11297,0,2.497,0.936,0.312,0.624,1.872,0.624,0.624,0.624,0.624,0,0.624,0,0.312,2.809,0,0.624,0.936,0,0,11.319,11.967
potr.txt_9871,2.029,0,0,0,0,8.116,0,2.029,0,12.175,0,2.029,2.029,0,0,2.029,0,4.058,0,0,3.684,4.778
potr.txt_8343,0.817,3.268,0,0.817,0,2.451,0,0.817,1.634,0.817,0,4.085,0.817,1.634,0.817,1.634,0.817,0.817,0.817,0,6.2,8.632
potr.txt_6835,0,0,0,0,1.278,0.639,0,0,0.639,0,0,0,0,0,3.835,2.557,0,0.639,0.639,1.278,14.93,12.716
potr.txt_10885,3.874,0,0,0.775,0.775,4.649,0.775,0.775,2.324,3.874,0,0.775,0,0,0,1.55,0,0.775,0,0,7.193,8.525
potr.txt_10545,3.379,0,0,0,0,0,0,0,4.506,5.632,0,0,0,0,0,0,0,1.126,0,0,9.003,13.414
potr.txt_12111,0,0,0,0,0,0,0,0,1.922,2.196,0,0,0,0,4.392,0,0,0,0,2.196,10.47,18.836
potr.txt_10029,1.47,0,0,0,1.47,1.47,0,0,0.735,1.47,0.735,0,1.47,0.735,2.206,2.941,0,0,0,0.735,14.111,7.232
potr.txt_9497,1.945,1.297,1.945,0,0,1.945,0,1.297,2.593,2.593,0.648,0.648,0,0.648,0.648,0,1.297,0.648,0,0,8.892,9.338
potr.txt_11633,3.057,0,0.437,0.437,0,2.184,0.437,1.747,2.184,0.874,0,0.437,0,1.747,0.874,0,1.31,1.31,0.437,0,8.653,10.29
potr.txt_3647,0,0,0,0,1.698,0,0,3.396,5.095,0,0,0,0,0,0,0,0,0,1.698,0,10.102,16.804
potr.txt_4445,0,0,1.512,0,0,1.512,0,0,0,4.537,0,0,0,0,1.512,0,0,3.024,1.512,1.512,9.623,12.139
potr.txt_2587,0,0,0,0,0,0,0,1.803,0,0.901,0,0,0,0,5.408,0,0,2.704,0,0,15.165,13.903
potr.txt_4121,0,0,0,0,0,0,10.378,0,20.756,0,0,0,0,0,0,0,0,0,0,0,4.553,5.203
potr.txt_9429,0,0,0,0,5.11,3.407,0,1.703,1.703,5.11,0,0,1.703,0,0,1.703,0,1.703,0,0,5.817,8.953
potr.txt_8937,0.479,0,1.915,0.479,0.479,0.958,0.958,0.479,0.958,0.958,0.479,0.479,0.958,1.437,2.873,2.394,1.437,0,0,1.437,8.001,9.255
potr.txt_347,0.357,2.142,0.714,0,0.714,1.428,0.714,1.428,0.357,1.071,0,0,1.785,0,2.142,1.785,0.714,0.357,0,1.071,9.707,10.004
potr.txt_11887,0.865,3.462,0,0.433,0,0.865,0,1.731,1.298,0.433,0,1.298,0.433,0,2.164,0.865,1.731,0.433,0.433,0.433,9.511,10.09
potr.txt_4077,0,1.672,0,0,0,0,0,0,3.344,3.344,0,0,0,0,1.672,0,0,0,1.672,1.672,15.054,9.26
potr.txt_1649,3.134,0,0,0,0.784,2.351,0.784,0.784,2.351,4.701,0,0,1.567,1.567,0.784,1.567,0,0.784,0,0,6.943,8.586
potr.txt_5453,1.623,0,0,1.623,3.245,1.623,0,4.868,1.623,1.623,0,0,0,0,0,1.623,0,0,0,0,8.61,9.934
potr.txt_6671,0.843,0,0,0,0.843,1.687,0.843,0,0,0.843,0,0,0.843,0.843,3.373,1.687,0.843,1.687,0,0,11.927,10.928
potr.txt_585,0.851,2.552,0.851,1.276,0.425,2.552,0.425,0.425,1.276,0.425,0,1.701,0,0,0.851,1.276,0.851,0.851,1.276,0.851,7.813,9.859
potr.txt_10615,3.146,0,0,0,2.097,0,0,0,4.195,4.195,0,0,0,0,0,0,0,0,0,0,9.968,13.943
potr.txt_10979,2.65,0,0,0.883,0.442,2.208,0,0.442,3.533,1.767,0,0,0.442,0,0.883,0,0,1.767,0,0,10.152,11.753
potr.txt_2817,0,0,0,0,2.391,0,2.391,0,4.782,0,0,0,0,0,2.391,0,0,0,4.782,0,7.932,11.827
potr.txt_899,0,2.019,0,0,0,1.01,0,1.01,1.01,0,0,0,0,0,3.029,2.019,1.01,2.019,0,2.019,8.504,13.227
potr.txt_8963,2.107,3.161,0.527,0,0,4.214,1.054,0,0.527,2.107,0,1.58,0,0,1.58,1.054,1.054,1.58,0,0.527,7.883,7.714
potr.txt_1741,1.393,0,0,0,0,0,0,2.786,1.393,2.786,0,0,1.393,0,2.786,0,0,1.393,0,0,14.754,8.699
potr.txt_11697,0,0,0,0,5.059,0,0,0,0,10.117,0,0,0,0,2.529,0,0,0,0,2.529,11.041,5.249
potr.txt_10635,3.249,0,0,0,1.083,0,0,0,4.332,4.332,0,0,0,0,0,0,0,1.083,0,0,9.63,13.603
potr.txt_1553,2.285,0,0,0,4.57,0,0,4.57,0,11.426,0,0,4.57,0,0,6.856,2.285,0,0,0,3.237,4.533
potr.txt_8657,1.783,4.16,0,0,0,0.594,0,2.377,2.377,1.188,0,0,0,0.594,1.188,1.783,1.188,0.594,0,1.188,9.013,8.373
potr.txt_787,0.881,5.288,0,0.881,0,2.644,0,2.644,1.763,0.881,0,0.881,1.763,0,0.881,3.525,0.881,1.763,0.881,0.881,6.418,5.6
potr.txt_6235,0,0,0,0.768,1.536,0,0,0.768,3.84,1.536,0,0.768,0,0,0.768,0,0,0,1.536,0,12.997,14.618
potr.txt_7677,0,2.648,0,0,0,1.765,0,0.883,2.648,0.883,0,1.765,0,0,0.883,1.765,0.883,1.765,1.765,0.883,12.93,4.921
potr.txt_8125,2.241,0,0,0,1.494,2.241,2.241,2.988,0.747,1.494,0,0,0,0,4.483,0.747,0,0,0,0,6.723,10.986
potr.txt_5589,0,0,0,0,1.653,0,0,0.827,3.307,0,0,0,0,0,1.653,0,0,0,3.307,0,18.754,10.462
potr.txt_8109,1.941,0,0.647,0.647,0,0,0.647,1.294,0,1.941,0,0.647,0.647,0.647,2.588,0.647,1.294,0,0,2.588,9.223,11.2
potr.txt_131,6.881,0,0,0,0,0.765,0,0,3.058,4.588,0.765,1.529,0,0,0,0,0.765,2.294,0.765,0,6.274,9.056
potr.txt_181,0,2.559,0,0,1.279,0.64,0,0,0.64,0,0,0,0,0,3.838,0,0,0.64,0.64,1.279,13.534,14.094
potr.txt_2405,0,0,5.052,0,0,0,0,0,0,0,0,10.103,5.052,5.052,0,5.052,0,0,0,5.052,5.625,2.539
potr.txt_5399,2.778,1.389,0,0,1.389,1.389,4.167,0,2.778,1.389,0,1.389,0,0,1.389,0,0,0,0,0,8.567,9.76
potr.txt_8303,0.535,0,0,0.535,0,1.604,0,1.07,3.209,2.139,0,0,0,0.535,0,0,1.07,0.535,2.674,0,12.325,11.17
potr.txt_2055,1.042,0,0,1.563,0,0.521,0,0.521,4.69,3.126,0,3.647,0,0,1.042,1.042,0,1.042,0,0.521,8.459,9.172
potr.txt_2747,1.371,4.112,0,0.685,1.371,6.168,0,0,0.685,0.685,0,0,1.371,0,1.371,1.371,0,0.685,0,0.685,9.003,7.013
potr.txt_5011,7.758,0,0,0,0,0,0,0,4.433,0,0,0,0,0,0,0,0,0,1.108,0,11.153,13.287
potr.txt_4593,1.007,0,0,0,0,2.014,0,0,4.028,0,0,0,0,0,0,0,0,0,3.021,0,15.568,15.18
potr.txt_12107,0,0,0,0,0,0,0,0,1.036,2.073,0,0,0,0,4.146,0,0,0,0,2.073,12.066,20.528
potr.txt_3477,0,0,0,0,0,0,0,0,0,0,0,0,0,0,3.568,0,0,0,3.568,0,14.747,24.579
potr.txt_11451,0,0,0,0,3.296,1.648,0,0.824,3.296,4.119,0,0,0.824,0.824,0.824,3.296,0.824,0.824,0,0,7.078,8.906
potr.txt_8387,5.083,0,0.726,0,0,1.452,0,1.452,0.726,1.452,0.726,2.178,0.726,0,1.452,2.178,0,1.452,0,0,8.099,8.744
potr.txt_2667,0.749,0,0.749,0,0.749,0.749,0,1.498,1.498,0.749,0,0,0,0.749,2.247,0,0,0.749,0,0,13.262,16.53
potr.txt_4299,0,2.954,2.954,0,1.477,1.477,0,0,0,0,0,0,0,0,4.431,0,0,0,0,0,17.921,6.528
potr.txt_3323,0,0,0,0,0,0,0,0,0,0,0,0,0,0,4.719,0,0,0,7.078,0,7.387,19.692
potr.txt_2383,0,0,0,0,0,0,0,0.875,0.875,0.875,0,0,0,0,2.626,0,0,0,2.626,0,17.4,19.394
potr.txt_8555,1.843,0,0,1.228,0,1.843,0,1.843,3.071,2.457,0,0.614,0,0,1.228,1.843,0.614,0.614,0.614,0.614,8.102,9.854
potr.txt_10737,0.924,2.773,0.462,0,0.462,3.236,0.462,0.924,0.924,0.924,0,0.924,2.311,0,0.924,0.924,0.924,0,0.924,1.849,9.374,7.227
potr.txt_9657,0,0,0,0,0,0,0,0,6.59,6.59,0,0,0,0,0,0,0,0,0,0,7.39,17.244
potr.txt_9451,0,1.555,0.777,0.777,0,1.555,0,0.777,1.555,0.777,0,0.777,1.555,0,2.332,3.109,0.777,0,0,0.777,9.098,10.251
potr.txt_5259,0,0,0,0,0,0.974,0,1.948,3.895,1.948,0,0,0,0,0.974,0,0,0.974,0.974,0,13.734,13.56
potr.txt_10457,3.221,0,0,1.074,0,0,0,1.074,2.147,6.442,0,0,0,0,1.074,1.074,0,0,0,0,9.488,11.018
potr.txt_5865,3.722,0,0,0,0,0,0,0,4.962,3.722,0,0,2.481,0,0,0,0,0,0,2.481,13.587,5.468
potr.txt_2783,0,0.91,0,0,0.91,0.91,0,0,2.73,0.91,0.91,0,0,0.91,2.73,0,0,0,1.82,0,14.896,10.478
potr.txt_1603,0,2.707,1.353,0.902,0.902,2.256,0.451,0.451,3.158,0.451,0,0.451,0,0.451,0.451,1.805,0,1.353,0,1.353,8.84,9.045
potr.txt_1957,0,2.787,0,2.787,0,1.394,0,2.787,0,2.787,0,0,4.181,4.181,0,0,4.181,2.787,0,1.394,5.508,5.074
potr.txt_11185,0.504,4.029,1.511,0.504,1.007,2.014,1.007,0,1.511,1.511,0,0.504,0,0.504,2.014,2.014,2.014,1.511,0,0.504,6.044,8.351
potr.txt_7045,0,3.015,0,0,0,0.754,0,0,0.754,0.754,0,0,0,0.754,3.769,0,0.754,0.754,0.754,1.507,12.317,11.698
potr.txt_3983,6.95,0,0,0,3.475,3.475,0,0,3.475,0,0,0,0,0,0,0,3.475,3.475,0,0,6.027,7.246
potr.txt_11301,0.387,3.093,0.387,0.773,1.16,1.933,1.16,0.387,0.387,0.773,0,1.16,0,0.387,3.093,1.547,0.387,0.773,0,0,9.099,9.51
potr.txt_10479,0,0,0,0,0,0,17.566,13.175,0,0,0,0,0,0,0,0,0,0,0,0,4.508,5.414
potr.txt_3883,0,0,0,0,0,0,0,0,0,0,0,0,0,0,10.13,0,0,0,7.597,0,5.49,13.18
potr.txt_4645,0,0,0,0,2.252,0,0,1.126,4.504,3.378,0,0,0,0,0,0,0,1.126,0,0,11.309,14.68
potr.txt_417,0.799,1.597,0,0,0.799,0,1.597,0.799,3.194,1.597,0,0,0.799,0.799,2.396,0.799,0,0,0,0.799,9.115,11.554
potr.txt_8451,0,0,0,0,4.981,2.49,3.321,3.321,0.83,1.66,0,0.83,0.83,0.83,0,0.83,0,3.321,0,0,6.718,7.268
potr.txt_11777,1.018,6.11,0,1.018,1.018,4.073,1.018,1.018,2.037,3.055,0,0,1.018,0,0,1.018,3.055,0,0,1.018,5.839,6.16
potr.txt_3719,0,0,0,0,0,0,0,0,0,0,0,0,0,0,4.976,0,0,0,6.635,0,9.8,17.637
potr.txt_7591,2.59,5.18,1.295,0,2.59,5.18,0,2.59,0,1.295,0,1.295,0,0,0,1.295,0,1.295,1.295,1.295,6.223,5.387
potr.txt_9185,0.38,3.04,0.38,1.14,0.76,0.76,0.76,1.14,2.66,0.76,0,0,1.52,0,1.9,1.14,1.52,0,0,0,8.302,10.229
potr.txt_5613,5.171,0,0,0,3.447,1.724,0,0,1.724,6.894,0,0,1.724,0,0,0,0,0,1.724,0,6.018,8.559
potr.txt_9867,0,0.84,0.84,0.84,0.84,0,0,0,3.362,1.681,0,0,0.84,1.681,2.521,0.84,0.84,0.84,0.84,0,12.635,7.04
potr.txt_5745,0,0,0,0,0,1.358,0.679,0,0,0,0.679,0,0,0,5.43,0,0,0,1.358,0,16.354,15.787
potr.txt_5367,0,0,0,0.934,0.934,0.934,0,2.803,2.803,1.869,0,0,0,0,0,0.934,0,0,0.934,0,9.771,16.654
potr.txt_10053,0,0,0,0,0,0,0,1.062,4.247,1.062,0,0,0,0,0,0,0,0,3.185,0,14.928,17.08
potr.txt_10733,1.495,1.495,0,0,0.748,1.495,0,0,2.243,0.748,0,0.748,1.495,0,1.495,0.748,0.748,0,0.748,0.748,9.205,12.782
potr.txt_7097,0.737,0,0.737,0.737,0,0.737,0.737,0.737,0.737,2.947,0,0.737,0,0.737,1.474,0,0,0.737,1.474,0,12.503,11.997
potr.txt_11495,1.621,3.243,0,0,0.811,0.811,0,0.811,0.811,0,0,0,0,0,2.432,0,0,0.811,0.811,1.621,11.226,12.455
potr.txt_10247,1.716,0,0,0.858,0,0.858,0,0.858,1.716,1.716,0,0,0,1.716,0.858,0,0,2.574,0.858,0,11.721,12.045
potr.txt_4409,0,0,0,0,0,0,0,0,4.719,2.36,0,0,0,0,3.539,0,0,0,1.18,0,14.931,12.145
potr.txt_6113,1.091,0,0,0,1.091,2.182,0,1.091,4.364,2.182,1.091,0,1.091,0,1.091,0,0,1.091,0,0,8.14,12.055
potr.txt_7923,1.486,0,0,0.743,0.743,1.486,1.486,2.229,2.229,2.229,0,2.229,0,1.486,0,0,0,1.486,0,0,7.839,10.722
potr.txt_5197,0,0,0,0,9.423,0,0,0,0,9.423,0,0,9.423,0,0,0,0,9.423,0,0,3.615,3.805
potr.txt_1065,2.839,0,0,0,2.839,1.42,2.839,4.259,1.42,2.839,0,0,1.42,0,0,4.259,0,2.839,0,0,4.621,7.106
potr.txt_8515,2.542,0,0,0,0,1.271,0,1.907,5.719,1.907,0.635,0.635,0.635,0,0,0.635,0.635,1.907,0,0,8.672,9.28
potr.txt_8029,0,0,0,0,2.144,0.715,0,2.144,0,0.715,0,0,8.578,0,2.859,0,0,0,0,0,9.9,9.387
potr.txt_6787,0,0,0,0,2.386,0,0,0.597,2.983,1.193,0,0,0,0,1.79,0,1.193,0,0,0.597,11.032,18.201
potr.txt_4903,0,0,0,1.702,0,0,1.702,1.702,1.702,1.702,1.702,0,0,1.702,3.404,3.404,0,1.702,0,0,10.052,6.076
potr.txt_6447,0.846,0,0,0,0,0.846,0,1.692,4.231,2.539,0,0,0,0,0,1.692,0,0,1.692,0,9.303,14.755
potr.txt_12003,0,0,0,1.175,1.175,1.175,0,0,1.175,0,0,0,2.351,0,0,0,2.351,1.175,3.526,0,10.173,13.022
potr.txt_527,1.816,0.908,0.908,0,0.908,2.27,0,0.908,2.724,2.724,0,0,0,0.454,0.454,1.362,0.454,0.908,0,0,9.171,10.52
potr.txt_6159,0,0,0,0,3.02,0,0,0,1.208,1.208,0,0,0,0,3.02,0,0,0,0.604,0,13.622,19.685
potr.txt_8103,1.114,0,0,0,0.557,0.557,0,1.671,2.228,0.557,0,0.557,0.557,0,1.671,0,0.557,2.228,0.557,1.114,9.732,13.728
potr.txt_11011,1.039,0,0,0,1.039,5.196,0,2.079,1.039,1.039,1.039,0,0,2.079,0,3.118,1.039,1.039,1.039,0,7.214,8.615
potr.txt_6093,0,0,0,0,0,0,0,1.27,5.079,7.619,0,1.27,1.27,0,0,1.27,0,1.27,0,0,6.264,11.091
potr.txt_171,0,3.416,0,0.569,0.569,3.986,0,0,1.139,0,0.569,0,1.139,0.569,1.708,1.139,0,1.139,0,1.139,10.821,8.547
potr.txt_477,1.373,2.745,0,0,0,1.373,0,2.745,2.745,4.118,0,0,1.373,0,0,0,0,2.745,1.373,0,8.951,7.04
potr.txt_10239,0,0,0,0,0,0,0,0,5.581,7.441,0,0,0,0,0,0,0,0,0,0,10.575,14.319
potr.txt_12145,0,0,0,4.969,0,0,0,0,0,14.908,0,0,0,0,0,0,0,0,0,0,9.487,7.114
potr.txt_10475,0,0,0,0,0,0,26.012,10.405,0,0,0,0,0,0,0,0,0,0,0,0,3.807,4.01
potr.txt_871,2.885,1.442,1.442,0,0,2.885,0,0.721,2.885,4.327,0,0.721,0,0.721,0,2.885,0.721,2.163,0,0,6.008,7.606
potr.txt_1857,2.328,1.552,0,0,3.104,0.776,0,2.328,1.552,2.328,0,0,1.552,0,1.552,0.776,0.776,0,0,0,7.586,10.177
potr.txt_11341,3.216,0,0,2.144,2.144,0,0,1.072,1.072,1.072,0,1.072,1.072,1.072,1.072,3.216,1.072,1.072,0,1.072,8.364,6.941
potr.txt_4661,0,0,0,0,1.147,0,0,1.147,4.588,4.588,0,0,0,0,0,0,0,1.147,0,0,11.021,14.563
potr.txt_6895,1.582,0,0,0,1.582,0,3.163,0,1.582,9.488,0,1.582,0,0,0,4.744,1.582,3.163,0,0,6.112,4.852
potr.txt_6639,0,0,0,0,0,0,0,0,7.013,1.753,0,0,0.877,0,3.507,0,0,0.877,0.877,0,12.05,10.008
potr.txt_11349,2.506,0,1.253,2.506,2.506,1.253,0,0,2.506,1.253,0,0,1.253,0,0,2.506,3.758,2.506,0,1.253,6.273,6.547
potr.txt_8523,2.475,0,0.619,0,0,1.238,0,1.857,5.57,1.857,0.619,0.619,0,0,0,0.619,0.619,1.857,0,0,8.576,9.865
potr.txt_7419,1,0,0,0,2,0,0,4.999,3.999,2.999,0,1,1,0,0,1,1,0,0,1,7.073,9.423
potr.txt_6157,3.113,0,0,0,0,0,0,0,1.245,1.245,0,0,0,0,3.113,0,0,0,0.623,0,14.684,17.883
potr.txt_3573,0,0,0,0,0,0,0,0,6.255,0,0,0,0,0,0,0,0,0,6.255,0,25.772,0
potr.txt_759,0.44,1.76,0.44,0,0.88,0.88,0,0.44,0.44,0,0,0.44,5.279,0,3.079,0.88,0,0,0.88,0.44,11.246,9.054
potr.txt_11419,0,1.52,1.9,3.42,0.76,0.38,0,0.38,1.14,0.38,0.76,0.38,0,2.28,1.9,1.52,0.38,0.38,0.38,0.76,8.931,8.832
potr.txt_5523,0,0,0,0,2.117,0.706,0,0.706,0,1.411,0,0,0,0,2.117,0.706,0,0.706,0.706,0,14.077,18.921
potr.txt_2499,0,0,0,0,0,0,0,0,1.831,0.915,0,0,0.915,0,2.746,0,0,0,4.577,0,18.436,10.273
potr.txt_3,1.12,2.987,0.747,0.747,0.747,1.867,1.12,0,1.12,0.747,0,1.867,0,0.373,1.12,0.747,1.493,0,1.12,0.373,8.83,9.256
potr.txt_10159,3.551,2.368,0,0,2.368,0,1.184,1.184,2.368,1.184,0,1.184,1.184,0,1.184,0,0,2.368,0,0,11.238,5.147
potr.txt_7869,2.457,0,0,0.819,0.819,3.276,0.819,0.819,2.457,2.457,0,0.819,0.819,0,0,0.819,0,2.457,0,0,8.179,9.374
potr.txt_9163,1.499,0,0.749,1.499,2.248,1.499,1.873,0.749,0.749,1.499,0.749,0.375,0,0.375,2.623,0,0,0.749,0,0,8.969,10.229
potr.txt_3415,0,0,0,0,4.648,0,2.324,0,2.324,2.324,0,0,0,0,2.324,0,0,0,0,0,20.344,3.089
potr.txt_2487,0,0,0,0,0,0,0,0.993,1.985,0.993,0,0,2.978,0,1.985,0,0,0,3.971,0,10.716,14.375
potr.txt_2753,0,2.41,0,0,0,1.205,0,2.41,1.205,0,1.205,1.205,0,1.205,3.614,0,1.205,0,0,1.205,8.22,11.391
potr.txt_7095,0,0.751,0,0,0.751,2.252,0,0,0,0.751,0,0,0,0,4.503,0,0,0.751,0,0.751,12.685,17.058
potr.txt_10769,2.777,0,2.777,2.777,0,0,0,0,2.777,2.777,0,0,2.777,0,0,0,0,2.777,0,2.777,7.646,7.07
potr.txt_9117,1.548,0,0,0,1.161,0,0.387,1.548,0.387,0.774,0.387,1.935,1.548,1.548,2.71,1.161,1.161,0,0.774,0.387,10,8.999
potr.txt_3939,0,0,0,0,0,2.206,0,0,0,4.413,0,0,0,0,4.413,0,0,0,0,0,26.732,1.878
potr.txt_10383,2.791,0,0,0,2.791,0,0,0,5.582,0,0,0,0,0,0,0,0,0,0,0,11.32,17.014
potr.txt_975,2.78,1.853,0,0,2.78,0.927,0,3.706,3.706,1.853,0.927,0,1.853,0,0,0.927,0.927,0,0,0,6.312,8.389
potr.txt_5861,0,0,0,0,0,0,0,0,5.193,7.789,0,0,2.597,0,0,0,0,0,0,2.597,13.766,4.441
potr.txt_5819,0,0,0,0,0.921,0,0,0,3.682,3.682,0,0,0,0,1.841,0,0,0,0,0.921,11.681,16.895
potr.txt_3903,0,0,0,0,0,0,0,0,0,0,0,0,0,0,4.251,0,0,0,10.628,0,15.78,6.311
potr.txt_2373,1.107,0,0,0,0,0,0,0,0.553,3.32,0.553,0,0.553,0,3.32,0,0,0,0,0,12.231,20.158
potr.txt_2401,1.892,0,1.892,0,0,5.678,0,0,7.571,0,0,0,35.96,0,0,0,0,0,0,0,1.843,2.174
potr.txt_6459,2.411,0,0,0,0,1.206,0,0,4.822,4.822,2.411,0,0,0,0,0,2.411,0,0,0,7.794,10.507
potr.txt_10573,4.048,0,0,0,1.012,0,0,0,5.06,3.036,0,0,0,0,0,0,0,0,0,0,9.506,15.167
potr.txt_2845,0,0,0,0,2.407,0.602,0,0,4.212,1.204,0.602,0,0,0,1.805,0.602,0,0,0,0,13.522,14.266
potr.txt_33,0,2.231,0,0,0.744,1.487,0.372,1.487,0.372,0,0,0.744,1.116,0.372,2.975,0.372,1.116,1.116,0.372,0,12.441,9.656
potr.txt_1879,2.051,0,0.41,0.82,0.41,2.051,0.41,2.051,1.641,0.41,0,0.82,1.231,0.82,1.231,0.41,0,1.231,0,0,9.313,11.325
potr.txt_271,2.339,4.678,0,0,0,0,0,4.678,0,2.339,0,0,4.678,0,2.339,0,0,2.339,0,2.339,7.768,4.655
potr.txt_2213,1.658,1.658,0.829,0,0.829,1.658,0,1.658,3.316,1.658,0,1.658,0,0,0,2.487,3.316,1.658,0.829,0,7.034,6.974
potr.txt_6265,0,0,0,0.918,0,0.918,0,0,1.835,0,0,0,0.918,0.918,2.753,0,0,5.506,0,0,11.783,11.924
potr.txt_7015,0,0,0,0,0,0.844,0,0,0.844,0.844,0,0,0.844,0,4.222,0,4.222,0.844,0,1.689,13.049,9.781
potr.txt_7193,5.549,0,0,0,2.774,0,1.387,4.162,1.387,4.162,0,1.387,1.387,0,0,4.162,0,0,0,0,5.021,7.044
potr.txt_1445,7.02,0,3.51,1.755,0,7.02,0,0,0,3.51,0,0,8.775,0,0,1.755,0,1.755,0,0,5.055,3.197
potr.txt_10933,3.218,0,0.804,0,0.804,2.413,0.804,1.609,2.413,2.413,0,1.609,0,0,0,0.804,0,1.609,0,0,7.333,10.548
potr.txt_929,3.926,0,0,0,0,3.926,0,0,0,0,1.963,0,0,1.963,1.963,1.963,0,1.963,0,0,11.784,6.948
potr.txt_701,0.548,1.096,1.096,0,0.548,0.548,0,0.548,4.932,1.096,0.548,0,0,0,0,0.548,0.548,1.644,1.096,0,11.459,10.744
potr.txt_343,1.952,2.928,0.488,0,1.952,0.488,0.488,0.488,0.488,0,0,0.488,0,1.952,1.952,1.464,0.488,0.976,0.488,0.488,8.992,9.849
potr.txt_1673,0.327,0.654,0.654,0.654,0,2.944,0,2.944,3.271,0.981,0,0.327,0,0,0.654,0.981,0.327,0.327,0.327,0,11.212,10.215
potr.txt_3001,0,0,0,0,0,0,0,0,0,0,0,0,0,0,4.666,0,2.333,0,5.833,0,11.693,13.521
potr.txt_5833,0,0,0,0,1.882,0,0,1.882,3.765,0.941,0,0.941,0,1.882,0.941,0,0,0,0.941,0,10.765,13.874
potr.txt_1277,2.938,1.469,0.734,0,0,1.469,0,0.734,2.938,4.407,0.734,2.203,0,0,0,3.672,1.469,1.469,0,0,6.336,6.994
potr.txt_7029,2.071,0,0,0,1.036,2.071,0,3.107,1.036,2.071,1.036,1.036,1.036,0,1.036,1.036,0,2.071,0,0,7.259,10.484
potr.txt_11119,0,0,0,0,0.789,0,0.789,0.789,1.578,3.155,0.789,0.789,0,0,1.578,0.789,0.789,1.578,0,0.789,10.187,12.869
potr.txt_293,1.175,0,1.175,0,1.175,3.524,0,2.349,2.349,2.349,0,0,0,0,0,1.175,0,3.524,0,0,6.844,10.754
potr.txt_3721,0,0,0,0,0,0,0,0,0,0,0,0,0,0,5.065,0,0,0,12.662,0,5.49,13.18
potr.txt_9277,0,0,0,0,0,0.622,0.622,3.734,2.489,0.622,0,0.622,0,0,1.867,0,0,0,0,0.622,10.417,17.842
potr.txt_1597,1.754,0,0,1.169,1.169,0.585,0.585,1.169,4.092,1.169,0.585,0,0,0,0.585,0.585,0,0,0.585,0,9.759,13.548
potr.txt_5099,0,0,0,0,0.932,0,0,0.932,4.66,0.932,0,0,0,0,2.796,0,0,0.932,0,0,12.391,15.901
potr.txt_4887,2.387,0,0,0,1.194,1.194,0,0,2.387,2.387,0,0,0,0,0,0,1.194,0,2.387,0,12.173,12.542
potr.txt_4365,1.56,0,0,0,0,1.56,3.12,0,4.679,0,0,0,0,0,3.12,0,0,0,0,1.56,8.919,12.22
potr.txt_8893,0,2.531,0.422,0,0.844,2.531,0.422,0.844,1.266,0.844,0.422,0.844,0.422,0,2.531,0,0.422,0,0.422,1.266,9.417,11.18
potr.txt_11007,2.998,0,0.428,0.428,0,2.142,0.428,1.285,1.713,0.857,0,0.428,0,1.713,1.285,0,1.285,1.713,0.428,0,9.13,10.183
potr.txt_8571,3.751,0,0,0,1.607,0.536,0,0.536,1.607,3.215,0,0,0.536,0,1.607,1.072,0.536,1.072,0,0,10.274,10.27
potr.txt_2933,0,0,0,0.964,0.964,1.928,3.857,0,2.893,0,0,0,0,0,1.928,0.964,0,0,0,1.928,9.779,11.58
potr.txt_5055,1.867,0,0,0,0,0.933,0,0,1.867,0,0,0,0,0,1.867,0,0.933,1.867,1.867,0,13.907,14.352
potr.txt_2641,4.32,2.16,0,0,0,0,0,0,0,4.32,0,0,0,4.32,0,0,0,4.32,2.16,0,7.748,7.434
potr.txt_8517,2.486,0,0.621,0.621,0,1.243,0,1.865,4.972,1.865,0.621,0.621,0,0,0,0.621,0.621,1.865,0,0,8.531,9.829
potr.txt_8173,0.824,1.649,0,0,0.824,3.298,0,0.824,3.298,3.298,0.824,1.649,0,0.824,0,0.824,0,2.473,0,0,7.705,8.268
potr.txt_8137,2.199,0,0,0,1.466,2.199,2.932,2.932,1.466,1.466,0,0,0.733,0,2.199,0,0,0,0.733,0,8.157,9.899
potr.txt_8521,2.568,0,0,0.642,0,1.284,0,1.926,5.136,1.926,0.642,0.642,0.642,0,0,0.642,0.642,1.926,0,0,8.511,9.255
potr.txt_5713,0,0,0,0,1.301,0,5.204,0,0,1.301,0,0,1.301,0,6.506,1.301,0,0,0,0,9.408,10.148
potr.txt_5579,1.376,0,0,0,1.376,2.751,0,2.751,0,4.127,0,0,1.376,0,1.376,1.376,0,1.376,0,0,8.308,10.199
potr.txt_12037,0,0,0,0,1.217,0,0,1.217,6.086,3.652,0,0,0,0,0,0,0,0,0,0,10.204,16.172
potr.txt_5915,0,0,0,0,0,0,0,0,6.861,4.9,0,0,0.98,0,0,0,0,0,0.98,0,12.951,10.824
potr.txt_5469,2.215,0,0,0,2.215,1.108,0,0,1.108,2.215,0,1.108,0,0,1.108,0,0,2.215,1.108,0,7.92,14.845
potr.txt_8975,0,3.502,1.167,4.669,0,0,0,0.584,0.584,0,0,0.584,1.167,5.836,3.502,0.584,0.584,0,0,1.167,6.585,6.944
potr.txt_10789,2.909,5.818,0,0,2.909,5.818,0,1.454,0,1.454,0,2.909,0,0,0,1.454,0,2.909,1.454,1.454,5.305,4.702
potr.txt_6409,2.504,0,0,0,0,1.252,1.252,2.504,5.008,2.504,2.504,0,0,0,0,2.504,0,0,0,0,6.182,10.283
potr.txt_2161,0,0,0,0,0,2.199,1.1,2.199,3.299,5.498,1.1,2.199,0,0,0,1.1,0,1.1,0,0,7.883,8.791
potr.txt_2967,1.022,0,0,0,1.022,1.022,0,0,3.066,3.066,0,0,0,0,2.044,0,0,0,0,1.022,9.984,16.223
potr.txt_4875,0,0,0,0,0,0,0,0.822,0.822,1.645,0.822,0,0,0,3.289,0,0,0,0.822,0.822,11.448,21.896
potr.txt_1799,1.371,0,0,0.686,2.057,3.428,0.686,0.686,2.742,1.371,0.686,0,0,0,0,1.371,0,0.686,0,0,9.865,11.059
potr.txt_10597,3.504,0,0,0,1.168,0,0,0,4.673,5.841,0,0,0,0,0,0,0,0,0,0,12.782,8.894
potr.txt_6969,0,0,0,0,0.665,0.665,0,1.331,3.327,1.996,0,1.331,0,0,0,0,0,0.665,1.996,0,9.795,16.942
potr.txt_1175,1.079,2.159,0,0,1.079,6.476,0,2.159,2.159,3.238,0,0,0,0,0,0,2.159,2.159,0,0,6.742,7.649
potr.txt_4363,0,4.143,0,0,4.143,2.072,0,0,0,0,0,0,0,0,2.072,6.215,2.072,0,0,0,6.771,9.114
potr.txt_4783,0,0,0,0,0,0.985,0.985,0,0.985,1.97,0,0,0.985,0,2.955,0,0,1.97,0,0,13.045,15.983
potr.txt_4485,0,0,0,0,0,0,0,0,3.702,3.702,0,0,3.702,0,0,0,0,3.702,0,3.702,11.259,6.615
potr.txt_45,2.852,0,0,0.713,0,3.565,0,1.426,2.852,2.852,0,0.713,0,0,0,0.713,2.139,0.713,0,0.713,7.679,9.485
potr.txt_8493,2.783,1.392,1.392,0,0.696,0.696,0,0.696,3.479,2.087,0.696,2.087,0,0,0,0,2.087,2.087,0,0,7.956,8.383
potr.txt_1325,2.602,1.041,0,1.041,0.521,2.602,0,1.561,3.643,2.082,0.521,0.521,0,0.521,0,0,2.602,0,0,0,8.28,8.88
potr.txt_3189,0,0,0,0,0,0,0,0,0,0,0,0,0,0,7.141,0,0,0,2.38,0,18.338,13.755
potr.txt_4493,0,0,0,0,11.947,0,0,0,0,2.987,0,2.987,2.987,2.987,0,0,0,2.987,0,0,5.029,6.749
potr.txt_1933,0.397,3.174,0,0.793,1.19,2.38,1.587,0,1.19,0,0,1.19,0.397,0,2.777,1.19,1.19,0.793,0,0.397,9.028,8.711
potr.txt_1451,1.217,0,0,0,2.433,2.433,0,3.65,1.217,1.217,0,1.217,0,0,0,1.217,0,0,1.217,0,7.914,12.951
potr.txt_8203,1.865,1.865,1.865,0,0.933,0.933,0.933,0,3.73,3.73,1.865,2.798,0.933,0,0,0,0.933,0.933,0,0,6.7,7.238
potr.txt_7821,2.389,0.796,0.796,0,0.796,3.186,0.796,0,2.389,1.593,0,0,0,0,0.796,1.593,0,1.593,0,1.593,9.017,9.046
potr.txt_11075,0.757,3.029,0.379,0.379,0,0.757,0,1.515,1.893,0.379,0,1.136,1.136,0,1.893,1.515,1.515,0.379,0.379,0.757,8.999,9.597
potr.txt_7531,0.787,0,0.787,0,0.787,2.361,0,1.574,3.935,0.787,0.787,0,0.787,0,0,0,0,2.361,0.787,0,9.896,11.065
potr.txt_10419,3.655,0,0,0,3.655,0,0,0,3.655,0,0,0,0,0,0,0,0,0,0,0,14.635,14.115
potr.txt_849,1.083,1.083,0.541,0,0.541,3.248,0.541,1.083,3.248,2.707,0.541,0.541,0,1.083,0,1.083,1.083,1.624,0,0,7.648,8.817
potr.txt_11013,1.174,0,0,0,1.174,1.174,1.174,1.174,3.523,4.697,0,1.174,0,0,0,0,0,1.174,0,0,7.79,12.316
potr.txt_6801,0.873,0,0,0,1.747,1.747,0,2.62,1.747,0,0.873,1.747,0,0,0.873,0.873,0,0.873,0,1.747,10.237,10.746
potr.txt_6237,0.716,0,0,0,1.432,0,0,0.716,4.296,1.432,0,0,0,0,1.432,0,0,0.716,0,0,11.864,17.367
potr.txt_8401,0.458,0.458,0,0,1.374,0.458,0,0.458,0,2.291,0,0,1.374,0,3.207,0,0,0.458,1.374,0.458,13.49,12.529
potr.txt_8011,1.244,0,0,0.622,0,0.622,0.622,1.867,1.867,1.867,0,1.244,0,1.244,0,0,0,1.244,2.489,0,9.834,12.185
potr.txt_3003,0,0,0,0,0,0,0,5.052,0,0,0,0,0,0,5.052,0,2.526,0,1.263,0,9.549,13.963
potr.txt_383,1.951,1.951,0,0,1.951,1.951,0,2.926,3.901,0.975,0,0,0.975,0.975,0,0.975,0.975,2.926,0,0.975,5.525,8.35
potr.txt_2649,0,2.87,0,0,0.718,1.435,0.718,0,0,0,0,2.153,0,0,2.87,0,0,2.87,0.718,0.718,10.134,11.698
potr.txt_1921,1.84,0,0.92,0,0.92,2.76,1.84,1.84,1.84,2.76,0,0.92,0,0.92,0,0,0.92,3.68,0,0,6.986,8.54
potr.txt_5165,1.309,1.309,0,0,1.309,0,0,0,1.309,0,1.309,1.309,0,2.619,2.619,0,0,1.309,1.309,0,11.954,9.038
potr.txt_10207,0,0,0,0,1.661,0,0,0,1.661,0,0,0,0,0,4.984,0,0,0,6.645,0,8.71,13.281
potr.txt_3603,1.504,0,0,0,1.504,1.504,0,0,0,0,0,0,0,0,4.513,0,0,0,0,0,14.269,19.131
potr.txt_9987,0,0,0,0,1.964,0,0.982,0.982,4.909,1.964,0,0,0.982,0,0,0,0,0,0.982,0,12.402,12.929
potr.txt_10559,2.562,0,0,0,1.281,0,0,0,5.124,3.843,0,0,0,0,0,0,0,0,0,0,8.551,16.699
potr.txt_8265,1.62,0,0,0,1.62,2.43,0,1.62,0.81,2.43,0,0.81,3.24,0,1.62,0,1.62,3.24,0,0,5.882,9.722
potr.txt_3861,0,0,0,0,0,0,0,0,0,0,0,0,0,0,3.789,0,0,0,5.052,0,17.847,16.063
potr.txt_285,0.881,2.643,0.441,0.441,0.881,2.643,0,0.441,1.762,0,0,0.881,0.881,0.881,1.762,0.441,0,0.441,0.441,0.881,10.459,9.3
potr.txt_2675,0.716,0,0.716,0,0.716,2.149,0,1.433,1.433,0.716,0,0,0,0.716,2.149,0,0,0.716,0,0,11.953,15.783
potr.txt_13,1.165,0,1.165,0,1.165,3.495,0,2.33,2.33,2.33,0,0,0,0,0,1.165,0,3.495,0,0,7.033,10.714
potr.txt_9167,0,2.013,0.503,3.019,0,0,0.503,0.503,2.515,0,0.503,0,1.006,6.037,5.534,0,0.503,0,0,1.006,6.32,7.395
potr.txt_4321,0,0,0,0,0,0,0,0,4.415,0,0,0,0,1.472,2.943,0,0,2.943,1.472,0,15.208,9.321
potr.txt_11153,0.43,0,0,0,0,6.879,0,0,0,0.43,0,3.009,0,0.43,0.43,0.86,0,0.86,0.43,3.439,10.398,8.843
potr.txt_4791,6.352,3.176,1.588,0,0,0,0,0,1.588,1.588,0,0,0,0,1.588,0,0,0,1.588,0,8.531,10.415
potr.txt_11321,0,1.942,1.295,0,0,4.532,0,1.942,0,1.295,0,2.59,1.942,1.295,1.295,1.295,0,0.647,0,2.59,7.679,6.716
potr.txt_4481,0,0,0,0,0,0,0,0,3.577,3.577,0,0,3.577,0,0,0,0,3.577,0,3.577,11.458,7.045
potr.txt_7321,1.817,0,0,0,0,3.634,2.725,0,0,0,0,0,0,1.817,2.725,2.725,1.817,0,0,0,9.485,9.687
potr.txt_6667,0,0,0,0,0,1.361,0.681,0,2.042,2.723,0,0,0,0.681,2.723,0,0,1.361,0,0,11.3,16.215
potr.txt_8861,1.66,0,0.415,0.415,0.415,2.075,0,2.075,2.49,0.83,0,0.415,0.415,0.83,1.245,0,0.415,1.245,0.415,0,10.502,10.953
potr.txt_11683,1.589,0,0,0,1.589,3.179,0.795,0.795,3.973,0.795,0,0.795,0,0,0,1.589,0,0.795,0,0,9.278,11.489
potr.txt_2079,2.412,0,1.206,0,0,1.206,0,0,3.014,2.412,0.603,1.809,0,0.603,0,0,0.603,2.412,0.603,0,7.844,11.751
potr.txt_3779,0,0,0,0,0,0,0,0,0,0,0,0,0,0,4.976,0,0,0,6.635,0,9.8,17.637
potr.txt_1931,0,2.97,0.495,0,0.495,2.97,0,0,0,0.99,0,1.485,0.99,0,1.98,2.97,0.495,0.99,0,2.475,7.745,9.374
potr.txt_9085,1.146,0,0,0.573,1.719,0,0.573,1.146,1.146,1.146,1.146,3.438,1.146,4.584,1.146,1.719,2.865,0.573,1.146,0.573,5.905,6.483
potr.txt_2661,0,0,0,0,0.812,0,0,1.624,3.248,0.812,0,0,0,0,2.436,0,0,0.812,0,0,12.803,18.732
potr.txt_6713,0,0,0,0,1.672,1.672,0,1.672,6.687,1.672,0,0,0,0,0,0,0,0,0.836,0,10.825,12.214
potr.txt_6677,1.65,0,0,0,3.301,1.65,0,4.951,1.65,6.602,0,0,3.301,0,0,3.301,0,1.65,0,0,4.34,6.827
potr.txt_3043,0,0,0.679,0.679,1.358,0.679,0.679,1.358,2.037,0.679,0,0,0,1.358,0.679,0,0.679,1.358,0.679,0.679,11.127,12.868
potr.txt_7501,0,0,0,0,0,1.827,0,0,0,0,0,0,0.609,0,3.654,0,0,0,2.436,0.609,13.917,19.189
potr.txt_7819,0.889,0,0,0,0,0,0,1.778,0,0.889,0,0,7.112,1.778,2.667,0,1.778,0,0,3.556,8.183,7.928
potr.txt_10397,0,0,0,0,0,0,0,0,6.24,6.24,0,0,0,0,0,0,0,0,0,0,8.853,16.971
potr.txt_4775,0,0,0,0,0,0,1.04,6.238,1.04,0,0,0,0,0,3.119,0,0,0,0,0,9.161,18.621
potr.txt_10673,2.704,0,1.352,0,0,1.352,2.704,0,2.704,0,0,0,0,0,2.704,1.352,0,0,0,1.352,7.689,12.674
potr.txt_12013,2.778,5.557,0,0,0,3.89,0,0.556,0,0.556,0,1.111,1.111,0.556,2.223,1.667,0.556,0,0,1.667,8.086,6.623
potr.txt_11827,2.059,2.059,0,0,1.03,0,0,0,0,0,0,0,0,0,5.149,0,0,1.03,0,1.03,11.67,14.373
potr.txt_1297,2.165,1.443,1.443,0,0,2.165,0,0.722,2.887,3.608,0.722,0.722,0,0.722,0,4.33,0.722,2.165,0,0,6.294,7.309
potr.txt_3255,0,0,0,0,0,0,0,0,0,0,0,0,16.077,0,0,0,0,0,0,16.077,9.338,0
potr.txt_11285,0,0,0.614,1.227,0.614,0.614,0,1.227,3.069,0.614,0,0.614,3.683,2.455,2.455,0.614,0.614,0.614,0,1.841,6.764,8.997
potr.txt_7263,0,0.938,0,0,0.938,1.876,0,2.814,2.814,0.938,0,0.938,0.938,0,0.938,2.814,0.938,0,0.938,0,9.242,9.328
potr.txt_663,2.091,0,0,0.523,0,3.659,1.045,2.091,3.136,1.045,0,1.045,0.523,0.523,1.045,0,0.523,2.091,0,0.523,8.001,8.61
potr.txt_1329,3.436,1.145,1.145,0,1.145,2.291,0,1.145,2.291,2.291,0,2.291,1.145,0,0,0,2.291,1.145,0,1.145,6.421,7.798
potr.txt_2983,0,0,0,0,0,1.656,3.311,0,3.311,0,0,0,0,0,1.656,0,0,0,1.656,1.656,11.868,12.66
potr.txt_95,1.31,1.31,0.655,0,0.655,3.276,0,0.655,3.276,4.586,0,0,0.655,0.655,0,0,0.655,0,0,0,8.922,9.787
potr.txt_5987,0,0,0,0,0,0,0,3.388,1.694,0.847,0.847,0,0,0,3.388,0,0,0,0.847,0.847,9.509,17.455
potr.txt_4427,0,0,0,0,0,1.216,0,2.433,4.866,3.649,0,0,0,0,0,0,0,0,0,0,8.631,17.762
potr.txt_11817,2.091,0,0.418,0.418,0.418,2.091,0,1.673,2.509,0,0,0.418,0.418,0.418,1.255,0,0.418,2.927,0.418,0,10.015,10.755
potr.txt_7093,0,3.915,0,0,0.979,1.957,0,0,0,0.979,0,0,0,0,4.894,0,0,1.957,0,0.979,8.36,12.701
potr.txt_1061,0,0,0.834,2.501,0.834,0.834,6.668,0,2.501,0,0,0,0,0,3.334,1.667,0,0,0,0.834,7.324,9.165
potr.txt_6741,9.855,0,0,0,4.927,0,0,9.855,0,14.782,0,0,0,0,0,0,0,4.927,0,0,2.641,3.042
potr.txt_8419,0.715,2.859,0.715,0,0,3.574,0,0,2.859,0.715,0.715,0,0,0,1.43,2.859,0.715,0,0,0.715,10.026,8.494
potr.txt_5843,0,0,0,0,0,2.293,0,0,0,0,0,0,0,0,11.467,1.147,0,1.147,0,0,6.343,14.226
potr.txt_7071,1.82,0,0,0,0.607,3.033,0.607,0,0,0.607,0,0,0,0,2.427,0.607,0,0.607,0.607,0,15.11,13.736
potr.txt_11901,0,0,1.267,3.801,0,2.534,0,3.801,0,0,0,0,1.267,1.267,1.267,1.267,0,0,1.267,0,7.988,10.668
potr.txt_7411,0,2.145,0,0,0,0,0,1.072,4.289,0,0,0,3.217,1.072,6.434,1.072,1.072,0,1.072,0,6.378,8.923
potr.txt_6313,1.085,2.17,0,0,2.17,0,0,2.17,4.34,0,0,0,1.085,0,0,0,1.085,0,2.17,0,10.15,10.15
potr.txt_6411,1.141,0,0,0,0,1.141,1.141,2.282,5.706,2.282,2.282,0,0,0,0,2.282,0,0,0,0,6.902,11.221
potr.txt_8019,0.617,0,0,0,0,1.233,0,0.617,0.617,0.617,0,0.617,2.467,0,1.85,0.617,0.617,1.85,0,2.467,11.05,12.027
potr.txt_1559,1.648,3.296,0.824,0,0,0,0,3.296,5.767,0.824,0,0.824,2.472,0,0,0,0,1.648,0,0,8.078,7.906
potr.txt_449,1.23,0,0,0,0,6.149,0,3.689,2.459,6.149,0,1.23,1.23,0,0,0,0,2.459,0,0,5.653,7.451
potr.txt_9865,0,2.769,0,0,1.384,0,0,1.384,2.769,4.153,1.384,0,1.384,0,1.384,0,0,2.769,0,0,7.138,9.909
potr.txt_11595,0,0,0,0,2.12,0,0,0,0,0,0,0,0,0,4.239,0,0,0,2.12,0,9.156,25.793
potr.txt_11907,0,0,0,0,0,0,0,0,7.611,5.437,0,0,0,0,0,0,0,0,0,0,9.379,15.473
potr.txt_5601,3.264,0,0,0,1.088,0,0,0,4.352,5.44,0,0,0,0,0,0,0,0,0,0,9.612,13.524
potr.txt_7667,0.602,0,0,0,1.203,2.407,0,0,0,1.805,0.602,0,0.602,0.602,3.008,1.203,0,0,0,0.602,16.296,9.257
potr.txt_9851,10.149,0,0,0,1.691,1.691,1.691,3.383,0,5.074,0,3.383,1.691,0,0,0,1.691,3.383,0,0,3.611,5.09
potr.txt_6777,0,0,0.786,0.786,0,0,0.786,0.786,0.786,1.572,0,0,0,1.572,5.502,0.786,0,0,0.786,0,10.7,12.43
potr.txt_5665,0,0,1.278,1.278,1.278,0,0,1.278,3.835,2.557,0,1.278,0,1.278,1.278,1.278,0,0,0,0,9.737,10.157
potr.txt_2715,0.979,2.938,0.49,0.979,1.958,2.448,0,0.979,0.979,1.958,0,0.49,0.49,0.49,1.469,1.958,0.979,0,0,0,8.119,8.742
potr.txt_9055,1.334,2.668,0.445,0.889,0.445,2.668,0.445,0.889,1.334,0.445,0,2.223,0,0,0.889,1.334,0.889,0.889,0.889,0.889,7.963,8.915
potr.txt_5015,0,0,0,0,0,0,0,0,4.66,8.155,0,0,0,0,0,0,0,0,1.165,0,11.16,12.221
potr.txt_2257,3.156,0,0,0,2.367,0.789,0,2.367,4.734,1.578,0.789,0,0.789,1.578,0.789,0,0,0,0,0.789,7.148,9.588
potr.txt_8245,1.422,1.422,0,0.711,0,0.711,0,2.133,2.133,2.133,0,0.711,0.711,1.422,0.711,0.711,2.133,0,0.711,0.711,8.378,9.52
potr.txt_10861,2.635,0,0.659,0,1.317,1.976,0.659,1.317,1.976,0.659,0,0.659,0,0.659,0.659,0,0.659,1.976,0,0,8.589,12.284
potr.txt_6977,2.046,0,0,0,0,3.069,0,1.023,3.069,6.139,0,1.023,0,0,0,1.023,0,1.023,0,0,8.355,9.61
potr.txt_10183,2.069,0,1.034,0,1.034,1.034,0,4.138,1.034,2.069,0,0,0,1.034,0,5.172,0,0,1.034,0,6.739,10.059
potr.txt_1401,2.737,1.825,0,0,0.912,1.825,0,3.649,3.649,1.825,0,0,1.825,0,0,0,0.912,1.825,0,0.912,6.493,8.462
potr.txt_3265,0,0,0,0,0,0,0,0,41.209,0,0,0,0,0,13.736,0,0,0,0,0,2.118,1.589
potr.txt_2263,2.317,0,0,0,0,1.158,0,2.317,3.475,2.317,1.158,1.158,0,0,0,0,0,0,1.158,0,9.504,12.341
potr.txt_3325,0,0,0,0,0,0,0,0,0,0,0,0,0,0,10.254,0,0,0,2.563,0,15.143,10.096
potr.txt_11529,0,0,0,0,0,2.089,0,0,0,2.089,0,2.089,0,0,4.177,2.089,8.354,0,0,0,6.104,9.643
potr.txt_7547,1.494,0,0,0,0.747,2.241,0,0.747,2.988,2.241,0,0,0,0,0.747,0,0.747,2.241,0.747,0,10.206,11.8
potr.txt_10603,3.589,0,0,0,0,2.692,0,1.795,3.589,4.487,0,0,0,0,0,0,1.795,2.692,0,0,8.317,7.632
potr.txt_3661,0,0,0,0,0,0,0,0,0,0,0,0,0,0,21.322,0,0,0,3.554,0,5.877,7.053
potr.txt_5749,1.635,4.905,0,0,0,1.635,0,1.635,3.27,1.635,0,0,0,1.635,1.635,0,3.27,0,0,1.635,5.455,8.778
potr.txt_2247,6.947,0,0,0,0,2.977,0,0.992,2.977,2.977,0,0.992,0,0,0,0.992,0,0.992,0.992,0,7.588,8.194
potr.txt_3339,0,0,0,0,0,0,0,0,0,0,0,0,0,0,3.462,0,0,0,13.848,0,8.193,10.923
potr.txt_6681,0,0,0.982,0,0.982,0.982,0,0.982,0,0,0,1.965,1.965,1.965,1.965,1.965,0,1.965,0,0.982,9.007,10.791
potr.txt_10497,0,0,0,0,0,0,0,0,1.301,6.504,0,0,1.301,0,2.602,0,1.301,1.301,0,0,13.219,9.677
potr.txt_7813,0.817,0,0,0.817,0,1.633,1.633,2.45,2.45,2.45,0,1.633,0,0.817,0,0.817,0.817,2.45,0,0,7.419,10.188
potr.txt_8061,0,1.191,0,0,0.596,1.787,0.596,1.191,2.382,0.596,0.596,0,0.596,0.596,1.191,0,0.596,0.596,0.596,1.191,11.35,11.566
potr.txt_1207,2.363,1.575,1.575,0.788,0,0.788,0,0.788,3.937,2.363,1.575,0,0,0,0,0.788,0.788,1.575,0,0,8.997,8.498
potr.txt_2157,3.762,1.881,0,0,1.881,0.941,0,1.881,3.762,2.822,0,0,0.941,0,0,2.822,0,1.881,0,0,5.898,8.559
potr.txt_457,0.87,3.48,0,0,0,0.87,0,0.87,0.87,0,0,2.61,0.87,0,2.61,0.87,1.74,0.87,0,0.87,8.904,10.115
potr.txt_8277,1.213,2.427,0.607,0.607,0,0.607,0,1.213,1.213,0.607,0,1.213,0.607,0,1.82,0.607,1.213,0.607,0.607,0.607,9.815,11.1
potr.txt_2779,0,0,0,0,0,14.288,7.144,0,0,0,0,0,0,0,0,0,0,0,0,0,7.292,8.02
potr.txt_5377,0,0,0,0,3.089,0,0,1.03,1.03,2.06,0,0,2.06,0,1.03,1.03,0,1.03,1.03,0,9.633,14.667
potr.txt_1751,0,0,0,0,2.307,0.461,0,1.384,5.998,0.461,0.461,0,0.923,0,0.923,0.461,0.461,1.845,0,0,9.078,11.949
potr.txt_1339,0.851,0,0,1.701,2.552,3.403,0,1.701,1.701,1.701,0,0.851,0,0,0,0.851,0,1.701,0,0,8.724,10.722
potr.txt_4913,0,3.697,0,0,0,3.697,1.848,1.848,1.848,3.697,0,0,1.848,0,0,0,0,0,0,3.697,6.727,8.014
potr.txt_10199,0,0,0,0,1.614,1.076,0,1.076,4.303,1.614,0,0,0,0,1.614,0,0,0,0,0,11.38,16.685
potr.txt_4179,0,0,0,0,0,2.265,0,0,6.794,4.53,0,0,2.265,0,2.265,0,0,2.265,0,0,7.478,8.685
potr.txt_10881,4.78,0,0,0.797,1.593,4.78,0.797,0.797,2.39,3.187,0,0,0,0,0,0.797,0,0,0,0,8.056,8.51
potr.txt_8969,5.211,0,1.042,0.521,0.521,1.563,0,1.042,2.605,1.563,0,0.521,0,1.563,0.521,0.521,2.084,1.563,0,0,6.977,8.805
potr.txt_6501,0,0,0,0,2.074,0,0,0,4.839,1.383,0,0,0,0,1.383,0.691,0,0.691,0,0,11.486,17.063
potr.txt_7961,1.927,0,0.642,0.642,0,0,0.642,1.284,0.642,1.927,0,0.642,0,0.642,2.569,0.642,0.642,0,0,2.569,10.119,11.259
potr.txt_3237,95.238,0,0,0,0,0,0,0,0,0,0,0,0,0,0,0,0,0,0,0,0,0
potr.txt_5427,2.133,0,1.066,1.066,2.133,1.066,0,3.199,2.133,1.066,0,0,0,0,0,0,0,0,0,0,9.85,13.706
potr.txt_4163,0,0,1.833,3.666,1.833,0,0,0,1.833,1.833,0,0,0,0,1.833,3.666,0,0,0,0,8.108,11.927
potr.txt_1185,5.052,0,0,0,0,5.052,0,1.01,3.031,5.052,0,0,0,0,0,1.01,0,2.021,0,0,7.109,7.599
potr.txt_7445,1.062,2.125,0,1.062,1.062,1.062,1.062,0,0,0,0,0,0,0,2.125,3.187,4.25,1.062,0,3.187,8.446,7.009
potr.txt_10357,0,0,0,0,0.758,1.515,0.758,0,0,0,0,2.273,0,0,3.031,0,0,3.031,0.758,0.758,10.463,14.67
potr.txt_12063,0,0,0,0,0,0,0,0.922,1.844,0,0,0,0,0,1.844,0,0,0,3.688,0,15.425,20.063
potr.txt_7511,0,0,0,0,0,2.287,0,0,0,0,0,0,0.572,0,2.859,0,0,0,2.287,0.572,15.917,18.743
potr.txt_4917,1.89,0,0,0,0,0.945,0,1.89,0,0.945,0,0,0,0,2.835,0,0,2.835,0,0,13.782,14.193
potr.txt_5209,0,0,0,0,0,0,0,3.418,5.696,2.278,0,0,0,0,0,1.139,0,1.139,0,0,9.796,14.057
potr.txt_10633,4.221,0,0,0,1.407,0,0,0,4.221,4.221,0,0,0,0,0,0,0,0,0,0,10.845,12.4
potr.txt_9223,1.395,3.722,0,0.93,0.465,2.791,0.93,0.465,0.93,0.465,0,1.395,0.93,0.93,0.93,2.791,0.465,0.93,0.465,1.861,6.689,7.61
potr.txt_157,0,1.736,0,1.736,0,1.736,0.434,0,0,0.434,0.434,0,0.434,1.302,4.775,0.434,0.434,0,0.434,0,11.033,11.839
potr.txt_11855,1.244,0,0,0,1.244,2.488,1.244,0,4.976,3.732,0,0,0,0,0,1.244,0,0,0,0,9.648,10.778
potr.txt_9897,0,0,0,2.256,0.752,2.256,0,0,3.76,1.504,1.504,1.504,0,0,1.504,2.256,0,0.752,0,0,10.237,8.097
potr.txt_539,2.94,0,0,0,0,2.94,0,3.92,1.96,3.92,0,0.98,0.98,0,0.98,1.96,0.98,0,0.98,0,7.214,7.265
potr.txt_6959,0,2.783,0,0,0.696,0.696,0,0,1.391,0,0,0,0,0,4.174,0,0,0.696,0.696,1.391,16.227,9.523
potr.txt_9245,0,1.057,0,0,2.115,0,0,0,0,1.057,0,0,2.115,0,6.344,0,0,1.057,2.115,0,9.669,11.138
potr.txt_287,2.116,0,0,1.058,0,2.116,2.116,1.058,2.116,5.291,0,0,2.116,0,0,2.116,0,6.349,0,0,4.98,7.03
potr.txt_6383,0,0,5.083,0,1.271,2.542,0,1.271,1.271,0,0,1.271,0,1.271,0,2.542,1.271,2.542,0,0,7.424,8.782
potr.txt_8127,1.844,0,0,0,1.844,2.766,4.61,3.688,0.922,0.922,0,0,0,0,5.533,0.922,0,0,0,0,5.325,8.794
potr.txt_5889,1.629,0,0,0,1.629,1.629,1.629,0,4.887,6.516,0,1.629,0,0,0,0,1.629,1.629,0,0,5.764,8.528
potr.txt_3575,5.038,0,0,0,0,0,0,0,0,10.076,0,0,0,0,0,0,0,5.038,5.038,0,6.771,5.969
potr.txt_9487,1.123,0,0,0,0,1.123,0,4.491,3.368,3.368,0,1.123,0,0,0,1.123,0,0,0,0,9.893,11.094
potr.txt_1915,1.574,1.574,0,0,1.574,0,0,0,4.721,3.148,1.574,1.574,0,0,1.574,1.574,0,0,0,0,11.297,6.212
potr.txt_4797,8.5,4.25,2.125,0,2.125,0,2.125,0,0,2.125,0,0,0,0,2.125,0,0,0,0,0,6.35,7.547
potr.txt_8209,3.465,0,0,0,1.386,2.772,0,0,2.772,2.079,0,0,0,2.079,0,1.386,0,0.693,0,0.693,8.062,11.039
potr.txt_6407,2.152,0,0,0,0,1.076,1.076,2.152,4.304,2.152,2.152,0,0,0,0,2.152,0,0,0,0,6.883,12.335
potr.txt_8073,3.283,2.188,0,0,1.094,2.188,0,3.283,3.283,2.188,0,1.094,2.188,0,0,0,1.094,4.377,0,0,5.053,7.066
potr.txt_4695,0,0,0,0,0,0,0,3.463,5.772,3.463,0,0,0,0,0,0,0,0,0,0,9.253,16.19
potr.txt_10555,2.844,0,0,0,1.422,0,0,0,4.266,5.688,0,0,0,0,0,0,0,0,0,0,8.806,14.218
potr.txt_7481,0,0,0,0,0,1.891,0,0,0,0,0,0,0.63,0,4.411,0,0,0,1.891,0.63,14.833,17.437
potr.txt_7129,0,0,0,0,0,1.753,0,1.753,3.505,1.753,0,0,0,0,0,0,0,0,1.753,0,12.544,17.182
potr.txt_2839,1.395,0,0,0,2.789,2.789,0,1.395,2.789,4.184,1.395,0,0,0,0,1.395,0,1.395,0,0,7.299,9.617
potr.txt_4625,2.06,0,0,0,1.03,0,0,2.06,0,1.03,0,0,0,0,4.12,0,1.03,0,0,0,17.064,10.934
potr.txt_679,0,0,0,0,1.57,4.711,0,1.57,1.57,9.422,0,0,1.57,0,0,3.141,0,1.57,0,0,5.373,7.405
potr.txt_4877,0,0,0,0,1.223,0,0,0,3.668,1.223,0,0,2.445,0,2.445,0,0,0,1.223,1.223,14.864,9.338
potr.txt_9227,1.966,0,0.328,0.328,0.328,1.966,0,1.966,1.31,0.983,0,0.328,1.31,1.31,1.638,0.328,0.655,0.983,0.328,0,9.222,11.347
potr.txt_6375,4.544,3.03,0,0,0,4.544,1.515,1.515,0,0,0,1.515,0,0,1.515,0,4.544,1.515,0,0,5.946,7.384
potr.txt_8075,1.278,0,0,0.639,0,2.556,0,1.917,3.195,1.917,0,0,0.639,1.278,0,0.639,0.639,0.639,0.639,0,10.266,10.397
potr.txt_1721,0,0,0,0,1.995,3.989,0,3.989,1.995,5.984,0,0,1.995,0,0,1.995,0,0,0,0,6.07,8.852
potr.txt_7457,1.889,0,0,0,0.63,0,0,0,6.296,3.148,0,0,0,0,0,0,0,0,0.63,0,11.219,14.406
potr.txt_7521,0,0,0,0,0,2.065,0,0,0,0,0,0,0.516,0,3.097,0,0,0,2.581,0.516,14.048,20.045
potr.txt_2937,0,2.035,0,0,1.017,3.052,0,0,0,1.017,0,0,0,0,3.052,0,0,2.035,0,1.017,13.228,11.334
potr.txt_1515,1.76,1.76,0,0,1.76,1.76,0,2.639,3.519,1.76,0.88,0,1.76,0,0,0.88,1.76,0.88,0,0,6.776,8.786
potr.txt_1459,0.943,1.887,0,0,2.83,0,0,0.943,3.773,3.773,0,0,1.887,0,0,0.943,2.83,2.83,0,0,6.471,7.939
potr.txt_7471,0,0,0,0,0,2.458,0,0,0,0,0,0,0.614,0,4.301,0,0,0,1.843,0.614,14.903,16.418
potr.txt_5605,1.95,0,0,0,0,0,0,0,4.876,1.95,0,0,0,0,0.975,0,0,0,2.926,0,12.311,13.168
potr.txt_6703,1.262,2.524,0,0,0,2.524,0,0,2.524,0,0,0,5.047,1.262,0,2.524,1.262,0,1.262,1.262,6.696,8.602
potr.txt_8949,0,3.86,1.93,1.287,1.287,0.643,0,1.287,3.217,1.93,0,1.93,1.93,0.643,0,1.287,3.217,1.287,0,0,6.043,6.376
potr.txt_9373,1.274,0,0,0,0,7.643,0,0,1.274,2.548,0,1.274,0,0,1.274,0,2.548,0,0,0,8.645,9.912
potr.txt_10025,0,1.729,0,0,0,1.729,0.864,0,2.593,0,1.729,1.729,0.864,0,3.458,0,0.864,0.864,0.864,1.729,10.385,6.998
potr.txt_9517,0.392,0.785,0.392,0.785,0.785,3.925,0,2.747,2.747,0.785,0.392,1.57,0.392,0,0,0.785,0.785,1.57,0,0,8.105,9.448
potr.txt_8275,1.185,2.37,0,0.593,0,0.593,0,1.185,1.185,0.593,0,1.185,0.593,0,2.37,0.593,1.185,0.593,0.593,0.593,10.279,11.108
potr.txt_8161,0.786,1.571,0,0,0.786,2.357,0,0.786,3.928,3.142,0.786,0.786,0,0.786,0,1.571,0,2.357,0,0,7.899,8.914
potr.txt_6619,1.228,0,0,0,1.228,1.228,1.228,1.228,3.684,7.368,0,0,2.456,0,0,0,0,1.228,0,0,6.495,9.259
potr.txt_6589,0,0,0,0,0.835,0.835,0.835,0.835,4.173,0.835,0,0.835,0.835,0,0,0,0,0.835,1.669,0,12.7,13.053
potr.txt_2219,4.981,0,0,0,1.245,2.49,1.245,3.735,2.49,4.981,0,0,1.245,0,0,1.245,0,0,0,0,5.639,8.068
potr.txt_313,3.485,0,1.162,0.581,0.581,1.742,0,0.581,3.485,1.162,1.162,0,0.581,0,0,0,1.162,0,1.162,0,8.595,11.042
potr.txt_1197,0,1.843,0.921,1.382,0,2.764,0.461,0,0,0,0.461,0,0.461,1.382,4.147,1.843,0,0.921,0.461,0,9.353,10.054
potr.txt_1421,0,0,0,1.397,0,2.795,0,1.397,1.397,2.795,5.59,0,1.397,0,4.193,1.397,1.397,0,0,0,5.6,8.04
potr.txt_5049,1.891,0,0,0,0,0,0,0,1.891,0,0,0,0,0,2.836,0,0.945,1.891,1.891,0,11.835,16.129
potr.txt_10899,1.518,1.518,1.518,0,0,2.278,0,3.037,3.796,1.518,0.759,0.759,0,0,0,0,3.037,1.518,0,0,8.138,7.31
potr.txt_2831,1.986,0,0,0,1.986,0,0,0,3.972,0,0,0,0,0,1.986,0,0,0,3.972,0,10.416,13.082
potr.txt_7845,4.189,0,0,0,0.838,1.676,0,0,2.514,2.514,0,0.838,0,0.838,0.838,0,2.514,2.514,0,0,8.207,8.94
potr.txt_3399,0,0,0,0,0,0,0,0,0,0,0,0,0,0,1.661,0,1.661,0,6.643,0,13.779,17.222
potr.txt_6187,0,3.455,0,0,0,1.728,1.728,5.183,3.455,0,1.728,1.728,1.728,0,0,1.728,3.455,0,0,0,5.704,6.611
potr.txt_3667,0,0,0,0,0,0,0,0,0,0,0,0,0,0,12.259,0,0,0,2.043,0,10.412,12.493
potr.txt_6509,0,0,0,0,0,0,0,0,0,2.234,0,0,0,0,4.468,0,0,0,0,2.234,12.375,21.27
potr.txt_11041,1.239,0,0,0,0,4.955,0,4.955,2.478,4.955,0,1.239,1.239,0,0,1.239,0,2.478,0,0,5.403,7.587
potr.txt_10889,3.003,1.201,0.601,0.601,0.601,1.802,0,1.201,3.003,3.003,0,0,0,0.601,0,1.802,2.403,0,0,0,7.664,8.985
potr.txt_583,0.932,2.796,0.932,0.932,0.466,2.796,0.466,0.466,0.932,0.932,0,1.864,0,0,0.932,1.398,1.398,0.932,0.932,0.932,7.585,8.876
potr.txt_3769,0,0,0,0,0,0,0,0,0,0,0,0,0,0,2.868,0,0,0,7.17,0,14.011,16.813
potr.txt_6531,0,0,0,0,2.191,0,0,0,4.383,1.461,0,0,0,0,1.461,0.73,0,1.461,0,0,10.801,16.487
potr.txt_4933,1.707,0,0,0,0,0,0,0.853,0,0.853,0,0,0,0,4.267,0,0,2.56,0,0,19.886,10.462
potr.txt_9467,0.32,0.639,0.639,0.639,0.32,2.876,0,2.876,2.876,0.959,0,0.32,0,0,0.639,0.959,0.32,0.32,0.32,0,11.679,10.223
potr.txt_8499,1.149,0.574,0,0.574,0.574,2.871,0.574,0,3.445,2.871,0,0,0.574,0.574,0,0,0,1.723,0.574,0.574,9.533,10.323
potr.txt_5175,1.191,1.191,0,0,1.191,0,0,0,1.191,0,1.191,1.191,0,2.381,3.572,0,0,0,1.191,0,11.715,11.21
potr.txt_10161,3.418,2.279,0,0,3.418,0,1.139,1.139,1.139,1.139,0,1.139,1.139,0,1.139,0,0,2.279,0,0,10.364,6.693
potr.txt_9437,2.894,1.158,0.579,0.579,0.579,1.737,0,1.158,2.315,2.894,0,0.579,0,0.579,0.579,1.737,1.158,0.579,0,0,8.344,8.96
potr.txt_11427,0,0,0,1.841,0,1.841,1.841,3.682,0,1.841,0,0,0,5.523,1.841,11.047,0,1.841,0,0,4.741,4.945
potr.txt_10047,0,0,0,0,0,0,0,0,0,0,0,0,0,0,4.264,0,0,0,3.198,1.066,14.031,20.769
potr.txt_405,1.5,4,1.5,0.5,1,1,2,0.5,2,1,0,2,0,0.5,0.5,1,2.5,0.5,0.5,0.5,6.752,7.404
potr.txt_8971,2.707,2.707,1.354,0,0.451,1.805,0.451,0,1.805,1.805,0,0.902,0,0,1.354,0.451,0.451,0.902,0,0.902,8.701,9.636
potr.txt_10223,4.018,0,0,0,2.678,4.018,0,1.339,2.678,1.339,1.339,0,0,0,0,0,0,0,0,0,8.921,10.087
potr.txt_5027,1.427,0,0,0,0,0,1.427,0,1.427,7.136,0,0,0,0,2.854,0,1.427,1.427,0,0,10.037,9.282
potr.txt_11167,0,3.784,0,0,0,1.261,0,0,0,1.261,0,0,0,0,3.784,0,0,1.261,0,0,9.147,18.802
potr.txt_7599,2.005,3.008,1.003,1.003,0,0,0,0,7.017,3.008,0,1.003,1.003,0,0,0,1.003,0,0,1.003,9.304,6.308
potr.txt_149,1.663,3.327,0.554,0.554,0.554,1.663,0,1.663,0,0.554,0,0,0.554,0.554,2.218,0,0.554,0,0.554,1.663,9.723,10.155
potr.txt_3199,0,0,0,0,0,0,0,0,0,0,0,0,0,0,3.204,0,0,0,9.613,0,10.096,15.143
potr.txt_2233,2.8,0,0.933,0,0.933,3.734,0.933,0.933,1.867,3.734,0,0.933,0,0.933,0,0,0.933,2.8,0,0,7.201,8.082
potr.txt_4867,0,0,0,0,0,0,0,1.129,3.386,1.129,1.129,0,0,0,3.386,0,0,1.129,0,1.129,12.92,13.017
potr.txt_4763,0,0,0,1.494,1.494,0,1.494,1.494,0,1.494,0,0,0,1.494,2.988,2.988,0,1.494,0,0,10.297,9.818
potr.txt_1539,0,0,0,0,2.035,5.088,6.105,5.088,1.018,2.035,0,0,0,0,0,1.018,0,1.018,0,0,6.244,7.635
potr.txt_4665,2.818,0,0,0,1.409,2.818,0,0,1.409,2.818,0,1.409,0,0,1.409,0,0,1.409,0,0,10.07,11.199
potr.txt_111,0,0,0,0,0,0,0,1.064,1.064,1.064,0,0,3.191,0,2.128,0,0,0,5.319,0,13.77,9.839
potr.txt_3053,0,0,0.834,0.834,0.834,0.834,0,1.668,2.502,0.834,0,0,0,1.668,0.834,0,0,0.834,0.834,0,11.442,14.33
potr.txt_9073,2.323,0,0.387,0.387,0.774,2.323,0.387,0.774,1.549,0.387,0,0.387,1.162,1.549,1.162,0.387,0.387,2.323,0.387,0,8.856,10.56
potr.txt_11115,0,0,0,0,0,1.958,0.979,0.979,2.937,5.874,0,1.958,0,0,0,0.979,0.979,0.979,0.979,0,7.774,10.01
potr.txt_3965,0,0,0,0,0,2.343,0,0,0,2.343,0,0,0,0,4.686,0,2.343,0,0,0,24.511,2.725
potr.txt_5203,0,0,0,0,0,1.166,1.166,1.166,3.498,4.664,0,0,0,0,0,1.166,0,0,1.166,0,9.76,13.603
potr.txt_235,0,0,0,0,4.535,2.721,3.628,1.814,0.907,0.907,0,0.907,0,0.907,0,0.907,0,3.628,0,0,7.648,8.12
potr.txt_4043,0,0,0,0,5.744,0,0,1.436,0,1.436,0,0,0,0,2.872,0,0,0,0,0,8.595,19.085
potr.txt_4123,1.631,0,0,0,0,0,0,0,0,4.892,0,0,0,0,1.631,0,0,1.631,1.631,3.261,12.417,9.956
potr.txt_2375,0,0,0,0,0,0.54,0,0.54,1.08,3.779,0,0,0,0.54,3.239,0,0,0,0,0,12.157,19.448
potr.txt_7295,1.575,0,0,0,0,3.15,0.787,3.15,2.362,0.787,0,0.787,0.787,0,0.787,0,0,0.787,0,0,11.692,10.287
potr.txt_2861,0,0,0,0,0,4.344,5.43,0,6.516,0,0,2.172,0,0,0,0,0,0,3.258,0,8.81,6.279
potr.txt_6089,7.125,0,2.375,0,0,2.375,0,0,0,2.375,0,2.375,2.375,2.375,0,0,2.375,7.125,0,0,6.404,3.461
potr.txt_8195,0.633,1.266,0,0.633,0.633,0.633,0,0.633,2.531,0,0.633,0.633,1.266,0.633,2.531,0.633,0.633,1.266,0.633,0,10.158,10.7
potr.txt_7615,0,0,0,0,0,0.424,0,0.424,0,0,0,0,0.424,0.424,3.394,0,0,3.394,0.424,0,13.554,20.166
potr.txt_9041,1.375,2.751,0.459,0.459,0.459,2.751,0.459,0.459,1.375,0.459,0,2.293,0,0.459,0.917,1.375,0.917,1.375,0.917,0.917,7.701,8.642
potr.txt_11823,0,4.476,0,0,1.119,0,0,0,0,0,0,0,0,0,5.595,0,0,1.119,0,1.119,9.838,14.396
potr.txt_9421,1.151,0,1.151,0,1.151,3.452,0,2.301,2.301,2.301,0,0,0,0,0,1.151,0,3.452,0,0,6.911,11.061
potr.txt_2423,0.624,0,0,0,0.624,2.496,0,1.248,0.624,1.872,0,0,0.624,0,1.872,0.624,0,1.872,0,0,12.821,13.003
potr.txt_8551,2.336,0,0,1.168,0,1.752,0,2.336,3.504,1.168,0,0.584,0,0,1.168,2.336,0.584,0,0.584,0,8.493,10.395
potr.txt_3837,0,0,0,0,0,0,0,0,0,0,0,0,0,0,3.314,0,0,0,4.418,0,16.94,20.331
potr.txt_3797,0,0,0,0,0,0,0,0,0,0,0,0,0,0,5.896,0,0,0,4.422,0,18.857,11.316
potr.txt_1487,0,0,0,0,2.166,2.166,2.887,2.166,0.722,0.722,0,0,0,0,1.444,0,2.166,2.166,0,0,8.325,11.589
potr.txt_8217,1.517,0,0,0,1.011,2.023,0,1.011,3.54,1.011,0,0.506,0,0,1.011,0.506,0,0.506,0,0.506,11.956,12.728
potr.txt_10945,2.182,1.454,1.454,0,0,2.182,0,1.454,2.909,2.909,0.727,1.454,0,0.727,0,0,2.182,0.727,0,0,7.749,8.432
potr.txt_4231,0,0,0,0,0,0,0,0,1.746,0,0,0,0,0,2.619,0,0,0,3.492,0,12.852,24.011
potr.txt_6719,0.82,0,0,0.82,0,1.639,0,0,1.639,2.459,0,0,0,0,2.459,1.639,0,2.459,0,0,16.056,7.395
potr.txt_625,0,0,0,1.231,1.231,1.231,4.923,0,2.462,0,0,0,0,0,2.462,1.231,0,0,0,1.231,9.202,11.433
potr.txt_3933,0,0,0,0,0,0,0,0,32.175,0,0,0,0,0,24.131,0,0,0,0,0,1.592,1.911
potr.txt_9765,0,0,0,0,3.554,0,0,3.554,1.777,5.331,0,0,1.777,0,0,3.554,3.554,1.777,0,0,5.446,7.484
potr.txt_7379,0,0,0,1.519,0,1.519,0,2.278,4.557,3.038,0,0,0.759,0,0,0.759,0,0,0,0,9.71,13.01
potr.txt_6199,0,0,0,0,0,0,0,0,5.759,3.455,0,0,2.304,0,0,0,0,3.455,0,2.304,14.561,4.592
potr.txt_3071,1.126,1.126,1.126,0,0.563,2.251,0,1.688,2.814,1.688,0,0.563,0,0,0.563,0.563,0,1.688,0.563,0,9.905,10.34
potr.txt_10571,1.132,0,0,0,1.697,0,0,0,6.789,2.263,0,0,0,0,0,0,0.566,0,0.566,0,11.158,13.753
potr.txt_7525,0.958,1.916,0,0,0.958,2.874,0,0,3.831,0,0,0,3.831,0.958,0,0.958,0.958,0,0.958,0.958,7.414,9.839
potr.txt_85,1.591,1.06,1.591,0,0.53,2.651,0,1.06,3.711,2.651,0,0,0,0,0,0.53,0.53,1.06,0,0,9.576,9.922
potr.txt_6757,0,4.474,0,0,1.491,1.491,0,0,0,0,0,0,0,0,2.982,0,1.491,1.491,0,0,11.454,12.791
potr.txt_2689,2.735,0,1.367,0,1.367,2.735,0,2.735,2.735,2.735,1.367,0,0,0,0,0,0,1.367,0,0,7.707,9.56
potr.txt_6091,0.67,0,0,0,1.34,0,0,0,2.679,1.34,0,0,0,0,2.009,0.67,0,1.34,0,0,11.539,19.264
potr.txt_9521,1.11,0,1.11,0,2.219,1.11,0,1.11,2.219,1.11,2.219,2.219,0,1.11,1.11,2.219,0,1.11,0,0,8.357,8.16
potr.txt_7341,1.286,0,0,0,0,6.428,0,3.857,2.571,6.428,0,0,1.286,0,0,1.286,0,2.571,0,0,5.167,7.264
potr.txt_5827,0,0,0,0,1.542,0,0,0,3.855,3.084,0,0,0,0,1.542,0,0,0,0,0.771,11.498,17.615
potr.txt_2179,0,2.222,1.111,0,0.555,1.111,1.111,1.111,2.777,1.111,1.111,0.555,3.333,0,1.666,0,1.111,0.555,0,0,8.654,8.338
potr.txt_5069,1.79,0,0,0,0,0.895,0,0,0.895,0,0,0,0,0,2.685,0,0.895,1.79,1.79,0,14.288,14.943
potr.txt_9187,0.416,3.324,0.416,0.831,0.831,0.831,0.416,1.662,2.077,0.831,0,0.416,1.662,0.416,1.662,1.662,2.077,0,0,0,6.946,9.966
potr.txt_1327,2.372,1.581,0.79,0,0.79,2.372,0,0.79,3.162,2.372,0.79,3.162,0,0,0,0,2.372,2.372,0,0,6.992,7.215
potr.txt_1493,3.002,1.001,0,1.001,1.501,1.501,0,0.5,3.502,2.502,0,1.001,0,0.5,0,1.001,1.001,0.5,0,0,8.188,9.683
potr.txt_11701,1.819,0,0,0,0,2.729,0,2.729,1.819,3.638,0,0,0.91,1.819,1.819,0.91,1.819,1.819,0.91,0,6.317,8.022
potr.txt_2429,1.141,0,0,0,0.57,1.141,0,0.57,1.711,2.281,0,0,0.57,0,1.711,0.57,0,1.141,0,0,12.595,15.25
potr.txt_6845,0,0,0,0,0,0,10.404,0,20.807,0,0,0,0,0,0,0,0,0,0,0,4.712,5.01
potr.txt_2479,0,0,0,0,0.814,0,0,1.628,1.628,0,0,0,0,0,4.069,0,0,0,1.628,0,21.25,10.233
potr.txt_8653,2.329,1.553,0.776,0,0.776,2.329,0,1.553,3.106,3.106,0,0.776,0,0,0,0.776,4.658,3.106,0,0,6.25,6.699
potr.txt_10971,5.496,0,0.687,0.687,0,2.748,0,0.687,2.748,2.061,0,0,0,0,0,1.374,0.687,2.061,0.687,0,7.593,8.966
potr.txt_8997,1.515,2.02,1.01,0.505,1.01,3.03,1.515,0.505,1.515,0.505,0,1.01,0,0,0,2.02,1.01,2.02,0.505,1.01,8.528,7.368
potr.txt_8065,0.887,2.662,0,0.887,1.774,1.774,0,2.662,0.887,1.774,0,0,1.774,0,0.887,0.887,1.774,2.662,0,0,7.156,8.264
potr.txt_8687,4.21,1.203,0.601,0.601,0,1.203,0,1.203,3.609,1.804,0.601,0,0,0,0,1.804,1.804,1.203,0,0,7.095,9.53
potr.txt_7603,2.863,0,0.716,0,1.431,1.431,0,1.431,2.863,0.716,0,1.431,0,0,0,0,0,1.431,0.716,0,9.932,11.955
potr.txt_9797,0.896,0,0,0.896,0.896,1.792,0,1.792,1.792,2.688,0,0,0,2.688,0.896,0,2.688,0.896,0,0,7.468,11.002
potr.txt_4319,0,0,0,2.528,0,2.528,0,0,0,2.528,0,2.528,0,0,0,5.056,0,2.528,0,5.056,6.764,7.565
potr.txt_1739,1.875,0,1.125,0.375,0.75,0.75,0,0.375,0.375,1.875,0,2.625,1.125,0.75,1.5,1.125,1.125,0.375,0.375,1.875,9.671,8.338
potr.txt_4473,0,0,0,0,3.109,0,0,0,7.772,3.109,0,0,0,0,0,0,0,1.554,0,0,13.509,7.698
potr.txt_7943,4.241,2.12,0,0,2.12,1.06,0,4.241,3.181,2.12,1.06,0,2.12,0,0,1.06,1.06,1.06,0,0,5.096,7.491
potr.txt_8013,1.593,0,0,0.797,0,1.593,1.593,2.39,2.39,2.39,0,2.39,0,1.593,0,0.797,0,1.593,0,0,7.684,9.607
potr.txt_3121,0,0,0,0,0,0,0,0,0,0,0,0,0,0,5.049,0,0,0,2.525,0,12.599,25.198
potr.txt_2211,1.409,0.47,0.47,0.47,0.939,1.409,0,0.47,3.287,1.878,0.47,1.409,0.939,0.939,0,2.348,0,0.939,0.47,0.47,8.091,9.516
potr.txt_4947,0,1.397,0,0,1.397,0,1.397,0,5.587,1.397,0,0,1.397,0,1.397,0,0,0,0,2.794,10.756,8.974
potr.txt_6453,0.684,0,0.684,0,0,1.369,0,0,1.369,0,0,0.684,0,0,2.737,0,0.684,1.369,1.369,0,11.537,17.248
potr.txt_9215,2.436,2.436,0.812,0.406,0.812,2.03,0.812,0.406,2.03,1.624,0,0.812,0,0,1.218,0.812,0.406,1.624,0,0.812,7.911,9.036
potr.txt_7017,0,0,0,0,0,0.821,0,0,0.821,0.821,0,0,0.821,0.821,4.104,0,4.104,0.821,0,1.642,12.497,9.736
potr.txt_63,0.737,0.737,0.737,0.737,0.368,2.947,0,2.21,2.947,1.473,0.368,0.737,0,0,0.368,0.737,0.368,1.473,0,0,9.46,10.064
potr.txt_10363,0.637,0,0,0,0,0,0,0,2.55,1.275,0,0,0,0,1.275,0.637,0,0.637,2.55,0,12.109,19.885
potr.txt_12031,0,0,0,0,1.307,0,0,0,6.536,3.922,0,0,0,0,0,0,0,0,0,1.307,10.47,14.342
potr.txt_809,2.177,5.442,0,0,0,3.809,0,0.544,0,0.544,0,1.633,1.088,1.088,2.177,1.633,0.544,0,0,1.633,8.271,6.376
potr.txt_3481,0,0,0,0,0,0,0,0,0,0,0,0,0,0,2.781,0,0,0,5.561,0,15.712,19.643
potr.txt_7851,0.749,0,0,2.997,0.749,0.749,0,0.749,2.997,0,0.749,0.749,0,2.248,0.749,0,0,1.499,0.749,1.499,8.965,10.237
potr.txt_5825,0,0,0,0,2.063,0,0,0,2.063,2.063,0,0,0,0,2.75,0,0,0,0,0.688,12.761,19.07
potr.txt_1567,6.91,0,0,0,0,0,0,0,0,0,0,6.91,0,0,0,0,13.82,13.82,0,0,2.645,3.731
potr.txt_577,1.233,3.7,0.617,0.617,0,3.7,0.617,0.617,0.617,0,0,1.85,1.233,1.233,1.233,1.233,0,0.617,0.617,1.233,7.184,8.495
potr.txt_177,0,3.438,0,0.573,0.573,4.584,0,0.573,0.573,0.573,0,2.292,1.719,1.719,1.719,0.573,0,0.573,0,1.719,8.489,7.006
potr.txt_1243,5.8,2.32,0,1.16,1.16,1.16,1.16,1.16,2.32,0,2.32,1.16,1.16,1.16,0,1.16,0,3.48,0,1.16,4.667,6.61
potr.txt_3211,0,0,0,0,0,0,0,0,0,0,0,0,0,0,2.38,0,0,0,7.141,0,18.338,13.755
potr.txt_11281,1.407,0,0,0,4.221,2.814,1.407,1.407,1.407,4.221,0,1.407,0,0,0,2.814,0,0,0,0,6.353,9.216
potr.txt_1611,1.403,3.508,0,0.702,0,2.105,0.702,0,1.403,1.403,0,1.403,1.403,0,1.403,2.105,2.105,0.702,0,1.403,7.81,7.258
potr.txt_1187,3.882,0,0.776,0,0.776,3.882,0,0.776,2.329,4.658,0,1.553,0,0,0,0.776,0,1.553,0,0,7.39,8.296
potr.txt_9941,0,2.805,0,0,0.701,2.805,0,0.701,0,0.701,0,0,0,0,2.805,0,0,0.701,0.701,0.701,13.271,12.3
potr.txt_2793,0.901,0,0.901,0.901,0.901,0.901,0,0,3.603,1.801,0,0.901,0.901,1.801,0.901,0.901,0,0,0.901,0,8.886,11.49
potr.txt_10751,3.619,0,0,0,0,2.895,0,0.724,3.619,2.895,0.724,0.724,0,0,0,0,0,0.724,0.724,0,9.084,10.779
potr.txt_10045,2.53,1.012,0.506,0,1.012,1.518,0,0.506,0.506,1.012,0,1.012,0.506,0,2.024,0.506,0.506,0,0.506,0.506,12.243,10.855
potr.txt_8763,2.621,0,0,0.874,0.437,2.621,0,0.437,3.494,1.747,0,0,0.437,0,0.874,0,0,1.747,0,0,10.082,11.459
potr.txt_7091,0,1.47,0,0,0.735,2.205,0,0,0,0.735,0,0,0,0,4.41,0,0,1.47,0,0.735,11.638,15.513
potr.txt_11191,0,0,0,0,2.361,0.337,0,1.012,0,0,0,0.337,6.746,0,3.373,0,0,0.337,0,0,11.913,10.702
potr.txt_7997,2.193,0,0.731,0.731,1.462,2.193,0,0.731,3.655,2.193,0,0.731,0,0,0,1.462,0.731,0.731,0,0,8.491,10.373
potr.txt_5149,0,0,0,0,0,0,0,0,5.298,10.596,0,0,0,0,0,0,0,0,0,0,9.888,10.879
potr.txt_4283,0,0,0,0,0,0,0,0,4.686,0,0,0,0,0,3.514,0,0,0,2.343,0,13.301,16.364
potr.txt_9457,0.842,1.683,0.842,1.683,1.683,0.842,0.842,1.683,3.367,0.842,0,2.525,1.683,0.842,0,1.683,0,1.683,0,0.842,6.899,6.868
potr.txt_5527,0,0,0,0,4.118,1.373,0,1.373,1.373,2.745,0,0,0,1.373,0,1.373,0,1.373,1.373,0,7.622,12.446
potr.txt_4213,0,2.732,0,0,0,2.732,1.366,0,0,1.366,0,0,0,0,2.732,0,0,0,1.366,0,15.407,10.751
potr.txt_6337,1.111,0,0,1.111,2.221,1.111,0,1.111,0,0,0,0,4.442,1.111,3.332,0,0,0,0,0,9.869,11.335
potr.txt_10649,0,0,0,0,2.638,2.638,0,3.956,0,2.638,0,1.319,1.319,0,1.319,0,0,1.319,0,0,8.53,10.769
potr.txt_3291,0,0,0,0,0,0,0,0,0,0,0,0,0,0,0,0,9.778,9.778,0,9.778,8.028,2.522
potr.txt_9407,2.718,0,0,0,0,0,0,2.718,0,1.359,0,0,0,0,5.436,0,0,4.077,0,0,6.523,13.739
potr.txt_4841,2.92,0,0,0,0,0,0,0,5.839,0,0,0,0,0,0,0,0,0,2.92,0,15.462,11.845
potr.txt_1031,1.739,0,0,1.159,0,1.739,0,2.318,2.898,1.159,0,0.58,0.58,0.58,1.159,2.318,0.58,0,0.58,0.58,8.586,9.834
potr.txt_11643,4.542,0,0,0,0.649,0,0,0,5.839,3.893,0,0,0,0,0,0,0,0,0,0,8.97,13.06
potr.txt_6575,1.394,0,5.574,4.181,0,0,0,0,0,2.787,0,1.394,0,0,0,4.181,1.394,0,0,2.787,5.153,8.532
potr.txt_6987,1.614,0,0,0,0,1.614,0,0.807,4.843,4.843,0,0,0,0,0,0,0,0.807,0,0,9.054,13.525
potr.txt_4715,1.044,0,0,0,0,0,0,1.044,3.131,3.131,0,0,0,0,0,0,0,0,3.131,0,12.573,15.125
potr.txt_3129,0,0,0,0,0,0,0,0,95.238,0,0,0,0,0,0,0,0,0,0,0,0,0
potr.txt_2999,0,0,0,0,5.215,0,0,0,0,0,0,0,0,0,5.215,0,2.607,0,1.304,0,9.193,13.656
potr.txt_4827,0,0,0,2.686,1.343,0,0,0,5.373,0,0,0,0,0,0,1.343,0,2.686,1.343,0,11.634,10.6
potr.txt_11669,0,0,0,0,4.128,0,0,1.032,3.096,0,0,0,3.096,0,2.064,0,0,0,0,0,13.025,11.226
potr.txt_7393,1.528,0,0,0.509,0,0,1.019,0,0,1.019,0,0,0,0.509,3.566,0,0,1.019,0.509,0.509,13.631,16.843
potr.txt_295,1.141,0,1.141,0,1.141,3.424,0,3.424,2.283,2.283,0,0,0,0,0,1.141,0,2.283,0,0,7.038,11.082
potr.txt_7169,0,0,0,0,0.915,1.831,0.915,0,1.831,4.577,0.915,0,0,0,0.915,0.915,0.915,0.915,0,2.746,9.713,9.316
potr.txt_10329,0,0,0,5.751,0,5.751,0,0,0,2.876,0,0,2.876,0,0,0,0,0,0,0,8.401,10.777
potr.txt_9365,1.318,1.318,0,0,0,2.637,0,0,1.318,2.637,1.318,1.318,1.318,0,1.318,0,2.637,0,0,1.318,8.766,9.16
potr.txt_1737,1.423,0,0,0.949,0.949,2.847,0,0.474,0.949,0.474,0,0.474,0,0,1.898,0.474,0,0,0,1.423,10.778,15.302
potr.txt_3823,0,0,0,0,0,0,0,0,0,0,0,0,0,0,5.175,0,0,0,3.881,0,22.512,10.806
potr.txt_863,1.379,2.758,0.46,0,0,1.839,0,1.379,1.839,0.919,0,1.379,2.299,0,1.379,2.299,2.299,0,0,0.919,7.238,8.298
potr.txt_3665,0,0,0,0,0,0,0,0,0,0,0,0,0,0,12.662,0,0,0,5.065,0,5.49,13.18
potr.txt_3445,0,0,0,0,0,0,0,0,0,0,0,0,0,0,9.99,0,0,0,1.998,0,11.875,14.843
potr.txt_8639,3.384,0,0.677,1.354,0,0,0,0,5.415,0.677,0,0,5.415,0.677,2.03,1.354,0,0,0,0,7.695,7.974
potr.txt_393,3.753,1.876,0,0,2.815,0.938,0,3.753,3.753,0.938,0,0,1.876,0,0,0.938,0,1.876,0,0,6.109,8.388
potr.txt_337,1.195,0,0.598,2.39,0,0.598,0.598,0.598,1.195,1.793,0.598,1.195,2.988,0.598,1.793,1.195,1.195,0.598,0,2.39,7.297,7.95
potr.txt_2265,5.522,0,0,0,0,0,0,2.761,4.142,4.142,1.381,1.381,0,0,0,0,0,0,0,0,8.121,8.974
potr.txt_3701,0,0,0,0,0,0,0,0,0,0,0,0,0,0,6.065,0,0,0,4.549,0,23.798,5.71
potr.txt_3639,0,0,0,11.004,0,0,0,0,7.336,3.668,0,0,0,0,0,0,0,0,0,0,6.155,8.717
potr.txt_7867,3.174,0,0.794,0.794,0.794,2.381,0.794,0.794,2.381,2.381,0,0.794,0,0,0,0.794,0,2.381,0,0,8.903,9.227
potr.txt_7799,2.068,0,0,0,3.103,2.068,0,3.103,1.034,3.103,0,2.068,1.034,0,1.034,3.103,1.034,0,0,0,7.076,7.252
potr.txt_6405,2.401,0,0,0,0,1.2,1.2,2.401,4.801,2.401,2.401,0,0,0,0,2.401,0,0,0,0,8.188,9.02
potr.txt_3829,0,0,0,0,0,0,0,0,0,0,0,0,0,0,4.683,0,0,0,6.244,0,28.831,0
potr.txt_7557,4.197,0,0,0,0,0,0,0,0,2.623,0.525,0,0,0,2.623,0.525,0,0,0,0,14.238,15.54
potr.txt_7375,0,0,0,0,0,0,0,0,5.074,0,0,0,0,0,1.128,0,0,2.819,2.255,0,12.887,15.217
potr.txt_6153,2.69,0,0,0,0,1.345,1.345,0,4.036,5.381,2.69,0,0,0,0,0,2.69,0,0,0,6.249,10.09
potr.txt_11885,0.896,3.582,0.448,0.448,0,0.896,0,1.791,1.343,0.448,0,1.343,0.448,0,1.791,0.896,1.791,0.448,0.448,0.448,8.879,10.071
potr.txt_4857,0,0,0,0,0,0,0,0,0.775,3.099,0,0,0,0,3.874,0,0,0.775,0,0,13.896,20.923
potr.txt_5597,2.716,0,1.358,0,2.716,1.358,0,1.358,1.358,2.716,0,0,0,0,1.358,0,0,1.358,1.358,0,11.794,6.951
potr.txt_1051,0.415,3.318,0.829,1.659,0,2.074,0.829,0.829,1.659,0.829,0.415,0.415,0.829,0,0.829,1.659,0,0.415,0.829,0.415,8.424,9.709
potr.txt_1581,1.681,1.681,0,0,0.841,0,0,0,1.681,2.522,0.841,0,0.841,0,1.681,0.841,0,0.841,0.841,1.681,11.491,9.175
potr.txt_8247,1.391,1.391,0,0.696,0,0.696,0,2.087,2.087,2.087,0.696,0.696,0,1.391,0.696,0.696,2.087,0,0.696,0.696,8.698,9.596
potr.txt_8509,2.345,0,0,1.173,0,1.759,0,2.345,2.931,1.173,0,0.586,0.586,0.586,1.173,2.345,0.586,0,0.586,0,8.404,9.803
potr.txt_8855,1.344,0.896,0.448,0,0.896,2.688,0,0.896,2.688,1.344,0.448,0.448,0,0,0.896,1.344,0.448,1.792,0,0,9.286,10.659
potr.txt_10013,0,0,0,0,0,2.856,0,5.713,0,11.426,0,0,2.856,0,0,8.569,0,5.713,0,0,2.892,4.699
potr.txt_7627,1.985,3.97,0,0,0,1.985,0,0.992,6.947,2.977,0,0,0.992,0,0,0,0,0.992,0,0,8.746,7.036
potr.txt_6857,0,0,0,0,0,9.207,0,0,0,12.89,0,1.842,1.842,0,0,1.842,0,5.524,0,0,3.692,5.262
potr.txt_6645,0.608,0,0,0,1.217,0,0,0,3.042,1.217,0,0,0,0,2.433,0.608,0,1.217,0,0,12.037,18.082
potr.txt_6923,0,4.012,0,0,0,1.337,0,0.669,0.669,0,0,0,0,0,3.344,0,0,0.669,0.669,0.669,13.706,12.921
potr.txt_469,1.62,0,0,0,0,3.239,0,0,4.049,0,0,0,0,0.81,2.429,1.62,0.81,0.81,0,0,16.095,5.317
potr.txt_3885,0,0,0,0,0,0,0,0,0,0,0,0,0,0,4.976,0,0,0,6.635,0,9.8,17.637
potr.txt_8573,2.05,0,0,0,1.538,0.513,0,0.513,2.563,3.076,0,0,0.513,0,2.05,1.025,0.513,1.025,0,0,10.655,10.769
potr.txt_10327,0,0,0,0,0,8,0,0,0,14.001,0,2,2,0,0,2,0,6,0,0,3.485,5.153
potr.txt_5743,0.763,0,0,0,0.763,0,0.763,1.526,2.289,0.763,0,0,0,0,3.052,0,0,0,0.763,0,13.175,16.181
potr.txt_5335,0,0,0,0,1.553,1.553,0,0,0,0.777,0,0,0,0,3.107,0,0,0.777,2.33,0,13.1,17.585
potr.txt_11863,0,0,0,0,0,0.897,0,1.794,4.484,0.897,0,0,0,0,0,0,0,2.69,0.897,0,12.086,15.261
potr.txt_9483,0.434,2.605,0.434,0,0.868,1.736,0,1.736,0.434,0.434,0,0.868,1.736,0.434,3.039,0.434,0.868,0,0.434,0.868,8.576,10.482
potr.txt_2559,0,0,0,0,1.475,0.738,0,0.738,3.688,1.475,0,0,0,0,0.738,0,0,0,1.475,0,11.053,19.102
potr.txt_8833,0.776,0,0.776,1.164,1.164,1.552,0,1.164,2.716,1.552,0,0,0.388,0.776,1.164,0.388,0.388,0.388,0,0,10.828,11.997
potr.txt_3535,0,0,0,0,0,0,0,0,0,0,0,0,0,0,1.998,0,0,0,9.99,0,11.875,14.843
potr.txt_1431,2.924,1.949,0,0,1.949,0,0,2.924,3.899,2.924,0,0.975,1.949,0,0,0.975,0.975,1.949,0,0,5.864,8.022
potr.txt_8187,0,1.316,0.658,0,0.658,0.658,0,0.658,1.974,0,0.658,0.658,1.316,1.316,2.632,1.316,0.658,1.316,0.658,0,9.768,10.328
potr.txt_7643,0.84,0,0.84,0,0.84,2.52,0,2.52,1.68,2.52,0.84,0.84,0,0.84,0,0.84,0.84,0.84,0.84,0,8.347,10.415
potr.txt_9027,2.044,0,3.067,1.022,0.511,2.556,2.044,0.511,0.511,1.533,0,1.022,1.533,0,0.511,0.511,1.022,2.044,0,1.533,8.247,6.647
potr.txt_1703,3.707,0,0,0,5.56,1.853,0,5.56,0,5.56,0,0,1.853,0,0,7.413,0,0,0,0,4.375,5.225
potr.txt_2865,0,0,0,0,0,4.146,2.073,0,7.256,0,0,3.11,0,0,0,0,0,0,1.036,0,10.761,8.02
potr.txt_8147,3.333,0,0,0,0.667,2,0,0.667,3.999,1.333,0.667,0.667,0,0,0,0.667,0.667,1.333,0.667,0,8.962,10.881
potr.txt_279,0.862,3.447,0,0,0,1.293,0.431,0,0.862,0.862,0,0,0,0,3.016,1.293,0,0.862,0,1.724,12.376,10.033
potr.txt_10307,0,2.698,0,0,0.674,0.674,0,0.674,0,0,0,0,0,0,4.047,0,0,0.674,0.674,1.349,14.166,13.559
potr.txt_4539,3.331,3.331,0,0,0,0,0,0,3.331,0,3.331,0,0,0,0,6.662,6.662,3.331,0,3.331,5.89,3.002
potr.txt_11661,0,0,0,0,0,0,0,0,8.875,0,0,0,0,0,0,0,0,8.875,0,0,18.646,0
potr.txt_8941,0,2.882,0.48,0,0.48,3.362,0,0,0,0.961,0,1.441,0.961,0,1.921,2.882,0.48,0.961,0,2.402,8.031,9.17
potr.txt_1301,0.332,0.665,0.665,0.332,0.997,2.991,0.332,1.994,2.658,0.665,0.332,0.332,0,0,0.332,0.332,0,2.326,0,0,10.144,11.4
potr.txt_8871,0.351,2.107,0,0,1.405,1.405,0.351,0.702,0,0.702,0,0,0.702,0.351,3.161,1.054,0,0.702,0.351,0,12.802,11.561
potr.txt_2895,0,0,0,0,0,4.543,5.679,0,6.815,0,0,2.272,0,0,0,0,0,0,3.408,0,8.466,5.888
potr.txt_4761,0,0,0,0,0,0,0,0,0,0,0,0,0,0,4.16,0,0,0,3.466,0,15.161,22.462
potr.txt_6649,0.807,0,0,0,2.42,0,0.807,0.807,5.647,1.613,0,0,0,0,0,0.807,0,0,0.807,0,12.594,11.192
potr.txt_209,0.499,2.993,0,0,0,1.995,0,1.497,2.494,0,0.499,0.998,1.497,0.499,1.995,0.998,0.499,2.494,0,0,8.619,8.821
potr.txt_3845,0,0,0,0,0,0,0,0,0,0,0,0,0,0,2.948,0,0,0,7.37,0,18.857,11.316
potr.txt_629,0,4.589,0,0,1.53,1.53,0,0,0,0,0,0,0,0,3.06,0,1.53,1.53,0,0,11.014,12.688
potr.txt_10155,0,0,0,0,0,0,0,0,0,0,0,0,3.3,1.65,13.2,4.95,0,0,0,0,5.069,9.017
potr.txt_11969,1.341,0,0,0,2.682,0,0,0,2.682,2.682,0,0,0,0,0,0,0,0,5.364,0,14.05,8.216
potr.txt_3463,0,0,0,0,0,0,0,0,0,0,0,0,0,0,6.692,0,0,0,3.346,0,16.813,14.011
potr.txt_8501,0,2.494,0.623,0,1.87,2.494,0,0,1.87,1.87,0.623,1.247,1.247,0,2.494,0,0.623,0,0,0.623,9.407,8.897
potr.txt_23,2.104,0,1.052,0,1.052,2.104,1.052,4.207,2.104,1.052,0,0,0,0,0,2.104,0,1.052,0,0,7.371,11.14
potr.txt_1045,3.358,0,0,0,3.358,3.358,0,5.036,1.679,3.358,0,1.679,0,0,0,0,0,0,0,0,5.707,9.302
potr.txt_8385,5.159,0,0.737,0,0,1.474,0,1.474,0.737,2.211,0.737,2.211,0.737,0,0.737,2.211,0,0.737,0.737,0,7.408,9.172
potr.txt_533,1.002,0,0,0,1.002,0.501,0,1.002,1.503,3.005,0.501,0,0.501,0,3.005,1.002,0,0,0,0,11.487,13.406
potr.txt_8961,0.773,0,0.386,0.386,0.386,0.773,0.773,1.545,1.159,2.318,0.386,0,0.386,1.159,2.318,1.545,0.773,0.386,0,0,9.323,12.002
potr.txt_10011,0.803,2.41,0,0,0,2.009,0.402,0.803,0.402,0.402,0,0.402,1.607,0.402,2.41,1.607,0,1.205,0.803,1.205,10.074,9.531
potr.txt_1755,0,0,0,0,0,0,0,0,0,0,0,0,23.852,11.926,0,11.926,11.926,0,0,0,1.779,1.26
potr.txt_11935,0,0,0,0,1.669,0,0,0,8.347,3.339,0,0,0,1.669,0,0,0,0,0,0,12.942,8.951
potr.txt_6427,1.154,0,0,0,0,1.154,0,3.463,5.771,2.309,0,0,0,0,0,2.309,0,0,0,0,8.68,11.759
potr.txt_12143,2.56,2.56,0,1.28,0,1.28,0,1.28,1.28,1.28,1.28,1.28,2.56,0,0,0,2.56,2.56,0,3.839,5.513,6.987
potr.txt_2105,0.345,2.761,0,0.345,1.381,1.726,0.69,0,0,0.345,0,0.69,0.69,0.69,3.796,1.035,1.381,0.345,0,0,10.384,9.982
potr.txt_4597,1.288,0,0,0,0,1.288,0,0,5.152,0,0,0,0,0,0,0,0,0,5.152,0,10.8,14.333
potr.txt_8079,0.772,0,0,0,2.317,2.317,3.089,3.089,1.544,1.544,0.772,0,0,0,2.317,0,0.772,0.772,0,0,6.925,10.191
potr.txt_9969,0.791,0,0,0,2.372,0,0.791,0.791,4.744,2.372,0,0,0.791,0,0,0,0,0,0.791,0,10.523,13.688
potr.txt_8021,2.789,0,0,0,2.789,0.929,0,1.859,2.789,4.648,0,0.929,1.859,0,0.929,0,0.929,0,0,0,6.967,9.14
potr.txt_3949,0,0,0,0,0,1.362,0,0,2.724,2.724,0,0,0,0,0,0,0,0,2.724,0,18.405,13.653
potr.txt_2425,0,0,0,0,0,0,0,0,4.684,4.684,0,0,0,0,0,0,0,0,1.561,0,12.534,16.292
potr.txt_11771,0,0,0.67,2.68,0.67,2.01,4.021,0,1.34,0,0,0,0,0.67,2.68,0.67,0,0,0,0.67,9.139,11.395
potr.txt_805,2.743,5.486,0,0,0,3.84,0,0.549,0,0.549,0,1.097,1.097,1.097,2.194,1.646,0.549,0,0,1.646,7.959,6.557
potr.txt_10335,3.343,0,0,0,3.343,1.114,0,0,2.229,1.114,0,1.114,1.114,1.114,0,0,1.114,5.572,0,1.114,6.575,8.09
potr.txt_11733,1.597,2.395,0.399,0.798,0,1.198,0,0.798,2.395,0,0,0.798,1.597,0.399,1.597,1.198,1.198,0.798,0,0.798,9.373,9.051
potr.txt_6151,2.243,0,0,0,0,1.122,0,0,3.365,4.487,2.243,0,0,0,0,0,2.243,0,1.122,0,7.842,11.815
potr.txt_3717,0,0,0,0,0,0,0,0,0,0,0,0,0,0,4.302,0,0,0,5.736,0,14.011,16.813
potr.txt_8089,4.258,0,0,0.852,0,5.11,0.852,0.852,2.555,5.11,0,0,0,0,0,1.703,0,0,0,0,7.159,8.263
potr.txt_8655,0,0,0,0.639,0.639,2.555,0,0.639,0,0.639,0,0,4.472,4.472,0.639,0,0.639,0.639,0,4.472,8.749,7.365
potr.txt_7001,0.848,0,0,0.848,0,0,0,0,4.241,7.634,0,0,0,0,0,0,0,0,0.848,0.848,11.361,10.208
potr.txt_3213,0,0,0,0,0,0,0,0,0,0,0,0,0,0,3.204,0,0,0,9.613,0,10.096,15.143
potr.txt_3953,0,0,0,0,0,0,0,0,0,5.905,0,0,0,0,5.905,0,0,0,0,0,27.053,0
potr.txt_5625,0,0,0,0,0,0,0,0,5.121,2.561,0,0,2.561,0,0,0,0,3.841,0,2.561,11.78,8.086
potr.txt_11423,0,2.213,0.553,3.319,0,0,1.106,0,2.213,0,0.553,0,1.106,6.639,4.979,0,1.106,0,0,1.106,5.93,6.988
potr.txt_4331,1.906,0,0,3.812,0,1.906,0,1.906,5.717,0,0,0,0,0,0,0,1.906,0,0,0,8.927,10.363
potr.txt_9051,0.903,2.708,0.451,0.903,0.451,2.708,0.451,0.451,1.354,0.903,0,2.257,0,0,0.903,1.354,0.903,1.354,0.903,0.903,7.709,8.906
potr.txt_193,0,3.442,0,0,0.86,1.721,0,0.86,0,0.86,0,0,0,0,4.302,0,0,0.86,0,0.86,10.613,13.092
potr.txt_1179,0,2.485,0,0,1.243,1.243,0,1.243,3.728,7.456,0,0,3.728,0,0,1.243,3.728,3.728,0,0,4.062,6.264
potr.txt_11521,0.919,0,0,0,0,0,0,1.838,0,0.919,0,0,7.351,0.919,2.756,0,1.838,0,0,3.675,8.143,8.164
potr.txt_3767,0,0,0,0,0,0,0,0,0,0,0,0,0,0,3.314,0,0,0,4.418,0,16.94,20.331
potr.txt_9605,0,1.831,0,0,0,0,0,0,0,0,0,0,0,0,3.661,0,1.831,0,3.661,0,8.091,20.62
potr.txt_9015,4.349,2.899,0,0,0,2.899,0,0.725,0,3.624,0.725,4.349,1.45,0.725,0.725,1.45,4.349,1.45,0,0.725,5.199,4.853
potr.txt_10455,4.99,0,0,1.663,0,0,0,1.663,1.663,6.653,0,1.663,1.663,0,0,4.99,0,0,0,0,5.798,7.087
potr.txt_4435,0,0,0,0,2.36,0,0,1.18,5.9,1.18,0,0,0,0,0,0,0,0,1.18,0,16.354,10.717
potr.txt_10235,0.95,0,0,0,0.95,0.95,0,0.95,4.749,2.849,0,0,0,0,0,0,0,1.9,0.95,0,11.352,11.633
potr.txt_3223,0,0,0,0,0,6.299,0,0,6.299,0,0,0,0,0,0,0,0,0,0,0,10.246,15.371
potr.txt_8473,2.205,1.47,1.47,0,0.735,2.205,0.735,0.735,2.941,2.205,1.47,0.735,0,0,0,0.735,1.47,1.47,0,0,7.754,8.241
potr.txt_5265,0,0,0,0,0,0,0,0,4.408,3.306,1.102,0,0,0,0,0,1.102,2.204,1.102,0,11.84,12.723
potr.txt_4385,0,0,0,0,0,1.186,0,0,3.559,0,0,0,0,0,4.745,0,0,2.372,0,0,11.786,15.168
potr.txt_4575,0,0,0.94,0,0,0,0,0,0,0,0,0,0,0,3.762,0,0,0,3.762,0,19.204,15.785
potr.txt_2889,0,0,0,0,0,5.028,6.285,0,7.541,0,0,2.514,3.771,0,0,0,0,0,0,0,8.291,4.479
potr.txt_7637,0,0,0,0,1.308,4.578,0,0.654,3.924,0.654,0,0,0,0,0,1.308,0,0.654,0.654,0,10.232,13.522
potr.txt_7083,2.237,0,0,0,2.237,2.237,0,1.119,0,2.237,0,3.356,0,0,1.119,3.356,0,2.237,0,0,7.271,9.106
potr.txt_1027,0,0,0,0,2.619,0,0.524,1.048,0,1.048,0,0,4.191,0,3.667,0,0,0,0,0.524,12.133,11.798
potr.txt_10821,4.127,0,0,0,2.751,1.376,4.127,2.751,1.376,2.751,0,1.376,1.376,0,0,1.376,0,2.751,0,0,5.8,6.388
potr.txt_11421,0,2.136,0.534,3.204,0,0,1.068,0,2.67,0,0.534,0,1.068,6.407,5.339,0,1.068,0,0,1.068,5.825,6.972
potr.txt_7625,1.097,3.292,3.292,0,1.097,0,0,0,0,2.195,0,2.195,0,0,0,2.195,2.195,2.195,2.195,1.097,8.047,6.076
potr.txt_8895,0.505,3.032,0,0,0.505,3.032,1.011,1.516,0.505,0.505,0,1.516,0.505,1.011,2.526,1.011,1.011,0,0,1.011,7.604,9.608
potr.txt_8341,2.218,0,0,0.739,0,3.696,1.478,0.739,2.218,1.478,0.739,0.739,0.739,0,0.739,0.739,1.478,2.218,0,0,7.287,9.24
potr.txt_217,0.445,2.672,0.445,0,1.781,1.336,0,0.891,2.227,1.781,0,0,0.445,0,2.227,2.227,0.445,0,0,0.445,9.354,9.698
potr.txt_7009,0,0,0,0,1.954,0,0,0,5.212,1.303,0,0,0,0,1.303,0.652,0,1.303,0,0,10.521,16.693
potr.txt_6743,3.15,0,0,0,1.575,3.15,0,3.15,1.575,3.15,0,1.575,3.15,0,0,0,0,6.3,0,0,5.1,6.736
potr.txt_10991,1.974,5.923,0.987,0.987,0,1.974,0,0.987,1.974,2.961,0,0.987,1.974,0,0,1.974,1.974,3.948,0.987,0.987,4.757,5.225
potr.txt_8735,0.319,0,0.638,0.638,0.638,1.275,0,1.594,0.957,0.957,0,0,0,0.638,2.87,0.319,0,0,0,0,12.554,16.458
potr.txt_10779,0,5.033,0.839,0.839,0,3.355,0,0,1.678,2.516,0,1.678,0,0,0.839,0.839,5.033,1.678,0,1.678,6.005,6.26
potr.txt_2867,0,0,0,0,0,3.829,1.914,0,6.7,0.957,0,2.872,0,0,0,0,0,0,0.957,0,11.166,8.039
potr.txt_6343,1.049,0,0,0,0,0,1.049,3.148,5.246,3.148,0,0,0,0,0,1.049,0,0,0,0,9.566,12.788
potr.txt_9957,0.421,4.214,0,0.421,0.843,2.95,0,0,0,0.421,0,2.107,0.421,2.107,2.529,0.843,0.843,0,0,0.843,7.633,9.801
potr.txt_3153,0,0,0,0,0,0,0,0,0,0,3.569,0,0,0,7.139,0,0,0,0,0,9.767,19.534
potr.txt_1709,4.111,0,0,0,0,0,0,2.74,4.111,5.481,0,1.37,0,0,0,0,1.37,0,0,0,7.925,9.303
potr.txt_2337,0.419,0,0,0,0.419,2.093,0.837,0.419,4.604,0,0,0.837,0.419,0,0,0,0.837,2.511,1.674,0.419,8.702,12.579
potr.txt_1967,0,2.982,0.746,0,0,0.746,0,0.746,0,0.746,0,0.746,2.237,1.491,5.219,0,0,0.746,0,1.491,7.726,10.771
potr.txt_2575,0.834,0,0,0,0,0,0,1.668,0,0.834,0,0,0,0,4.171,0,0,2.503,0,0,14.803,16.088
potr.txt_7347,1.254,0,0,0,0,5.018,0,3.763,2.509,6.272,0,1.254,1.254,0,0,1.254,0,2.509,0,0,5.345,7.456
potr.txt_6781,0,0,0,0,0.738,0,0.738,1.477,4.43,1.477,0,1.477,0,0,1.477,0,0.738,0,0,0.738,9.825,14.629
potr.txt_10875,3.796,0.949,0,0.949,1.898,2.373,0.475,0.475,2.847,1.898,0,0.949,0,0.475,0,0.475,0,0,0,0,7.713,11.138
potr.txt_4825,0,0,0,0,0,0,0,0,6.904,6.904,0,0,1.381,0,0,0,0,0,0,0,11.859,9.814
potr.txt_10495,3.665,0,0,0,0,0,0,0,10.995,1.222,0,0,0,0,1.222,0,0,1.222,0,0,8.108,9.948
potr.txt_729,0.418,3.341,0.418,1.253,0.835,0.835,0.418,1.253,2.506,1.253,0,0.418,1.67,0,1.67,1.253,2.088,0,0,0,7.07,9.753
potr.txt_7881,3.854,0,0,0,0.642,0,0,0,5.782,4.497,0,0,0,0,0,0,0,0,0,0,9.208,13.026
potr.txt_4513,0,0,0,0,0,1.219,0,1.219,3.657,4.876,0,0,0,0,0,0,0,0,1.219,0,10.301,16.042
potr.txt_7233,4.016,0,0,0,0.803,0,0,0,5.622,4.819,0,0,0,0,0,0,0,0,0,0,9.297,12.281
potr.txt_9475,2.705,1.803,0,0,1.803,0.902,0,2.705,1.803,3.607,0,0.902,1.803,0.902,0.902,0,0,1.803,0,0,6.037,9.113
potr.txt_9507,1.162,1.162,0,0,1.162,1.743,0,1.162,2.905,2.324,0.581,1.162,0,0.581,0.581,0.581,0,0.581,0,0.581,9.555,10.754
potr.txt_891,0,0,0,0,1.208,3.623,0,1.208,1.208,2.416,0,1.208,2.416,0,1.208,2.416,0,0,0,0,11.418,8.144
potr.txt_6837,5.165,0,0,0,0,1.722,0,5.165,1.722,6.886,1.722,0,1.722,0,0,3.443,1.722,1.722,0,0,5.307,4.509
potr.txt_1285,3.106,1.553,1.553,0,0,1.553,0,0.777,3.106,3.883,0.777,2.33,0,0,0,3.883,1.553,1.553,0,0,5.789,6.691
potr.txt_8905,2.832,0,0.472,0.472,0.472,1.888,1.416,1.888,3.304,0,0,1.416,0,0,0.944,0.944,0.472,1.416,0,0.472,8.97,9.003
potr.txt_9063,0.848,2.545,0.424,0.848,0.424,2.545,0.424,0.424,1.272,0.848,0,1.697,0,0,1.272,1.272,0.848,1.272,0.848,0.848,8.635,9.088
potr.txt_2099,1.467,0.734,0,0.734,0.734,2.934,0,1.467,1.467,1.467,0,0,0,0.734,1.467,0.734,0.734,2.201,0,0,13.048,6.556
potr.txt_1691,0,0,0,5.379,0,0,0,0,1.793,0,0,0,1.793,0,0,0,1.793,3.586,0,3.586,8.317,10.14
potr.txt_4801,0,0,0,0,0,0,0,3.053,1.527,6.106,0,0,1.527,0,1.527,1.527,1.527,0,0,0,6.878,12.817
potr.txt_9723,1.201,0,0,0,0,1.201,1.201,2.401,3.602,2.401,0,1.201,0,0,0,0,0,0,1.201,0,12.066,10.687
potr.txt_1855,1.202,2.403,0,0,0,7.209,0,2.403,2.403,6.008,0,0,0,0,0,2.403,0,1.202,0,0,4.923,7.79
potr.txt_8707,1.079,2.158,2.158,0.539,0,0.539,0.539,0.539,1.079,0,1.079,0,0.539,1.618,2.158,1.079,0.539,1.618,0,0.539,10.359,8.231
potr.txt_10089,3.451,0,0,0,3.451,0,5.177,3.451,0,5.177,0,1.726,1.726,0,0,3.451,1.726,3.451,0,0,4.041,5.05
potr.txt_1629,1.28,1.28,1.28,0.64,0,2.559,0,0.64,3.199,3.839,0,0,0.64,0.64,0,1.28,1.28,1.28,0,0,7.686,8.953
potr.txt_7559,4.661,0,0,0,0,0,0,0,0,2.59,0.518,0,0,0,2.59,0,0,0,0,0,14.645,15.435
potr.txt_8489,3.526,1.411,1.411,0,0.705,0.705,0,0.705,3.526,2.116,0.705,2.116,0,0,0,0,2.116,1.411,0,0,7.886,8.218
potr.txt_7357,0.878,0,0.878,0.878,0,0,0.878,1.756,0.878,6.146,0,0.878,0,1.756,1.756,0.878,0,0,0,0,8.367,10.481
potr.txt_7671,0,0,0,0,1.413,1.413,0,0.707,0.707,0,0,0,5.652,0,3.533,0.707,0,0,0.707,0,12.803,9.346
potr.txt_2583,0.893,0,0,0,0,0,0,1.786,0,0.893,0,0,0,0,4.465,0,0,2.679,0,0,15.381,13.9
potr.txt_7987,0.913,0,0,0.913,0,5.476,0,2.738,1.825,1.825,0.913,1.825,0.913,0,0,0,0,2.738,0,1.825,6.604,8.344
potr.txt_4491,0,0,0,0,2.145,0,0,0,0,2.145,0,2.145,2.145,2.145,0,0,0,2.145,4.291,2.145,6.958,10.154
potr.txt_11581,0.794,0,0,0,0.794,1.192,0,1.589,0.794,0.397,0,0.794,0,0,3.178,0.794,1.192,0,1.192,0,12.052,13.368
potr.txt_11447,2.243,0,0,0,0,2.243,0,0,0,0,3.365,3.365,14.583,5.609,0,1.122,4.487,0,0,2.243,4.028,2.935
potr.txt_3641,0,3.703,0,0,0,11.109,0,0,0,0,0,0,0,7.406,0,0,0,0,0,3.703,5.945,6.366
potr.txt_6893,0.945,0,0,0,0.945,3.779,0,3.779,3.779,1.889,0,0,0,0,0,0.945,0,0,0,0.945,9.081,10.374
potr.txt_10007,2.225,1.113,1.113,0,0.556,2.782,0,0.556,2.782,3.338,0,0,0,1.113,0,1.113,1.669,2.225,0,0,7.38,8.615
potr.txt_10667,0,0,0,0,0,0,0,1.88,0.94,0.94,0,0,0,0,3.76,0,0,1.88,0.94,0,15.073,15.048
potr.txt_2723,5.049,0,0,0,1.262,0,1.262,2.524,2.524,5.049,0,0,1.262,0,0,3.786,0,1.262,0,0,5.554,7.941
potr.txt_7465,0,0,0,0,0,2.22,0,0,0,0,0,0,0.555,0,3.885,0,0,0,1.665,0.555,16.153,17.649
potr.txt_2707,1.497,0,0,0,1.497,0.749,0,2.246,3.743,2.246,0,0,0.749,0,0.749,0,0,0.749,0,0,10.396,12.621
potr.txt_4139,0,0,0,0,2.485,0,0,1.243,1.243,0,0,0,0,1.243,2.485,0,0,2.485,0,0,16.17,12.125
potr.txt_7949,2.198,0,0.733,0.733,0,0.733,0.733,2.198,1.465,2.931,0,1.465,0.733,0.733,2.198,0,0.733,0,0,0,8.743,10.078
potr.txt_4153,4.643,4.643,0,0,0,0,0,0,0,0,0,13.929,0,0,0,9.286,0,9.286,0,0,3.116,3.177
potr.txt_3105,0,0,0,0,0,0,9.603,0,19.207,0,0,0,0,0,0,0,0,0,0,0,3.599,7.199
potr.txt_8761,0.535,1.07,0,0,1.07,1.07,1.605,1.07,3.745,1.07,0,1.07,0,0,1.605,1.605,0.535,1.605,0,0.535,8.741,9.453
potr.txt_7413,2.25,2.25,0,0,0,1.125,0,3.375,4.499,2.25,0,1.125,2.25,0,0,1.125,1.125,0,0,1.125,6.86,7.651
potr.txt_2065,5.869,0,0,0,1.467,1.467,2.934,4.402,1.467,5.869,0,0,1.467,0,0,1.467,1.467,0,0,0,4.841,6.416
potr.txt_4125,0,0,0,0,0,0,0,0,0,0,0,0,0,0,3.22,0,0,2.147,4.294,0,13.054,18.689
potr.txt_10705,0,0,0.752,0,1.503,0,0,1.503,0.752,0.752,0,0,0,0.752,3.007,0,0,0.752,0,0,14.063,17.404
potr.txt_1845,2.741,0,0,0,2.741,0,0,5.483,2.741,5.483,0,0,2.741,0,0,4.112,0,0,0,0,5.169,7.073
potr.txt_3015,0,0,0.636,0,1.273,1.273,0.636,1.273,2.546,0.636,0,0,0,0.636,0.636,0,0.636,1.273,0.636,1.273,11.841,12.496
potr.txt_4049,0,0,0,0,4.219,0,0,1.407,0,1.407,0,0,0,0,2.813,0,0,0,0,0,9.527,21.761
potr.txt_191,0.853,2.559,0,0.427,0.853,1.28,0,0.427,0,0,0,0.853,0.427,0,3.839,1.28,0,0.853,0,0.853,10.238,12.378
potr.txt_8037,3.063,0,0,0.766,0.766,1.532,1.532,0.766,2.297,2.297,0,2.297,0,1.532,0,0,0,1.532,0,0,7.732,10.27
potr.txt_10783,2.608,5.216,1.304,0,2.608,5.216,0,1.304,0,1.304,0,1.304,0,0,0,1.304,0,2.608,1.304,1.304,6.084,5.429
potr.txt_5769,0,2.863,0,1.431,0,1.431,0,0,8.589,0,0,1.431,0,0,0,0,1.431,0,0,2.863,8.454,8.003
potr.txt_11021,0.387,2.324,0.387,1.162,0.775,0.775,1.162,1.162,1.549,0.387,0,0.387,0.775,0.387,2.324,0.775,1.549,1.937,0,0.387,8.394,9.397
potr.txt_1873,0.931,0.62,0.62,0.62,0.931,2.791,0,1.551,2.171,0.931,0.62,0.31,0,0,0.931,0.31,0.31,0.62,0,0,11.087,11.869
potr.txt_883,3.993,2.662,0,0,1.331,1.331,0,2.662,1.331,3.993,0,1.331,1.331,1.331,0,0,2.662,1.331,0,1.331,5.373,6.549
potr.txt_1609,0,0,0,0,3.554,0,0,0,3.554,3.554,0,0,3.554,0,0,0,0,3.554,0,0,10.652,7.975
potr.txt_5013,0,0,0,0,0,0,0,0,4.486,0,0,0,0,0,0,0,0,7.85,1.121,0,11.376,12.812
potr.txt_11655,0,0,0,0,13.395,0,0,0,16.744,0,0,0,0,0,0,0,0,0,0,0,3.099,7.086
potr.txt_10233,1.08,0,1.08,1.08,2.16,1.08,0,3.24,2.16,1.08,0,0,0,0,0,1.08,0,0,0,0,9.408,13.884
potr.txt_2735,3.194,1.597,0,0,2.396,0.799,0,0.799,4.791,0.799,0,0,0.799,0,0,0.799,0.799,2.396,0,0,7.013,10.233
potr.txt_9465,2.543,1.272,1.907,0,0.636,3.179,0,0.636,3.179,3.179,0,0,0,0,0,0.636,1.272,2.543,0,0,7.345,8.323
potr.txt_4165,0,0,0,0,0,1.635,0,0,0,4.906,0,0,0,0,1.635,0,0,3.27,1.635,1.635,11.87,10.445
potr.txt_3203,0,0,0,0,0,0,0,0,0,0,0,0,0,0,3.436,0,0,0,3.436,0,16.121,24.183
potr.txt_575,0.589,3.532,0.589,0.589,0,3.532,0.589,0.589,1.177,0,0,1.766,1.177,1.177,1.177,1.177,0,0.589,0.589,1.177,7.997,8.482
potr.txt_2017,1.477,0,0,0,1.477,1.477,0,0.738,2.954,2.954,0,0.738,0.738,0,1.477,0,0.738,0.738,0.738,0,8.018,12.316
potr.txt_6997,0,0,0,0,0,0,0,0,5.088,9.158,0,0,3.053,0,0,0,0,0,0,1.018,9.664,8.402
potr.txt_2807,2.156,0,0,0,0,0,0,0,4.311,0,0,0,0,0,2.156,0,0,0,4.311,0,14.197,10.846
potr.txt_2911,0,0,0,0,0,4.937,6.171,0,7.406,4.937,0,1.234,0,0,0,0,0,0,0,0,8.13,4.917
potr.txt_10663,1.396,0,0,0,2.792,1.396,0,0,2.792,2.792,0,1.396,0,0,0,1.396,0,2.792,1.396,0,6.554,11.68
potr.txt_8717,1.525,3.05,2.288,2.288,0.762,2.288,0,0.762,1.525,0.762,0,2.288,2.288,0,0.762,1.525,1.525,0,0,1.525,7.342,5.414
potr.txt_2243,2.072,1.381,1.381,0.69,0,2.762,0.69,2.762,2.762,2.072,0.69,0.69,0,0,0,0.69,0.69,0,0,0,8.275,8.814
potr.txt_8767,0,2.414,1.207,3.018,0,0,0.604,0,0.604,0.604,0,0,1.207,6.035,4.225,0,0,0,0,1.207,7.3,8.255
potr.txt_8777,0,0,0.743,1.115,1.486,0.743,0,1.115,2.229,0.743,0,0.372,0.372,0.372,1.858,0.743,0.372,0.743,0,0,10.739,14.185
potr.txt_4815,1.159,0,0,0,2.317,0,0,0,5.793,3.476,0,0,0,0,0,0,0,0,0,0,9.703,15.662
potr.txt_9951,0,0,0,1.084,0,1.084,0,1.084,1.084,0,0,0,6.506,0,5.422,0,0,0,0,0,13.591,6.722
potr.txt_11929,2.513,3.016,0.503,1.508,1.508,2.011,0.503,1.005,0.503,1.508,0.503,0.503,1.005,0.503,0.503,1.508,0,1.005,0.503,0.503,7.422,8.144
potr.txt_3713,0,0,0,0,0,0,0,0,0,0,0,0,0,0,3.7,0,0,0,4.933,0,13.268,21.229
potr.txt_7955,1.216,0,0,0,0.608,0.608,0,1.216,2.432,0.608,0,0.608,0.608,0,1.824,0,0.608,2.432,0.608,1.216,9.41,13.08
potr.txt_11967,1.634,0.409,0,0.409,0,0.409,0,0,0,0,0,0,1.634,1.226,4.902,2.86,0.817,0.817,0,0,10.537,11.234
potr.txt_8505,1.365,0,0.455,0.455,0.455,1.365,0,2.275,0.455,1.82,0,0.455,0,0.455,2.275,0,0,1.365,0,0,12.891,11.723
potr.txt_7297,1.977,1.977,0,0,1.977,1.977,0,0.989,2.966,0.989,0,0,2.966,0,0,0.989,0.989,0,0.989,0,8.47,9.137
potr.txt_3455,0,0,0,0,0,0,0,0,0,0,0,0,0,0,4.171,0,0,0,4.171,0,15.712,19.643
potr.txt_4985,0,0,0,0,0,1.545,0,3.091,3.091,7.728,0,0,0,0,0,1.545,1.545,0,0,0,7.588,10.25
potr.txt_2295,0,0,0.314,1.255,0.627,2.196,0,1.255,0.314,1.568,0.314,0.314,0.314,0.941,2.509,0.627,0,0,0,0,10.981,14.725
potr.txt_5423,2.278,0,1.139,1.139,2.278,1.139,0,2.278,2.278,1.139,0,0,0,0,0,1.139,0,0,0,0,8.824,13.368
potr.txt_1861,5.64,2.256,0,1.128,1.128,0,1.128,1.128,1.128,0,2.256,0,1.128,1.128,1.128,2.256,0,4.512,0,1.128,5.034,6.642
potr.txt_3479,0,0,0,0,0,0,0,0,0,0,0,0,0,0,4.317,0,0,0,4.317,0,21.229,13.268
potr.txt_3009,0,0,0.567,0,1.7,1.7,0.567,1.133,2.267,0.567,0,0,0,1.133,0.567,0,0.567,1.133,0.567,1.133,11.478,12.482
potr.txt_11899,1.204,0,1.204,0,1.204,0,0,0,0,0,0,1.204,6.019,0,3.611,0,0,0,1.204,1.204,11.939,7.688
potr.txt_9463,2.335,1.167,1.167,0,0,2.335,0,1.751,2.918,3.502,0,0.584,0,0,0.584,1.167,0.584,1.167,0,0,8.351,8.806
potr.txt_3843,0,0,0,0,0,0,0,0,0,0,0,0,0,0,4.302,0,0,0,5.736,0,14.011,16.813
potr.txt_5847,0,0,0,0,0.776,0,0,0,2.329,0.776,0.776,0,0,0.776,3.105,0,0,0,1.552,0.776,14.326,14.631
potr.txt_5405,0.906,0.906,0,0,0.906,2.717,0,0,0.906,0.906,0,0,0.906,0,1.811,0,0,0.906,0.906,0,14.061,13.063
potr.txt_2083,1.391,1.855,0,0,0.464,1.391,0,0.464,0.928,2.783,0.464,0.464,0,0.464,3.247,2.783,0,0.928,0,0,9.068,9.71
potr.txt_1247,5.658,2.263,0,2.263,1.132,1.132,1.132,2.263,2.263,0,2.263,0,1.132,0,0,1.132,0,3.395,0,1.132,4.852,6.778
potr.txt_9305,2.226,0,0,1.113,0,2.226,3.339,1.113,1.113,5.565,0,0,2.226,0,0,2.226,0,6.678,0,0,4.573,6.711
potr.txt_2475,0,0,0,0,3.32,0,1.107,0,1.107,0,0,0,0,1.107,5.533,0,0,1.107,0,0,19.687,4.785
potr.txt_4883,3.79,0,0,0,1.263,0,0,0,3.79,2.527,0,0,0,0,0,0,0,1.263,1.263,0,12.289,11.218
potr.txt_1,5.912,0,0,1.612,0,2.15,0,0.537,3.225,1.075,0,0,0,0,0,1.075,0,1.612,0.537,0,8.431,10.229
potr.txt_9165,0.797,3.186,1.991,0.797,1.195,0.797,0.797,0,1.195,1.195,0,1.593,0.398,0,1.991,0.797,1.593,0,0.398,0,8.974,8.694
potr.txt_2283,0.754,0,0.754,0,0.754,2.263,0,1.509,1.509,3.017,0,1.509,0,0,0.754,0,2.263,1.509,0,0,9.293,10.63
potr.txt_147,1.732,3.465,0,0.577,0.577,1.732,0,1.732,0,0.577,0,0,0.577,0.577,2.31,0,0.577,0,0.577,1.732,9.791,9.959
potr.txt_11325,1.257,0.419,1.676,0,0.419,2.933,0.419,1.676,0.419,0.419,0.419,1.257,1.257,0.419,1.257,1.676,1.676,1.257,0.419,0,8.41,8.737
potr.txt_9841,1.808,1.808,0,0,0.904,0.904,0,0,1.808,0.904,0,0.904,1.808,0,0.904,0.904,0.904,0,0.904,0.904,9.443,11.996
potr.txt_11215,0.775,3.1,0,1.163,1.55,1.55,0.775,0.388,0,0,0,1.163,0,0.775,3.1,1.55,1.55,0.775,0,0,8.269,9.898
potr.txt_9547,7.729,3.864,1.932,0,0,0,1.932,0,0,1.932,0,0,0,0,1.932,0,0,0,1.932,0,7.119,8.332
potr.txt_5829,0,0,0,0,2.158,1.079,0,2.158,5.395,1.079,0,1.079,0,2.158,0,0,0,0,0,0,9.593,12.19
potr.txt_9477,0,1.842,0,0,1.842,2.762,0,0.921,3.683,4.604,0,0,0.921,0,0,1.842,0.921,2.762,0,0,6.305,8.498
potr.txt_9769,2.611,1.306,1.306,0.653,0,2.611,0,1.958,3.916,3.916,0,0,0.653,0,0,0,1.306,0,0,0,8.417,7.873
potr.txt_1831,0.439,0,0,0,1.318,0.439,0,0.439,3.075,2.635,0,0,0.439,0,2.196,0.879,0.439,0.879,0,0,10.411,14.228
potr.txt_7005,0.724,0,0,0,2.172,0,0.724,0.724,5.068,2.172,0,0,0.724,0,0,0,0,0,0.724,0,11.557,13.323
potr.txt_12047,1.233,0,0,0,1.233,1.233,1.233,1.233,3.698,4.931,0,0,0,0,0,0,1.233,1.233,0,0,7.509,11.663
potr.txt_1835,1.095,3.285,0,0.548,1.643,6.571,0.548,0,0.548,0,0,0,1.095,0.548,1.095,1.095,0,0.548,0,0.548,8.097,9.148
potr.txt_5643,3.855,0,0,0,3.855,7.71,0,0,0,15.42,3.855,0,0,0,0,0,0,3.855,0,0,6.238,0.928
potr.txt_11459,0.922,0,0,0,1.844,0,0,3.687,5.531,0.922,0,1.844,0,0,0,0.922,0,0,0,0,8.448,12.597
potr.txt_11205,0,2.17,0.542,3.797,0,0,1.085,0,1.627,0,0.542,0,1.085,6.509,4.882,0,1.085,0,0,1.085,6.608,6.613
potr.txt_3985,7.164,0,0,0,3.582,0,0,0,3.582,0,0,0,3.582,0,0,0,3.582,3.582,0,0,6.016,6.792
potr.txt_963,2.765,1.844,0,0,2.765,0.922,0,4.609,3.687,1.844,0,0,1.844,0,0,0.922,0.922,0,0,0,6.123,8.662
potr.txt_5815,0,0,0,0,1.009,2.018,0,0,0,0,0,0,5.044,0,3.026,2.018,0,0,1.009,0,12.819,10.349
potr.txt_1551,0,0,0,0.863,3.451,1.725,0,0,3.451,5.176,0,0,0.863,0.863,0.863,3.451,0,0.863,0,0,6.16,9.047
potr.txt_6853,3.384,0,0,0,1.128,2.256,0,3.384,2.256,4.512,0,1.128,1.128,0,0,0,0,0,1.128,0,7.179,9.051
potr.txt_913,2.314,1.157,0,0,1.736,1.736,0.578,0,2.893,3.471,0,1.736,0,0.578,0.578,1.736,0.578,0,0,0,8.066,9.248
potr.txt_4589,1.166,0,0,0,0,2.333,0,0,4.665,0,0,0,1.166,0,0,0,0,0,2.333,0,11.732,15.605
potr.txt_3621,0,0,0,0,0,0,0,1.553,3.106,0,0,0,0,0,1.553,0,0,0,3.106,0,18.419,14.201
potr.txt_12043,1.826,0,0,0,0,1.826,1.826,0,3.652,3.652,0,1.826,0,0,0,0,0,0,1.826,0,10.793,9.319
potr.txt_6863,1.67,3.34,0,0,0,1.67,0,0,0.835,0.835,0,0,0,0.835,2.505,0,0.835,0.835,0,1.67,10.576,11.311
potr.txt_12049,1.931,1.931,0,0,0.966,1.931,0,1.931,3.862,0,0,0,0.966,0.966,0.966,0,1.931,0,0,0.966,11.221,6.815
potr.txt_11497,0,3.57,0,0,0.595,1.19,0,0.595,0.595,0,0,0,0,0,2.975,0,0,0.595,0.595,0,13.094,16.202
potr.txt_3737,0,0,0,0,0,0,0,0,0,0,0,0,0,0,4.302,0,0,0,5.736,0,14.011,16.813
potr.txt_3365,0,0,0,0,0,0,0,0,0,0,0,0,0,0,4.719,0,0,0,7.078,0,7.387,19.692
potr.txt_12091,0,0,0,0,1.292,0,0.646,0.646,4.522,3.876,0,0,0,0,0,2.584,1.938,0.646,0.646,0,9.083,10.609
potr.txt_4419,0,0,0,4.095,0,0,0,2.048,2.048,0,0,0,2.048,2.048,0,0,2.048,2.048,0,4.095,7.078,9.008
potr.txt_1923,2.734,0,0.912,0,0.912,2.734,1.823,1.823,1.823,2.734,0,0.912,0,0.912,0,0,0.912,2.734,0,0,6.914,8.769
potr.txt_2071,1.755,0,0,1.755,0.878,1.316,0,0.439,2.633,0.439,0,0,0.439,0.439,2.194,0.439,0.878,3.072,0.439,0,8.365,10.967
potr.txt_9829,0.976,1.951,0,0,0.976,1.951,0,0,1.951,0.976,0,0,2.927,0,0.976,1.951,0.976,0.976,0.976,0.976,8.244,9.6
potr.txt_7409,0,0,0,0,0.627,1.254,0,0.627,3.762,1.254,0,0,0,0,3.762,0,0.627,0.627,0,0,14.503,11.216
potr.txt_9509,2.898,1.449,0,0.725,0,1.449,0,1.449,4.347,3.623,0.725,0.725,0,0,0,0.725,1.449,0,0,0,7.996,8.885
potr.txt_223,0,2.797,0,0,0,1.399,0.932,0.466,1.865,0.466,0.466,0.932,1.865,0.466,3.264,0.932,0.466,1.399,0,0,9.1,9.58
potr.txt_2511,0.733,2.933,0,0,0,2.933,0,0,1.467,0.733,0.733,2.2,1.467,2.933,0.733,2.2,0,3.667,0,1.467,5.918,7.434
potr.txt_3305,2.584,0,0,0,0,0,0,0,0,7.751,0,0,0,0,2.584,0,0,0,0,0,14.713,10.356
potr.txt_6331,1.482,2.964,0,0,0,1.482,1.482,1.482,0,0,0,1.482,1.482,1.482,1.482,1.482,4.446,1.482,1.482,0,6.902,6.768
potr.txt_1577,1.609,1.609,0,0,0.805,1.609,0,0,1.609,0.805,1.609,0,0.805,0,1.609,0.805,0,0.805,0.805,0.805,11.903,9.635
potr.txt_6011,0,0,1.513,6.052,0,0,0,0,0,0,0,0,3.026,4.539,6.052,0,0,0,0,1.513,5.322,9.047
potr.txt_1417,1.983,1.983,0,0,1.983,0.991,0,0.991,1.983,3.966,0,0,0.991,0,1.983,0.991,1.983,0.991,0,0,6.172,9.628
potr.txt_3419,0,0,0,0,1.668,0,1.668,0,0,0,0,0,0,0,3.336,0,0,0,3.336,0,14.443,16.454
potr.txt_4027,0,0,0,0,1.45,0,0,0,0,1.45,1.45,0,0,0,4.35,2.9,0,0,0,0,15.673,11.785
potr.txt_9299,0,0,0,0,0,0,0.766,4.598,2.299,0.766,0,0,0,0,2.299,0,0,0,0,0,10.332,18.924
potr.txt_391,4.635,1.854,0,0,2.781,0.927,0,2.781,3.708,1.854,0,0,1.854,0,0,0.927,0,0.927,0,0,6.048,8.646
potr.txt_3839,0,0,0,0,0,0,0,0,0,0,0,0,0,0,3.881,0,0,0,5.175,0,22.512,10.806
potr.txt_6579,3.031,0,0,0,3.031,3.031,1.516,4.547,1.516,4.547,0,0,1.516,0,0,3.031,0,0,0,0,6.163,6.237
potr.txt_12005,0,0,0,0,1.149,1.149,0,0,2.299,1.149,0,0,2.299,0,0,0,2.299,0,3.448,0,10.859,12.805
potr.txt_1385,0,0,0,0,0,2.299,1.15,2.299,1.15,2.299,1.15,0,0,0,1.15,1.15,0,0,1.15,0,10.359,13.302
potr.txt_5723,0,0,0,1.197,0,0,1.197,2.394,1.197,4.787,0,1.197,0,1.197,2.394,1.197,0,0,0,0,8.624,11.112
potr.txt_2315,1.786,5.359,3.572,0,0,1.786,5.359,3.572,0,1.786,0,0,1.786,1.786,0,0,8.931,1.786,0,0,3.326,4.15
potr.txt_4235,0,0,0,0,1.291,0,0,1.291,2.582,1.291,1.291,0,0,0,1.291,0,0,0,2.582,0,14.45,12.973
potr.txt_5659,3.842,0,0,0,0,0,0,1.281,1.281,1.281,0,0,3.842,0,2.561,0,0,0,2.561,0,10.462,9.4
potr.txt_11573,3.354,0,0.839,0,0,3.354,0,1.677,1.677,2.516,0.839,0,0,1.677,0.839,1.677,0.839,2.516,0,0.839,5.923,8.486
potr.txt_4167,1.747,1.747,0,1.747,0,0,0,1.747,3.495,0,0,0,0,0,3.495,1.747,0,0,0,0,9.582,11.395
potr.txt_3809,0,0,0,0,0,0,0,0,0,0,0,0,0,0,3.789,0,0,0,5.052,0,17.847,16.063
potr.txt_6147,2.662,0,0,0,0,1.331,0,0,3.994,6.656,2.662,0,0,0,0,0,2.662,0,0,0,6.779,9.742
potr.txt_6387,0.647,0,0,0,1.294,0,0,0,3.235,1.294,0,0,0,0,1.941,0.647,0,1.294,0,0,10.88,19.216
potr.txt_8077,0.649,1.947,0,0,1.298,1.298,0,1.298,1.947,0,0,1.298,0,0,1.947,1.947,1.947,0.649,0,0,8.848,11.508
potr.txt_1805,5.343,0,1.336,0,1.336,2.672,0,2.672,1.336,2.672,0,1.336,0,0,0,0,0,0,0,0,9.079,8.606
potr.txt_5683,1.367,0,0,0,2.735,2.735,0,2.735,2.735,4.103,0,0,0,1.367,0,0,0,0,0,0,7.386,11.231
potr.txt_11339,2.483,0,1.241,2.483,2.483,1.241,0,1.241,2.483,1.241,0,0,1.241,0,0,2.483,3.724,1.241,0,1.241,6.328,6.632
potr.txt_9345,0,2.195,1.098,0,0,1.098,0,0,1.098,1.098,0,1.098,1.098,0,2.195,3.293,0,2.195,0,1.098,10.412,8.432
potr.txt_1979,0.89,0,0,0,3.561,2.671,2.671,2.671,0.89,1.781,0.89,0,0,0,0.89,0,0,0.89,0,0,7.93,10.657
potr.txt_10653,0,0,0,0,3.199,0,0,0,5.332,0,0,0,3.199,0,2.133,0,0,0,0,0,9.812,13.745
potr.txt_6557,0,0,0,0,0,0,0,1.338,2.007,2.007,0,0.669,0,0,1.338,0,0,0.669,2.676,0,14.311,14.997
potr.txt_11305,1.436,2.154,2.154,0,1.436,5.027,0,0.718,0.718,2.154,0.718,0.718,0.718,0.718,1.436,2.154,0,0.718,0,0.718,7.315,6.366
potr.txt_3315,0,0,0,0,0,0,0,0,0,0,0,0,0,0,7.078,0,0,0,4.719,0,7.387,19.692
potr.txt_8097,2.66,0,1.773,0.887,1.773,1.773,0,0.887,1.773,2.66,0.887,0.887,1.773,0.887,0,0.887,1.773,0,0,0.887,8.478,6.274
potr.txt_5223,2.409,0,0,0,1.606,0,0,0,1.606,0,0,0,0,0,3.212,0,0,0.803,0,0,12.981,18.822
potr.txt_9615,0,0,0,0,2.4,2.4,0,2.4,1.2,3.6,0,0,0,0,1.2,0,2.4,1.2,0,0,8.891,10.794
potr.txt_10473,0,0,0,0,0,0,26.117,10.446,0,0,0,0,0,0,0,0,0,0,0,0,3.731,4.04
potr.txt_7545,1.766,0,0,0,0.883,2.65,0,0.883,2.65,2.65,0,0,0,0,0.883,0,1.766,2.65,0.883,0,7.647,11.089
potr.txt_10465,1.02,0,1.02,0,1.02,3.059,0,2.039,1.02,2.039,0,0,0,0,1.02,1.02,0,3.059,0,0,7.711,12.544
potr.txt_11541,3.58,0,0.511,0.511,0,1.534,0.511,2.046,2.557,0.511,0,0.511,0,2.046,1.023,0,2.046,1.534,0,0,7.617,9.858
potr.txt_1705,2.043,0,0.341,1.362,1.021,1.021,0,0,3.405,2.043,0,0.681,0.681,0.341,0.681,1.021,0,0.681,0.341,0.341,10.04,10.592
potr.txt_5229,4.016,0,0,0,1.339,0,1.339,1.339,5.355,2.677,0,0,0,0,0,0,0,0,0,0,7.325,13.231
potr.txt_10203,0,0,0,0,0,0,0,0,1.951,0.976,0,0,0,0,1.951,0,0,0,3.902,0,16.652,17.426
potr.txt_4749,0,0,0,0,0,0,0,0,0,3.759,0,0,0,0,4.51,0,0,0,0,0,14.335,21.238
potr.txt_543,0.421,3.372,0.421,0.421,0,2.529,0.421,1.264,2.107,0.843,0.843,1.264,0,0,1.264,0.421,2.107,0.421,0.421,0.843,8.607,8.433
potr.txt_6899,0.948,0,0,0.948,0,0.948,0,0.948,2.844,3.792,0,1.896,0,0,0.948,0.948,0,1.896,0,0.948,8.654,10.734
potr.txt_683,2.847,1.898,0,0,2.847,0.949,0,0.949,3.797,4.746,0,0,1.898,0,0,0.949,0.949,0.949,0,0,6.285,8.025
potr.txt_7583,1.334,2.667,0,0,0,8.001,0,2.667,1.334,6.668,0,1.334,0,0,0,2.667,0,1.334,0,0,4.529,6.665
potr.txt_1727,0.597,2.387,1.79,1.193,0,1.193,0.597,0,1.79,0,1.193,0,0,1.193,3.58,0,0,0,0,1.193,8.69,11.104
potr.txt_10459,6.039,0,0,1.51,0,1.51,1.51,1.51,3.019,1.51,0,0,3.019,0,0,0,1.51,1.51,0,0,6.548,7.858
potr.txt_8113,2.898,0,0,0,0.724,2.173,2.173,2.898,0.724,1.449,0,0,0,0,4.346,0.724,0,0,0,0,6.767,11.507
potr.txt_11489,0,0.457,0.457,0,0.457,0.914,0,1.827,2.741,1.37,0.457,0,0,0,1.827,0.457,0.914,0.457,0,0,10.115,15.969
potr.txt_7589,1.316,2.632,0,0,0,7.897,1.316,2.632,1.316,6.581,0,0,0,0,0,2.632,0,1.316,0,0,4.537,6.842
potr.txt_11417,1.611,0,0,0.805,0,2.416,0.805,0,4.027,0,0,0.805,0.805,1.611,1.611,1.611,0.805,1.611,0,0,10.605,7.253
potr.txt_1641,4.911,1.964,0,0,0.982,0,0.982,2.947,0.982,2.947,0,0,1.964,0,1.964,0.982,0.982,1.964,0,0,5.769,7.994
potr.txt_9209,0.487,0,0.974,0.487,0.974,0.487,0.974,0,1.947,0,1.947,1.461,0.974,1.947,2.921,4.869,1.461,0.974,0,0.487,7.125,6.776
potr.txt_5903,0,0,0,0,0,0,0,0,4.286,5.714,0,0,2.857,0,0,0,0,4.286,0,2.857,11.353,5.14
potr.txt_10043,0,2.662,0,0,0,0,1.331,0,3.992,1.331,0,0,0,0,3.992,1.331,0,0,0,1.331,9.726,10.947
potr.txt_6403,0,0.921,0,0,2.764,1.843,0,0.921,0.921,1.843,0,0,0.921,0,0.921,0.921,0,0.921,0.921,0,10.173,13.45
potr.txt_8193,1.2,1.2,0,0.6,0.6,0.6,0,0.6,1.8,0,0.6,0,1.2,1.2,2.401,0.6,0.6,1.2,0.6,0,10.525,11.396
potr.txt_6769,2.965,0,0,0,4.448,1.483,1.483,4.448,1.483,4.448,0,0,1.483,0,0,4.448,0,0,0,0,6.027,5.855
potr.txt_7257,4.906,0,0,0,0,0,0,0,4.906,4.906,0,0,0,0,0,0,0,0.818,0,0,8.926,12.294
potr.txt_10171,0,0,0,0,1.744,0,1.744,0,3.488,1.744,1.744,0,0,0,3.488,0,0,0,0,0,13.764,9.66
potr.txt_1465,1.306,3.483,0.435,0.871,1.306,1.741,0.435,0.435,2.177,0.871,0.435,1.306,0.435,0.871,1.306,2.177,0.871,0.435,0,0.435,7.522,7.869
potr.txt_6321,1.592,0,0,0,1.592,4.776,0,1.592,1.592,9.552,0,0,1.592,0,0,3.184,0,0,0,0,5.39,7.182
potr.txt_699,3.376,0,0,0,0,6.752,0,0,0,0,0,0,23.632,0,1.688,0,0,0,0,0,3.923,4.212
potr.txt_12011,2.205,5.511,0,0,0,3.858,0,0.551,0,0.551,0,1.653,1.102,0.551,2.205,1.653,0.551,0,0,1.653,8.409,6.434
potr.txt_6471,0.857,0,0,0,0.857,1.715,0.857,0,0.857,2.572,0,0,0.857,0.857,2.572,0,0,1.715,0,0,11.265,12.515
potr.txt_7839,1.537,0,0,0,0.769,2.306,2.306,3.074,0.769,1.537,0,0,0,0,4.611,0.769,0,0,0,0,6.97,11.753
potr.txt_11879,0.378,3.025,0.756,0.378,0,2.269,0.378,0.378,2.269,1.134,0.756,0.378,0,0.378,1.513,0.378,1.891,0,0.378,0.756,8.883,10.142
potr.txt_12157,0,0,0,0,0,0,0,1.744,0.872,0.872,0,0,0,0,3.487,0,0,2.616,0.872,0,16.22,13.624
potr.txt_389,4.46,1.784,0,0,2.676,0.892,0,2.676,3.568,1.784,0.892,0,1.784,0,0,0.892,0,0,0,0,6.393,8.937
potr.txt_10763,2.089,3.133,0.522,0,0,3.656,1.044,0.522,0.522,2.089,0,2.089,0,0,1.567,1.044,1.044,1.044,0,0.522,7.806,7.937
potr.txt_11147,0,0,0,0,0,6.009,0,0,0.273,0,0.819,0,0,0.273,1.092,0,0,0,0.546,2.731,15.434,11.746
potr.txt_1281,3.343,1.672,0.836,0,0,2.507,0,0.836,2.507,4.179,0,1.672,0,0.836,0,5.014,1.672,2.507,0,0,5.205,6.206
potr.txt_5187,1.922,0.961,0,0,0.961,0,0,0,0.961,0,0.961,0,0,0.961,2.883,0,0,0.961,0.961,0,13.891,13.706
potr.txt_8181,0.84,0,0,0,0.84,2.519,0,0.84,3.359,3.359,0.84,1.68,0,0.84,0,3.359,0,2.519,0,0,7.473,8.185
potr.txt_8629,1.951,1.301,0.651,1.301,0.651,3.252,0,1.951,3.252,1.301,0,1.301,0,0,0,1.301,0.651,1.301,0,0,8.503,7.846
potr.txt_11177,0,4.609,0,0,1.536,1.536,0,0,0,0,0,0,0,0,3.073,0,1.536,1.536,0,0,10.988,12.623
potr.txt_6155,2.745,0,0,0,0,1.373,0,0,4.118,5.49,2.745,0,0,0,0,0,2.745,0,0,0,7.241,9.957
potr.txt_12173,0.453,2.716,0.905,0.453,0.905,3.622,0.905,0.453,2.716,0.453,0.453,0.905,0.453,0,0,0.905,0,0,0.453,1.358,9.239,9.035
potr.txt_205,1.566,3.132,0,0.522,0,2.61,0,1.044,0,1.566,0,0.522,0,0,2.61,0.522,0.522,0.522,0,1.044,10.183,10.231
potr.txt_6025,0,0,2.367,0,0,5.919,0,1.184,2.367,0,0,1.184,0,1.184,2.367,0,0,1.184,0,0,9.369,9.271
potr.txt_8415,3.692,0,0,0.738,0.738,4.43,0.738,0.738,2.215,3.692,0,1.477,0,0,0,0,0,1.477,0,0,8.02,8.529
potr.txt_8369,2.913,0,0,0.728,0,4.37,0.728,1.457,2.913,3.642,0,0,0,0,0,0.728,1.457,0,0,0.728,7.352,9.436
potr.txt_5629,1.053,0,0,0,0,0,0,1.053,1.053,1.053,0,0,3.158,0,2.106,0,0,0,4.211,0,12.313,11.517
potr.txt_10777,0,4.912,0.819,0.819,0.819,3.274,0,0,0,0.819,0,1.637,2.456,0,0.819,0,4.912,1.637,0.819,0.819,6.103,7.024
potr.txt_5365,1.045,0,0,1.045,2.09,1.045,0,1.045,3.134,2.09,0,0,0,0,0,1.045,0,0,1.045,0,10.425,13.567
potr.txt_11713,2.179,0,0,0,0,3.268,0,3.268,0,4.358,0,0,1.089,2.179,2.179,1.089,2.179,2.179,1.089,0,5.693,7.127
potr.txt_4839,3.018,0,0,0,0,0,0,0,6.036,0,0,0,0,0,0,0,0,1.509,1.509,0,17.676,8.886
potr.txt_12023,0,0,0,0,1.184,0,0,1.184,4.736,3.552,0,0,0,0,0,0,0,0,0,1.184,10.429,16.568
potr.txt_7197,2.684,0,0,0,2.684,0,1.342,6.71,1.342,4.026,0,1.342,1.342,0,0,4.026,0,0,0,0,4.984,7.573
potr.txt_369,0,4.153,0,0,0.692,1.384,0,0.692,0,0.692,0,0,0,0,3.461,0,0.692,0.692,0,0,10.227,15.636
potr.txt_4663,0,0,0,0,2.23,0,0,1.115,5.574,3.344,0,0,0,0,0,0,0,0,0,0,9.733,16.48
potr.txt_2023,5.009,0,0,0,1.252,1.252,1.252,3.757,2.504,5.009,0,0,1.252,0,0,1.252,1.252,0,0,0,5.939,7.679
potr.txt_2741,3.216,0,0.643,0,0,2.573,0,0.643,3.216,3.216,0.643,0,0,0,0,0,0.643,1.286,0.643,0,8.596,11.179
potr.txt_7061,0.942,1.884,0,0,0.942,1.884,0,0.942,3.768,0.942,0,0,2.826,0,0,0.942,0.942,0,0.942,0,8.854,10.653
potr.txt_11857,2.527,0,0,0,1.263,1.263,1.263,0,5.054,3.791,0,0,0,0,0,1.263,0,0,0,0,9.398,10.724
potr.txt_3275,11.916,0,0,0,0,0,0,11.916,0,11.916,0,0,11.916,0,0,0,0,0,0,0,3.996,0.983
potr.txt_7635,2.331,0,0,2.331,1.165,1.165,1.165,0,0,0,0,4.662,1.165,1.165,1.165,2.331,2.331,1.165,0,2.331,7.063,6.117
potr.txt_8353,2.856,0,0,0.714,0,3.57,0,1.428,2.856,2.856,0,0.714,0,0,0,0.714,1.428,1.428,0,0.714,7.623,9.517
potr.txt_4239,0,0,0,0,0,0,0,0,0,0,0,0,0,0,3.391,0,0,1.13,4.522,1.13,18.215,12.29
potr.txt_8529,0,0,0,0,1.004,1.004,0,1.004,0,1.004,0,0,7.531,0,3.013,0,0,0,0,0,9.947,12.588
potr.txt_5231,0,0,0,0,2.019,0,1.009,2.019,3.028,3.028,0,0,0,0,1.009,0,0,0,0,0,10.527,15.96
potr.txt_11229,0.756,3.024,0.756,0.378,0.378,2.646,0.378,0.756,0.756,0.378,0.756,0.756,0,1.512,2.268,0.756,0,1.134,0,0.378,8.219,10.408
potr.txt_4455,0,0,0,0,0,0,0,2.695,2.695,5.391,0,2.695,2.695,2.695,0,5.391,0,2.695,0,0,5.525,6.214
potr.txt_5571,1.491,0,0,0,1.491,1.491,0,2.982,0,5.964,0,0,1.491,0,1.491,1.491,0,1.491,0,0,7.458,9.586
potr.txt_9379,4.611,1.153,0,0,1.153,2.306,0,0,2.882,2.306,0,1.153,0,1.153,0,1.729,0,0.576,0,0.576,7.338,9.512
potr.txt_5243,0,0,0,0,1.298,1.298,0,0,0,1.298,0,0,7.786,0,3.893,0,0,0,0,0,11.966,9.207
potr.txt_161,1.385,2.77,0,0.462,0.462,0.923,0.462,0.923,0,1.847,0,0,0.923,0,4.155,0,0,0.923,0,0,10.798,10.814
potr.txt_9285,0.777,0,0,0,0,1.554,0,0,1.554,1.554,0,0,0.777,0,2.331,3.108,0,1.554,0,1.554,11.421,10.83
potr.txt_8305,29.426,0,1.731,0,0,0,1.731,0,0,1.731,1.731,1.731,0,0,0,3.462,3.462,0,0,0,2.47,3.065
potr.txt_12159,0.811,0,0,0,1.621,0.811,0,0.811,4.864,0.811,0,0,0,0,0,0,0,0,1.621,0,11.826,16.131
potr.txt_4639,1.557,0,0,0,0.779,0,0,1.557,0,0.779,0,0,0,0,3.114,0,0,0,0.779,0,13.626,21.07
potr.txt_8481,3.274,0,0,0,1.637,1.637,0.818,1.637,3.274,3.274,0.818,0.818,1.637,0.818,0,0,1.637,1.637,0,0,7.193,7.018
potr.txt_9579,0,3.728,0,0,0,0,0,0,0,0,0,0,0,0,3.728,0,0,0,3.728,0,8.085,20.207
potr.txt_6651,0,2.371,0.79,0,2.371,2.371,0,0,0,0,0,0,0,0,3.951,0.79,0.79,0,0,0,10.631,13.594
potr.txt_8615,0.499,0.997,0,0,0,1.994,0,0.997,0,1.496,0,0,3.49,0,2.493,0.499,0.499,0.997,0,1.496,10.405,10.917
potr.txt_819,2.636,0,0.879,0,1.757,1.757,0,0,3.515,3.515,0,0,0,0,0,0,0.879,1.757,0,0,8.585,11.223
potr.txt_11705,1.822,0,0,0,0,2.733,0,2.733,1.822,3.644,0,0,0.911,1.822,1.822,0.911,1.822,1.822,0.911,0,6.983,7.33
potr.txt_813,0,0,0,0,2.866,0,2.866,0,2.866,8.599,0,0,2.866,0,0,2.866,0,0,0,0,10.21,3.994
potr.txt_8525,2.457,0,0,0.614,0,1.229,0,1.843,5.528,1.843,0.614,0.614,0,0,0,0.614,0.614,1.843,0,0,8.517,10.064
potr.txt_12131,2.268,2.268,0,0,0,2.268,0,2.268,0,2.268,0,0,0,0,4.536,0,0,0,0,0,7.683,13.105
potr.txt_467,2.092,2.092,2.092,2.092,0,0,0,0,2.092,2.092,0,2.092,0,0,0,0,4.184,0,0,2.092,6.317,9.402
potr.txt_10623,3.172,0,0,0,2.115,0,0,0,4.229,4.229,0,0,0,0,0,0,0,0,0,0,9.99,13.746
potr.txt_10811,1.865,1.865,0,0,2.797,0.932,0,1.865,3.729,0.932,0,0.932,1.865,0.932,0,1.865,0,2.797,0,0,5.662,8.937
potr.txt_7469,0,0,0,0,0,2.048,0,0,0,0,0,0,0.683,0,4.778,0,0,0,2.048,0.683,14.49,15.865
potr.txt_5307,0,0,0,0,1.796,3.592,0,3.592,1.796,8.98,0,0,1.796,0,0,1.796,0,0,0,0,5.712,8.204
potr.txt_429,2.434,2.434,0,0,1.217,2.434,0,3.651,3.651,2.434,1.217,0,1.217,0,0,0,1.217,2.434,0,0,5.425,7.841
potr.txt_7871,2.786,0,0,0,0,0.697,0,2.09,3.483,2.09,0,2.09,0,1.393,0,0,0,0.697,0.697,0,8.193,12.417
potr.txt_7833,1.035,0,0,0,1.035,2.071,0,1.035,3.106,5.177,0,0,1.035,1.035,6.213,1.035,0,1.035,0,0,5.732,7.871
potr.txt_4245,0,0,0,0,4.132,0,0,2.066,0,0,0,0,0,0,6.198,0,0,2.066,2.066,2.066,7.666,10.124
potr.txt_8873,2.9,1.45,0,0,0,3.624,0,1.45,0,2.175,0.725,0.725,1.45,2.175,1.45,1.45,1.45,1.45,0,0.725,6.328,7.691
potr.txt_2551,0,0,0,0,4.151,0,0,0,4.151,4.151,0,0,0,0,0,0,0,0,0,0,9.581,16.293
potr.txt_11685,0.56,0,0,0,2.798,0.56,0.56,1.679,0.56,0,0,0,5.037,1.119,2.798,0,0.56,0,1.119,0,10.828,8.246
potr.txt_3063,0,0,0,0,0.968,0,0,1.936,2.904,0.968,0,0,0,0.968,0.968,0,0,1.936,0.968,0,12.453,14.975
potr.txt_11265,0,3.309,0.551,0.551,1.103,1.655,0,0.551,0,1.655,0,0.551,0,0,2.758,1.103,1.655,2.758,0,0.551,9.542,8.096
potr.txt_11707,2.225,0,0,0,0,3.338,0,3.338,2.225,4.451,0,0,1.113,2.225,2.225,1.113,2.225,2.225,1.113,0,5.11,6.179
potr.txt_10263,0,0,0,0,0,0,0,0,2.968,10.386,0,0,0,0,2.968,0,0,0,0,0,14.348,5.898
potr.txt_5997,1.917,1.917,0,0,0,0,0,0,3.834,3.834,0,0,0,0,1.917,0,0,0,0,0,12.215,12.033
potr.txt_4759,0,0,0,0,0,0,0,0,0,0,0,0,0,0,5.734,0,0,0,4.779,0,17.079,12.652
potr.txt_39,5.101,0,0,0.85,0.85,4.251,0.85,1.7,2.55,3.401,0,0,0,0,0,1.7,0,0,0,0,7.212,8.239
potr.txt_4677,0,3.729,0,0,0,0,0,1.864,3.729,0,0,0,5.593,0,0,1.864,1.864,0,1.864,0,7.488,8.57
potr.txt_2809,2.102,0,0,0,2.102,0,0,0,4.203,0,0,0,0,0,2.102,0,0,0,2.102,0,8.114,17.481
potr.txt_10297,0.679,2.715,0,0,0.679,0.679,0,0.679,0.679,0,0,0,0,0,2.715,0,0,0.679,0.679,1.358,12.812,14.764
potr.txt_10385,2.797,0,0,0,2.797,0,0,0,5.594,0,0,0,0,0,0,0,0,0,0,0,11.259,17.025
potr.txt_11505,1.703,0,0.426,0.426,0.426,1.703,0,2.555,2.555,0.426,0.426,0.426,0.426,0.426,1.277,0.426,0,0.852,0.426,0,10.772,11.286
potr.txt_2875,0,0,0,0,2.696,3.595,1.797,0,6.29,0,0,2.696,0,0,0,0,0,0,0.899,0,10.292,8.122
potr.txt_11835,0,0,1.01,1.01,0,1.01,0,1.01,1.01,0,0,0,6.062,0,5.052,0,1.01,0,0,0,12.615,6.649
potr.txt_9793,0.72,0.72,0.72,0.72,0.72,2.881,0.36,2.161,2.521,0.36,0.36,0.72,0,0,0.36,0.72,0.36,2.161,0,0,9.869,10.089
potr.txt_7631,0,1.118,1.118,0,0,2.236,0,3.354,4.471,3.354,0,0,3.354,0,1.118,0,0,1.118,2.236,0,6.325,7.505
potr.txt_11971,1.194,0,0,0,2.388,1.194,0,0,3.581,2.388,0,0,0,0,0,0,0,0,2.388,0,12.84,11.873
potr.txt_4157,0,7.089,0,0,0,0,0,2.363,0,0,0,2.363,4.726,2.363,2.363,0,0,0,0,0,8.329,7.111
potr.txt_5837,0,0,0,0,1.832,0,0,1.832,3.664,0.916,0,0.916,0,1.832,0.916,0,0,0,0.916,0,10.92,14.308
potr.txt_9057,0.898,2.694,0.449,0.898,0.449,2.694,0.449,0.898,1.347,0.898,0,2.245,0,0,0.898,1.347,0.898,0.898,0.898,0.898,7.788,8.917
potr.txt_4959,1.492,0,0,0,1.492,1.492,0,0,2.985,2.985,0,1.492,0,0,0,1.492,0,2.985,1.492,0,6.778,11.702
potr.txt_5951,0,0,0,0,0.949,0.949,0,0,4.744,6.641,0,0,0,0,0,0,0,0,0,0,10.178,14.291
potr.txt_5973,4.722,3.148,0,0,4.722,0,0,1.574,1.574,1.574,0,0,1.574,0,1.574,0,1.574,0,0,0,5.394,9.456
potr.txt_81,0,0,0,0,1.84,3.681,0,1.84,1.84,9.201,0,0,1.84,0,0,1.84,0,1.84,0,0,5.478,8.054
potr.txt_4973,10.68,0,0,0,0,0,0,0,3.56,0,0,0,0,0,1.78,1.78,0,0,1.78,0,6.813,10.051
potr.txt_6599,0.611,0,0,0,0,1.833,0.611,0.611,1.833,1.222,0,0,0,0,2.444,0,0,0.611,0,0.611,11.968,18.046
potr.txt_8737,0.88,2.639,0,0.44,1.32,1.32,0,0.44,0,0.44,0,0.88,0,0.44,3.519,0.88,0,0.88,0,0.88,10.337,11.648
potr.txt_197,0,3.006,0,0,0.752,2.255,0,0,0,0.752,0,0,0.752,0,3.758,0,0,1.503,0,0.752,13.192,10.884
potr.txt_11527,0,0,0,0,0,0,0,2.764,0,2.764,0,0,0,0,5.527,0,0,0,0,0,28.497,0.064
potr.txt_199,0.424,2.543,0,0.424,0.424,1.695,0,0.424,0,0.848,0,0,0,0,3.814,0.424,0.848,0.424,0,1.271,12.566,11.457
potr.txt_7065,2.185,4.371,0,0,3.278,3.278,1.093,0,2.185,0,0,0,0,1.093,1.093,0,0,0,0,1.093,8.28,8.505
potr.txt_5389,2.987,0,0,0,2.987,1.494,0,0,1.494,2.987,0,1.494,1.494,0,0,1.494,0,1.494,1.494,0,6.162,10.851
potr.txt_1047,1.082,0,0,0,4.329,1.082,1.082,2.165,2.165,3.247,0,0,1.082,1.082,0,1.082,1.082,0,0,0,7.777,9.177
potr.txt_3635,0,0,0,0,0,3.737,0,0,0,0,0,0,0,0,3.737,0,0,0,0,0,14.302,23.838
potr.txt_1537,1.464,0,0,0,1.464,2.195,2.195,3.659,0.732,1.464,0,0,0,0,4.391,0.732,0,0,0,0,6.774,11.312
potr.txt_3799,0,0,0,0,0,0,0,0,0,0,0,0,0,0,4.933,0,0,0,3.7,0,13.268,21.229
potr.txt_12017,0,0,0,0,0,0,0,1.334,1.334,1.334,0,0,0,0,2.667,0,0,0,6.668,0,10.186,14.197
potr.txt_3401,0,0,0,0,0,0,0,1.886,1.886,0,0,0,0,0,1.886,0,0,0,5.659,0,19.993,8.026
potr.txt_9541,1.063,0,0,0,1.063,1.063,1.063,1.063,4.251,3.188,2.125,0,1.063,0,0,1.063,0,2.125,0,0,7.614,9.666
potr.txt_8403,2.071,0,0.69,2.761,0.69,0,0,0.69,4.832,2.071,0.69,0,0,1.38,0,1.38,0.69,0,0,0,8.148,10.293
potr.txt_6111,0,0,0,0,1.241,2.481,0,1.241,4.962,2.481,1.241,0,1.241,0,0,2.481,0,1.241,0,0,6.808,10.969
potr.txt_6423,0,0,0,0,0,1.023,0,3.068,6.136,2.045,2.045,0,0,0,0,2.045,0,0,0,0,7.334,12.861
potr.txt_4025,1.684,0,0,0,0,0,0,1.684,6.734,1.684,0,0,0,0,0,0,0,1.684,0,0,12.952,11.219
potr.txt_89,2.199,1.466,1.466,0,0,2.199,0,1.466,3.664,2.932,0.733,0,0,0,0,1.466,1.466,1.466,0,0,8.374,7.673
potr.txt_11599,0,0,0,0,2.893,2.17,0,0,3.617,1.447,0,0,0,0,2.17,0,0,0,0.723,0.723,15.534,8.206
potr.txt_3693,0,0,0,0,0,0,0,0,0,0,0,0,0,0,7.17,0,0,0,2.868,0,14.011,16.813
potr.txt_9575,1.362,2.725,0.454,0.454,0.908,1.816,0.908,0.908,1.816,1.362,0,0.908,0,0,2.271,0.454,0.908,1.816,0,0.454,7.893,9.019
potr.txt_3905,0,0,0,0,0,0,0,0,0,0,0,0,0,0,2.043,0,0,0,12.259,0,10.412,12.493
potr.txt_7175,0.763,0,0,0,0.763,0.763,0,1.526,0.763,0.763,0,0.763,0.763,0,2.288,0,0.763,3.051,0.763,0.763,10.565,12.066
potr.txt_5479,2.407,0,0,0,2.407,1.203,0,0,2.407,2.407,0,0,0,0,0,1.203,0,2.407,1.203,0,8.227,12.856
potr.txt_6603,2.736,0,0,0,1.824,1.824,0.912,0.912,2.736,0.912,0,0,0,0,0,0.912,0,1.824,0.912,0,9.704,11.559
potr.txt_5177,1.226,1.226,0,0,1.226,0,0,0,1.226,0,1.226,1.226,0,2.453,2.453,0,0,1.226,1.226,0,9.586,12.729
potr.txt_7675,0,0,0,0,0,0,1.314,0,0,2.628,0,0,0,0,3.942,0,0,1.314,0,0,13.514,19.422
potr.txt_9519,2.648,1.324,0,0.662,0,1.324,0,1.324,3.31,3.31,0.662,0.662,0,0,0.662,0.662,1.324,0,0,0,8.845,9.672
potr.txt_1471,0,3.338,0.556,4.451,0,0.556,0,0.556,0.556,0,0,0.556,1.113,5.563,3.338,0.556,0.556,0,0,1.113,6.381,7.907
potr.txt_2007,1.148,0,0,0,1.148,1.148,1.148,1.148,3.445,4.594,0,0,1.148,0,0,1.148,0,2.297,0,1.148,6.763,10.153
potr.txt_5817,0,0,0,0,0.872,0,0,0,4.36,3.488,0,0,0,0,1.744,0,0,0,0,0.872,10.997,16.985
potr.txt_549,0,4.071,0,0,0,1.357,0,0,0,1.357,0,0,0,0,4.071,0,0,1.357,0,0,9.467,16.833
potr.txt_2813,0,0,0,0,2.694,0,0,0,5.388,0,0,0,0,0,5.388,0,0,0,5.388,0,6.168,11.368
potr.txt_5117,0,0,0.834,0,0.834,0,0,1.668,2.503,0.834,0,0,0,0,2.503,0,0,0.834,0,0,12.751,18.141
potr.txt_5631,0,1.009,0,0,0,0,0,0,6.057,6.057,0,0,0,0,0,0,0,0,0,0,8.081,16.647
potr.txt_7131,0,0,0,0,1.412,1.412,0,1.412,0,1.412,0,0,0,0,2.823,0,0,0,0,0,14.885,20.087
potr.txt_11293,0.722,2.889,0.722,0.361,0.361,2.528,0.361,0.722,0.722,0.722,0.361,0.722,0,1.445,2.167,0.722,0,1.083,0.361,0,8.796,10.696
potr.txt_7721,0.873,3.492,0.873,0.873,0,0.873,0.873,0.873,1.746,0,1.746,0,0,1.746,1.746,1.746,0.873,0.873,0,0,8.598,8.61
potr.txt_4849,0,0,0,0,1.734,1.734,0,0,1.734,5.202,3.468,0,1.734,0,1.734,0,0,1.734,0,0,8.308,9.023
potr.txt_1867,4.573,1.829,0,0,1.829,0.915,0,0.915,1.829,1.829,0,0,1.829,0.915,0.915,0,0.915,3.658,0,0,6.956,7.96
potr.txt_1191,0.742,0,0,0,1.483,1.483,0,1.483,1.112,0.742,0,0,0.371,0.742,2.225,0.371,0,1.112,0,0,12.156,14.79
potr.txt_8967,2.381,0,0.794,0.794,0.397,1.984,0,1.984,0.794,0.794,0,0.794,0,1.191,1.588,0,1.588,0.397,0.397,0,9.787,11.002
potr.txt_6995,0,0,0,0,0,0.968,0,0,4.839,8.711,0,0,1.936,0,0,0,0,0,0,0.968,10.243,8.753
potr.txt_6097,0,0,0,0,0,1.719,0,0,6.875,4.297,0,0,0,0,0,0,0,0,0,0,9.555,15.561
potr.txt_3943,0,0,0,0,0,2.543,0,0,2.543,5.086,0,0,0,0,2.543,0,0,0,0,0,22.633,2.782
potr.txt_1253,5.976,2.39,0,2.39,1.195,1.195,1.195,1.195,2.39,1.195,2.39,0,1.195,0,0,1.195,0,3.586,0,1.195,5.001,5.857
potr.txt_2411,0.562,0,0,0,0,2.248,0,0.562,1.686,1.686,0,0,0,0,1.686,0.562,0,0,0.562,0.562,13.463,17.177
potr.txt_6061,1.034,0,0,0,1.034,1.034,3.103,0,3.103,1.034,0,1.034,0,0,2.069,0,0,0,1.034,1.034,9.108,12.136
potr.txt_11355,0.475,2.849,0.95,1.424,0.475,3.323,0.475,0.475,1.424,0.475,0.475,1.899,0.95,1.899,0.95,0.475,0.475,0.95,0,2.374,7.657,6.646
potr.txt_7809,0,0,0,0,1.98,2.64,2.64,1.98,0,0.66,0,0,0,0,1.98,0,1.32,1.98,0,0,9.038,12.644
potr.txt_4547,0,0,2.486,0,4.971,0,0,0,0,2.486,0,2.486,0,0,0,0,0,2.486,2.486,2.486,6.914,9.679
potr.txt_1279,2.941,1.47,0.735,0,0,1.47,0,1.47,2.941,3.676,0.735,2.205,0,0,0,2.941,2.205,1.47,0,0,6.315,7
potr.txt_10693,0,0,0,0,0,0,0,0,0,0,0,0,0,0,4.501,0,0,0,2.25,2.25,10.998,22.466
potr.txt_3783,0,0,0,0,0,0,0,0,0,0,0,0,0,0,4.086,0,0,0,10.216,0,10.412,12.493
potr.txt_6053,0,0,0,0,0,0.995,0,1.989,4.974,0.995,0,0.995,0,0,0.995,0.995,0,2.984,0,0,9.325,12.709
potr.txt_1019,0,0,0,0,1.418,2.836,0,4.254,0,4.254,0,0,1.418,0,1.418,1.418,0,1.418,0,0,7.582,10.367
potr.txt_5473,1.056,1.056,0,0,0,0,0,0,0,1.056,0,2.111,1.056,0,2.111,1.056,1.056,1.056,1.056,1.056,12.147,11.625
potr.txt_10461,1.413,0,0,0,0,0,2.119,0.707,1.413,2.119,0,0,0,0,2.826,0,0,1.413,0,0.707,11.889,13.523
potr.txt_17,1.071,0,1.071,0,2.142,3.213,0,1.071,2.142,2.142,0,0,0,0,0,1.071,0,3.213,0,0,7.872,11.434
potr.txt_2771,0,0,0,0,0,16.297,7.243,0,0,0,0,0,0,0,0,0,0,0,0,0,7.466,6.32
potr.txt_73,0,0,0,0,2.823,0.941,0,0.941,0.941,1.882,0,0,0,0.941,0.941,0.941,0,0.941,0.941,0,10.817,15.451
potr.txt_11589,0,0,0,0,0,0,0,0,0,0,1.935,0,0,0,3.87,0,0,0,1.935,0,15.864,21.381
potr.txt_7825,2.457,1.638,0.819,0.819,0,0.819,0,0.819,4.096,2.457,1.638,0,0,0,0,0.819,0.819,1.638,0,0,9.18,8.372
potr.txt_8591,1.08,0.54,0.54,0,0.54,1.62,0,1.08,2.16,2.16,1.08,0,0,0.54,1.08,1.08,0.54,1.08,0,1.08,9.533,10.862
potr.txt_10141,0,0,0,0,0,0.781,0,0,0,0,0,0,2.343,0,8.59,1.562,1.562,1.562,0,0,8.388,11.765
potr.txt_57,2.053,0,1.026,0,0,1.026,1.026,2.053,3.079,3.079,0,0,0,0,0,1.026,1.026,2.053,0,0,9.537,9.432
potr.txt_11575,0.354,0,0,0,0.709,1.772,0,1.418,0.709,0.709,0,0.354,0,0.354,3.189,0.354,0.709,0,0.709,0,14.196,13.778
potr.txt_9211,0.791,3.163,0.395,1.186,0.791,0.791,0.395,1.581,2.372,0.791,0,0.395,1.581,0,1.581,1.186,1.977,0,0,0,7.572,9.851
potr.txt_817,2.651,0,0.663,0,0,1.326,0,2.651,3.314,0.663,0,1.326,0,0.663,0,0.663,0.663,0.663,0.663,0,8.238,12.51
potr.txt_7303,3.53,0,0,0,2.353,1.177,3.53,2.353,2.353,2.353,0,0,1.177,0,0,1.177,0,2.353,0,0,7.002,7.612
potr.txt_7775,0,0,0,0,0,0.41,0,0.41,0,0,0,0,0.41,0.41,3.284,0,0,3.284,0.41,0.41,13.832,19.554
potr.txt_3173,0,0,0,0,0,0,0,3.068,3.068,0,0,0,0,0,0,0,0,0,3.068,0,15.525,17.397
potr.txt_1571,4.912,0,0,0,0,0,0,0,0,0,0,4.912,0,0,0,0,9.824,4.912,0,4.912,5.237,5.25
potr.txt_8251,1.433,1.433,0,0.716,0,0.716,0,2.149,2.149,2.149,0.716,0.716,0.716,1.433,0.716,0.716,2.149,0,0.716,0,8.364,9.392
potr.txt_1757,1.78,0,0,0,1.187,1.187,0.593,0,2.373,0.593,0,0,0,0,1.187,1.78,0,1.187,1.187,0,13.055,11.788
potr.txt_9321,0,0,0,2.252,2.252,0,2.252,4.505,2.252,2.252,0,0,2.252,0,0,2.252,0,0,0,0,10.325,5.933
potr.txt_7513,0,0,0,0,0,2.289,0,0,0,0,0,0,0.572,0,3.434,0,0,0,2.289,0,16.455,18.184
potr.txt_6177,1.917,0,0.959,0,0,0.959,0,1.917,3.835,0.959,0,0,0.959,0.959,0.959,0,0,0.959,0,0,9.601,13.191
potr.txt_6711,0,0,0,0,0.842,0,0,1.685,4.211,1.685,0,0,0,1.685,2.527,0.842,0,0,0.842,0,9.898,12.983
potr.txt_2517,0.65,0,0,0.65,1.3,0,0,0.65,3.9,1.3,0,0.65,0,0,0.65,0.65,0,0.65,1.3,0,12.105,13.95
potr.txt_8425,0.724,1.448,0.724,0,0,3.62,0,0,2.896,0.724,0.724,0,0,0,1.448,2.896,0.724,0,0,0.724,10.631,9.228
potr.txt_4859,0,0,0,0,0,0,0,0,0.737,2.212,0,0,0,0,2.95,0,0,0.737,1.475,0,15.689,20.366
potr.txt_3127,0,0,0,0,0,0,0,0,0,0,0,0,0,0,0,0,0,0,95.238,0,0,0
potr.txt_6919,0,3.763,0,0,0,1.254,0,0.627,0.627,0,0,0,0,0,3.763,0,0,0.627,0.627,0,15.085,12.996
potr.txt_649,3.411,2.274,0,0,2.274,2.274,0,2.274,3.411,2.274,1.137,0,1.137,0,0,0,1.137,1.137,0,0,5.41,8.926
potr.txt_8537,0,0,0,0,0.821,0,0.411,0,4.107,0.411,0,0.821,0.411,0,0.821,0.411,0.411,0.821,2.053,0.411,11.479,15.384
potr.txt_9917,6.605,0,0,0,0,6.605,0,0,0,0,6.605,0,0,0,0,0,6.605,6.605,0,0,4.145,4.855
potr.txt_5103,1.858,0,0,0,0.929,0,0,1.858,1.858,0.929,0,0,0,0,2.787,0,0,0.929,0,0,14.581,13.786
potr.txt_11609,2.802,0,0,0,2.802,0,0,0,5.603,0,0,0,0,0,0,0,0,0,0,0,11.212,17.034
potr.txt_4195,0,0,0,0,0,0,0,0,0,4.998,0,0,0,0,3.999,0,0,0,0,0,12.333,21.144
potr.txt_9885,0.974,0,0.974,0,0,4.872,0,0,1.949,5.846,0,0.974,0,0,0,1.949,1.949,2.923,0,0,6.185,8.389
potr.txt_6401,0,0.956,0,0,2.868,1.912,0,0.956,0.956,1.912,0,0,0.956,0,0.956,0.956,0,0.956,0.956,0,9.679,13.17
potr.txt_10111,0,1.24,0,0.62,1.24,0.62,0,0,2.481,0.62,0.62,0,1.24,0.62,1.24,0,0.62,1.24,0.62,1.86,11.535,10.55
potr.txt_9449,1.043,1.043,0.522,1.043,1.043,1.043,0,2.086,0.522,1.564,0,1.564,1.564,0,2.086,0,0.522,0,0.522,0,9.556,10.877
potr.txt_3669,0,0,0,0,0,0,0,0,0,0,0,0,0,0,10.628,0,0,0,4.251,0,15.78,6.311
potr.txt_1283,2.957,1.479,0.739,0.739,0.739,1.479,0,0.739,2.218,4.436,0,0.739,0,0.739,0,4.436,2.218,0.739,0,0,6.456,6.773
potr.txt_725,0.802,3.209,1.203,0.802,0.802,2.407,0.401,0.401,0.802,0.401,0,1.203,0,0.401,2.006,0.802,1.203,0.401,0.401,0.401,9.028,9.306
potr.txt_11393,1.02,4.079,1.529,0.51,0.51,2.039,0,1.02,2.549,2.039,0,2.549,1.529,1.529,0,0.51,1.02,2.039,0,1.02,6.151,6.409
potr.txt_4229,0,0,0,0,1.307,0,0,0,1.307,0,0,0,0,0,3.92,0,0,0,5.227,0,14.745,12.403
potr.txt_8665,0,0,0.443,0,0.886,0.443,0,1.329,0.443,0.886,0,0.443,4.431,0,2.659,0.443,0,0,1.773,0,10.776,12.307
potr.txt_6323,0,0,0,0,4.548,4.548,0,1.516,1.516,7.579,0,0,1.516,0,0,1.516,0,1.516,0,0,6.271,7.047
potr.txt_10087,0.793,1.585,0,0.793,0,0.793,0,0.793,1.585,0.793,0,0.793,0.793,0.793,3.17,0.793,0.793,0,0,1.585,10.531,10.289
potr.txt_2931,1.005,0,1.005,1.005,1.005,1.005,4.021,0,3.016,0,0,0,0,0,2.011,1.005,0,0,0,1.005,8.642,11.889
potr.txt_11469,0,0,0,0,0,0.819,0,2.457,4.095,0.819,0,0.819,0,0,0,0,0,2.457,0.819,0,11.112,15.058
potr.txt_587,2.893,0,0.827,1.653,0.827,1.24,0,2.48,1.24,0.413,0,0.413,0.413,1.24,1.24,0.413,0.413,0.413,0,0,8.961,11.529
potr.txt_10063,0,0,0,0,0,0,0,2.796,1.398,0,0,0,0,0,5.593,0,0,0,1.398,1.398,16.455,9.187
potr.txt_2333,1.702,2.554,0,0,0.851,0,0.851,0,0.851,1.702,0,0,5.107,0,3.405,0,0.851,0.851,0,0,8.851,8.81
potr.txt_3521,0,0,0,0,0,0,0,0,0,0,0,0,0,0,9.919,0,0,0,4.96,0,6.311,15.78
potr.txt_6365,0.878,0,0,0,0.878,0.878,0,1.755,0.878,0,0,0,0.878,0,2.633,0,0.878,3.511,0.878,0,10.51,12.777
potr.txt_10741,1.279,3.837,0.64,0,0,1.919,0.64,0.64,0.64,1.919,0,1.279,1.279,1.919,1.279,0,0,2.558,0,1.279,7.679,7.89
potr.txt_563,0.364,2.185,0,0,1.093,1.457,0.364,0.728,0,0.728,0,0,0.728,0.364,3.278,1.457,0,0.728,0.364,0,12.504,11.087
potr.txt_8995,5.006,0,1.001,0.501,0.501,2.002,0,1.001,2.503,1.502,0,0.501,0,1.502,0.501,0.501,2.002,1.502,0,0,7.044,9
potr.txt_5955,0,0,0.977,0,0.977,0.977,0,0.977,3.907,2.93,0,0,0,0,0,0,0,2.93,0,0,9.915,13.932
potr.txt_5417,2.238,0,1.119,1.119,2.238,1.119,0,2.238,2.238,1.119,0,0,0,0,0,1.119,0,0,0,0,9.433,13.123
potr.txt_3397,6.538,0,0,0,0,6.538,0,0,6.538,0,0,6.538,0,0,0,0,6.538,0,0,0,2.517,6.611
potr.txt_6361,0,0,0,0,0,0,1.504,3.008,1.504,1.504,0,3.008,6.015,0,1.504,3.008,0,1.504,0,1.504,7.483,5.959
potr.txt_4079,0,1.486,0,0,0,0,0,0,1.486,2.972,0,0,0,0,2.972,0,0,0,1.486,1.486,16.63,10.274
potr.txt_10069,0,0,0,0,0,0,0,1.814,0,0,0,0,0,1.814,5.441,0,0,3.627,3.627,0,7.098,13.144
potr.txt_6927,0,1.78,0.89,0,0,0.89,0,0,0.89,0.89,0,0,0,0.89,4.45,0,0.89,0.89,0,1.78,11.986,11.011
potr.txt_2049,2.237,0,0,0,6.71,2.237,4.474,4.474,0,4.474,0,0,0,2.237,0,2.237,0,0,0,0,3.77,6.901
potr.txt_797,0,0,0.54,0.54,1.62,1.62,0.54,1.08,2.16,0.54,0,0,0,1.08,0.54,0,0.54,1.08,0.54,1.08,11.496,12.623
potr.txt_7281,3.455,0,0.864,0,1.728,1.728,0,0,3.455,3.455,0,0,0,0,0,0,0,1.728,0,0,8.937,11.201
potr.txt_291,1.151,0,1.151,0,1.151,3.452,0,2.301,2.301,2.301,0,0,0,0,0,1.151,0,3.452,0,0,6.911,11.061
potr.txt_2543,7.513,0,0,0,0,0.751,0,0,0,3.757,0.751,0,0,0,2.254,0,0,0,0,0,10.81,11.08
potr.txt_8131,0,0,0,0,1.429,2.143,2.143,5,0.714,1.429,0,0,0,0,4.286,0.714,0,0,0,0,7.246,11.287
potr.txt_10681,0.829,0,0,0,1.658,0.829,0,0,1.658,0,0,0,0,0.829,2.487,0.829,0,1.658,0.829,0,17.618,9.834
potr.txt_6283,0,2.4,0,0,1.2,1.2,0,1.2,3.6,1.2,0,0,3.6,0,0,1.2,1.2,0,1.2,0,8.349,10.035
potr.txt_5089,0,0,1.172,0,1.172,0,0,1.172,4.688,0,0,0,0,1.172,3.516,0,0,1.172,0,0,8.642,14.612
potr.txt_1927,1.755,0,0.877,0,1.755,2.632,0,1.755,3.51,3.51,0,0,0.877,0,0,2.632,0.877,0,0.877,0,7.127,8.481
potr.txt_483,1.452,1.452,0,0.726,0,0,0,2.177,2.177,2.177,0.726,0.726,0.726,1.452,0.726,0.726,2.177,0,0.726,0.726,8.334,9.188
potr.txt_11403,1.533,4.088,1.022,0.511,0.511,1.022,1.533,2.044,1.533,0.511,0,2.555,2.044,1.022,0.511,0.511,2.044,1.022,0,0.511,6.775,6.371
potr.txt_9423,0.677,0.677,0.677,0.677,0.677,3.045,0,2.368,2.706,0.677,0.338,0.677,0,0,0.338,0.338,0.338,1.353,0,0,10.262,10.924
potr.txt_9047,1.262,2.525,0.421,0.842,0.421,2.525,0.421,0.421,1.262,0.421,0,2.104,0,0,1.262,0.842,0.842,1.262,0.842,0.842,8.394,9.474
potr.txt_1067,1.397,4.192,0,0.699,0,4.89,1.397,0.699,2.096,0,0,1.397,1.397,1.397,0,1.397,0,1.397,0.699,0.699,6.87,6.775
potr.txt_1523,1.723,0.862,0.862,0,1.293,2.154,0,0.862,2.585,1.723,0,0,0,0.431,0.431,1.723,0,1.293,0,0,9.705,11.002
potr.txt_9141,1.307,1.96,0.327,0.654,0,1.307,0.327,0.98,0.98,0.654,0,0,0,0.327,2.614,1.634,0.98,0,0.654,0.327,9.6,12.284
potr.txt_11117,2.927,1.952,0,0,0.976,0.976,0,1.952,3.903,3.903,0.976,0.976,1.952,0,0,0,0.976,0.976,0,0,6.165,8.387
potr.txt_1723,1.429,0,0,0,0,7.144,1.429,2.858,1.429,5.716,0,0,0,0,0,0,1.429,1.429,0,0,6.401,7.85
potr.txt_8987,0.838,3.353,0,0.419,0,0.838,0,1.677,1.677,0.419,0,1.257,0.419,0,2.096,1.257,1.677,0.419,0.419,0.419,9.306,9.948
potr.txt_10167,0,0,0,0,0,0,0,3.129,3.129,0,0,0,0,0,3.129,0,0,3.129,0,0,24.325,1.433
potr.txt_915,0,2.395,1.198,0,0,7.186,0,0,2.395,5.988,0,0,0,0,0,2.395,0,3.593,0,0,6.128,6.634
potr.txt_11193,0,0,0,0,1.919,0.32,0,1.279,0,0,0,0,6.397,0,3.518,0,0,0.32,0,0,12.566,11.159
potr.txt_3329,0,0,0,0,0,0,0,0,0,0,0,0,0,0,6.556,0,0,0,4.371,0,28.831,0
potr.txt_3699,0,0,0,0,0,0,0,0,0,0,0,0,0,0,7.37,0,0,0,2.948,0,18.857,11.316
potr.txt_4793,7.306,3.653,0,0,0,0,1.827,0,1.827,1.827,0,0,0,0,1.827,0,0,0,1.827,0,7.577,8.835
potr.txt_7739,1.733,0,0,3.465,1.733,0.866,0,0.866,0,3.465,0,0,0.866,0.866,1.733,2.599,0.866,0,0,0,7.984,9.361
potr.txt_9835,1.462,0,0,0.731,2.193,3.655,0.731,1.462,2.193,1.462,0,0.731,0,0.731,0,0.731,0,0.731,0,0,9.009,10.66
potr.txt_8887,0,2.731,0,0,0.91,2.731,0.455,1.366,0.91,0.455,0,0.455,1.366,0.455,2.276,0.455,0.91,0.91,0.455,0,9.925,9.712
potr.txt_3125,0,0,0,0,0,0,0,0,0,0,0,0,0,0,2.525,0,0,0,5.049,0,12.599,25.198
potr.txt_2289,1.044,2.088,0,0,0,6.264,0,1.044,3.132,5.22,0,0,0,0,0,1.044,0,2.088,0,0,6.074,8.86
potr.txt_2971,1.329,0,0,0,1.329,0,3.986,0,5.315,0,0,0,0,0,2.657,0,0,0,0,1.329,9.23,11.474
potr.txt_6255,2.02,0,4.04,0,0,0,12.121,0,0,12.121,0,0,0,0,0,0,0,0,0,0,3.335,6.778
potr.txt_3687,0,0,0,0,0,0,0,0,0,0,0,0,0,0,6.635,0,0,0,4.976,0,9.8,17.637
potr.txt_11961,0,0.508,0,0.508,0,0.508,0,0,0,0,0,0,2.032,1.524,8.13,3.049,1.016,1.016,0,0,7.536,10.554
potr.txt_7309,0.812,0,0.812,0.812,0,0.812,0.812,0.812,1.624,3.248,0,0.812,0,0.812,0.812,0,0,0.812,1.624,0,11.582,10.872
potr.txt_6921,0,4.756,0,0,0.793,1.585,0,0.793,0.793,0,0,0,0,0,3.171,0,0,0.793,0.793,0.793,14.612,8.34
potr.txt_1203,0.874,3.497,0.874,0.874,1.311,1.748,0.874,1.311,1.311,0,0.437,2.185,0.437,0.874,0.437,1.748,0.437,0.437,0.874,1.311,7.477,7.511
potr.txt_4623,2.108,0,0,0,1.054,0,0,2.108,0,1.054,0,1.054,0,0,4.217,0,0,0,0,0,15.805,11.663
potr.txt_11927,1.054,0,0.527,0,1.054,0.527,0.527,1.582,0.527,0,0,2.109,4.746,0.527,2.636,0.527,0.527,0.527,0.527,0,8.765,9.695
potr.txt_2693,2.629,0,1.314,0,1.314,2.629,0,3.943,2.629,1.314,1.314,0,0,0,0,0,0,1.314,0,0,7.886,10.096
potr.txt_5879,1.273,0,0,0,1.273,1.273,1.273,1.273,3.818,3.818,0,1.273,0,0,0,0,1.273,1.273,0,0,8.061,10.516
potr.txt_11083,0.735,2.938,0.735,0.367,0.735,2.571,0,0.367,1.469,0.367,0,0.735,0.735,1.469,1.836,0.735,0,1.102,0.367,0,9.041,10.128
potr.txt_9473,3.565,0,0,0,1.783,5.348,0,1.783,1.783,7.131,1.783,0,0,0,0,0,0,0,0,0,5.304,8.73
potr.txt_5025,2.661,0,0,0,0,0,2.661,0,2.661,13.308,0,0,0,0,0,5.323,2.661,2.661,0,0,4.628,4.796
potr.txt_4259,0,0,0,0,0,0,1.537,3.074,0,0,0,0,0,0,4.61,0,0,0,1.537,3.074,13.071,10.535
potr.txt_7647,0.725,0,0,0,0.725,2.174,0,2.174,3.623,0.725,0.725,0.725,0,0.725,0,0.725,0.725,0.725,0.725,0,10.579,11.057
potr.txt_5641,1.091,0,0,0,1.091,1.091,0,0,4.364,4.364,1.091,0,0,0,0,0,0,1.091,0,0,10.665,12.415
potr.txt_9699,0,0,0,0,1.146,1.146,1.146,1.146,3.438,2.292,1.146,0,0,0,0,1.146,0,0,1.146,0,10.164,13.562
potr.txt_6419,1.078,0,0,0,0,1.078,0,3.233,5.389,2.156,2.156,0,0,0,0,2.156,0,0,0,0,7.37,11.819
potr.txt_8297,5.627,0,0,0,0,0,4.502,0,4.502,9.003,0,0,1.125,0,0,0,0,0,0,0,5.807,7.195
potr.txt_911,1.19,1.19,0,0,0,7.137,1.19,2.379,2.379,5.948,0,0,0,0,0,2.379,0,1.19,0,0,5.394,7.472
potr.txt_2921,2.908,0,0,0,0,3.877,1.938,0,6.784,0,0,2.908,0,0,0,0,0,0,0.969,0,9.279,7.765
potr.txt_2975,1.286,0,0,0,1.286,0,5.143,0,3.857,0,0,0,0,0,2.572,0,0,0,0,1.286,8.706,12.65
potr.txt_1405,1.772,1.181,1.772,0,0,1.181,0,2.954,3.544,2.363,0,0,0,0,0.591,1.772,1.772,0.591,0,0,8.559,8.385
potr.txt_777,1.507,0,0,1.507,0,0,0,0,4.52,1.507,1.507,0,0,0.753,0.753,1.507,0,0,0.753,0.753,11.533,10.302
potr.txt_3543,0,0,0,0,0,0,0,0,0,0,0,0,0,0,1.998,0,0,0,9.99,0,11.875,14.843
potr.txt_11241,0,1.855,0.927,1.391,0,2.318,0.464,0,0,0,0.464,0,0.464,1.391,4.173,1.855,0,0.927,0.464,0,9.514,10.296
potr.txt_10887,2.159,0,0,0.72,0,3.599,0,1.439,2.879,2.879,0,0.72,0,0,0,0.72,2.159,1.439,0,0.72,7.483,9.516
potr.txt_145,2.245,3.368,0,0.561,0.561,1.684,0,1.684,0,0.561,0,0,0.561,0.561,2.245,0,0.561,0,0.561,1.684,9.527,10.113
potr.txt_7889,3.191,0,0,0,0.638,0,0,0,5.743,5.105,0,0,0,0,0,0,0,0,0,0,9.145,13.224
potr.txt_9731,1.272,0,0,0,0,1.272,1.272,2.545,3.817,2.545,0,1.272,0,0,0,0,0,0,1.272,0,9.576,11.992
potr.txt_5251,0,7.578,0,0,2.526,2.526,0,2.526,0,0,0,5.052,2.526,0,0,2.526,0,2.526,0,2.526,4.845,5.263
potr.txt_10513,0,0,0.435,0,0.87,2.175,0,0.435,1.74,1.305,0,0.435,0,0,2.61,0.87,0.435,0,0.435,0,12.285,14.892
potr.txt_9061,1.383,2.766,0.461,0.922,0.461,2.306,0.461,0.461,1.383,0.922,0,2.306,0,0,0.922,1.383,0.922,1.383,0.922,0.922,7.525,8.719
potr.txt_9907,0.935,0.935,0.935,0.467,0.467,1.87,0.467,1.402,3.272,1.402,0,0.935,0.467,0,0.467,0.935,0.467,1.87,0.467,0.467,9.167,8.983
potr.txt_10225,1.256,0,1.256,0,0,3.769,0,0,0,6.282,0,3.769,0,0,1.256,1.256,1.256,1.256,0,0,7.676,7.693
potr.txt_9109,1.373,0,0.343,0.687,0.343,2.403,0,0.687,1.03,1.03,0,0.343,1.03,2.06,1.373,0,0.343,1.717,0.687,0,9.692,11.639
potr.txt_105,0,0,0,0,2.72,0,0,0,5.44,0,0,0,0,0,2.72,0,0,0,5.44,0,7.158,13.088
potr.txt_11941,0,0,0,0,2.186,3.279,0,1.093,3.279,3.279,0,0,0,0,0,0,0,1.093,0,0,10.101,12.937
potr.txt_573,0,0,1.293,0,1.293,6.465,0,1.293,1.293,6.465,0,0,0,0,0,0,0,1.293,0,0,7.986,9.048
potr.txt_9875,0,0,0,0,0,5.358,0,4.018,1.339,8.036,0,2.679,0,0,0,1.339,1.339,2.679,0,0,4.973,6.855
potr.txt_10703,0,0,0.8,0,0.8,0,0,1.601,1.601,1.601,0,0,0,0.8,2.402,0,0,0.8,0,0,12.795,17.175
potr.txt_6759,0,5.587,0,0,0.931,1.862,0,1.862,0,1.862,0,0,0,0,2.794,0,0.931,0.931,0,0,9.195,10.535
potr.txt_7577,0,2.173,0,0,0,5.434,0,0,3.26,5.434,0,0,0,0,0,2.173,0,4.347,0,0,5.833,8.448
potr.txt_6399,0,0,0,0,3.614,3.614,0,1.205,2.409,3.614,0,0,1.205,0,0,1.205,1.205,1.205,0,0,7.47,9.674
potr.txt_3317,0,0,0,0,0,0,0,0,0,0,0,0,0,0,7.618,0,0,0,1.904,0,13.755,18.338
potr.txt_3287,0,0,0,0,0,5.71,0,0,0,0,0,0,0,0,5.71,0,0,0,0,0,27.816,0
potr.txt_3299,0,0,13.179,0,0,0,0,0,0,0,0,0,0,0,0,0,0,0,0,4.393,10.763,8.072
potr.txt_233,0,5.584,0,0.931,0.931,2.792,0,2.792,1.862,1.862,0,1.862,1.862,0,0.931,2.792,0.931,2.792,0,0.931,5.34,5.438
potr.txt_985,0,0,0,0,0,1.925,0,2.566,3.208,0,0,0,0,0.642,0.642,0.642,0.642,1.283,1.283,0,14.06,11.154
potr.txt_4517,0,0,0,0,1.369,1.369,0,1.369,2.739,5.478,0,0,0,0,0,0,0,0,1.369,0,11.222,12.593
potr.txt_9779,0.847,0,0,0.847,0.847,2.54,0,0.847,1.693,0.847,0,0,0,0,0,0.847,0,0.847,1.693,0,11.436,15.54
potr.txt_5835,0,0,0,0,1.86,0,0,1.86,3.719,0.93,0,0.93,0,1.86,0.93,0,0,0,0.93,0,10.87,14.032
potr.txt_11897,0.456,0,0.456,0,0.912,0.912,0,0.456,0.456,0,0,0.456,5.473,0,3.193,0.912,0,0,0.912,0.456,12.21,9.647
potr.txt_8121,1.529,0,0,0,1.529,2.293,2.293,3.058,0.764,1.529,0,0,0,0,5.351,0.764,0,0,0,0,8.175,9.122
potr.txt_9387,0,0,3.821,0.955,2.866,0.955,0,0,2.866,0.955,0.955,0.955,0.955,0.955,0,0,0,0,0.955,0,9.901,9.343
potr.txt_2913,0,0,0,0,0,4.848,6.061,4.848,7.273,0,0,1.212,0,0,0,0,0,0,0,0,8.191,5.135
potr.txt_9095,2.179,0.363,0,0.726,0,1.816,0,1.09,2.179,1.09,0,0.363,0.363,0.726,2.542,0.726,0.726,0.726,0,0.726,10.128,10.092
potr.txt_4355,0,0,0,0,0,1.612,0,0,4.836,0,0,0,0,0,6.447,3.224,0,0,0,0,10.209,10.281
potr.txt_1135,1.103,3.31,2.207,1.103,1.103,2.207,0,0,2.207,1.103,0,1.103,1.103,0,0,1.103,4.413,0,0,1.103,6.28,7.758
potr.txt_6295,0,0,0,0,4.507,0,0,0,1.288,0,0,0,0.644,0,2.576,0,0,0,0.644,0,13.148,18.602
potr.txt_6953,0,0,0,2.729,0,4.093,0,1.364,1.364,6.823,0,0,2.729,0,0,1.364,0,2.729,0,0,6.363,7.657
potr.txt_11769,1.542,0,0.514,2.056,0,0,0.514,0.514,0.514,2.056,0,1.028,2.056,0.514,2.571,1.028,0.514,0.514,0,2.571,8.644,9.231
potr.txt_6377,1.004,2.008,0,0,0,1.004,0,1.004,2.008,1.004,0,0,4.015,0,1.004,1.004,1.004,0,1.004,0,9.227,11.332
potr.txt_261,0.44,2.64,0.44,0,1.76,1.32,0.44,0.88,2.2,1.76,0,0.44,0.44,0,1.76,1.32,0.44,0,0.44,0.44,9.028,10.255
potr.txt_8063,1.089,1.089,0,0,0.544,1.633,0,2.178,1.633,0,0,0,0.544,0.544,2.178,0,1.089,0,0,0.544,11.548,13.273
potr.txt_443,0,0,0,1.409,1.409,1.409,5.636,0,2.818,0,0,0,0,0,1.409,1.409,0,0,0,1.409,9.934,9.628
potr.txt_11993,0,0,0,0,6.112,0,0,0,3.056,0,0,0,0,0,3.056,0,0,0,0,0,25.065,1.216
potr.txt_9139,0,2.371,0.395,0,1.976,2.766,0.395,0.79,0,0.79,1.976,0,1.581,0.79,2.371,0.395,0.79,0.395,0,0.395,9.038,9.165
potr.txt_1157,1.314,3.505,0,0.876,0.876,1.752,0.876,0.876,1.752,0.876,0,2.191,1.314,0.438,0.876,1.752,0.438,0.876,0.438,0.876,6.906,8.042
potr.txt_3803,0,0,0,0,0,0,0,0,0,0,0,0,0,0,7.17,0,0,0,2.868,0,14.011,16.813
potr.txt_3587,0,7.501,0,0,0,0,0,0,11.251,0,0,0,0,0,3.75,0,0,0,0,0,7.63,6.878
potr.txt_8909,1.324,0,0,1.766,0.883,1.766,0,0.441,3.09,0.441,0,0,0.441,0.441,1.766,0.441,0.883,3.09,0.441,0,8.559,10.659
potr.txt_2299,1.61,0,0.403,0.403,0,2.817,0.403,2.415,0.403,1.207,0,0.805,0.403,0.403,3.622,0,0,0,0,0,11.034,11.038
potr.txt_6263,0,0,0,0.909,0,1.818,0,0,1.818,0,0,0,0.909,0.909,2.728,0,0,4.546,0,0,12.016,11.886
potr.txt_4727,0,0,0,0,1.114,0,0,1.114,5.568,3.341,0,0,0,0,0,0,0,0,0,1.114,9.482,16.755
potr.txt_9815,0,0,0,0,2.659,1.33,3.989,1.33,2.659,0,0,1.33,0,3.989,0,0,0,3.989,0,0,8.718,6.719
potr.txt_2095,0,7.016,0,0,1.754,1.754,1.754,0,1.754,1.754,0,1.754,0,0.877,0.877,1.754,0,0,0.877,0,7.924,7.009
potr.txt_11721,1.227,3.272,0,0.409,0.818,1.636,0.818,0.818,1.636,0.818,0,2.045,1.227,0.818,1.227,1.227,0.409,0.818,0.409,0.818,7.718,8.389
potr.txt_8003,1.4,0,0,0.7,0.7,0.7,1.4,2.1,3.5,1.4,0,2.1,0,1.4,0,0,0,1.4,0,0,8.152,11.537
potr.txt_2395,0,1.166,0,0,2.332,1.166,1.166,0,2.332,0,0,1.166,1.166,0,1.166,1.166,1.166,1.166,1.166,1.166,9.867,9.056
potr.txt_7863,2.052,0,1.368,0,1.368,0,0,1.368,2.052,0,0,1.368,0,1.368,2.052,0.684,0,1.368,0,0.684,11.148,9.82
potr.txt_5783,4.391,0,0,0,1.098,0,0,2.195,2.195,3.293,0,1.098,0,0,1.098,0,0,0,0,0,10.323,11.113
potr.txt_3377,0,0,0,0,0,8.085,0,4.043,4.043,0,0,0,0,0,0,0,0,0,0,0,10.106,10.321
potr.txt_2133,3.066,0,0,1.533,1.533,1.533,0,0,0,0,0,0,0,1.533,1.533,3.066,0,1.533,0,1.533,10.932,8.685
potr.txt_2773,0,0,0,0,0,12.953,5.978,0,0,0,0,0,0,0,0,0,0,0,0,0.996,8.578,7.977
potr.txt_6503,0,0,0,0,0,0,0,0,4.096,0,0,0,0,0,1.365,0,0,1.365,4.096,0,23.039,5.8
potr.txt_10185,1.656,0,0,0,4.967,1.656,0,1.656,1.656,4.967,0,0,0,0,0,4.967,0,0,0,0,5.734,9.506
potr.txt_8123,1.592,0,0,0.796,1.592,2.388,2.388,3.183,0.796,1.592,0,0,0,0,4.775,0.796,0,0,0,0,7.207,9.376
potr.txt_3491,0,0,0,0,0,0,0,0,0,0,0,0,0,0,17.746,0,0,0,3.549,0,6.851,8.568
potr.txt_6975,2.278,0,0,0,0,2.278,0,1.139,3.417,6.833,0,1.139,1.139,0,0,1.139,0,1.139,0,0,7.479,8.587
potr.txt_11043,1.401,0,0,0,0,5.602,0,1.401,1.401,9.804,0,2.801,1.401,0,0,1.401,0,2.801,0,0,4.68,6.51
potr.txt_6747,0.674,0,0,0.674,1.347,1.347,0.674,0,2.021,0.674,0,0,0,0.674,1.347,0.674,0.674,0,1.347,0,11.406,15.054
potr.txt_7641,1.687,0,0.844,0,0.844,2.531,0,2.531,1.687,1.687,0.844,0.844,0,0.844,0,0.844,0.844,0.844,0.844,0,8.254,10.425
potr.txt_6551,0,0,0,0,0,0,0,1.217,1.826,0.609,0,0.609,0,0,1.217,0,0,0.609,3.651,0,15.11,16.444
potr.txt_2633,4.097,2.048,0,0,0,2.048,0,0,0,4.097,0,0,0,4.097,0,0,0,2.048,2.048,0,7.939,8.14
potr.txt_2905,0,0,0,0,0,4.754,5.942,0,7.131,3.565,0,2.377,0,0,0,0,0,0,0,0,8.404,5.23
potr.txt_2919,0,0,0,0,0,3.737,1.868,0,6.54,2.803,0,2.803,0,0,0,0,0,0,0.934,0,9.526,8.176
potr.txt_4991,0,0,0,0,0,5.998,0,1.999,1.999,9.997,0,0,0,0,0,1.999,1.999,0,0,0,6.238,7.25
potr.txt_3297,0,0,0,0,2.597,0,0,0,5.195,2.597,0,0,0,0,0,0,0,0,0,0,12.336,17.673
potr.txt_2491,0,0,0,0,0,0,0,1.196,0,1.196,0,0,3.587,0,2.391,0,0,0,7.173,0,9.644,11.566
potr.txt_8567,3.409,0,1.364,0,0.682,1.364,0,0.682,1.364,0.682,0,0.682,1.364,1.364,0,0.682,2.045,0.682,1.364,1.364,8.732,8.583
potr.txt_11965,0,0.539,0,0.539,0,0.539,0,0,0,0,0,0,2.155,1.616,8.62,2.155,1.077,1.077,0,0,8.349,9.714
potr.txt_11553,0,3.313,0,0,0.828,1.657,0,0.828,0.828,0,0,0,0,0,2.485,0,0,0.828,0.828,1.657,10.7,13.817
potr.txt_10743,22.235,11.117,0,0,0,11.117,0,0,0,0,0,0,0,0,0,11.117,0,0,0,0,1.509,2.101
potr.txt_10983,0,0,0,0,0,0.795,0,0,0,0,0,0,3.181,0.795,9.544,3.977,0.795,0,0,0,7.388,9.93
potr.txt_11779,1.923,5.768,0,0.961,0.961,3.845,0,0.961,0.961,2.884,0,0,0.961,0,0.961,0,3.845,0,0,0.961,6.239,6.618
potr.txt_11131,1.005,0,1.507,0.502,1.507,0,0,0.502,3.014,1.507,1.005,2.512,0.502,1.507,1.005,0,1.005,0,0.502,0,9.993,8.828
potr.txt_7911,0,0,0,0.862,0,4.31,2.586,0,0,0,0,0,0,0.862,2.586,8.62,0,0,0,0,7.714,8.931
potr.txt_5437,0,0,0,0,1.691,1.691,0,1.691,1.691,6.762,0,0,0,0,0,5.072,1.691,0,1.691,0,6.553,8.34
potr.txt_5687,1.669,0,0,0,3.337,3.337,1.669,3.337,1.669,5.006,0,0,0,1.669,0,0,0,0,0,0,6.142,8.969
potr.txt_2795,1.513,0,1.513,0.757,0.757,0.757,0,0.757,3.026,1.513,0,0.757,0.757,1.513,0.757,0.757,0,0,0.757,0,8.707,12.066
potr.txt_10389,2.868,0,0,0,2.868,0,0,0,5.736,0,0,0,0,0,0,0,0,0,0,0,10.55,17.161
potr.txt_9011,1.484,3.959,0.99,0,0.495,2.474,0.495,0.495,1.979,1.484,0,1.979,0.495,0.495,0.99,0.99,1.484,0,0.495,0.495,8.279,7.154
potr.txt_11963,0,0.507,0,0.507,0,0.507,0,0,0,0,0,0,2.029,1.522,8.116,3.044,1.015,1.015,0,0,7.729,10.391
potr.txt_4243,0,0,0,0,0,0,0,1.146,2.292,2.292,0,0,0,0,1.146,0,0,0,3.437,0,13.474,16.71
potr.txt_1677,1.126,1.126,0,0,1.126,1.689,0,1.689,0.563,0.563,0,0,1.689,0,2.251,2.251,1.689,1.126,0,0,8.073,11.515
potr.txt_5981,0,0,0,0,0,0,0,0,0,3.482,0,0,0,0,4.062,0,0,0,0.58,0,13.491,22.525
potr.txt_8811,0.991,0,0,0.495,0.495,2.477,0.495,0.495,2.972,1.486,0.495,1.486,0.991,0,1.486,1.486,0.495,0.495,0,0.991,7.623,10.937
potr.txt_6139,1.365,2.73,0,1.365,0,4.096,0,1.365,1.365,1.365,0,1.365,0,2.73,0,0,1.365,0,1.365,0,8.799,7.284
potr.txt_3961,0,0,0,0,0,2.637,0,0,0,2.637,0,0,2.637,0,5.275,0,0,0,0,0,22.911,1.711
potr.txt_9269,0,0,0,0,0,0.84,0.84,0.84,0.84,0,0,0,5.038,0,3.359,1.679,0.84,0.84,0,0.84,12.697,7.994
potr.txt_11159,0,8.432,0,0,0,2.811,0,5.622,0,5.622,0,0,0,0,2.811,0,0,0,0,0,5.755,6.92
potr.txt_11337,1.875,1.875,0,1.875,0,3.749,0,0,0,0,0,1.875,0,1.875,1.875,0,0,0,0,0,7.889,14.041
potr.txt_11667,1.633,1.089,0.544,0,1.633,2.177,0,0.544,2.721,1.089,0,3.265,1.089,2.177,0.544,0.544,0,0.544,0,0,8.14,8.714
potr.txt_10687,1.486,0,0,0,1.486,0,0.743,1.486,1.486,1.486,0.743,0,0,0,1.486,0.743,0.743,1.486,0,1.486,9.996,12.122
potr.txt_3195,0,0,0,0,0,0,0,0,0,0,0,0,0,0,5.463,0,0,0,5.463,0,28.831,0
potr.txt_9819,0,2.434,0,0,2.434,0,1.217,0,3.651,1.217,1.217,0,2.434,0,0,2.434,0,1.217,1.217,0,7.681,9.283
potr.txt_10723,0,0,1.674,0,1.674,1.674,0,3.347,3.347,3.347,0,3.347,0,0,0,1.674,0,1.674,0,0,8.655,6.404
potr.txt_667,2.812,0,0,0.562,0,3.936,1.687,1.687,2.812,0.562,0,0.562,0.562,0,1.125,0.562,1.125,2.812,0,0.562,8.113,7.249
potr.txt_203,0.475,2.853,0,0.475,0.475,1.426,0,0.475,0,1.426,0,0.475,0,0,2.853,1.902,0.475,0,0,0.475,12.094,11.579
potr.txt_7353,0,0,0.751,0,0,0.751,0.751,0,2.254,1.503,0.751,0,1.503,0,2.254,0.751,1.503,0.751,0,1.503,10.865,11.022
potr.txt_11723,1.265,3.374,0,0.422,0.844,1.687,0.844,0.844,1.265,0.844,0,2.53,1.265,0.844,1.265,0.844,0.422,0.844,0.422,0.844,7.192,8.735
potr.txt_8671,0.356,0.356,0.712,0,0.712,2.135,0,1.423,1.423,0.712,0,0,0,0.712,2.135,0,0,0.712,0,0,12.018,15.866
potr.txt_7081,1.067,0,0,0,2.134,2.134,0,3.201,0,2.134,0,3.201,0,0,1.067,3.201,0,1.067,0,0,7.397,9.811
potr.txt_6829,0,2.608,0,0,1.304,0.652,0,0.652,0,0,0,0,0,0,3.911,0,0,0.652,0.652,1.304,13.501,13.698
potr.txt_10323,0,0,0,0,0,9.37,7.495,0,0,0,0,0,0,1.874,0,1.874,0,3.748,0,0,7.578,5.673
potr.txt_11279,0,0,0,0,1.916,3.831,0,1.916,1.916,9.578,0,1.916,1.916,0,0,1.916,1.916,1.916,0,0,4.342,6.491
potr.txt_1059,0,0,0.532,2.127,0.532,2.127,4.255,0,1.064,0,0,0,0,0.532,2.659,1.064,0,0,0,1.064,9.601,11.088
potr.txt_7761,2.46,0,0.82,0.82,2.46,1.64,0,0.82,3.28,1.64,0,0.82,0,0,0,1.64,0.82,0.82,0,0,8.668,9.676
potr.txt_669,1.632,0,0,0.544,0,5.438,0.544,2.175,2.719,1.632,0,0.544,0,2.175,0.544,0.544,0.544,1.088,0,0.544,7.461,8.466
potr.txt_1411,1.671,0,0,0,1.671,3.341,0,3.341,1.671,10.024,0,0,3.341,0,0,1.671,0,1.671,0,0,4.486,6.511
potr.txt_1433,1.282,2.564,0.855,0.855,0,1.71,1.282,0.855,0.427,0.427,0.855,0.855,0.427,1.282,0.855,1.282,1.71,0.855,0.855,1.71,8.303,7.397
potr.txt_7463,0,0,0,0,0,2.458,0,0,0,0,0,0,0.615,0,3.687,0,0,0,1.843,0.615,15.605,17.279
potr.txt_2403,2.587,0,0,0,0,3.45,1.725,3.45,0.862,1.725,0,0,0,0,0.862,0,0,0,0.862,0,10.456,10.779
potr.txt_1943,1.423,0,0,0,2.847,5.693,0,5.693,1.423,2.847,1.423,0,1.423,0,0,1.423,0,0,0,0,5.783,7.573
potr.txt_3565,0,0,0,0,0,0,0,0,1.523,0,0,0,0,0,1.523,0,0,0,6.091,0,14.711,18.39
potr.txt_4261,0,0,0,0,0,0,0,1.471,4.414,0,0,0,0,0,1.471,0,0,0,4.414,1.471,15.422,9.109
potr.txt_11847,0,0,0,0,0,0,0,0,5.059,0,0,0,5.059,0,0,0,0,0,0,5.059,11.426,10.263
potr.txt_2433,0,0,0,0,0,0,0,1.452,1.452,1.452,0,0,0,0,1.452,0,0,0,5.807,0,9.227,18.204
potr.txt_4855,0,0,0,0,0,0,0,0,4.608,3.456,0,0,0,0,0,0,1.152,2.304,1.152,0,11.612,13.878
potr.txt_4705,0,0,0,0,0,0,0,0,10.372,1.729,0,0,5.186,0,0,0,0,0,1.729,0,10.257,7.13
potr.txt_991,2.238,4.476,0.895,0,0.448,4.028,0,0,0.895,0.448,0,0.448,0.448,1.79,1.343,1.343,0,0,0,0.895,8.682,8.082
potr.txt_6701,0,0,0,0,0,0,0,0,4.111,0,0,0,0,0,1.37,0,0,1.37,4.796,0,25.201,2.165
potr.txt_11821,0,3.069,0,0,0.767,1.534,0,0,0,0.767,0,0,0,0,4.603,0,0,0.767,0,0.767,11.396,14.795
potr.txt_507,0,0,0.452,1.356,0.904,0.452,0,1.356,2.713,0.904,0,0.452,0.452,0.452,1.809,0.904,0.452,0.904,0,0,10.656,13.361
potr.txt_2603,1.703,3.405,0.426,0.851,1.277,1.703,1.277,0,0.426,0,0,0.426,0.426,0.851,2.979,2.128,1.703,0.426,0,0,7.754,8.735
potr.txt_9393,0,0,3.874,0.969,2.906,3.874,0,0,2.906,0.969,0,0.969,0,0.969,0,0,0,0,0,0,9.082,9.9
potr.txt_7101,0,0,0.687,0.687,0,0.687,0.687,0.687,1.374,3.435,0,0,0,0.687,1.374,0,0,0.687,1.374,0,11.137,14.891
potr.txt_10683,1.319,1.319,0,0,0.659,1.319,0.659,0,0,0,0,1.978,0,0,2.637,0,0,2.637,0.659,0.659,11.947,11.638
potr.txt_5135,0.897,0,0.897,0,0.897,0,0,1.794,1.794,0.897,0,0,0,0.897,2.69,0,0,0,0,0,12.967,16.217
potr.txt_1509,1.12,1.12,0.56,0,1.679,0.56,0.56,1.12,2.239,0,0,1.12,3.358,0,1.12,0.56,1.12,0,1.12,0,9.679,9.392
potr.txt_5163,1.023,1.023,0,0,1.023,0,0,0,1.023,0,1.023,1.023,0,1.023,3.069,0,0,1.023,1.023,0,14.084,12.102
potr.txt_6827,2.426,0,0,0,1.213,1.213,1.213,0,4.852,3.639,0,0,0,0,0,6.066,0,0,0,0,6.971,8.992
potr.txt_2887,0,0,0,0,0,4.771,5.964,0,7.156,0,0,2.385,0,0,0,0,0,3.578,0,0,8.374,5.203
potr.txt_9715,1.139,0,0,0,0,1.139,1.139,3.418,3.418,2.278,0,0,0,0,0,0,0,0,1.139,0,11.35,12.503
potr.txt_10621,3.95,0,0,0,2.962,0,0,0,3.95,1.975,0,0,0,0,0,0,0,0,0,0,10.965,14.241
potr.txt_9895,0.73,0.73,0.73,0.73,0.365,2.92,0,2.555,2.92,1.46,0.365,0.73,0,0,0.365,0.73,0.365,1.095,0,0,9.548,10.15
potr.txt_135,2.66,0,0,0,1.33,2.66,1.995,0,2.66,1.33,0,0,0,0,0,0.665,0.665,1.33,0.665,0.665,8.652,11.239
potr.txt_10847,2.488,0,0,1.244,1.244,2.488,0,1.866,3.111,1.866,0.622,1.866,0,0,0,0,1.244,0.622,0,0,7.495,10.227
potr.txt_237,0,0,0,0,4.043,2.426,3.234,1.617,0,0.809,0,0.809,0,0.809,0.809,0.809,0,3.234,0,0,8.706,9.08
potr.txt_7441,2.494,1.247,0,0,0,1.247,0,0,0,0,0,2.494,3.741,1.247,2.494,2.494,2.494,3.741,0,1.247,6.947,5.945
potr.txt_6487,2.668,0,0,0,0,1.334,0,1.334,2.668,8.004,0,1.334,0,0,0,2.668,1.334,0,0,0,6.732,8.648
potr.txt_10849,0,3.558,0,0,0.445,3.113,1.334,0.445,0.445,0.445,0,0.889,0.889,0.445,2.224,0.445,0.445,0,0.445,1.334,10.21,9.362
potr.txt_10957,0,6.591,0,1.098,0,5.493,0,0,0,1.098,0,2.197,3.296,0,1.098,2.197,4.394,3.296,1.098,0,5.098,4.36
potr.txt_10517,8.667,0,0,0,0,2.167,0,0,4.334,6.501,0,0,0,2.167,0,2.167,0,2.167,0,0,4.556,6.556
potr.txt_5127,0,0,0.967,0,0.967,0,0,1.934,2.9,0.967,0,0,0,0.967,1.934,0,0,0.967,0,0,11.719,15.738
potr.txt_119,0,2.387,0,0,0.796,1.989,0,0.398,0,1.193,0,0.398,1.193,1.193,2.387,1.591,1.193,0.796,0,1.989,10.352,8.555
potr.txt_2329,2.287,1.715,0,0,0.572,0.572,1.144,0,0.572,2.287,0,0,4.003,0,3.431,0,0.572,0.572,0,0,8.69,9.979
potr.txt_9383,1.133,1.133,0.566,0.566,0.566,2.832,0,1.699,2.265,1.133,0,1.133,0.566,0,0.566,1.133,0,1.699,0.566,0,9.308,9.543
potr.txt_11267,3.418,1.139,0.57,1.139,0.57,0,1.139,0.57,2.848,1.709,1.139,1.139,0.57,0.57,0,2.278,0.57,2.848,0.57,0.57,6.999,6.913
potr.txt_3487,0,0,0,0,0,0,0,0,0,0,0,0,0,0,3.996,0,0,0,7.992,0,11.875,14.843
potr.txt_3197,0,0,0,0,0,0,0,0,0,0,0,0,0,0,3.436,0,0,0,3.436,0,16.121,24.183
potr.txt_10909,2.367,0,0.395,0.789,0,1.183,0,1.183,2.761,0.789,0,0.789,0.789,0.789,0,1.578,0.789,1.578,1.183,0.395,8.927,10.137
potr.txt_1653,0,0,0,0,0,3.665,0,0,2.444,8.553,0,2.444,0,0,0,2.444,1.222,1.222,0,0,6.643,8.239
potr.txt_2075,2.896,0,0.724,0.724,0,0.724,0,2.172,2.172,2.172,0,2.172,0,1.448,0,0,0,0.724,0.724,0,7.814,12.042
potr.txt_4993,0,0,0,0,0,0,10.394,0,20.788,0,0,0,0,0,0,0,0,0,0,0,4.635,5.1
potr.txt_9123,3.778,0,0.54,0.54,0.54,1.619,1.079,0.54,1.079,2.159,0.54,1.079,1.079,0.54,1.079,2.159,2.698,1.079,0.54,1.619,6.728,6.572
potr.txt_6319,0.941,0,0,0.941,0.941,0.941,0,0.941,2.823,0.941,0.941,0,0.941,0.941,1.882,0.941,0,0,0,0.941,12.953,8.897
potr.txt_11471,0.868,0,0,0,0,0,0,2.602,4.337,0.868,0,0.868,0,0,0,0,0,2.602,0.868,0,11.305,13.606
potr.txt_4329,0,0,0,0,0,0,0,0,0,0,0,0,0,2.018,4.036,0,0,0,3.027,0,11.324,21.924
potr.txt_2111,0.355,0,0,0,0.355,2.838,0.355,1.419,2.129,1.774,0.355,0,0.71,1.064,2.483,0.355,0,0,0,0,9.04,14.029
potr.txt_4393,0,2.275,2.275,2.275,2.275,4.55,2.275,0,2.275,0,0,0,2.275,0,0,2.275,0,0,0,0,9.492,4.84
potr.txt_9525,3.833,1.917,0,0,1.917,0,0,0.958,1.917,1.917,0,0,1.917,0.958,0.958,0.958,0.958,4.791,0,0,6.099,8.056
potr.txt_8391,2.728,1.364,0,0,0,2.046,0,1.364,5.457,2.728,0,0,1.364,0,0.682,0,0,0.682,0,0,9.077,8.888
potr.txt_8087,2.516,0,0,0.839,0.839,5.031,0.839,0.839,2.516,4.193,0,0,0,0,0,1.677,0.839,0.839,0,0,7.053,8.63
potr.txt_8287,0,0,0,0,1.341,0,0,0.671,0,1.341,0,0,8.046,0,5.364,0,0,0,0,0.671,10.601,8.381
potr.txt_10591,5.905,0,0,0,1.181,0,0,0,4.724,3.543,0,0,0,0,0,0,0,0,0,0,12.226,9.229
potr.txt_5983,1.671,0,0,0,0,0,0,0,0,1.671,0,0,0,0,3.899,0,0,0,0.557,0,14.065,22.99
potr.txt_9695,0,0,0,0,0,1.043,1.043,1.043,4.17,3.128,1.043,0,0,0,0,0,0,0,1.043,0,11.086,14.683
potr.txt_1667,7.895,0,0,0,0.987,3.947,0,1.974,2.96,0.987,0.987,0,0,0,0,0,1.974,0,0,0,7.624,7.472
potr.txt_4489,0,0,0,0,4.845,0,0,0,0,2.422,0,2.422,2.422,2.422,0,0,0,2.422,2.422,2.422,6.666,8.361
potr.txt_7423,1.211,2.422,0,0,6.055,0,0,0,3.633,4.844,0,0,2.422,0,0,2.422,0,1.211,0,0,5.546,7.795
potr.txt_4281,1.519,0,0,0,0,0,0,1.519,1.519,3.039,0,0,0,0,4.558,0,0,0,1.519,0,9.325,14.522
potr.txt_769,0,0,0,0,1.978,3.956,0,1.978,1.978,0,0,1.978,0,0,0,1.978,0,3.956,0,1.978,8.806,7.881
potr.txt_365,0.487,2.919,0,0.487,0.973,1.946,0,0.973,0,0.973,0,0.487,0,0,3.892,0.487,0.973,0.487,0,0.973,9.135,11.431
potr.txt_5293,0,0,0,0,0,1.576,0,1.576,2.364,0.788,0,0,0,0,0.788,0,0,0.788,1.576,0,13.558,18.703
potr.txt_2477,0.973,0,0,0,0,0,1.947,0.973,0,0,0,0,0,0.973,3.894,0,0,1.947,0.973,0,15.682,11.618
potr.txt_1707,5.759,0,0,0,0,0,0,1.44,4.319,5.759,0,1.44,0,0,0,0,0,0,0,0,7.698,9.974
potr.txt_2985,0,0,0,0,0,1.978,3.956,0,1.978,0,0,0,0,0,1.978,0,0,0,1.978,1.978,11.363,12.223
potr.txt_1103,2.354,2.354,0,0,1.177,1.177,0,0,1.177,2.354,2.354,3.531,1.177,0,2.354,1.177,0,0,0,0,8.238,7.267
potr.txt_9901,1.471,1.471,0.735,0,0.735,2.941,0,0.735,2.206,2.941,0,1.471,0,0,0.735,0.735,4.412,2.206,0,0,7.302,6.997
potr.txt_7733,2.575,0,0.858,0,0.858,0.858,0,1.717,1.717,0.858,0.858,0.858,0.858,0.858,0.858,3.433,0.858,0.858,0,0,7.729,9.783
potr.txt_3171,0,0,0,0,0,0,0,0,2.907,0,0,0,0,0,0,0,0,0,5.814,0,11.415,22.83
potr.txt_1815,2.222,1.111,0.556,1.111,0.556,1.111,0.556,1.111,0.556,1.667,0,1.111,2.222,1.111,2.222,2.778,1.667,0.556,0,0,6.934,7.778
potr.txt_4919,1.46,0,0,0,0,0,0,0.73,0,0.73,0,0,0,0,3.651,0,0,2.19,0,0,14.162,19.968
potr.txt_1231,6.279,2.511,0,1.256,1.256,0,1.256,1.256,2.511,0,2.511,0,0,1.256,0,2.511,0,6.279,0,1.256,4.158,6.027
potr.txt_9597,0,1.798,0,0,0,0,0,0,0,0,0,1.798,0,0,3.596,0,0,0,3.596,0,8.402,20.726
potr.txt_9795,0.71,0.71,0.71,0.71,0.71,2.839,0,1.774,2.839,0.355,0.71,0.71,0,0,0.355,0.71,0.355,2.129,0,0,9.906,10.337
potr.txt_10425,0,0,0,0,0,0,0,0,8.887,8.887,0,0,0,0,0,0,0,0,0,0,18.62,0
potr.txt_403,2.561,3.842,0,0,0.64,3.842,0,1.281,1.281,0,0,1.921,1.281,1.281,1.281,2.561,0,0.64,0,1.921,6.964,6.305
potr.txt_11891,3.951,0,0,0,0,0,0,0,5.268,3.951,0,0,0,0,0,0,1.317,1.317,0,0,8.066,12.814
potr.txt_12079,0,0,0,0,0,0,1.436,0,8.617,4.309,0,0,0,1.436,0,0,0,0,0,0,9.019,11.867
potr.txt_8381,5.172,0,1.478,0,0,1.478,0,0.739,0.739,1.478,1.478,2.216,0,0.739,0.739,0.739,0.739,1.478,0.739,0,7.428,9.11
potr.txt_10417,3.655,0,0,0,3.655,0,0,0,3.655,0,0,0,0,0,0,0,0,0,0,0,14.682,14.065
potr.txt_8227,2.505,0,0.626,0,1.879,2.505,1.879,2.505,1.879,0,0,0.626,0,0.626,0,0.626,0,0,0.626,0,9.334,10.96
potr.txt_11617,0,0,0,0,3.964,0,0,0,7.928,0,0,0,0,0,0,0,0,0,0,0,13.922,12.976
potr.txt_8911,1.545,0,0.386,0.386,0.386,1.931,0,2.318,3.09,0,0,0.386,0.386,0.773,0.773,0,0.386,1.545,0.386,0.386,10.462,11.376
potr.txt_5137,1.021,0,1.021,0,1.021,0,0,2.041,2.041,1.021,0,0,0,1.021,2.041,0,0,1.021,0,0,10.975,15.265
potr.txt_6417,2.154,0,0,0,0,1.077,0,3.232,4.309,2.154,2.154,0,0,0,0,2.154,0,0,0,0,7.442,11.757
potr.txt_7059,1.938,0,0,0,0,0.969,0.969,0.969,2.907,2.907,0.969,0,0.969,0,0,0.969,0,2.907,0.969,0,9.27,9.703
potr.txt_1383,0.97,1.939,0,0,0.97,2.909,0,0,0.97,0.97,0,0.97,2.909,0,0.97,1.939,0.97,0.97,0.97,0.97,8.811,8.222
potr.txt_83,0.838,1.675,0,0,0.838,2.513,0,0.838,3.351,3.351,0.838,1.675,0,0.838,0,1.675,0,2.513,0,0,7.654,8.046
potr.txt_8421,0.697,2.786,0.697,0,0,3.483,0,0,2.786,0.697,0.697,0,0,0,1.393,2.786,0.697,0,0,0.697,10.461,8.541
potr.txt_7037,0,3.129,0,0,0,0.782,0,0,0.782,0.782,0,0,0,0.782,3.912,0,0.782,0.782,0.782,0.782,13.317,11.122
potr.txt_5489,0,0,0,1.058,2.116,1.058,0,0,1.058,2.116,0,1.058,0,0,0,1.058,0,2.116,2.116,0,9.679,14.046
potr.txt_1947,1.496,0,0,0,1.496,5.984,0,7.48,1.496,2.992,1.496,0,1.496,0,0,1.496,0,0,0,0,5.305,7.29
potr.txt_4819,0,0,0,0,2.208,1.104,0,1.104,4.416,3.312,0,0,0,0,0,0,0,0,0,0,11.223,15.207
potr.txt_5801,1.755,0,0,0,0,1.755,7.02,3.51,0,3.51,1.755,1.755,0,0,0,0,0,1.755,1.755,0,7.307,5.812
potr.txt_8859,2.768,0,0.461,0.461,0.461,1.846,0,1.846,1.846,0.461,0,0.923,0.923,0.923,1.384,0.461,0,1.846,0.461,0,9.066,10.315
potr.txt_8169,0.824,1.649,0,0,0.824,1.649,0,0.824,4.122,3.298,0.824,1.649,0,0.824,0,1.649,0,2.473,0,0,7.432,8.541
potr.txt_1357,0,2.293,0,0,0,6.878,0,2.293,2.293,3.439,1.146,1.146,0,0,0,1.146,0,3.439,0,0,5.973,7.462
potr.txt_3601,1.72,0,0,0,0,1.72,0,0,0,0,0,0,0,0,6.879,0,0,0,0,0,10.593,19.577
potr.txt_6165,1.361,0,0,0,1.361,1.361,0,1.361,0,1.361,0,0,0,1.361,1.361,0,1.361,0,1.361,2.722,11.413,10.551
potr.txt_1621,1.915,1.915,0,0,1.915,0.958,0,1.915,2.873,4.788,0,0.958,0.958,0,0,1.915,0,1.915,0,0,7.118,7.739
potr.txt_9693,0,0,0,0,0,2.372,1.186,0,1.186,4.744,1.186,0,0,0,1.186,1.186,0,0,1.186,0,9.913,13.093
potr.txt_6005,5.245,0,0,0,0,1.311,0,2.623,3.934,5.245,0,1.311,0,0,0,0,0,0,0,0,7.735,9.05
potr.txt_4267,0,0,0,0,1.391,0,0,2.782,1.391,0,0,0,0,0,2.782,0,0,0,1.391,2.782,20.734,5.019
potr.txt_2789,0.548,0,0.548,0.548,1.645,1.645,0,0.548,2.741,2.193,0,0.548,1.096,1.645,1.096,2.193,0,0,0.548,0,9.217,9.647
potr.txt_9089,0.953,0,0,0.477,0.953,0.477,2.383,1.43,1.43,1.43,0.477,1.906,1.43,2.383,0.953,1.906,1.43,0,0.953,0.477,7.127,8.173
potr.txt_4945,0,0,0,0,0,0,0,1.856,2.784,2.784,0,0,0,0,1.856,0,0,0.928,0.928,0,12.832,15.56
potr.txt_9887,0.918,0,0.918,0,0.918,4.592,0,0,1.837,5.511,0,0.918,0,0,0,1.837,1.837,1.837,0,0,6.722,8.833
potr.txt_8475,2.261,1.508,1.508,0,0,2.261,0.754,1.508,3.015,2.261,0.754,0.754,0,0,0,0,1.508,3.015,0,0,7.797,7.772
potr.txt_5587,0,0,0,0,0,2.695,0,2.695,0,5.39,0,0,1.347,0,1.347,1.347,0,1.347,1.347,0,8.244,10.649
potr.txt_705,0,0,0,0,3.215,4.823,0,1.608,1.608,4.823,1.608,0,0,0,0,1.608,0,1.608,0,0,6.379,9.357
potr.txt_9809,1.72,0.86,1.72,3.441,1.72,0.86,0,1.72,0,1.72,0.86,1.72,0,0,0,2.58,0.86,1.72,0.86,0.86,5.59,8.411
potr.txt_5673,0,0,0,0,1.815,3.631,0,1.815,1.815,10.893,0,0,1.815,0,0,1.815,0,0,0,0,5.65,8.095
potr.txt_9651,2.14,0,1.427,0,0.714,3.567,0,0.714,2.854,2.14,0,0,0,1.427,0,0,0.714,1.427,0,0,8.608,10.714
potr.txt_2343,9.055,0,0,0,0,4.528,0,4.528,0,0,0,0,4.528,4.528,0,9.055,0,4.528,0,0,2.495,4.065
potr.txt_9341,1.19,1.19,0,0.595,0.595,4.166,0,0.595,2.976,2.976,0,1.19,0,0.595,0,1.786,0.595,3.571,0,0,6.964,7.897
potr.txt_8107,1.895,0,1.263,0.632,0,0,0.632,1.263,0,1.895,0,0.632,0.632,0.632,2.526,0.632,0.632,0,0,2.526,9.382,11.514
potr.txt_1569,6.271,0,0,0,0,0,0,0,0,0,0,0,0,6.271,0,0,12.541,12.541,0,0,3.383,4.059
potr.txt_5045,0,0,0,1.376,1.376,0,1.376,0,1.376,2.753,0,0,0,1.376,2.753,2.753,0,1.376,0,0,12.501,7.514
potr.txt_4159,0,0,0,0,0,1.777,0,3.553,5.33,3.553,0,0,0,0,0,0,0,0,0,0,9.086,13.95
potr.txt_6911,1.611,0,0,0.805,0.805,0,0.805,2.416,4.027,1.611,0,0.805,0,0.805,0,0,0,0.805,0,0,8.987,13.637
potr.txt_4037,0,0,0,0,0,0,0,0,1.206,0,0,0,0,0,1.206,0,0,0,7.237,0,14.665,17.108
potr.txt_9397,5.937,0,0,0,1.484,0,2.968,4.453,1.484,2.968,0,2.968,1.484,0,0,2.968,0,1.484,0,0,5.112,5.983
potr.txt_11625,0,2.335,0,0,0,1.751,0,0,0.584,0,0,0.584,0.584,0,2.919,0,0,0,1.168,1.168,11.983,16.499
potr.txt_3553,0,0,0,0,1.847,0,0,0,5.541,1.847,0,0,0,0,0,0,0,0,1.847,0,17.492,11.011
potr.txt_5157,1.107,1.107,0,0,0,0,0,0,1.107,0,1.107,1.107,0,2.214,3.321,0,0,1.107,1.107,0,11.455,13.008
potr.txt_4699,0,0,0,0,0.738,0,0,0.738,0,2.213,0,0,0,0,3.689,0,0,0,0.738,0,13.331,22.714
potr.txt_413,2.384,0,0,1.589,0.795,0.795,0,0,3.178,0.795,0,0,0,0.795,3.973,1.589,0,0.795,0,0,8.868,10.949
potr.txt_3193,0,0,0,0,0,0,0,0,0,0,0,0,0,0,7.141,0,0,0,2.38,0,18.338,13.755
potr.txt_8051,3.112,0,0,0,3.112,1.037,0,1.037,4.149,5.186,0,0,2.075,0,0,1.037,1.037,1.037,0,0,6.086,8.195
potr.txt_433,3.416,2.277,0,0,2.277,2.277,0,2.277,3.416,2.277,1.139,0,1.139,0,0,0,1.139,1.139,0,0,5.42,8.894
potr.txt_11101,0,0,0,0,0,0,0,0,5.581,7.441,0,0,0,0,0,0,0,0,0,0,10.575,14.319
potr.txt_9635,0,0,0,0.774,1.547,1.547,0,1.547,5.415,1.547,0,0.774,0,0.774,0,0,0,0,0,0,10.194,13.271
potr.txt_10841,0,0,0,0,0.834,0.834,0,0,1.669,0,0,0,0,0,0.834,0.834,0.834,0.834,4.172,0,14.538,14.46
potr.txt_5945,0,0,0,0,1.761,0,0,0,1.761,2.641,0,0,0,0,2.641,0.88,0,0.88,0,0,14.463,15.156
potr.txt_2409,0,0,0,0,2.543,0.636,0,0,4.45,1.271,0,0,0,0,1.907,0.636,0,0,0,0,13.857,13.912
potr.txt_2321,0.883,3.531,0.441,0.883,1.324,2.207,1.324,0,1.324,0,0,0.441,0,1.324,1.766,1.766,1.324,1.324,0,0.441,8.637,7.594
potr.txt_8683,3.373,1.686,0,0,1.124,1.686,0,0.562,3.373,2.811,0,0.562,0,1.124,0,1.686,0,0,0,0.562,7.452,10.382
potr.txt_10411,0,0,0,0,3.966,0,0,0,7.933,0,0,0,0,0,0,0,0,0,0,0,14.133,12.751
potr.txt_11137,1.761,4.697,0,0.587,0.587,2.348,1.174,0.587,1.174,2.348,0,0,0.587,1.174,0.587,3.523,0.587,0.587,0,2.936,5.997,6.709
potr.txt_4373,45.272,0,0,0,0,0,0,0,5.03,0,0,0,0,0,0,0,0,0,0,0,2.106,2.374
potr.txt_5435,0,3.356,1.119,0,0,0,0,0,4.475,0,1.119,0,0,0,2.237,0,0,0,2.237,0,16.298,6.261
potr.txt_6031,0,0,0,4.042,0,0,0,0,8.084,1.347,2.695,0,0,0,1.347,0,1.347,1.347,0,0,7.582,8.729
potr.txt_9077,1.845,0,0.369,0.369,0.369,2.583,0,1.107,1.476,0.738,0,0.369,1.107,1.845,1.107,0,0.369,1.845,0.738,0,9.219,11.131
potr.txt_2407,0,0,0,0,0.821,0.411,0,0.821,0,1.232,0,0,6.569,0,4.516,0,0,0,0,0,12.679,10.128
potr.txt_2553,0,0,0,0,1.987,1.325,0,1.325,4.637,1.325,0,0,0,0,1.325,0,0,0,0,0,10.689,16.147
potr.txt_8881,0.892,3.123,0.446,0.446,0,0.892,0,1.785,1.339,0.446,0,1.339,0.446,0,1.785,0.892,1.785,0.446,0.446,0.446,8.54,10.971
potr.txt_9609,0,1.898,0,0,0,0,0,0,0,0,0,0,0,0,3.795,0,0,0,5.693,0,10.417,17.467
potr.txt_51,4.429,0,0,0.738,0,3.691,0,0.738,2.953,3.691,0,0.738,0,0,0,0.738,0,1.476,0,0.738,7.736,8.816
potr.txt_3577,0,0,0,0,0,4.734,0,0,0,9.467,0,4.734,0,0,0,0,0,0,4.734,0,5.981,7.72
potr.txt_3757,0,0,0,0,0,0,0,0,0,0,0,0,0,0,4.933,0,0,0,3.7,0,13.268,21.229
potr.txt_10719,0,0,0.88,0.88,0.88,1.76,0,2.639,5.279,1.76,0,1.76,0,0,0,0.88,0,0.88,0,0,10.25,8.558
potr.txt_11047,4.313,0.719,0.719,0,0,0.719,0,2.875,2.875,2.875,0,0.719,0,0.719,0,2.157,1.438,0.719,0,0.719,6.491,8.717
potr.txt_7727,0,5.287,0,0,0,2.115,2.115,1.057,1.057,4.229,0,0,1.057,0,1.057,2.115,0,0,0,3.172,6.766,7.209
potr.txt_8863,1.012,0,0.337,0,0.675,1.35,0.675,0,1.687,0.675,0,1.012,0,0,2.025,0,0.337,1.35,0.675,0.675,11.065,14.748
potr.txt_9973,0.93,0,0,0,2.79,0,0.93,0.93,4.65,1.86,0,0,0.93,0,0,0,0,0,0.93,0,9.055,14.373
potr.txt_11483,0,0,0,0.868,0.868,0,0,0.868,3.472,1.736,1.736,0.868,0,0,0,1.736,0,0.868,0.868,0.868,10.273,11.987
potr.txt_11913,0,0,0,0,0,0,0,0,4.939,9.878,0,0,0,0,0,0,0,0,0,0,9.712,12.464
potr.txt_5331,1.352,1.352,1.352,0,1.352,2.703,0,1.352,1.352,1.352,0,0,2.703,0,2.703,0,0,0,0,0,8.153,10.681
potr.txt_11645,0,0,0,0,1.417,0,0,1.417,0,2.834,0,0,0,1.417,2.834,2.834,0,1.417,0,0,9.417,13.678
potr.txt_357,1.31,3.493,0.873,1.31,0.873,1.31,1.746,0,1.746,0.437,0,2.183,0.437,1.31,0.873,1.31,0.873,0,1.31,0.437,6.842,8.164
potr.txt_12045,0,0,0,0,0,18.859,0,4.715,0,9.429,0,0,0,0,0,0,0,0,0,0,6.106,2.903
potr.txt_3307,0,0,0,0,5.942,0,2.971,0,0,2.971,0,0,0,0,2.971,0,0,0,0,0,17.14,4.984
potr.txt_8067,0,0,0,1.752,2.629,0.876,5.258,1.752,1.752,0.876,0,1.752,0.876,0.876,0,0,0,2.629,0,0,8.648,6.982
potr.txt_10553,3.327,0,0,0,1.109,0,0,0,4.435,5.544,0,0,0,0,0,0,0,0,0,0,9.572,13.169
potr.txt_5779,0.726,0,0,0,0.726,0,0,0,0,0.726,0,0,0,0,4.356,0,0,1.452,1.452,0,22.9,9.409
potr.txt_9869,0,0,0,0,0,23.618,0,0,0,14.534,0,0,1.817,0,0,0,0,0,0,0,2.401,4.368
potr.txt_1057,2.985,0,0.426,0.426,0,1.705,0.426,1.705,1.279,1.279,0,0.426,0,1.705,1.705,0.426,0.853,0.853,0.426,0,9.101,10.784
potr.txt_4149,0,0,0,0,0,0,0,0,95.238,0,0,0,0,0,0,0,0,0,0,0,0,0
potr.txt_3417,0,0,0,0,0,0,10.323,0,20.646,0,0,0,0,0,0,0,0,0,0,0,4.364,5.46
potr.txt_10989,3.42,1.14,0,0.57,1.14,2.85,0.57,0,2.85,3.42,0.57,0.57,0,0.57,0,1.14,1.71,0.57,0,0,7.02,8.56
potr.txt_7763,2.627,0,0,0,2.627,1.752,0,0.876,3.503,4.379,0,0.876,0,0,0,1.752,0,0.876,0,0,9.635,7.514
potr.txt_6467,0,0,0,0,0,0,0.692,4.155,2.077,0.692,0,0.692,0,0,2.077,0,0,0,0,0.692,10.416,18.094
potr.txt_9183,0.752,3.006,0.752,0.752,1.503,1.879,0.376,0,0.376,0.376,0,0.376,0.752,0.376,3.006,1.503,1.503,0.376,0,0,9.199,9.54
potr.txt_1783,2.795,1.863,0,0,1.863,0.932,0,2.795,3.727,3.727,0.932,0.932,1.863,0,0,0,0.932,0,0,0,6.011,8.599
potr.txt_2799,2.188,0,0,0,2.188,0,0,0,4.376,0,0,0,0,0,0,0,0,0,4.376,0,9.252,15.47
potr.txt_10837,1.968,0,0.328,1.312,0.984,0.984,0,0,2.951,1.968,0,0.656,0.656,0.328,0.984,0.984,0,0.656,0.328,0.328,10.343,11.035
potr.txt_5853,0,0,0,3.457,0,3.457,0,5.186,1.729,0,0,1.729,1.729,0,1.729,5.186,0,0,0,0,5.693,7.66
potr.txt_175,0,3.508,0,0.585,0.585,4.093,0,0.585,0,0.585,0,2.923,1.754,1.169,2.339,0.585,0,1.169,0,1.169,8.185,7.43
potr.txt_517,3.751,1.876,0,0,2.813,0.938,0,2.813,3.751,1.876,0,0,1.876,0,0,0,0.938,1.876,0,0,5.852,8.652
potr.txt_6821,1.256,0,0,0,1.256,1.256,1.256,0,5.024,3.768,0,0,1.256,0,0,6.281,0,0,0,0,6.482,8.89
potr.txt_4035,0,0,0,0,3.253,0,0,0,0,0,0,0,0,0,6.506,0,0,0,3.253,0,9.06,15.851
potr.txt_7925,1.87,0,0,0,0,3.74,0,0.935,2.805,4.674,0,1.87,0,0.935,0,0.935,0.935,2.805,0,0.935,6.361,8.194
potr.txt_9611,0,1.95,0,0,0,0,0,0,0,0,0,0,0,0,3.9,0,0,0,3.9,1.95,9.277,17.99
potr.txt_10381,2.782,0,0,0,2.782,0,0,0,5.565,0,0,0,0,0,0,0,0,0,0,0,11.409,16.997
potr.txt_709,1.883,0,0,0,5.649,1.883,1.883,1.883,0,5.649,0,1.883,0,0,0,3.766,0,0,0,0,4.775,8.4
potr.txt_5619,0,2.755,0,0,0,1.378,0,1.378,1.378,5.51,0,1.378,1.378,0,1.378,1.378,0,0,0,0,8.274,10.206
potr.txt_3101,2.028,0.676,0,0.676,1.352,0,1.352,2.704,2.704,1.352,0,0,0,0,2.704,1.352,0.676,0,0,0.676,9.841,8.289
potr.txt_3889,0,0,0,0,0,0,0,0,0,0,0,0,0,0,2.792,0,0,0,6.98,0,9.255,22.212
potr.txt_7069,2.507,0,0,0,0.836,4.178,0.836,0,0,0.836,0,1.671,0,0,1.671,0.836,0,0.836,0.836,0,11.122,10.747
potr.txt_5535,0,0,0,0,0,0.958,0,0,0.958,5.746,0,0,0,0.958,0.958,0.958,0,0,1.915,0,10.729,15.15
potr.txt_4965,0,0,0,0,0,0.902,0,0.902,4.511,2.707,0,0,0,0,0,0,0,0.902,0.902,0,12.18,16.863
potr.txt_2775,0,0,0,0,0,14.303,7.151,0,0,0,0,0,0,0,0,0,0,0,0,0,7.416,7.878
potr.txt_8035,3.188,0,0,0.797,0,1.594,1.594,2.391,2.391,1.594,0,2.391,0,1.594,0,0,0,1.594,0,0,7.528,9.753
potr.txt_11031,0,0,0,0,1,2.001,0,3.001,4.002,3.001,0,0,0,0,0,0,0,0,0,0,9.903,15.019
potr.txt_9147,1.033,4.131,1.033,0,0.516,4.131,0.516,0.516,2.582,0.516,0,0,3.098,0.516,0,2.066,0.516,0.516,0,2.066,6.541,7.103
potr.txt_7983,0,0,0,0,1.121,4.486,0,1.121,3.925,0.561,0,0,0,0,0,1.121,0,0.561,0.561,0,10.671,13.517
potr.txt_9921,0.815,0,0,0,1.63,4.075,3.26,2.445,0.815,4.075,0,0.815,0,0,1.63,0,0,0.815,0,0,7.859,8.312
potr.txt_2057,1.926,0,0,0,1.926,1.926,0,1.926,1.926,9.632,0,0,1.926,0,0,1.926,0,1.926,0,0,5.274,7.554
potr.txt_143,0,0,0.839,1.259,0.42,1.679,4.197,0,1.259,0.42,0,0.839,0,0,2.099,1.259,0,0,0,1.679,9.81,10.888
potr.txt_11163,0,3.325,0,0,1.663,0.554,0,0.554,0,1.108,0,0.554,0.554,0.554,3.325,0,2.771,0.554,0,1.108,9.341,10.547
potr.txt_3497,0,0,0,0,0,0,0,0,0,0,0,0,0,0,4.823,0,0,0,4.823,0,11.055,20.728
potr.txt_4209,0,0,0,0,3.33,0,0,0,6.66,0,0,0,0,0,0,0,0,4.995,0,0,15.252,6.693
potr.txt_5697,0,0,0,0,0,0,0,2.54,1.693,0.846,0.846,0,0,0,3.386,0,0,0,0.846,0.846,10.065,18.6
potr.txt_6729,0,2.14,0,0,2.14,2.14,0,1.07,3.21,1.07,0,0,3.21,0,0,1.07,1.07,0,1.07,0,9.236,8.958
potr.txt_9911,0,0,2.37,2.37,0,0,2.37,0,4.74,0,0,0,2.37,0,0,2.37,2.37,2.37,0,2.37,7.765,5.913
potr.txt_5677,0,2.952,0,0,1.476,1.476,0,1.476,2.952,0,0,0,4.429,0,0,1.476,1.476,0,1.476,0,6.875,10.347
potr.txt_5609,0,2.49,1.245,0,0,2.49,0,0,2.49,0,1.245,0,0,0,1.245,0,0,2.49,0,2.49,11.385,9.025
potr.txt_12115,0,0,0,0,2.164,0.721,0,0,0.721,2.164,0.721,1.443,0.721,0.721,2.164,0,1.443,0,0.721,0,13.282,10.519
potr.txt_10017,1.574,0,0,0,6.295,3.147,0,1.574,1.574,7.868,0,0,3.147,0,0,1.574,0,0,0,0,5.113,6.735
potr.txt_4147,0,0,0,0,0,0,0,0,1.959,0,0,0,0,0,2.939,0,0,0,3.919,0,12.69,21.286
potr.txt_7395,0.741,0,0,0,0.741,0.741,0,1.482,0.741,0.741,0,0.741,0.741,0,2.223,0,0.741,2.964,0.741,1.482,10.308,11.865
potr.txt_3551,0,0,0,0,0,0,0,0,0,0,0,0,0,0,0,0,0,0,95.238,0,0,0
potr.txt_5339,0,0,0,0,5.317,0,0,0,0,1.063,0,0,2.127,0,4.253,0,0,1.063,0,0,9.83,13.787
potr.txt_2193,2.762,0,0,0,2.762,1.381,1.381,4.143,1.381,4.143,0,1.381,1.381,0,0,4.143,0,1.381,0,0,4.987,7.144
potr.txt_9361,1.306,1.306,0,0,0,1.306,0,0,1.306,2.612,1.306,1.306,1.306,0,1.306,0,2.612,0,0,2.612,9.083,9.013
potr.txt_1715,4.097,0,0,0,0,0,0,2.732,4.097,5.463,0,1.366,0,0,0,0,0,1.366,0,0,7.721,9.566
potr.txt_2141,0,0,0,0,1.834,0.611,0.611,0,0.611,2.446,0,1.223,0,0,3.057,0,1.223,0,0,0.611,11.254,15.021
potr.txt_7879,0,0,0,0,1.199,1.199,0,0.6,0.6,0,0,0,4.798,0,3.598,1.199,0,0,0.6,0,13.588,10.076
potr.txt_12083,0,0,0,0,0,0,0,0,0,95.238,0,0,0,0,0,0,0,0,0,0,0,0
potr.txt_9193,0.396,3.167,0.396,1.188,1.188,1.188,0.396,1.188,1.98,0.396,0,0.396,1.584,0,2.376,0.792,1.98,0,0,0,7.91,9.867
potr.txt_249,0.384,2.307,0,0.769,0,1.923,0,1.154,2.307,1.154,0,0.384,0.384,0.769,2.692,0.769,0.769,0.769,0,0.769,9.378,9.746
potr.txt_8775,2.48,0,0.992,2.976,0.496,0,0,1.984,0,1.488,0,0.496,1.984,0,1.984,0.992,0.496,0.496,0,0.496,9.887,9.174
potr.txt_11501,0,0,0,0,0,0,0,4.52,2.26,0,0,0,0,0,2.26,0,0,0,0,0,10.959,22.401
potr.txt_4203,0,0,0,0,0,0,0,4.532,0,0,0,0,0,0,3.625,0,0,0,0,0,13.233,22.683
potr.txt_4301,4.204,8.408,4.204,0,0,4.204,4.204,0,0,0,0,4.204,4.204,0,0,4.204,0,0,0,0,2.945,4.432
potr.txt_3977,0,0,0,0,10.574,0,0,5.287,0,5.287,0,0,15.861,0,0,0,0,0,0,0,6.535,1.095
potr.txt_4467,1.381,0,0,0,0,1.381,0,1.381,2.762,2.762,1.381,1.381,0,0,0,0,0,0,1.381,0,9.645,13.99
potr.txt_2217,1.729,0,0.432,0.432,0.432,1.729,0,1.729,2.593,1.296,0,0.432,0.432,0.432,1.296,0.432,0,1.296,0.432,0,10.602,11.157
potr.txt_3311,0,0,0,0,0,0,0,0,0,0,0,0,0,0,13.848,0,0,0,3.462,0,8.193,10.923
potr.txt_1409,1.784,1.19,1.19,0,0,1.19,0,2.974,3.569,2.379,0,0.595,0,0,0.595,1.784,1.784,0.595,0,0,8.422,8.401
potr.txt_2737,4.043,1.617,0,0,2.426,0.809,0,0.809,4.852,0,0,0,0.809,0,0,0.809,0.809,2.426,0,0,6.991,10.032
potr.txt_351,2.299,0,0,0,0.766,2.299,0.766,1.533,2.299,3.832,0,0,2.299,1.533,0.766,0.766,0,1.533,0,0,7.396,8.51
potr.txt_5275,0,0,1.027,0,0,0,0,0,0,0,0,0,2.053,0,5.133,0,0,0,3.08,0,15.177,12.893
potr.txt_2733,3.222,1.611,0,0,2.416,0.806,0,1.611,4.833,0,0,0,0.806,0,0,0.806,0.806,2.416,0,0,6.823,10.268
potr.txt_5771,0,3.255,0,0,0,1.627,0,0,11.392,0,0,1.627,0,0,0,0,3.255,0,0,1.627,9.465,4.842
potr.txt_5979,1.156,0,0,0,0,0,0,2.312,5.78,3.468,0,1.156,0,0,0,0,1.156,0,0,0,10.701,11.186
potr.txt_5341,3.211,0,0,0,2.141,0,0,0,0,1.07,0,0,2.141,0,4.281,0,0,1.07,0,0,8.892,14.589
potr.txt_5079,0,6.263,0,0,1.566,0,0,0,0,1.566,0,0,0,0,4.697,0,0,3.132,0,1.566,6.876,10.724
potr.txt_2311,2.138,3.42,0,0,0.855,1.283,0,0,1.71,0,0,0,0,0,2.993,1.283,0,0,0.428,0.428,11.599,10.968
potr.txt_8435,1.613,0,0.538,0,1.613,0,0.538,0.538,0,0.538,0,0,0,0,6.451,1.613,0,0.538,0,0.538,9.644,12.953
potr.txt_3429,2.285,4.571,0,0,0,0,0,2.285,0,0,0,0,0,2.285,2.285,0,0,0,0,0,8.109,15.68
potr.txt_7329,2.045,1.022,1.022,1.022,1.022,0,0,1.022,0,0,0,1.022,2.045,2.045,2.045,4.09,1.022,0,0,1.022,8.679,7.429
potr.txt_4069,0,0,0,0,1.313,1.313,1.313,0,1.313,0,0,0,0,0,1.313,0,0,1.313,1.313,0,16.11,16.85
potr.txt_6479,0,2.064,0,0,2.064,1.032,0,2.064,1.032,2.064,0,0,2.064,0,2.064,0,1.032,1.032,0,0,10.218,9.798
potr.txt_9721,0,0,0,0,0,1.071,1.071,3.213,3.213,2.142,0,1.071,0,0,0,0,0,0,1.071,0,11.926,13.258
potr.txt_8919,0.873,0.873,0.437,1.31,0.437,1.31,0,0.873,1.31,0.873,0,0.437,0.437,0.437,3.056,0.437,0.873,0,0,1.31,12.572,8.979
potr.txt_183,0,2.741,0,0,1.371,0.685,0,0,1.371,0,0,0,0,0,3.426,0,0,0.685,0.685,1.371,12.777,13.305
potr.txt_7003,0.745,0,0,0,2.235,0,0.745,0.745,5.214,2.235,0,0,0.745,0,0,0,0,0,0.745,0,11.444,12.822
potr.txt_5241,0,0,0,0,1.737,0,0,0,13.898,1.737,0,0,1.737,0,0,0,0,0,1.737,0,9.243,6.536
potr.txt_8467,3.293,0,1.317,0,0,1.317,0,0.659,2.635,2.635,0.659,1.976,0,0.659,0,0,0.659,1.976,0.659,0,7.242,10.697
potr.txt_7769,0,0,0,0,0.654,1.308,0.654,1.961,0.654,0.654,0,0,2.615,0,2.615,1.961,0.654,0,0,0.654,10.007,12.779
potr.txt_9629,0,0,0.517,0,0.517,0,0,1.033,1.033,1.033,0,0,1.033,0,2.583,0,0.517,2.067,1.55,0,13.802,13.112
potr.txt_12087,0,0,0,0,0,0,0,0,8.803,0,0,0,2.201,0,0,0,1.1,7.702,0,0,15.263,1.4
potr.txt_6749,0,0,0,0,1.148,4.592,0,0,2.296,6.888,0,1.148,0,0,0,2.296,1.148,1.148,0,0,7.218,8.71
potr.txt_1587,2.805,0,0,0.467,0,2.338,0.467,1.87,1.87,0.935,0,0.467,0,0.935,1.403,0,0.935,0.935,0.467,0,9.901,10.863
potr.txt_11373,1.584,3.696,0.528,1.056,0.528,2.64,0,0.528,0.528,2.112,1.056,0.528,0,0.528,1.056,1.056,0,0.528,0,2.112,9.514,6.923
potr.txt_2629,5.557,1.852,0,0,0,1.852,0,0,0,3.705,0,0,0,3.705,0,0,0,3.705,1.852,0,6.819,7.889
potr.txt_373,5.542,0,0,0,0,0,0,2.771,4.157,5.542,0,1.386,0,0,0,0,0,0,0,0,7.803,9.226
potr.txt_4627,2.859,0,0,0,0.953,0,0,1.906,0,0.953,0,0,0,0,3.813,0,0,0,0,0,18.713,11.082
potr.txt_4007,3.534,7.068,3.534,0,0,3.534,0,0,3.534,0,0,0,0,0,0,3.534,3.534,0,0,0,8.022,3.037
potr.txt_8793,0.63,3.782,0,0,0,4.412,0.63,0.63,1.891,0,0,2.521,1.261,1.891,1.261,1.261,0,0.63,0.63,1.261,6.987,7.385
potr.txt_12127,1.967,0,0,0.983,2.95,1.967,1.967,0,1.967,0,0,0,0.983,1.967,0.983,0.983,0,0.983,0,1.967,8.983,7.801
potr.txt_8211,2.786,0,0,0,1.393,2.786,0,0,3.482,2.089,0,0,0,2.089,0,1.393,0,0.696,0,0.696,8.026,10.982
potr.txt_947,6.074,2.429,0,1.215,1.215,1.215,1.215,1.215,2.429,1.215,2.429,0,1.215,1.215,0,1.215,0,3.644,0,1.215,4.379,6.256
potr.txt_8733,4.039,1.154,0,0,1.154,2.308,0,0,2.885,2.308,0,1.154,0,1.731,0,1.154,0,0.577,0,0.577,7.454,9.908
potr.txt_7191,5.749,0,0,0,2.874,0,1.437,2.874,1.437,4.312,0,1.437,1.437,0,0,4.312,0,1.437,0,0,4.767,6.784
potr.txt_8603,0,0,0,0,1.429,0,0,1.429,0,1.429,0,2.144,1.429,5.002,3.573,1.429,0.714,2.858,0,0,6.945,8.363
potr.txt_9349,0,0,0,0,0,0.611,0.611,4.276,2.443,0,0,0.611,0,0,1.833,0,0,0,0,0.611,10.626,18.06
potr.txt_5415,2.142,0,1.071,1.071,2.142,1.071,0,2.142,2.142,1.071,0,0,0,0,0,1.071,0,0,0,0,9.288,14.175
potr.txt_211,1.915,0,0,0.958,0.958,1.915,1.915,0.958,2.873,3.831,0,0,1.915,0,0,0.958,0,4.788,0,0,5.725,8.442
potr.txt_795,0,5.375,0.896,0.896,0,2.687,0,1.792,2.687,0.896,0,0,1.792,0,0,4.479,0.896,3.583,0.896,0.896,5.614,5.698
potr.txt_1635,1.695,1.695,0,0,0.848,0.848,0,1.695,2.543,3.391,0,0.848,0.848,0,0.848,2.543,0,1.695,0,0,7.828,9.112
potr.txt_7805,0,0,0,0,2.353,3.138,3.138,2.353,1.569,0.785,0,0,0,0,0.785,0,1.569,2.353,0,0,7.574,10.767
potr.txt_10347,1.985,0,0,0,2.978,1.985,0,2.978,1.985,2.978,0,0,0,0,0.993,1.985,0,0,0,0,7.72,10.804
potr.txt_8557,0.671,0,0.671,4.029,1.343,2.686,0.671,0,0,0.671,2.015,0,0,2.686,2.015,2.015,0,0.671,0,0,8.146,8.221
potr.txt_10589,4.407,0,0,0,1.469,0,0,0,4.407,8.813,0,0,0,0,0,0,0,0,0,0,11.361,5.949
potr.txt_31,0.874,2.621,0.874,0.874,0.437,3.058,0.437,0.437,1.311,0.437,0,1.748,0,0,0.874,1.311,0.874,1.311,0.874,0.874,8.119,9.072
potr.txt_8477,0.434,0.434,0,0.434,1.301,0.434,0,0.434,3.036,1.301,0,0,0,0.434,1.301,0.434,0,0.434,1.735,0,14.398,12.029
potr.txt_8801,0,0,0,0,1.365,1.365,0,1.365,4.096,1.82,0,1.365,1.365,0,2.275,0.455,0,0.91,0,0,10.645,9.527
potr.txt_8413,0,0,0,0,0.83,0.83,0,0,2.076,0,0,0,0.83,0,0.83,0,0.83,0.83,4.153,0,14.557,13.678
potr.txt_4021,2.227,6.68,0,0,0,0,0,2.227,0,0,0,0,2.227,2.227,2.227,0,0,0,0,0,6.473,12.107
potr.txt_4675,0,0,2.611,0,2.611,0,0,0,2.611,2.611,2.611,0,2.611,5.222,2.611,0,0,0,5.222,0,5.26,5.581
potr.txt_11237,1.574,0,0,0,0.315,2.518,0.315,0,1.574,0.944,0,0.315,0.315,0.63,2.518,0.944,0.63,0.944,0,0.315,13.221,10.355
potr.txt_785,0.868,5.21,0,0.868,0,2.605,0,3.473,1.737,0,0,0.868,1.737,0,0.868,4.341,0,1.737,0.868,0.868,6.543,5.696
potr.txt_1945,0,0,0,0.766,3.066,2.299,0,0.766,4.599,3.066,0.766,0,0.766,0,0.766,1.533,0.766,0.766,0,0,7.043,9.513
potr.txt_5623,0,0,0,0,0,0,0,0,4.328,4.328,0,0,2.885,0,0,0,0,4.328,0,2.885,12.132,5.502
potr.txt_12171,0.435,2.61,0.87,0.435,0.87,3.479,0.87,0.435,2.175,0.435,0,1.305,0.435,0,0.435,0.435,0,0.435,0.435,1.305,9.774,9.248
potr.txt_4253,0,0,0,0,0,0,0,0,1.45,1.45,2.901,0,0,0,4.351,0,0,0,2.901,0,9.312,15.531
potr.txt_3353,0,0,0,0,0,0,0,0,0,0,0,0,0,0,3.193,0,0,0,4.789,0,19.306,17.158
potr.txt_8927,2.447,0,0.816,0.816,0.408,1.631,0,2.039,0.816,0.816,0,0.816,0,1.223,1.631,0,1.631,0.408,0.408,0,9.616,11.138
potr.txt_9001,2.545,0,0,0.509,0,3.564,1.527,1.018,2.545,1.018,0,2.545,0.509,0.509,1.018,0,0.509,3.055,0,0.509,7.606,7.745
potr.txt_11453,0.996,0,0.996,0,1.992,0,0,3.985,3.985,0.996,0,1.992,0,0,0,0.996,0,0.996,0,0,8.047,11.487
potr.txt_9535,1.993,1.329,0.664,0,1.329,1.993,0,0.664,3.322,3.322,0,1.329,0,1.329,0,1.993,0,0.664,0,0,7.898,8.654
potr.txt_5855,0,1.02,0,0,1.02,0,0,0,2.04,0,1.02,1.02,0,2.04,3.06,0,1.02,1.02,1.02,0,11.686,11.255
potr.txt_1287,2.963,1.482,0.741,0,0,1.482,0,0.741,2.963,4.444,0.741,2.222,0,0,0,2.963,2.222,1.482,0,0,6.254,6.944
potr.txt_3557,2.03,0,0,0,2.03,0,0,0,0,2.03,0,0,0,0,4.059,2.03,0,0,0,0,19.446,6.921
potr.txt_1351,0,2.649,0,0,0,7.947,0,1.325,1.325,7.947,1.325,0,0,0,0,2.649,0,2.649,0,0,5.061,6.228
potr.txt_8681,2.201,0,0.55,0.55,0.55,3.301,0.55,3.301,1.1,0.55,0.55,0.55,0,1.1,1.1,0.55,0.55,0.55,0,0,9.419,9.379
potr.txt_7689,2.873,0,0.718,0,1.437,1.437,0,0.718,2.873,1.437,0,1.437,0,0,0,0,0,1.437,0.718,0,9.941,11.873
potr.txt_5799,0,0,0,0,0,0,0,6.621,4.965,0,0,0,0,0,0,0,0,0,0,0,8.68,18.806
potr.txt_2769,1.267,0.845,0,0.422,0.422,2.534,0.422,0.845,0,1.267,0,0,0.845,0,4.223,0,0,0.845,0,0,12.023,11.425
potr.txt_5985,0,0,0,0,0,0,0,0,0,1.987,0,0,1.987,0,4.636,0,0,0,0.662,0,12.481,20.256
potr.txt_4551,0,0,0,0,4.161,0,0,0,10.404,0,0,0,0,0,0,0,0,6.242,0,0,5.173,10.637
potr.txt_1319,0.72,0.72,0.72,0.72,0.72,2.878,0.36,2.519,2.519,0.36,0,0.72,0,0,0.36,0.72,0.36,2.159,0,0,9.947,10.027
potr.txt_8157,0.824,1.647,0,0,0.824,2.471,0,0.824,4.118,3.294,0.824,0.824,0,0.824,0,1.647,0,2.471,0,0,8.006,7.985
potr.txt_1393,0,1.659,1.659,0,0,1.659,0,3.317,0,0,0,0.829,0,0,2.488,0,0.829,0,0.829,0,11.995,12.493
potr.txt_2801,2.098,0,0,0,2.098,0,0,0,2.098,0,0,0,0,0,2.098,0,0,0,4.197,0,14.613,11.018
potr.txt_11045,1.692,0,0,0,3.385,1.692,0,3.385,1.692,6.77,0,0,1.692,0,0,1.692,0,0,0,0,5.682,9.193
potr.txt_8823,0.511,3.064,0,0,0.511,3.064,1.021,1.532,0.511,0.511,0,0.511,0.511,1.021,2.553,1.021,1.021,0,0,1.021,7.638,10.361
potr.txt_11141,0.442,2.654,0,0.885,0,1.77,0,0.442,1.77,0.885,0,0,0.442,0.885,2.654,0.885,0.442,0.885,0,0.885,10.753,9.973
potr.txt_6817,1.144,0,0,0,1.144,1.144,1.144,1.144,4.575,3.431,0,0,1.144,0,0,3.431,0,1.144,0,0,6.844,10.144
potr.txt_165,0,3.242,0,0,0,0.811,0,0,0.811,0.811,0,0,0,1.621,4.053,0,0.811,0.811,0,1.621,12.029,10.463
potr.txt_8747,0,0,0,0,0.449,1.795,0,1.795,3.142,1.795,0,0,1.347,0,2.693,0.449,0.449,0.898,0.449,0,11.45,10.128
potr.txt_273,1.403,0,0,0,0.351,2.455,0.351,0,1.754,1.052,0,0.351,0.351,0.702,2.455,0.702,0.351,1.052,0,0.351,13.385,10.453
potr.txt_6197,1.416,0,0,0,1.416,5.665,0,1.416,2.833,5.665,1.416,0,0,0,0,0,1.416,0,0,0,6.349,9.109
potr.txt_9673,0.415,3.321,1.245,1.245,1.245,0.83,1.245,0,1.245,0,0,1.245,0.415,1.66,2.075,1.66,1.245,0.83,0,0.415,7.911,8.292
potr.txt_1333,1.081,1.081,0,1.081,0.54,3.243,0,1.081,2.702,3.783,0.54,0.54,0,1.081,0,0,2.702,0.54,0,0,7.332,9.165
potr.txt_6793,0,0,0,0,0,0,0,0,3.962,0,0,0,0,0,1.698,0,0,2.83,1.698,0,11.701,18.772
potr.txt_8983,0,3.187,2.656,0.531,0,0.531,2.656,0,0.531,0,0.531,0,0.531,4.78,4.249,1.593,0,0,0,0,6.992,8.054
potr.txt_831,0.54,4.319,1.08,0,0.54,4.319,0.54,0.54,2.699,0.54,0,0,3.239,0.54,0,1.619,0.54,0.54,0,2.159,6.619,7.025
potr.txt_6221,0,0,0,0,0.601,0,0,0,3.608,0,0,0,0,0,1.203,0,0,0.601,3.007,0,13.341,20.073
potr.txt_5141,0.877,0,0.877,0,0.877,0,0,1.754,0.877,0.877,0,0,0,0.877,2.632,0,0,0.877,0,0,12.011,17.691
potr.txt_3103,2.955,0,0,0,0,0,0,0,7.881,0,0.493,0,0.493,0,0,0,0.493,2.955,0,0,7.279,14.287
potr.txt_6083,1.452,1.452,0,0,1.452,0,0,0,2.903,4.354,0,1.452,1.452,0,1.452,1.452,2.903,0,1.452,0,8.92,6.129
potr.txt_10115,0,0,0,0,1.023,0,0,2.045,7.158,0,1.023,1.023,0,2.045,0,0,0,0,2.045,0,10.757,9.441
potr.txt_5867,3.68,0,0,0,0,0,0,0,4.907,0,0,0,2.453,0,0,0,0,3.68,0,2.453,13.66,5.607
potr.txt_3437,0,0,0,0,0,0,0,0,0,0,0,0,0,0,9.919,0,0,0,4.96,0,6.311,15.78
potr.txt_10857,2.57,0,0,0,1.713,1.713,0,0,4.284,3.427,0,0,0,0,0,0,0.857,1.713,0,0,8.72,11.577
potr.txt_5065,1.869,0,0,0,0,0.934,0,0,1.869,0,0,0,0,0,2.803,0,0.934,0.934,1.869,0,11.985,16.251
potr.txt_395,3.683,1.842,0,0,2.762,0,0,3.683,3.683,0.921,0,0,0.921,0,0,2.762,0,1.842,0,0,6.249,8.554
potr.txt_12035,0,0,0,0,1.432,0,0,1.432,5.728,4.296,0,0,0,0,0,0,0,0,0,1.432,7.77,15.108
potr.txt_885,1.442,0,0,0,0.481,1.922,0,0.961,3.364,3.364,0.481,0.961,0.961,0.481,0.481,0,1.922,1.442,0.481,0,8.746,8.902
potr.txt_8291,1.03,0,0,1.03,0,1.544,0,0.515,0,1.544,0,0,0,0,3.089,1.544,1.544,0.515,0,1.03,12.933,11.37
potr.txt_12009,0,0,0,0,8.137,0,0,4.068,0,4.068,0,0,12.205,0,0,0,0,8.137,0,0,3.206,4.548
potr.txt_555,0.596,1.192,0,0,0,0.596,0,0,0,0.596,0,0,0,0,3.576,0,0,2.98,1.192,1.788,15.067,10.691
potr.txt_5369,0,0,0,0.984,1.968,1.968,0,1.968,1.968,1.968,0,0,0,0,0,0.984,0,0,0.984,0,9.874,15.404
potr.txt_5949,0,0,0,0,0,0.992,0,0,4.962,7.939,0,0,0,0,0,0,0,0,0,0,9.886,13.626
potr.txt_2173,3.238,1.295,0.647,0.647,0,1.295,0.647,1.295,2.59,2.59,0,0.647,0,0,0.647,0.647,1.943,1.295,0,0,7.644,9.362
potr.txt_10077,0.827,0,0,0,2.482,0,0,2.482,4.964,2.482,0,0,0.827,0,0,0.827,0,0,0,0,9.963,12.11
potr.txt_7187,0.838,0,0.838,0,0.838,2.513,0.838,0,3.351,4.189,0,0,0,0,0.838,0.838,0,0,0.838,0,10.007,10.728
potr.txt_2751,0,2.304,0,0,0,1.152,0,2.304,1.152,0,1.152,1.152,1.152,1.152,3.456,0,1.152,1.152,0,1.152,7.676,10.277
potr.txt_8583,1.046,0,0,0,0,1.568,0,0,2.614,4.705,0,0,0.523,1.568,2.091,1.046,0.523,0,0,0,10.081,10.949
potr.txt_8757,2.746,0.549,0,0.549,0.549,3.844,0,2.746,2.746,2.197,0,0,0,0.549,0,1.098,0,0,0.549,0.549,8.665,9.051
potr.txt_2617,0,0,0,0,0.886,1.772,0,1.772,3.543,1.772,0,0,0,0,0,0.886,0,0.886,0.886,0,10.917,15.048
potr.txt_4929,1.809,0,0,0,0,0,0,1.809,0,0,0,0,0,0,3.619,0,0,2.714,0.905,0,20.926,8.054
potr.txt_1949,1.817,0,1.817,0,1.817,2.725,0,1.817,2.725,2.725,0,0.909,0.909,0,0,5.451,0,0.909,0.909,0,5.937,7.209
potr.txt_637,0,0,0,0,1.788,3.576,0,5.364,1.788,7.152,0,0,1.788,0,0,0,1.788,0,0,0,5.879,8.107
potr.txt_6355,1.027,0,1.027,0,0,3.08,0,2.053,2.053,2.053,0,0,0,0,0,1.027,0,3.08,1.027,0,7.724,12.397
potr.txt_1153,0.462,1.386,0,0,0.462,0.924,0,0.924,2.31,0.462,0.462,0.462,0.924,0.924,2.772,0,0.462,0.462,1.386,0.462,11.377,10.216
potr.txt_8899,1.293,2.585,0.862,1.293,0,2.154,0.862,0.431,0,0,0,0.431,2.154,0,2.154,0,0,0,0,2.154,9.865,10.32
potr.txt_10729,0,3.177,0,0,1.588,4.766,1.588,0,0,0,0,3.177,1.588,0,1.588,0,0,0,1.588,0,7.063,10.279
potr.txt_9207,0.785,3.142,0.785,0.785,1.571,2.356,0,0.785,1.178,1.571,0,0.785,0.393,0.393,1.571,1.571,0.785,0.393,0,0,8.32,9.223
potr.txt_10915,2.084,1.39,1.39,0,0.695,2.084,0,1.39,3.474,2.779,0,1.39,0,0,0,0.695,0.695,1.39,0,0,8.136,8.842
potr.txt_1491,0,0,0,0,3.239,3.239,0,0,1.619,8.097,0,1.619,1.619,0,0,0,0,1.619,0,0,6.536,9.076
potr.txt_5451,1.39,0,1.39,1.39,1.39,1.39,0,4.169,1.39,1.39,0,0,0,0,0,1.39,0,0,0,0,10.874,10.67
potr.txt_3207,0,0,0,0,0,0,0,0,0,0,0,0,0,0,2.38,0,0,0,7.141,0,18.338,13.755
potr.txt_15,1.177,0,1.177,0,1.177,3.531,0,1.177,2.354,3.531,0,0,0,0,0,0,1.177,3.531,0,0,6.913,10.647
potr.txt_5999,1.879,1.879,0,0,0,0,0,0,3.758,3.758,0,0,0,0,1.879,0,0,0,0,0,11.328,13.351
potr.txt_11741,1.931,0,1.287,0,0.643,3.218,0,0.643,2.574,2.574,0,0,0,1.287,0,1.287,1.287,2.574,0,0,7.567,9.548
potr.txt_2413,1.432,0,0,0,0,1.91,0,0.478,1.432,1.432,0,0,0.955,0.955,1.91,0.478,0.955,0,0.478,0.478,11.113,14
potr.txt_7271,0.688,1.376,0,0,0,0.688,0,0,0,0.688,0,0,0,0,3.439,0,0,3.439,0.688,2.063,14.6,10.217
potr.txt_3099,1.001,0,0,0,0,0,4.003,4.003,3.002,2.001,1.001,0,0,0,0,0,0,1.001,1.001,1.001,8.322,10.052
potr.txt_11605,1.343,1.343,0,0,0.671,1.343,0.671,0,0,0,0,2.014,0,0,2.686,0,0,2.686,0.671,0.671,10.337,12.864
potr.txt_5639,1.293,0,0,0,1.293,1.293,0,0,3.879,6.465,1.293,0,0,0,0,0,0,1.293,0,0,9.057,10.619
potr.txt_2923,0,0,0,0,0,3.7,1.85,2.775,6.475,0,0,2.775,0,0,0,0,0,0,0.925,0,9.542,8.339
potr.txt_1427,1.46,0,0,0,0,0,0,5.842,2.921,4.381,0,4.381,0,0,0,0,1.46,0,0,0,5.973,10.138
potr.txt_2599,0,0,0,0,0,0,0,2.626,0,0,0,0,0,0,3.939,0,0,1.313,2.626,0,12.167,17.583
potr.txt_9531,1.315,0,0,0.658,0,2.631,0,1.315,3.946,3.946,0,0,0,0,0,0,0.658,0.658,0.658,0,10.567,10.338
potr.txt_3579,0,0,0,0,0,4.917,0,0,0,9.833,0,4.917,0,0,0,0,0,4.917,4.917,0,5.04,5.434
potr.txt_11725,0.836,3.342,0,0.836,0.836,2.089,0.836,1.253,0.836,0.836,0,2.507,0.836,0.418,1.253,1.671,0.418,0.418,0.418,1.253,6.96,8.784
potr.txt_1117,0,2.726,0,0.454,0.909,1.363,0,0.909,0,0.454,0,0.909,0,0,3.635,2.272,0.454,0,0,0.454,11.836,10.725
potr.txt_2643,5.594,2.797,0,0,0,0,0,0,0,11.189,0,0,0,0,0,0,0,5.594,2.797,0,5.39,5.82
potr.txt_5709,0,0,0,0,0,95.238,0,0,0,0,0,0,0,0,0,0,0,0,0,0,0,0
potr.txt_2757,0,1.957,0,0,0,1.957,0,1.957,2.936,0,0,0.979,1.957,0.979,2.936,0.979,0.979,0.979,0,0.979,6.048,10.823
potr.txt_8675,2.412,1.206,1.206,0,0.603,1.809,0,1.206,3.618,2.412,0,0.603,0,0.603,0,1.206,0.603,1.809,0,0,8.3,8.822
potr.txt_7567,0,0,0,3.72,0,0,0,0.93,2.79,0.93,2.79,0.93,0.93,0,1.86,0.93,0,1.86,0,0.93,9.693,8.09
potr.txt_11547,0.831,3.326,0,0,0.831,0.831,0,0.831,0.831,0,0,0,0,0,3.326,0,0,0.831,0.831,1.663,12.492,10.656
potr.txt_595,2.666,0,0,0,0.667,2.666,3.333,1.333,1.333,0.667,0,0.667,0,0,0.667,0.667,0,0.667,0.667,0.667,9.551,10.292
potr.txt_2989,0,0,0,0,4.722,0,0,0,0,0,0,0,0,0,4.722,2.361,0,0,1.18,0,10.424,14.532
potr.txt_4311,0,0,0,0,1.17,0,0,0,2.339,0,0,0,0,0,2.339,0,0,0,4.679,0,13.663,16.036
potr.txt_909,1.309,2.617,0,0,0,7.851,0,1.309,2.617,6.543,0,0,0,1.309,0,2.617,0,1.309,0,0,5.228,6.233
potr.txt_5787,0,0,0,0.888,1.777,0,0,0,3.554,2.665,0,0,0,0,1.777,0.888,0,0,0,0.888,12.531,13.368
potr.txt_11759,1.666,0,0.833,0,0,0,0,3.332,5.831,0.833,0,0.833,2.499,0,0,0,0,1.666,0,0,9.547,9.373
potr.txt_4549,0,0,2.124,0,4.247,0,0,0,0,2.124,0,2.124,2.124,0,0,0,0,2.124,2.124,2.124,7.828,9.466
potr.txt_10745,2.254,3.381,0,0.563,0.563,1.691,0,1.127,0,1.127,0,0,0.563,0.563,2.254,0,0.563,0,0.563,1.691,9.487,10.078
potr.txt_5397,2.813,0,0,0,2.813,1.406,0,0,1.406,2.813,0,1.406,0,0,0,1.406,0,1.406,1.406,1.406,6.982,11.114
potr.txt_1453,0,2.635,0.439,1.317,0.439,3.074,0,0.439,0.878,1.317,0,0.439,1.757,0.878,1.317,0.439,2.196,0.439,0.439,0.878,8,9.098
potr.txt_11883,1.292,0,0.646,0,0.646,0.646,0.646,0,1.292,1.939,0.646,1.292,0,0.646,0,1.292,0,0.646,5.17,0.646,8.355,10.611
potr.txt_6901,1.201,0,0,2.401,0,0,0,0,7.202,2.401,0,6.002,0,0,1.201,1.201,0,0,0,0,8.826,6.349
potr.txt_1651,0.902,0,0,0.902,1.803,0.902,0.902,0,2.705,4.508,0.902,0.902,1.803,0,0,0.902,1.803,2.705,0,0,7.106,8.044
potr.txt_4537,3.782,3.782,0,0,0,0,0,0,3.782,0,3.782,0,0,0,0,11.346,7.564,3.782,0,0,4.844,2.538
potr.txt_9395,0.607,0.607,1.215,0.607,0,0,1.215,0.607,4.86,2.43,0,0.607,0,0,1.215,0,0,1.822,0,0,8.061,12.828
potr.txt_3915,34.19,0,0,0,0,0,0,0,5.698,0,0,0,0,0,0,0,0,0,0,0,3.085,3.705
potr.txt_6425,1.06,0,0,0,0,1.06,0,3.181,5.302,4.242,0,0,0,0,0,2.121,0,0,0,0,7.539,11.959
potr.txt_163,0,0,0,0,0,0,1.342,1.342,1.342,1.342,0,0,2.685,1.342,1.342,1.342,0,0,2.685,1.342,8.335,12.167
potr.txt_1793,0.5,2.002,1.501,3.002,0,1.501,0.5,0,0.5,0.5,0.5,0,0,1.501,5.004,0,0,0,0.5,0,9.736,9.161
potr.txt_1905,0,1.062,0,0,2.123,0,1.062,2.123,4.246,2.123,0,0,1.062,1.062,1.062,0,0,2.123,1.062,0,8.506,8.795
potr.txt_8713,2.843,1.422,1.422,0,0,3.554,0,0.711,2.843,4.265,0,0.711,0,0.711,0,0.711,1.422,2.843,0,0,6.44,7.401
potr.txt_739,4.417,0,0.631,0.631,0,2.524,0,0.631,2.524,1.893,0,1.262,0.631,1.262,0,1.262,0.631,1.262,0.631,0,7.635,8.693
potr.txt_8685,4.167,1.191,0.595,0.595,0,1.191,0,1.191,3.571,1.786,0.595,0.595,0,0,0,1.786,1.191,1.191,0,0,7.055,9.754
potr.txt_4017,0,0,0,0,0,0,0,0,6.255,0,0,0,0,0,0,0,0,0,6.255,0,25.772,0
potr.txt_4943,0,0,0,0,0.995,0,0,1.99,0.995,0,0,0,0.995,0,2.985,0,0.995,1.99,0.995,0,13.3,13.505
potr.txt_9587,0,1.891,0,0,0,0,1.891,0,0,0,0,0,0,0,3.781,0,0,0,3.781,0,8.582,19.387
potr.txt_11477,0,0,0,0,2.374,0,0,0,2.374,2.374,2.374,0,4.748,4.748,2.374,0,0,0,4.748,0,7.349,4.851
potr.txt_1543,0,0,0,1.021,0,0,1.021,1.021,2.041,4.082,0,0,0,0,1.021,0,0,2.041,0,1.021,9.59,14.902
potr.txt_5357,2.162,0,0,0,2.162,1.081,0,0,3.243,2.162,0,0,0,0,0,0,0,2.162,1.081,0,8.547,14.727
potr.txt_10955,0,5.794,0,0.966,0,3.863,0,0.966,0.966,1.931,0,0.966,1.931,0.966,0.966,0.966,4.828,0.966,0.966,0.966,5.799,5.395
potr.txt_10423,3.654,0,0,0,3.654,0,0,0,3.654,0,0,0,0,0,0,0,0,0,0,0,14.577,14.178
potr.txt_10427,0,0,0,0,0,0,0,0,8.887,8.887,0,0,0,0,0,0,0,0,0,0,18.62,0
potr.txt_5411,2.297,0,1.148,1.148,1.148,1.148,0,3.445,2.297,1.148,0,0,0,0,0,1.148,0,0,0,0,9.014,13.01
potr.txt_1937,0.496,0,0,0.496,1.489,2.482,0.496,1.985,1.985,2.482,0.496,1.489,0,0.993,0.993,0,0,0,0.496,0,8.374,11.802
potr.txt_10519,0,0,0,3.813,1.271,2.542,0,1.271,2.542,3.813,0,1.271,0,1.271,0,2.542,0,1.271,0,0,8.941,6.235
potr.txt_1423,1.384,2.769,0,0,0,2.077,0,1.384,5.538,2.769,0,0,1.384,0,0.692,0,0,0.692,0,0,8.593,9.103
potr.txt_2907,0,0,0,0,0,4.658,5.822,0,6.986,0,0,1.164,0,0,0,0,0,0,4.658,0,8.277,5.679
potr.txt_9923,3.012,0,1.506,0,0,2.259,0.753,0.753,3.012,3.012,0.753,0.753,0,0,0,0,0.753,2.259,0,0,7.708,9.859
potr.txt_11895,0,4.748,0,0,1.187,1.187,0,0,0,1.187,0,0,0,0,4.748,0,0,2.374,0,1.187,8.335,11.563
potr.txt_6373,4.334,2.89,0,0,0,1.445,1.445,1.445,0,0,1.445,1.445,0,0,1.445,0,4.334,1.445,1.445,0,6.105,7.97
potr.txt_10523,3.842,0,0,0,0.64,0,0,0,5.763,4.482,0,0,0,0,0,0,0,0,0,0,9.2,13.1
potr.txt_2183,0,2.049,0.683,0,1.366,1.366,0,0,0.683,1.366,1.366,0,0.683,0,2.731,0,0.683,0.683,0,0,12.039,11.834
potr.txt_6489,2.788,0,0,0,0,2.788,0,1.394,2.788,8.365,0,1.394,0,0,0,1.394,1.394,0,0,0,5.966,8.684
potr.txt_9747,0.978,0,0,0,0,0.978,0.978,0,1.956,1.956,0,0.978,0,0,0,0,0,0,3.911,0,11.95,15.251
potr.txt_11973,1.08,0,0,0,2.161,0,0,0,4.322,2.161,0,0,0,0,0,0,0,0,2.161,0,13.448,13.463
potr.txt_12033,0,0,0,0,1.268,0,0,1.268,6.338,2.535,0,0,0,0,0,0,0,0,0,1.268,10.883,14.598
potr.txt_7537,1.333,0,0,0,1.333,3.998,0,1.333,5.33,2.665,1.333,0,0,0,2.665,0,2.665,3.998,0,0,4.956,6.947
potr.txt_2929,0.856,2.569,0,0,0.856,0.856,1.712,0,1.712,0.856,0,0,0,0,1.712,0.856,0.856,0,0.856,2.569,8.499,11.81
potr.txt_6461,1.153,0,0,0,1.153,2.306,0,1.153,0,1.153,2.306,0,0,1.153,1.153,0,1.153,0,1.153,2.306,11.525,8.936
potr.txt_5991,1.991,0,0,1.991,0,5.972,0,1.991,1.991,1.991,0,1.991,0,3.982,0,1.991,1.991,1.991,0,0,6.15,5.111
potr.txt_479,1.13,1.13,0,0.565,0.565,3.956,0,0.565,3.391,2.826,0,1.13,0,0.565,0,1.696,0.565,3.391,0,0,6.744,8.532
potr.txt_2301,3.174,0,0,0.793,1.587,4.761,0.793,0.793,2.38,3.967,0,0,0,0,0,1.587,0,0,0,0,8.124,8.512
potr.txt_6469,0.785,0,0,0,0.785,1.57,0.785,0,0,2.355,0,0,0.785,0.785,3.14,0,0,1.57,0,0,12.645,13.036
potr.txt_7241,0,0,0,0,0,8.882,0,0,0,0,0,0,8.882,4.441,0,0,0,0,0,4.441,7.444,4.462
potr.txt_8469,1.319,0,1.978,3.957,0,0,0,0,0,1.978,0,0,1.319,0.659,1.319,0.659,0.659,3.297,0,1.319,8.664,9.255
potr.txt_213,2.101,0,0,1.051,1.051,3.152,2.101,2.101,2.101,3.152,0,0,2.101,0,0,1.051,0,5.253,0,0,5.093,7.632
potr.txt_5961,1.267,0,1.267,0,1.267,3.801,0,1.267,2.534,2.534,0,0,0,0,0,0,0,3.801,0,0,7.402,11.258
potr.txt_2215,0,0,0,0,4.27,0,0,2.847,0,1.423,0,0,2.847,0,2.847,1.423,0,1.423,0,0,6.37,13.001
potr.txt_6767,3.218,0,1.609,0,6.435,0,0,0,1.609,3.218,0,0,1.609,1.609,0,0,3.218,0,0,0,8.799,5.695
potr.txt_11651,0,0,0,0,10.504,0,0,0,0,10.504,0,0,21.008,0,0,0,0,0,0,0,5.12,1.116
potr.txt_6449,1.045,0,0,0,0,1.045,0,3.135,5.226,2.09,0,0,1.045,0,0,2.09,0,0,1.045,0,7.429,12.347
potr.txt_2819,0,0,0,0,3.775,0,0,0,3.775,0,0,0,0,0,1.887,0,0,0,3.775,0,10.517,14.065
potr.txt_3971,0,0,0,0,0,0,0,2.94,0,0,0,0,0,0,5.88,0,2.94,0,0,0,25.407,1.741
potr.txt_12055,0,0,0,0,0,1.135,0,2.271,5.676,1.135,0,1.135,0,0,0,0,0,3.406,0,0,10.705,11.553
potr.txt_5741,1.245,0,0,0,1.867,0,0,0,1.867,0.622,0,0,0,0,1.867,0,0,0,1.245,0,13.182,21.092
potr.txt_7039,0,0,0,0,0,0.79,0,0,0.79,0.79,0,0,0,0.79,3.952,3.162,0.79,0.79,0.79,0.79,13.864,10.355
potr.txt_11299,1.761,3.522,0.88,0.88,1.321,1.761,0.44,0,1.321,0.44,0,0.44,0.88,0.88,2.201,1.761,1.321,0.88,0,0,7.758,8.149
potr.txt_5893,1.863,0,0,0,1.863,1.863,1.863,0,3.726,5.589,0,1.863,0,0,0,0,1.863,1.863,0,0,6.387,8.227
potr.txt_11099,0,0,0,0,0,2.174,1.087,2.174,4.349,6.523,0,1.087,0,0,0,2.174,0,1.087,0,0,8.449,7.486
potr.txt_4307,0,0,0,0,2.626,1.313,0,0,2.626,1.313,2.626,0,0,0,1.313,0,0,0,0,0,12.899,14.14
potr.txt_7495,0,0,0,0,0,2.484,0,0,0,0,0,0,0.621,0,3.104,0,0,0,2.484,0.621,17.503,15.128
potr.txt_9761,1.892,0,0,0,1.892,1.892,0,3.785,1.892,7.569,0,0,1.892,0,0,1.892,0,1.892,0,0,5.449,7.652
potr.txt_7421,1.02,0,0,0,1.02,0,0,5.101,4.081,4.081,0,1.02,1.02,0,0,1.02,1.02,0,0,1.02,6.905,9.241
potr.txt_6847,4.004,0,0,0,0,1.335,0,4.004,2.669,5.338,1.335,0,1.335,0,0,2.669,0,1.335,0,0,7.057,6.412
potr.txt_7977,0.656,0,0.656,0,0.656,1.313,4.595,0,2.626,0,0,0,0,0,2.626,1.313,0,0,0,1.313,9.254,11.689
potr.txt_719,0,3.062,0.51,0.51,0,1.531,0.51,0,1.021,2.041,1.021,0.51,0,0,4.082,0,1.531,0.51,0,1.021,9.235,9.296
potr.txt_7447,0.933,1.867,0,0.933,0.933,0.933,0,0,0,0,0,0,0,0,2.8,2.8,3.733,0.933,0,2.8,10.079,7.64
potr.txt_7797,0,0,0.792,0,0,2.376,0,0,1.584,0.792,0.792,0.792,0,0.792,5.543,0,1.584,0.792,1.584,0,9.631,9.364
potr.txt_3375,0,0,0,19.425,0,0,0,0,58.275,0,0,0,0,0,0,0,0,0,0,0,0.667,0.504
potr.txt_4087,0,0,0,0,0,49.906,0,0,0,0,0,0,12.477,0,0,0,0,0,0,0,1.615,1.075
potr.txt_7249,0,0,0,0,0,7.259,0,0,0,0,0,0,0,14.518,0,0,0,0,0,3.63,6.991,5.619
potr.txt_7681,0.749,2.248,0,0,0,2.998,0,2.248,0.749,0,0,0,0,0.749,2.248,0.749,1.499,0,0,1.499,8.066,12.895
potr.txt_10509,1.582,0,0,0,0,0.791,0,0,1.582,0,0,0.791,0,0,3.165,0,0.791,1.582,1.582,0,11.01,15.934
potr.txt_1217,4.029,0,0,1.007,1.007,1.007,0,1.007,2.014,3.022,1.007,0,0,2.014,1.007,0,1.007,0,0,0,10.047,8.207
potr.txt_11201,0.722,2.89,0.361,0.361,0.361,2.529,0,0.361,1.084,0.361,0.722,1.084,0.722,0.722,2.89,0.722,0,0.722,0.361,0,8.768,10.717
potr.txt_6885,2.708,2.708,0,0,0,0.903,0.903,0,0,1.805,0,0,0.903,0,4.514,1.805,0,0,0,0,12.321,8.011
potr.txt_8853,0,0,0,0,1.856,12.066,0,0.928,0.928,0,0,0,0,0,0.928,0,0,0,0,0.464,10.337,8.933
potr.txt_5557,1.449,0,0,0,1.449,2.898,0,2.898,0,4.348,0,0,1.449,0,1.449,1.449,0,1.449,0,0,8.117,9.436
potr.txt_5685,1.7,0,0,0,3.401,3.401,1.7,3.401,1.7,5.101,0,0,0,1.7,0,0,0,0,0,0,6.007,8.793
potr.txt_9359,3.922,0,0,0.784,0,3.137,0,1.569,2.353,2.353,0,0.784,0,0,0,1.569,0.784,1.569,0.784,0,6.981,9.859
potr.txt_10839,0.881,0,0,0,0.881,0.881,0,0.881,1.762,1.762,0,0,0,0,0.881,0.881,0,0,1.762,0,13.64,15.963
potr.txt_3495,0,0,0,0,0,0,0,0,0,0,0,0,0,0,6.692,0,0,0,3.346,0,16.813,14.011
potr.txt_5161,1.193,1.193,0,0,1.193,0,0,0,1.193,0,1.193,1.193,0,2.387,3.58,0,0,1.193,0,0,11.063,11.815
potr.txt_4911,0,0,0,0,0,0,0,3.409,5.682,3.409,0,0,0,0,0,1.136,0,0,0,0,9.862,14.043
potr.txt_10825,0,0,0,0,6.082,1.014,0,0,2.028,0,0,0,1.014,0,1.014,0,1.014,1.014,0,0,12.853,11.783
potr.txt_3235,0,0,0,0,0,0,0,0,0,2.062,0,0,0,0,4.124,0,0,0,0,2.062,15.006,20.631
potr.txt_3549,0,0,0,0,0,0,0,0,0,0,0,0,0,0,3.549,0,0,0,17.746,0,6.851,8.568
potr.txt_5809,0,1.019,0,0,3.058,0,0,1.019,1.019,2.039,0,0,1.019,0,1.019,1.019,0,1.019,1.019,0,10.65,13.869
potr.txt_7549,1.592,0,0,0,0.796,2.387,0,0.796,2.387,2.387,0,0,0,0,0.796,0,0.796,2.387,1.592,0,9.583,11.156
potr.txt_10467,2.642,2.642,2.642,0,0,5.284,2.642,0,0,2.642,2.642,0,0,0,0,0,5.284,0,0,2.642,4.323,6.355
potr.txt_12119,0.603,2.413,1.207,0,0.603,0,0.603,1.207,2.413,1.81,0,1.207,1.207,0,2.413,1.81,0.603,1.207,0,0.603,9.127,7.446
potr.txt_8145,3.499,0,0,0,1.749,4.373,0,0.875,2.624,3.499,0,0,0.875,1.749,0,1.749,0.875,0,0,0,7.269,7.707
potr.txt_8533,3,1.5,0.75,0.75,0.75,0.75,0,0.75,3.75,3.75,0,2.25,0,0.75,0,0,1.5,1.5,0,0,7.432,7.632
potr.txt_9861,1.329,5.315,0,2.657,0,1.329,0,1.329,0,2.657,0,2.657,0,2.657,0,2.657,0,2.657,0,2.657,5.081,6.164
potr.txt_7965,3.664,1.832,0,0,3.664,1.832,0,1.832,3.664,1.832,0,0,0.916,0,0,0,0.916,1.832,0,0,6.09,8.8
potr.txt_3633,0,0,0,0,0,2.105,0,2.105,4.21,2.105,0,0,0,0,0,0,0,2.105,0,0,11.71,13.85
potr.txt_1619,1.234,0,1.234,1.234,0,0,0,1.234,0,4.935,0,0,1.234,2.468,1.234,0,0,0,0,1.234,9.541,11.046
potr.txt_529,0.397,3.176,0.794,1.588,0,1.985,0.397,0,1.191,0.794,0,0.397,0.794,0,1.588,1.985,0.397,0.794,0.794,0.397,9.216,9.73
potr.txt_7099,0.76,0,0.76,0.76,0,0.76,0.76,0.76,1.52,3.041,0,0.76,0,0.76,0.76,0,0,0.76,1.52,0,10.134,13.699
potr.txt_615,0.744,2.233,1.116,0,0.744,1.489,0,0.372,1.861,1.116,0.372,0,0,0,2.233,1.116,0.372,0,0,0.744,12.175,10.426
potr.txt_2121,0.642,0,0,0,1.284,0.642,0,2.568,1.926,0,0,0,0,0,1.284,0.642,0,0.642,0.642,0,13.724,16.558
potr.txt_689,0,0,0.982,0.491,0,1.472,0.491,0.491,0.982,0.982,0,0,0.491,1.472,2.454,2.454,0.491,0.982,0.982,0.491,12.075,8.927
potr.txt_9633,0,0,0.505,0,0.505,0,0,1.01,0.505,1.01,0,0,1.01,0,2.524,0,0.505,2.019,2.019,0,12.883,14.559
potr.txt_10521,3.854,0,0,0,0.642,0,0,0,5.782,4.497,0,0,0,0,0,0,0,0,0,0,9.208,13.026
potr.txt_8709,2.068,2.068,1.379,0,0,2.758,0,0.689,3.448,4.137,0,0,0,0.689,0,3.448,0.689,1.379,0,0,6.404,7.925
potr.txt_6103,0,0,0,0,0,0.697,0,0,5.573,2.09,0,0,0,0,0,0,0,0,2.09,0,11.988,17.886
potr.txt_8673,1.775,1.183,1.183,0.592,0.592,2.367,0.592,0.592,3.55,2.367,1.183,0,0,0,0,0,1.183,1.775,0,0,8.576,8.885
potr.txt_8945,4.548,0,0,1.364,0.455,1.819,0,1.819,3.184,0.91,0.455,0.91,0,0.455,0,1.364,0.455,0,0.455,0,8.811,9.379
potr.txt_10259,6.452,0,0,0,1.613,1.613,3.226,3.226,0,4.839,0,3.226,1.613,0,0,3.226,0,1.613,0,0,4.745,5.218
potr.txt_995,0,0,0,0,4.281,2.141,0,0,2.141,2.141,2.141,0,4.281,4.281,2.141,0,0,0,0,0,7.466,6.315
potr.txt_5109,0,0,0,0,0.873,0,0,1.746,2.619,0.873,0,0,0,0.873,2.619,0,0,0.873,0,0,12.707,17.111
potr.txt_835,0,0,0,0,1.477,2.954,0,2.954,0,2.954,2.954,0,1.477,0,1.477,2.954,0,0,0,0,7.724,9.491
potr.txt_5721,0,1.858,0,0,0,0.929,0,0.929,0.929,0,0,0,0,0,2.788,1.858,0.929,0,0.929,1.858,10.309,14.608
potr.txt_775,1.504,0,0,0,1.003,2.006,0.501,1.003,3.511,1.003,0,0,0,0,1.003,0.501,0,0.501,0,0.501,12.021,12.844
potr.txt_2047,2.358,0,0,0,4.716,2.358,4.716,7.074,0,4.716,0,0,0,2.358,0,0,2.358,0,0,0,3.678,6.28
potr.txt_5957,0,0,1.142,0,1.142,2.284,0,1.142,3.426,3.426,0,0,0,0,0,0,0,3.426,0,0,8.316,12.335
potr.txt_12025,0,0,0,0,1.262,0,0,1.262,6.308,2.523,0,0,0,0,0,0,0,0,0,1.262,10.824,14.76
potr.txt_9287,1.774,1.183,1.183,0.591,0.591,2.957,0,0.591,3.548,3.548,0,0,0.591,0,0,0,1.183,0.591,0,0,9.346,8.703
potr.txt_3313,0,0,0,0,0,0,0,0,0,0,0,0,0,0,10.254,0,0,0,2.563,0,15.143,10.096
potr.txt_255,0.487,1.946,1.46,0.487,0.973,1.946,0,0.487,1.946,0,0,0.487,0.973,0,1.46,2.433,1.946,0,0,1.46,8.79,9.102
potr.txt_12151,0.786,0,0,0,1.573,0.786,0,1.573,0,2.359,0,0,0,0.786,2.359,0,0,0,0,0,13.396,16.995
potr.txt_9339,0.743,0.743,0.743,0.743,0.372,2.972,0,1.858,2.972,1.858,0.372,0.743,0,0,0.372,0.743,0.372,1.486,0,0,9.371,9.988
potr.txt_8679,0,0,0,0,0,0,0,0,0,2.258,0,0,0,0,4.516,0,0,0,0,2.258,12.025,21.355
potr.txt_10997,0.909,0,0,0,0.455,3.183,0.455,0.909,2.273,0.909,0,0.455,0,0,0.909,0,0,1.819,0.909,0.455,10.978,12.922
potr.txt_4207,0,0,0,0,0,0,0,1.674,3.348,0,0,0,0,0,3.348,0,0,0,6.696,0,8.266,13.569
potr.txt_10343,3.05,0,3.05,0,0,3.05,0,0,12.2,0,0,0,18.301,0,0,0,0,0,0,0,2.995,3.861
potr.txt_12085,1.277,0,0,0,1.277,0,1.277,1.277,3.83,5.107,0,1.277,0,0,0,0,1.277,1.277,0,0,7.028,11.489
potr.txt_9401,1.946,0,0,0,0,7.783,0,3.892,0,11.675,0,1.946,1.946,0,0,1.946,0,1.946,0,0,3.768,5.211
potr.txt_10799,4.796,0,1.599,0,0,2.398,0.799,1.599,2.398,2.398,0,0,0,0.799,0,0.799,1.599,2.398,0,0,6.505,8.688
potr.txt_8299,6.52,0,0,0,0,0,4.347,0,4.347,8.693,0,0,0,0,0,0,0,0,0,0,6.074,7.47
potr.txt_2685,1.919,0,0,0,0,0,0,2.879,2.879,3.838,0,0.96,0,0,0.96,0,0,0,0,0,11.397,12.829
potr.txt_1761,0.768,0,0,0,0.768,2.305,0,0.768,0.768,2.305,0,0,0.768,0.768,2.305,0,0,0.768,0,0,12.309,13.852
potr.txt_331,0.677,2.031,0.339,0,0.677,1.693,0.339,1.016,0.677,0.677,0,0.677,2.708,0,2.031,1.016,0.339,1.016,0,1.016,9.723,9.82
potr.txt_9943,0,0,0,0,7.07,0,0,1.414,1.414,1.414,0,0,4.242,0,2.828,0,0,0,0,0,9.881,8.118
potr.txt_11775,0,4.84,0,0.807,0,1.613,0,1.613,0,1.613,0,0.807,2.42,0.807,2.42,0,1.613,1.613,0,1.613,8.458,6.584
potr.txt_741,5.04,0,0,0,0,1.68,0,5.04,1.68,8.4,1.68,0,1.68,0,0,5.04,0,0,0,0,5.562,4.578
potr.txt_9335,0,0,0,0,1.538,3.076,0,4.614,1.538,7.689,0,1.538,3.076,0,0,0,0,3.076,0,0,5.15,7.034
potr.txt_11405,1.748,4.66,0.583,0.583,0.583,1.748,1.165,1.165,3.495,1.748,0,2.33,2.33,1.165,0,0.583,1.748,0.583,0,0.583,5.842,5.983
potr.txt_3795,0,0,0,0,0,0,0,0,0,0,0,0,0,0,7.17,0,0,0,2.868,0,14.011,16.813
potr.txt_6167,1.081,0,0,0,1.081,1.081,0,1.081,0,1.081,0,0,0,1.081,2.163,1.081,1.081,0,1.081,2.163,11.952,11.311
potr.txt_7475,0,0,0,0,0,2.582,0,0,0,0,0,0,0.645,0,4.518,0,0,0,1.291,0.645,16.107,15.587
potr.txt_1701,2.973,0,0,0,4.46,2.973,1.487,4.46,1.487,4.46,0,0,1.487,0,0,2.973,0,0,0,0,5.959,5.884
potr.txt_7377,0,0,0,1.866,0,1.866,0,0.933,4.664,0,0,0,0,0.933,3.731,3.731,0.933,0,0,0,8.363,9.367
potr.txt_4391,0,1.747,0,0,1.747,1.747,1.747,0,1.747,0,1.747,0,0,0,1.747,3.494,0,1.747,0,0,11.267,7.676
potr.txt_989,0.983,2.948,0,0,0.491,3.439,0.983,1.474,0.983,0.491,0,0.983,0.491,0.983,1.965,0.491,0.983,0,0,0.983,7.455,10.261
potr.txt_3331,0,0,0,0,0,0,0,0,0,0,0,0,0,0,4.07,0,0,0,6.105,0,21.117,9.386
potr.txt_10113,0,0,0,0,0.786,0,0,1.572,0,0,0.786,0.786,0,1.572,5.502,0,0,0,1.572,0,13.847,11.81
potr.txt_6643,0.599,0,0,0,1.798,0,0,0,2.997,1.199,0,0,0,0,1.798,0.599,0,1.199,0,0,11.348,19.118
potr.txt_6007,4.613,1.538,1.538,0,1.538,1.538,0,0,1.538,1.538,0,3.075,1.538,1.538,0,0,0,1.538,0,1.538,7.477,6.635
potr.txt_7773,0,0,0,0,0.408,0.408,0,0.408,0,0,0,0,0.408,0.408,3.263,0,0,3.263,0.408,0,14.173,19.367
potr.txt_865,0,0,0,0,2.452,0.817,0,1.634,0,0.409,0,0,5.312,0,2.86,0,0,0.409,0,0,11.408,12.104
potr.txt_5093,1.878,0,0,0,0.939,0,0,1.878,1.878,0.939,0,0,0,0.939,2.817,0,0,0,0,0,13.69,14.43
potr.txt_10625,4.085,0,0,0,2.043,0,0,0,4.085,4.085,0,0,0,0,0,0,0,0,0,0,10.214,12.697
potr.txt_8175,0.767,1.534,0,0,0.767,2.301,0,0.767,2.301,3.068,0.767,1.534,0,0.767,0.767,1.534,0,2.301,0,0,8.26,8.976
potr.txt_1661,1.417,0,0.709,0,0.709,3.543,0,1.417,2.834,2.126,0,0.709,0.709,0,0,0.709,0.709,1.417,0.709,0,8.038,10.644
potr.txt_611,0,0,0,0,1.664,4.159,5.823,1.664,0.832,3.327,0,0,0,0,0,0,0,1.664,0.832,0,7.087,9.437
potr.txt_1913,0,0.797,0,0,0,0.797,0.797,2.391,3.985,2.391,0.797,0.797,0.797,0,1.594,0.797,0,0.797,0,0.797,8.388,10.486
potr.txt_2227,2.091,0,0,0,0,2.787,2.787,2.787,0.697,1.394,0,0,0,0,2.787,0,0,0,0.697,0,9.457,11.144
potr.txt_3709,0,0,0,0,0,0,0,0,0,0,0,0,0,0,4.328,0,0,0,3.246,0,12.599,25.198
potr.txt_2605,1.706,3.412,0.427,0.853,1.706,1.279,1.279,0,0.853,0,0,0.427,0.427,0.853,2.559,2.132,1.706,0.427,0,0,7.515,8.939
potr.txt_6633,0,0,2.322,0,0,1.548,0,1.548,3.096,0.774,1.548,0,0,0,0,0,0,0.774,1.548,0,11.575,13.093
potr.txt_9385,0,0,3.585,0.896,2.689,1.792,0,0,2.689,0.896,0.896,0.896,0,0.896,0,0,0,0,0.896,0,10.418,10.056
potr.txt_11903,0,2.767,0,0,0.692,1.384,0,0,0,0,0,1.384,0,0,2.767,0,0,2.767,0.692,2.076,10.034,12.546
potr.txt_2139,3.703,1.234,0,0,1.234,0,0,1.234,0,1.234,0,0,0,0,2.469,0,1.234,1.234,1.234,0,7.253,14.929
potr.txt_8059,0,2.019,1.009,1.009,2.019,4.038,0,2.019,1.009,1.009,0,1.009,1.009,1.009,0,1.009,2.019,2.019,0,2.019,7.739,5.598
potr.txt_1939,0,0,0,0,0,2.019,0,2.019,1.01,2.524,0,0,0,0,2.524,0,0,0,0,0,13.17,17.516
potr.txt_8163,0.806,1.612,0,2.417,0.806,0,0,0.806,3.223,3.223,0.806,1.612,0,0.806,0,1.612,0,2.417,0,0,8.384,7.983
potr.txt_3563,0,0,0,0,0,1.904,0,1.904,1.904,3.808,0,0,0,0,1.904,0,0,0,0,0,10.88,16.926
potr.txt_7731,2.116,0,0.705,0,0,0.705,1.411,0,1.411,3.526,0,0,0,0,1.411,0.705,0.705,2.116,0,0.705,10.801,10.443
potr.txt_12113,0,0,0,1.63,1.63,3.261,0,1.63,3.261,0,0,0,0,1.63,0,0,3.261,1.63,1.63,0,12.913,3.965
potr.txt_613,1.307,0,0,0,0,6.536,0,2.614,2.614,7.843,0,0,1.307,0,0,1.307,0,2.614,0,0,5.071,7.113
potr.txt_3231,0,0,0,0,0,9.478,0,9.478,0,9.478,0,0,0,0,0,0,0,0,0,0,3.961,7.019
potr.txt_1093,2.579,1.29,0,0,1.29,3.224,0,1.29,3.224,2.579,0,0.645,0,0.645,0,1.29,0.645,0.645,0,0,8.197,8.885
potr.txt_5533,0,0,0,0,3.05,0,0,1.017,1.017,3.05,0,0,0,1.017,1.017,1.017,0,1.017,1.017,0,10.476,14.1
potr.txt_8531,3.004,1.502,1.502,0,0.751,0.751,0,0.751,3.755,3.755,0,2.253,0,0.751,0,0,1.502,1.502,0,0,7.451,7.595
potr.txt_11347,4.501,0,1.125,1.125,3.376,0,0,2.251,2.251,1.125,0,0,1.125,2.251,0,3.376,0,0,0,0,7.417,7.088
potr.txt_6657,1.065,0,1.065,0,0,2.129,0,1.065,2.129,1.065,0,0,0,0,4.259,0,1.065,0,0,1.065,10.312,11.742
potr.txt_3051,0,0,0.775,0.775,1.55,0.775,0,1.55,2.325,0.775,0,0,0,1.55,0.775,0,0,0.775,0.775,0,12.568,13.397
potr.txt_9445,4.425,2.213,0,0,2.213,1.106,0,3.319,2.213,0,0,0,1.106,0,1.106,0,0,0,0,1.106,11.979,5.604
potr.txt_4257,0,0,0,0,1.159,0,0,1.159,1.159,0,0,0,0,0,3.477,0,0,1.159,2.318,0,14.7,15.215
potr.txt_1897,1.949,0.487,0,0,0,2.437,1.462,0,2.437,0.975,0,0.487,0,0,0.975,1.462,0,1.462,0.975,0.487,11.119,10.023
potr.txt_9759,0,4.245,0,2.83,1.415,0,0,1.415,1.415,2.83,0,4.245,1.415,1.415,0,1.415,0,2.83,1.415,0,5.558,6.216
potr.txt_5317,0,0,0,0,5.297,3.531,0,1.765,1.765,7.062,0,0,1.765,0,0,0,0,1.765,0,0,6.59,7.599
potr.txt_2293,3.356,0,0.671,0,0,1.342,0,0,2.685,2.685,0.671,2.014,0,0.671,0,0,1.342,2.685,0.671,0,7.326,10.272
potr.txt_10267,0,0,0,0,0,0,0,0,2.983,7.458,0,0,0,0,2.983,0,0,0,0,0,17.035,7.205
potr.txt_491,3.503,0,0,0,1.167,2.335,0,3.503,1.167,4.67,0,1.167,1.167,0,1.167,4.67,0,1.167,0,0,6.273,6.173
potr.txt_4031,0,0,0,0,0,1.635,0,1.635,3.271,3.271,0,0,0,0,1.635,0,1.635,0,0,0,12.022,12.77
potr.txt_3439,0,0,0,0,0,0,0,0,0,0,0,0,0,0,9.99,0,0,0,1.998,0,11.875,14.843
potr.txt_1951,0,0,0,1.005,0,3.016,0,3.016,2.011,2.011,0,0,0,0,0,1.005,0,1.005,1.005,0,9.726,13.51
potr.txt_10105,0,0,0,0,2.583,3.874,0,1.291,2.583,3.874,1.291,0,0,0,0,0,0,1.291,0,0,8.423,11.278
potr.txt_10953,0,5.594,0.932,0.932,0.932,4.662,0,0,0,0.932,0,1.865,3.73,0,0.932,0,4.662,1.865,0.932,0,5.612,5.598
potr.txt_851,2.536,1.268,1.268,0,0.634,1.268,0,0.634,3.17,2.536,0.634,0.634,0,0,0.634,0.634,0.634,1.268,0,0,9.523,9.12
potr.txt_2519,0.774,0,0.774,0.774,1.548,0,0,0.774,4.645,0.774,0,0.774,0,0.774,0.774,1.548,0,0.774,0,0,9.596,12.731
potr.txt_6805,0.997,0,1.993,1.993,0,0.997,0.997,0,0.997,1.993,0,0.997,1.993,0,0,0,0,1.993,1.993,0.997,10.777,7.67
potr.txt_11,1.177,0,1.177,0,1.177,3.53,0,1.177,2.354,3.53,0,0,0,0,0,1.177,0,3.53,0,0,6.966,10.597
potr.txt_4909,0,0,0,0,1.238,1.238,1.238,0,2.476,0,0,1.238,1.238,0,1.238,0,0,1.238,1.238,0,15.337,10.66
potr.txt_5545,0,0,0,0,0,0,0,0,0,0,0,0,0,0,6.464,0,0,0,4.04,0,14.229,15.522
potr.txt_7593,4.471,0,0,0,0,1.789,0,1.789,3.577,5.365,0,0.894,0,0,0,0,0,0,0,0.894,8.577,9.034
potr.txt_4437,2.556,2.556,0,0,0,0,0,0,0,0,2.556,0,0,0,5.111,5.111,5.111,2.556,0,0,5.152,7.37
potr.txt_1909,0,1.578,0,0,0,3.157,1.578,0,1.578,3.157,0,0,1.578,0,1.578,0,0,3.157,0,3.157,11.069,4.982
potr.txt_195,0,3.71,0,0,0.928,3.71,0,0,0,0.928,0,0,0,0,4.638,0,0,1.855,0,0.928,8.573,11.231
potr.txt_3359,0,0,0,0,0,0,0,0,0,0,0,0,0,0,3.03,0,0,0,4.544,0,12.599,25.198
potr.txt_6517,0.906,0.906,0,0,0.906,6.341,0,0,0.906,0.906,0,0.906,0,0,0.906,0,0,0.906,0.906,0,12.732,9.896
potr.txt_9677,0,0,0,0,2.367,2.367,0,0,4.734,4.734,0,0,0,0,0,0,0,2.367,0,0,9.161,10.79
potr.txt_8373,3.324,0,0,0.665,0,3.989,0.665,1.33,1.994,3.324,0,0,0,0,0.665,0,1.33,0,0,0.665,8.005,10.432
potr.txt_6541,0,0,0,0,0,1.248,0,1.248,1.248,0.624,0,0.624,0,0,1.248,0,0,0.624,3.12,0,16.454,14.497
potr.txt_10493,2.945,0,0,0,1.472,0,2.945,4.417,0,5.89,0,2.945,2.945,0,0,4.417,0,4.417,0,0,4.134,5.11
potr.txt_11925,0,0,0.448,0.448,0.896,2.689,0.896,0.448,0,0.896,0,0.448,3.586,0.896,3.586,0.896,0.448,0,0.448,0,11.047,8.376
potr.txt_7857,2.16,0,0,0,2.16,1.44,0,0.72,0.72,2.16,0,0.72,0,2.16,2.16,0,0,2.16,0,0,12.638,7.324
potr.txt_3801,0,0,0,0,0,0,0,0,0,0,0,0,0,0,4.976,0,0,0,6.635,0,9.8,17.637
potr.txt_10057,0,0,0,0,1.087,0,0,0,3.262,1.087,0,0,0,0,1.087,0,0,0,2.175,1.087,13.641,17.793
potr.txt_2489,0,0,0,0,0,0,0,1.012,2.023,1.012,0,0,2.023,0,2.023,0,0,0,5.058,0,15.357,9.324
potr.txt_10593,4.708,0,0,0,1.177,1.177,0,0,4.708,3.531,0,0,0,0,0,0,0,0,0,0,12.266,9.26
potr.txt_2389,0,1.545,0,1.545,0,0,0,0.773,1.545,3.09,0.773,0.773,0.773,0.773,2.318,0,0,1.545,0,0,9.818,11.51
potr.txt_1643,4.194,1.678,0,0,2.517,0.839,0,1.678,3.356,1.678,0.839,0.839,0.839,0,0,0,0.839,0.839,0,0,7.346,9.031
potr.txt_7497,0,0,0,0,0,2.484,0,0,0,0,0,0,0.621,0,3.104,0,0,0,2.484,0.621,17.503,15.128
potr.txt_65,2.702,1.801,0,0,2.702,0.901,0,0.901,3.602,2.702,0,0,0.901,0,0,1.801,0.901,2.702,0,0,5.963,9.208
potr.txt_3741,0,0,0,0,0,0,0,0,0,0,0,0,0,0,5.175,0,0,0,3.881,0,22.512,10.806
potr.txt_10823,0,0,0,0,1.243,1.243,0,1.243,2.486,2.486,0,0,1.243,0,0,1.243,1.243,0,2.486,0,9.827,12.216
potr.txt_6733,1.544,4.633,0,0,3.089,1.544,1.544,1.544,1.544,0,0,1.544,3.089,0,0,1.544,0,1.544,0,3.089,5.374,6.749
potr.txt_6391,1.472,0,0,0,0,4.415,0,0,1.472,10.301,0,0,0,0,0,2.943,1.472,0,1.472,0,6.953,6.828
potr.txt_2545,4.935,0,0,0,0,0.705,0,0,0,2.82,0.705,0,0,0,2.82,0.705,0,0,0,0,12.213,13.246
potr.txt_2313,0.543,3.261,1.087,0,1.087,1.63,0.543,0.543,1.087,0,0,0.543,1.087,0,1.63,0.543,2.174,0,0.543,1.63,8.257,10.197
potr.txt_12137,1.684,3.367,0,1.122,2.245,3.367,1.122,0.561,1.122,1.122,0,1.122,1.122,0.561,1.122,0.561,1.122,0,0,0,8.393,7.001
potr.txt_11113,0,0,0,6.422,0,0,0,0,0,19.265,0,0,0,0,0,0,0,0,0,0,4.977,7.468
potr.txt_3285,0,0,0,11.211,0,0,0,0,0,0,0,0,0,0,0,0,0,11.211,0,0,14.566,0
potr.txt_10433,0,0,0,0,0,0,0,0,8.887,8.887,0,0,0,0,0,0,0,0,0,0,18.62,0
potr.txt_4225,0,0,0,0,1.078,0,0,0,2.156,2.156,0,0,0,0,2.156,0,0,0,2.156,0,14.396,17.249
potr.txt_1829,0,2.458,2.458,1.844,0,1.229,1.229,0,1.844,0,1.229,0,0,1.229,3.073,0.615,0.615,0,0,1.229,7.785,9.567
potr.txt_8323,1.579,0,0.526,0,0.526,2.106,0,0,1.053,3.158,0.526,0,0,0,2.632,0.526,0,0,0.526,0.526,12.446,11.384
potr.txt_7535,2.36,0,0,0,0,0,0,1.18,1.77,2.36,0,0,0,0,3.54,0,0,0.59,0,0,11.785,15.286
potr.txt_4113,5.679,0,0,0,0,0,0,5.679,2.84,5.679,0,0,2.84,0,0,0,2.84,0,0,0,6.78,5.743
potr.txt_6009,0.847,0,0,0,1.694,0,0,0,5.93,0.847,0,0,0,0,1.694,0.847,0,0.847,0,0,11.328,14.098
potr.txt_3055,0,0,0.707,0,2.122,0.707,0.707,1.414,2.122,0.707,0,0,0,1.414,0.707,0,0.707,1.414,0.707,0.707,10.669,12.467
potr.txt_4683,4.224,2.112,0,0,0,2.112,0,2.112,4.224,2.112,0,0,2.112,2.112,0,0,0,2.112,0,0,9.456,4.537
potr.txt_12099,1.277,1.277,1.277,0.638,0,0.638,0,1.277,2.554,1.915,0,1.915,0.638,1.277,1.915,1.277,0.638,0.638,0,0,6.636,10.62
potr.txt_8371,2.096,0,0,0.699,1.397,3.493,0,0.699,2.794,2.794,0,0.699,0,0,0,0,2.096,1.397,0,0.699,8.14,9.393
potr.txt_8447,0.825,0,0,0,0,1.651,0.413,0.825,2.476,0.825,0,0,0.413,0,2.476,0,0.413,0.825,0,0.413,11.353,16.193
potr.txt_3409,0,4.409,0,0,0,2.205,0,0,0,2.205,0,0,0,0,2.205,2.205,0,0,0,0,12.988,11.569
potr.txt_5101,2.916,0,0,0,0,0,0,1.944,1.944,0.972,0,0,0,0,2.916,0,0,0.972,0,0,14.057,13.279
potr.txt_2637,2.299,2.299,0,0,0,2.299,0,0,0,4.598,0,0,0,4.598,0,0,0,4.598,2.299,0,7.897,6.266
potr.txt_1839,0,2.608,0.435,0,0.869,2.608,0,0.869,1.304,0.869,0.435,0.869,0.435,0,2.608,0,0.435,0,0.435,1.304,9.89,10.644
potr.txt_10031,5.379,0,0,0.768,0.768,4.61,0.768,0.768,2.305,3.842,0,0.768,0,0,0,0.768,0,0,0,0,7.518,8.342
potr.txt_4529,1.547,0,0,0,0,0,0,1.547,1.547,3.094,0,0,1.547,0,3.094,0,1.547,1.547,0,0,12.142,9.164
potr.txt_289,1.75,0,0.438,0.438,0.438,1.75,0,2.188,2.188,0.875,0,0.438,0.438,0.875,1.313,0,0.438,1.313,0.438,0,10.452,11.052
potr.txt_1467,2.099,0,0.42,0.42,0.42,2.099,0,2.099,2.519,0.42,0,0.42,1.26,0.42,1.26,0.42,0.84,1.26,0,0,9.235,10.947
potr.txt_8455,0,0,0,0.516,1.548,0.516,1.032,1.032,1.032,2.065,0,1.032,0,0,2.581,0,2.065,0,0,1.032,10.48,12.208
potr.txt_3137,0,0,9.744,0,0,0,0,0,0,0,0,0,0,0,19.488,0,0,0,0,0,3.531,7.067
potr.txt_10627,4.072,0,0,0,2.036,0,0,0,4.072,4.072,0,0,0,0,0,0,0,0,0,0,10.206,12.771
potr.txt_3865,0,0,0,0,0,0,0,0,0,0,0,0,0,0,2.792,0,0,0,6.98,0,9.255,22.212
potr.txt_9967,0.73,0,0,0,2.189,0,0.73,0.73,5.108,2.919,0,0,0,0,0,0,0,0,0.73,0,11.715,12.995
potr.txt_9947,0.453,2.719,0.453,0,1.813,2.719,0.906,0.453,1.813,0.453,0,0,0.453,0.453,1.36,0.453,0.453,0.453,0,1.36,7.731,11.99
potr.txt_10151,0,0,0,0,0,0,0,0,0,0,0,0,4.179,1.045,11.492,4.179,1.045,0,0,0,5.219,9.703
potr.txt_361,0,3.14,0.523,0.523,1.047,1.57,0,0.523,0.523,1.047,0,0.523,0.523,1.047,2.093,0.523,1.57,1.047,0,1.047,8.872,10.287
potr.txt_5319,2.853,0,0,0,2.853,1.427,0,0,1.427,2.853,0,1.427,0,0,0,1.427,0,2.853,1.427,0,6.536,11.301
potr.txt_4169,1.89,1.89,1.89,1.89,0,0,0,1.89,3.78,0,0,0,0,0,1.89,1.89,0,0,0,0,8.099,11.35
potr.txt_1871,0.661,0.661,0.661,0.661,0.992,2.976,0,1.653,2.314,0.992,0.661,0.331,0,0,0.661,0.331,0.661,0.992,0,0,10.237,11.408
potr.txt_945,0,2.188,0.365,0,1.094,2.188,0,0.729,0.729,1.094,0,0.729,0.365,0,2.553,1.459,0,0.365,0,0.729,11.455,11.04
potr.txt_10487,0,2.102,0,0,0,1.051,0,0,5.254,0,0,0,0,0,0,1.051,1.051,0,4.203,0,15.823,6.498
potr.txt_9319,0,0,0,0,2.647,0,2.647,5.294,2.647,0,0,0,2.647,0,0,2.647,2.647,0,0,0,10.354,5.158
potr.txt_7209,2.97,0,0,0,0.99,1.98,0,2.97,2.97,3.96,0,0.99,0.99,0,0,0,0,0,0.99,0,7.859,9.721
potr.txt_11081,0,4.221,0,0,0,3.015,0,2.412,2.412,1.809,0.603,3.618,0.603,0.603,1.206,1.206,1.206,1.206,0,0.603,5.549,7.476
potr.txt_3013,0,0,0.621,0,1.242,1.242,0.621,1.242,2.485,0.621,0,0,0,1.242,0.621,0,0.621,1.242,0.621,1.242,11.497,12.365
potr.txt_11097,0,0,0.946,0,0,0.946,0.946,2.839,4.732,4.732,0,0.946,0,0,0,0.946,0,0.946,0,0,10.138,8.266
potr.txt_6289,0,0,0,0,4.87,0,0,0,1.218,0,0,0,0,0,2.435,0,0,0,0.609,0,13.194,19.919
potr.txt_5059,1.733,0,0,0,0,0.866,0,0,1.733,0,0,0,0,0,2.599,0,0,1.733,1.733,0,12.909,17.088
potr.txt_8461,0.46,0.92,0,0,1.381,0,0,0.46,3.222,0.92,0,0,1.381,0,1.381,0.92,0.46,0.92,0.46,0,10.116,15.006
potr.txt_10645,0,0,0,0,2.081,6.244,0,0,0,2.081,2.081,0,2.081,0,2.081,2.081,0,0,0,0,7.588,10.067
potr.txt_5485,2.556,0,0,1.278,2.556,1.278,0,0,1.278,2.556,0,0,0,0,0,1.278,0,2.556,1.278,0,7.617,12.283
potr.txt_11203,0.406,0,0.406,0.406,1.217,2.434,0,0.811,2.84,1.623,0,0.811,0.406,0.406,1.217,0.406,0.406,1.217,0,0,9.156,12.752
potr.txt_11227,0.79,3.16,0.79,0.79,0.395,1.58,1.185,0.395,1.185,0.79,0.395,0.395,0.395,0.79,1.58,1.58,0.395,0.79,0.395,0.79,8.757,9.061
potr.txt_12015,1.955,0,0,0,1.303,0,0.652,0.652,4.561,1.955,0,0,0,0,0,2.606,1.955,0.652,0.652,0,9.045,10.482
potr.txt_10135,0,0,0,0,0,0,0,0,5.841,5.841,2.921,0,0,0,0,0,0,0,0,0,7.446,15.028
potr.txt_2155,3.445,1.722,0,0,0.861,1.722,0,1.722,4.306,2.584,0,0,0.861,0,0,0.861,0,2.584,0,0,6.961,8.963
potr.txt_7073,0.964,0,0,0,0.482,2.41,0,0,0,0.482,0,0,0,0,2.892,0.482,0,0.482,0.482,0,16.846,17.529
potr.txt_11311,3.017,0,0,0,0,4.526,0,0,1.509,3.017,0,3.017,1.509,1.509,0,1.509,0,0,1.509,3.017,8.617,4.776
potr.txt_2229,2.055,0,1.028,0,1.028,2.055,0,2.055,2.055,3.083,0,1.028,0,0,0,2.055,1.028,2.055,0,0,7.212,9.704
potr.txt_5113,0,0,1.097,0,1.097,0,0,1.097,3.29,1.097,0,0,0,1.097,3.29,0,0,1.097,0,0,9.07,15.598
potr.txt_7417,0.928,0,0,0,0.928,0,0,4.641,3.713,2.784,0,0.928,0.928,0,0,0.928,0.928,0,0.928,0.928,7.75,10.071
potr.txt_11577,2.986,0,0.747,1.493,2.239,0,0,0,4.479,0.747,0.747,0,4.479,0.747,0,2.239,2.986,2.239,0,0.747,5.893,5.889
potr.txt_967,4.866,1.947,0,0,1.947,0.973,0,3.893,3.893,0.973,0,0,0.973,0.973,0,0.973,0,1.947,0,0,5.497,8.411
potr.txt_5351,2.643,0,0,0,1.322,1.322,0,0,3.965,2.643,0,1.322,0,0,0,1.322,0,1.322,1.322,0,9.689,9.568
potr.txt_9159,1.067,4.269,1.067,0,0.534,4.269,0.534,0.534,2.668,0.534,0,0,3.202,0.534,0,2.135,0.534,1.067,0,1.601,6.502,6.632
potr.txt_11091,0,0,0,0,0,0,0,0,7.899,5.266,0,0,0,0,0,0,0,0,0,0,9.576,15.083
potr.txt_5565,1.484,0,0,0,1.484,2.968,0,2.968,0,4.452,0,0,1.484,0,1.484,1.484,0,1.484,0,0,7.666,9.464
potr.txt_2123,0.879,2.638,0,0,0.879,2.638,0.879,0.879,0.879,0.879,0,0.44,0.44,0.879,2.638,0.44,0.879,0,0,0.44,8.422,11.373
potr.txt_4237,0,0,0,0,0,0,0,1.18,1.18,0,0,0,0,0,3.539,0,0,0,4.718,0,13.356,16.147
potr.txt_4285,0,0,0,0,2.597,0,0,0,5.193,0,0,0,0,0,3.895,0,0,0,0,0,11.655,15.639
potr.txt_2841,1.201,0.6,0,0,0.6,0,0.6,1.201,0,1.201,0.6,0.6,0,0,4.802,1.801,0,0,1.201,0,10.606,12.147
potr.txt_10353,0,0.652,0,0,2.607,1.955,0,0,3.259,0,0,0,0,0,1.955,0,0,0,1.955,0.652,15.431,9.44
potr.txt_11467,1.312,0,0,0,1.312,0,0.656,0.656,4.592,2.624,0,0,0,0,0,2.624,1.968,0.656,0.656,0,8.947,10.45
potr.txt_7291,0,0,0,0.624,1.248,0,0,0.624,3.743,1.248,0,0.624,0,0,0.624,0.624,0,0.624,1.871,0,12.557,14.416
potr.txt_7563,0.902,0,0,0,3.608,2.706,2.706,1.804,0.902,1.804,0.902,0,0,0,0.902,0,0,1.804,0,0,7.851,10.496
potr.txt_103,2.711,0,0.452,0.452,0,1.807,0.452,1.807,2.259,0.903,0,0.452,0,1.807,0.903,0,1.807,1.355,0.452,0,8.296,10.489
potr.txt_979,4.95,2.475,0,0,2.475,1.238,0,4.95,3.713,0,1.238,0,1.238,0,0,0,1.238,1.238,0,0,5.515,7.49
potr.txt_8361,1.471,1.471,1.471,0,0,1.471,0.736,0.736,3.679,2.943,1.471,1.471,0,0,0,0,1.471,1.471,0,0,8.001,8.61
potr.txt_11247,0,0,0,1.643,1.095,2.19,0,0.548,1.095,1.643,0,0,0.548,0,2.738,2.19,0.548,1.643,0,0,9.221,11.562
potr.txt_451,0,0,0,0,0,5.683,0,3.41,2.273,5.683,0,1.137,1.137,0,0,1.137,0,2.273,0,0,5.568,8.776
potr.txt_7125,0,0,0,0,0,1.493,0,1.493,0,1.493,0,0,0,0,2.985,0,0,1.493,0,0,14.953,18.635
potr.txt_5789,0,0,0,0.952,1.904,0,0,0,2.855,3.807,0,0,0,0,1.904,0.952,0,0,0,0.952,9.987,14.413
potr.txt_11511,3.271,0,1.636,0,0,2.454,0.818,1.636,2.454,1.636,0.818,0.818,0,0,0,0.818,0,2.454,0,0,7.422,10.158
potr.txt_707,0,0,0,0,2.678,2.678,0,2.678,0,13.392,0,2.678,2.678,0,0,2.678,2.678,2.678,0,0,3.024,5.325
potr.txt_9327,1.89,0,0,0,0.63,0,0,1.26,5.67,1.26,0,0,0.63,0,0,0.63,1.89,1.89,0.63,0,8.322,11.854
potr.txt_9275,1.855,0,0,1.855,0,0,0,1.855,3.71,0,0,0,0,0,3.71,3.71,0,0,0,0,8.781,11.026
potr.txt_6877,2.006,0,0,0,0,0,2.006,3.009,2.006,3.009,0,0,0,1.003,4.012,1.003,0,0,0,0,8.788,9.543
potr.txt_12139,1.495,2.99,0.498,0.498,0.997,4.983,0.997,0,0,0.997,0,0,1.495,0.498,0.997,0.997,1.495,0,0.498,1.495,7.552,8.159
potr.txt_2541,3.69,0,0,0,0,0.527,0,0,0,2.109,0.527,0,0,0,3.163,0.527,0,0,0,0,11.662,18
potr.txt_541,0.432,3.46,0.432,0.432,0,2.595,0.432,0.865,2.163,0.865,0.865,1.298,0,0,1.298,0.432,2.163,0.432,0.432,0.865,8.606,8.365
potr.txt_4805,0,0,0,0,1.389,0,0,2.778,1.389,4.167,0,0,0,0,1.389,2.778,1.389,0,0,0,7.9,13.654
potr.txt_3201,0,0,0,0,0,0,0,0,0,0,0,0,0,0,9.613,0,0,0,3.204,0,10.096,15.143
potr.txt_11985,0,0,0,0,0,0,0,5.804,2.902,0,0,0,0,0,2.902,0,0,0,0,0,26.247,1.197
potr.txt_4995,0,0,0.899,0,0.899,0,0,1.797,1.797,0.899,0,0,0,0.899,2.696,0,0,0.899,0,0,12.649,16.49
potr.txt_1273,2.342,1.562,1.562,0,0,3.123,0,0,2.342,4.685,0,2.342,0,0.781,0,2.342,2.342,2.342,0,0,6.202,6.198
potr.txt_6629,0,0,0,1.817,1.817,0,0,0,6.359,0,0,0,0.908,0,0,0,1.817,0,2.725,0,8.197,13.141
potr.txt_4189,2.315,0,0,0,0,2.315,0,0,6.946,4.631,0,0,2.315,0,0,0,0,2.315,0,0,10.998,4.788
potr.txt_6415,3.992,0,0,0,0,1.331,0,3.992,3.992,2.661,2.661,0,0,0,0,2.661,0,0,0,0,5.493,9.929
potr.txt_9991,1.701,1.701,0.851,0,0.851,3.402,0,2.552,2.552,0.851,0,1.701,0,0,0,0.851,4.253,3.402,0,0,6.69,6.368
potr.txt_11975,0,0,2.968,0,2.968,0,0,0,0,0,0,2.968,2.968,0,0,0,0,0,2.968,2.968,10.816,7.767
potr.txt_8695,2.863,1.432,0.716,0,0.716,1.432,0,0,2.863,5.011,0,2.148,0,0,0,3.579,1.432,1.432,0,0,6.462,7.268
potr.txt_10489,0,0,0,0,6.761,0,0,0,4.508,0,0,0,0,0,0,0,0,0,0,0,13.233,14.886
potr.txt_11767,0.909,0,0.909,0,0.909,5.452,0,0,1.817,6.361,0,0,0,0,0,1.817,1.817,0.909,0,0,6.914,8.822
potr.txt_4395,0,1.652,0,1.652,1.652,1.652,1.652,0,3.304,1.652,0,0,0,0,1.652,1.652,0,0,0,0,7.487,12.522
potr.txt_5651,1.05,0,0,0,1.05,2.101,0,0,4.201,4.201,0,0,0,0,0,0,0,1.05,0,0,11.057,12.823
potr.txt_11601,0.692,2.769,0,0,0.692,1.385,0.692,0,0.692,0,0,1.385,0,0,2.769,0,0,2.769,0,0.692,9.757,12.808
potr.txt_3469,0,0,0,0,0,0,0,0,0,0,0,0,0,0,6.975,0,0,0,3.487,0,22.737,7.107
potr.txt_11151,0,0,0,0,0,6.347,0,0.334,0.334,1.002,2.004,0,1.336,0.334,0.668,0,0,0,0.334,3.341,10.601,9.99
potr.txt_8259,1.463,0,0,0,0,2.195,0.732,2.927,0.732,0.732,0,0.732,3.659,0.732,1.463,0,0,2.927,0.732,0,10.782,6.593
potr.txt_9259,0,0,0,0,1.204,0,0,0,1.204,0,1.204,1.204,0,2.408,3.611,0,0,1.204,1.204,0,12.531,12.003
potr.txt_7877,2.352,4.704,0,0,0,2.352,1.176,1.176,3.528,0,0,3.528,2.352,0,0,2.352,1.176,0,0,2.352,6.5,5.188
potr.txt_3261,0,0,0,0,0,0,0,0,41.209,0,0,0,0,0,13.736,0,0,0,0,0,2.118,1.589
potr.txt_6491,2.256,0,0,0,0,1.128,0,1.128,3.384,6.769,0,1.128,0,0,0,1.128,1.128,0,0,0,7.954,10.38
potr.txt_327,2.462,0,0,0,1.641,2.462,0,1.641,4.103,2.462,0,0,0.821,0.821,0,0.821,0,1.641,0.821,0,6.942,9.822
potr.txt_1767,1.342,2.684,0.447,0,1.342,1.342,0.895,0.447,0.895,0,0,0,0.447,0.895,3.132,1.342,1.342,0,0,0.447,8.835,10.623
potr.txt_11665,4.422,0,0,0,0.491,0,0,0,5.405,4.914,0,0,0,0,0,0,0,0,0,0,9.496,12.118
potr.txt_113,0,4.182,0,0,0.697,1.394,0,0,0,0,0,0,0,0,3.485,0,0.697,2.091,0,0,10.107,15.601
potr.txt_553,0,0,0,0,0,3.654,0,0,0,7.308,0,7.308,10.962,0,0,0,0,10.962,0,0,2.967,3.741
potr.txt_4811,0,0,0,1.084,2.168,0,0,0,3.251,2.168,0,0,0,0,1.084,1.084,0,1.084,0,0,11.164,15.678
potr.txt_6463,0.972,0,0,0,0.972,1.945,0,0.972,0,0.972,0,0,0,0.972,1.945,0.972,0.972,0,0.972,1.945,13.314,10.629
potr.txt_6727,0,1.997,0,0,0.998,1.997,0,0.998,3.994,0.998,0,0,2.996,0,0,0.998,0.998,0,0.998,0,9.19,10.297
potr.txt_3859,0,0,0,0,0,0,0,0,0,0,0,0,0,0,4.933,0,0,0,3.7,0,13.268,21.229
potr.txt_1415,2.338,2.338,0,0,1.169,1.169,0,1.169,2.338,5.844,1.169,0,1.169,0,1.169,1.169,2.338,1.169,0,0,5.377,7.757
potr.txt_9533,2.949,1.18,0.59,0.59,0.59,2.949,0,1.769,2.949,2.359,0.59,0,0,0.59,0,1.769,0.59,0,0,0,8.502,8.469
potr.txt_2993,0,2.735,0,0,0,0,0,0,0,5.47,0,0,0,0,5.47,0,0,0,1.367,0,8.008,13.86
potr.txt_3447,0,0,0,0,0,0,0,0,0,0,0,0,0,0,5.561,0,0,0,2.781,0,15.712,19.643
potr.txt_4657,0,0,0,0,2.117,0,0,1.059,4.235,3.176,0,0,0,0,0,0,0,0,1.059,0,12.1,15.27
potr.txt_3169,0,0,0,0,0,0,0,0,4.786,0,0,0,4.786,0,0,0,0,4.786,0,0,5.136,17.689
potr.txt_5249,0,0,0,0,0,0,0,0,0,0,0,0,0,0,0,0,0,0,0,95.238,0,0
potr.txt_2593,0,0,0,0,0,0,0,1.527,0.763,0,0,0,0,0,2.29,0,0,0.763,3.816,0,15.301,17.738
potr.txt_9233,1.257,3.352,0,0.838,0.838,1.676,0.838,0.838,1.257,0.838,0,2.514,1.257,0.419,1.257,1.257,0.419,0.838,0.419,0.838,7.12,8.574
potr.txt_99,2.031,0,0.406,0.812,0.406,1.219,0,1.625,2.438,0.812,0,0.406,0.406,0.406,1.219,0,0,1.625,0.406,0,11.315,11.712
potr.txt_7747,3.369,0,1.684,0,0,2.527,0.842,1.684,2.527,1.684,0.842,0,0,0,0,0.842,0,2.527,0,0,7.549,10.305
potr.txt_7021,0.754,0,0,0,0,1.507,0,0,2.261,2.261,0.754,0.754,0,0,1.507,0,0,2.261,0,1.507,10.539,13.476
potr.txt_5883,1.301,0,0,0,1.301,1.301,1.301,1.301,3.902,3.902,0,1.301,0,0,0,0,1.301,1.301,0,0,7.581,10.592
potr.txt_11593,0,0,0,0,0,0,0,1.285,0,0,0,0,0,0,5.142,0,0,0,1.285,0,11.703,25.633
potr.txt_6431,0.929,0,0,0,0,0.929,0,2.786,5.573,3.715,0,0,0,0,0,0.929,0,0,0,0,8.672,13.443
potr.txt_7387,0,0,0.918,0,0.918,0.918,0.918,1.835,1.835,3.67,0,2.753,0,0,0.918,0.918,0,2.753,0,0,8.127,9.902
potr.txt_3161,0,0,0,0,0,0,0,0,0,0,0,0,0,0,8.665,4.332,0,0,0,0,8.313,16.623
potr.txt_10747,3.35,0,0.479,0.479,0.957,2.393,0.479,0.957,3.35,0.479,0.479,0.957,0,0,0.957,0.957,0.957,3.35,0,0,7.22,8.782
potr.txt_6673,3.288,0,0,0,0.822,0,0,0,5.753,4.11,0,0,0,0,0,0,0,0,0,0,9.794,13.598
potr.txt_447,1.28,0,0,0,0,5.12,0,3.84,2.56,5.12,1.28,0,1.28,0,0,2.56,0,2.56,0,0,5.075,7.42
potr.txt_11255,3.215,0,0.459,0.919,0.919,0.459,0,0.919,3.674,1.378,0,1.837,0.919,0,0,1.837,0.459,0.459,0.459,0,8.588,9.889
potr.txt_3209,0,0,0,0,0,0,0,0,0,0,0,0,0,0,4.218,0,0,0,4.218,0,8.769,26.303
potr.txt_6963,1.699,0,0,0,0,3.397,0,0,3.397,0,0,0,0,0.849,2.548,1.699,0.849,0.849,0,0,16.061,5.48
potr.txt_7875,2.714,5.428,0,0,0,2.714,1.357,1.357,4.071,0,0,4.071,2.714,0,0,2.714,1.357,0,0,2.714,4.518,5.204
potr.txt_4971,0,4.611,1.537,0,0,4.611,0,0,3.074,0,0,1.537,0,0,1.537,0,0,1.537,0,0,8.715,9.224
potr.txt_4241,0,0,0,0,0,0,0,1.312,2.624,1.312,0,0,0,0,2.624,0,0,0,3.935,0,13.465,13.596
potr.txt_7143,1.947,0,0,0,2.921,3.894,2.921,0,0,2.921,0,0.974,0,0,0.974,0,0,0.974,0,0.974,7.657,10.227
potr.txt_8965,5.111,0,0.511,0.511,0.511,1.533,0,1.533,2.556,1.022,0,0.511,0,2.045,1.022,0,2.045,1.533,0,0,7.424,8.687
potr.txt_7831,3.384,0,0.677,0,1.354,2.03,0.677,0.677,2.03,0.677,0,0.677,0,0,0.677,0,0.677,2.03,0,0,9.194,11.985
potr.txt_2335,1.202,2.403,0,0,1.202,0,1.202,0,1.202,1.202,0,0,3.605,0,3.605,0,0,1.202,0,0,10.472,9.191
potr.txt_4977,1.471,2.942,0,0,0,2.942,0,0,1.471,1.471,0,1.471,2.942,0,1.471,0,0,1.471,0,0,9.149,9.604
potr.txt_8351,0,0,0.644,5.148,0.644,0,0,0,0,1.93,0,0.644,0,1.93,5.791,0,0,0,0.644,0,7.994,11.054
potr.txt_4923,2.908,0,0,0,0,0,0,2.908,0,1.454,0,0,0,0,5.816,0,0,4.362,0,0,6.045,12.921
potr.txt_6607,0.811,0,0,0,0.811,0.811,0,1.623,0.811,0,0,0,0.811,0,2.434,0,0.811,3.246,0.811,0.811,10.913,12.749
potr.txt_5875,1.644,0,0,0,1.644,1.644,1.644,0,3.289,6.577,0,1.644,0,0,0,0,1.644,1.644,0,0,6.166,9.188
potr.txt_691,3.032,2.021,0,0,2.021,1.011,0,1.011,4.042,6.064,0,0,2.021,0,0,1.011,1.011,1.011,0,0,5.773,7.546
potr.txt_2269,0,0,0,0,1.73,1.73,0,3.46,0,8.651,0,0,5.191,0,1.73,0,0,0,0,0,5.843,8.672
potr.txt_2029,0,0,0,0,1.476,1.476,0,1.476,1.476,2.952,0,0,0,0,1.476,1.476,1.476,1.476,0,0,10.145,12.112
potr.txt_10033,0,0,0,0,3.204,6.408,0,0,0,16.02,0,0,0,0,0,3.204,0,0,0,0,3.85,6.936
potr.txt_8513,0.582,1.164,0.582,0.582,0.582,2.91,0,1.746,2.91,2.328,0,0,0,0,0.582,0.582,1.164,0.582,0.582,0,9.773,9.825
potr.txt_5219,0,0,0,0,0,0,0,0,4.519,4.519,0,0,0,0,3.389,0,0,1.13,0,0,10.575,13.458
potr.txt_9149,1.006,4.022,1.006,0,0.503,4.525,0.503,0.503,2.514,0.503,0,0,3.016,0.503,0,1.508,0.503,0.503,0,2.011,6.772,7.296
potr.txt_11351,0.865,5.194,0,0.865,0,1.731,0,3.462,1.731,0,0,0.865,0.865,0.865,0,5.194,0,0.865,1.731,0,6.99,6.34
potr.txt_4829,0,0,0,0,0,0,0,0,1.954,0,0,0,0,1.954,2.931,0,0,0,3.908,0,12.147,17.067
potr.txt_1009,1.193,0.398,0.398,1.989,0.398,0.795,1.193,0.795,0.795,3.182,0.398,0.398,0.795,2.386,1.591,0.795,0.398,0.398,0,0,8.486,9.6
potr.txt_8171,0.754,1.509,0,0,0.754,0,0,0.754,5.28,3.017,0.754,1.509,0,0.754,0,1.509,0,2.263,0,0,9.248,8.288
potr.txt_7523,0,0,1.031,3.092,1.031,1.031,1.031,2.061,2.061,2.061,0,2.061,0,1.031,0,0,1.031,0,1.031,2.061,7.252,8.718
potr.txt_7333,0,0,0.791,1.581,0,0.791,0.791,1.581,0.791,3.953,0,0.791,0,0.791,2.372,0.791,0.791,0,0,0,9.99,10.88
potr.txt_10405,7.059,0,0,0,0,0,0,0,7.059,0,0,0,0,0,0,0,0,0,0,0,7.913,15.261
potr.txt_3625,0,0,0,0,0,0,0,1.415,1.415,0,0,0,0,0,2.831,0,0,0,2.831,0,19.3,15.606
potr.txt_7027,0,0,0,0,0.812,0.812,0,0,0,1.623,0,0,7.305,0,4.058,0,0,0,0,0,12.611,9.855
potr.txt_3373,0,0,0,0,0,0,0,0,5.762,5.762,0,0,0,0,0,0,0,0,0,0,11.044,16.564
potr.txt_10699,0,0,0,0,0,0,0,1.017,0,0,0,0,0,2.034,4.068,0,0,0,2.034,0,10.912,22.14
potr.txt_1745,2.358,0,0,0,1.179,2.358,0,3.536,2.358,2.358,1.179,1.179,1.179,0,0,1.179,0,2.358,0,0,6.508,8.972
potr.txt_10585,4.422,0,0,0,1.105,0,0,0,4.422,4.422,0,0,0,0,0,0,0,0,0,0,9.742,13.062
potr.txt_3605,0,0,0,9.297,0,0,0,0,0,0,0,0,0,0,0,0,0,4.649,0,4.649,14.087,3.704
potr.txt_1345,0,2.085,0,0,1.043,5.213,0,1.043,3.128,4.171,0,0,0,0,0,1.043,0,4.171,0,0,6.327,8.628
potr.txt_5429,2.258,0,1.129,1.129,1.129,1.129,0,3.386,2.258,1.129,0,0,0,0,0,1.129,0,0,0,0,8.764,13.611
potr.txt_69,0,0,0,0,1.435,2.87,0,2.87,0,5.74,0,0,1.435,0,1.435,1.435,0,1.435,0,0,7.762,9.967
potr.txt_4615,0,0,0,0,0,0,0,0,3.243,4.865,1.622,1.622,0,0,0,0,0,4.865,0,1.622,8.894,9.66
potr.txt_11407,0,2.353,2.745,1.176,1.569,1.176,0.784,0.392,1.176,0,0.392,0,1.569,0.392,1.961,0.392,0.392,0.784,0,1.176,10.785,7.167
potr.txt_561,0.336,2.019,0,0,1.346,1.346,0,0.673,0,0.673,0,0,0.673,0.336,3.364,1.009,0,0.673,0.336,0,13.686,11.609
potr.txt_1171,3.3,1.32,0.66,0,0.66,0.66,0,0.66,1.98,3.3,0,1.98,0,0,0.66,3.3,1.32,1.98,0,0,7.102,7.943
potr.txt_1091,1.055,0,0,0,0.528,0.528,0,1.583,2.111,0.528,0,0.528,0.528,0,2.111,0,0.528,2.111,0.528,1.055,10.565,13.21
potr.txt_3135,2.757,0,0,0,0,0,0,0,0,0,0,0,0,0,5.514,0,0,0,0,0,11.856,23.711
potr.txt_7927,0.73,1.46,0,0,2.19,0.73,0,0,2.919,0,0.73,1.46,0.73,0,1.46,1.46,1.46,1.46,0,0,9.391,10.31
potr.txt_10941,2.632,1.316,0.658,0.658,0,2.632,0,0,3.29,4.606,0.658,0,0,0.658,0,1.316,2.632,0.658,0,0,7.022,8.07
potr.txt_7247,0,0,0,0,0,9,0,0,0,0,0,0,0,9,0,0,0,0,0,3,10.231,5.423
potr.txt_8593,0.663,3.981,0,0.663,0.663,3.317,0,1.327,0,1.327,0,0.663,0,1.327,1.99,0.663,0.663,0.663,0,1.99,8.739,7.838
potr.txt_10595,2.568,0,0,0,0.642,0.642,0,0.642,5.778,3.21,0,0,0,0,0,0,0,1.284,0,0,8.969,13.277
potr.txt_5459,1.428,0,1.428,0,2.856,1.428,0,4.283,1.428,1.428,0,0,0,0,0,1.428,0,0,0,0,10.001,11.001
potr.txt_731,0.985,0,0,0,0.985,6.898,0,0.985,1.971,4.927,0,0,0,0,0,1.971,1.971,1.971,0,0,6.224,8.167
potr.txt_10453,3.701,0,0,0.925,0,0,0.925,1.85,0.925,0,0,0,0,0.925,1.85,0,0.925,0.925,0.925,0.925,9.395,12.799
potr.txt_9391,0,0,4.19,1.048,3.143,2.095,0,0,3.143,1.048,1.048,1.048,1.048,1.048,0,0,0,0,0,0,8.745,8.791
potr.txt_581,1.795,0,2.692,1.346,0,0.449,0.449,1.795,0.897,1.795,0,0.897,2.243,0,1.346,0.449,0.897,0.449,0.449,0.897,8.266,9.284
potr.txt_9963,1.349,2.698,0.899,0,0.899,1.349,0.45,0,1.798,0.899,0,0.899,0.45,0.899,1.798,2.248,0,1.798,0.45,0,7.902,9.61
potr.txt_1083,0,3.853,1.284,0,3.853,2.569,0,0,1.284,0,0,1.284,1.284,1.284,1.284,2.569,2.569,1.284,0,0,7.597,5.627
potr.txt_3459,0,0,0,0,0,0,0,0,0,0,0,0,0,0,4.96,0,0,0,9.919,0,6.311,15.78
potr.txt_10317,3.399,1.699,0,0,0.85,1.699,0,1.699,4.248,2.549,0,0,0.85,0,0,0.85,0,2.549,0,0,6.888,9.269
potr.txt_9419,2.113,0,1.057,0,1.057,1.057,0,1.057,3.17,2.113,0,2.113,0,0,0,0,0,4.227,0,0,6.934,11.49
potr.txt_12001,0.96,0,0,0.48,0.48,2.4,0.48,0.96,2.88,1.44,0.48,1.44,0.96,0,1.44,1.44,0.48,0.48,0,0.96,7.575,11.061
potr.txt_6369,4.684,3.123,0,0,0,1.561,1.561,1.561,0,0,1.561,1.561,1.561,0,1.561,0,4.684,1.561,0,0,6.618,6.248
potr.txt_11213,0.418,3.344,0.418,1.672,1.254,0.836,1.254,0,1.254,0,0,1.254,0.836,1.254,2.09,2.09,1.254,0.836,0,0.418,7.968,8.115
potr.txt_10441,25.961,0,0,0,0,0,0,0,0,25.961,0,0,0,0,0,0,0,0,0,0,4.196,0
potr.txt_1853,1.057,2.115,0,0,0,6.343,0,2.115,1.057,5.286,0,0,0,0,1.057,2.115,0,1.057,0,0,5.607,9.12
potr.txt_7883,0,1.402,0,0,0.701,0.701,0,0.701,2.102,0,0.701,0.701,1.402,1.402,2.803,0.701,0.701,1.402,0.701,0,10.11,10.38
potr.txt_7823,0.901,2.704,0,0.901,0,2.704,0,0,1.803,0.901,0,3.605,0.901,0.901,0.901,1.803,0.901,0.901,0.901,0,6.583,9.292
potr.txt_8441,1.169,0.584,1.169,0,0.584,1.753,0.584,1.753,1.169,1.753,0,0,2.337,0,1.753,0.584,0.584,0,0.584,0,11.934,8.264
potr.txt_8661,0,0,0.826,0,0,7.435,0,1.652,1.652,6.609,0,0.826,2.478,0,0,1.652,1.652,1.652,0,0,5.349,6.673
potr.txt_1749,0,3.314,1.657,1.243,0.828,1.243,0.828,0.414,2.071,1.243,0,1.657,0.828,0,1.657,1.243,0.828,0,0.414,0,8.532,8.432
potr.txt_11799,2.812,2.812,0.469,0.937,0.469,3.28,0.469,0,0.469,0.937,0,1.874,0,0,0.469,1.406,0.937,1.406,0.937,0.937,8.017,7.95
potr.txt_779,2.385,0,0,1.59,0,0,0,0,3.975,1.59,1.59,0,0,0.795,0.795,1.59,0,0,0.795,0.795,11.097,9.663
potr.txt_747,1.656,4.139,0.828,0.828,0.414,0.414,0.414,0.828,3.311,0.828,0,0.414,0.828,0,0.828,1.242,1.242,0.828,0.414,0,7.609,9.373
potr.txt_3517,0,0,0,0,0,0,0,0,0,0,0,0,0,0,3.346,0,0,0,6.692,0,16.813,14.011
potr.txt_7791,0,0,0,0,0.65,1.951,0,1.951,0.65,0,0,0,1.301,0.65,3.251,0.65,1.301,0,0.65,0,12.654,12.268
potr.txt_10865,0.836,0,0,0.836,0.836,2.509,0,0.836,1.673,0.836,0,0.836,0,0,0,0,0,0.836,1.673,0,11.418,15.831
potr.txt_5125,0.888,0,0.888,0,0.888,0,0,1.777,1.777,0,0,0,0,0.888,2.666,0,0,0.888,0,0,13.273,16.128
potr.txt_3247,0,0,0,0,0,0,0,2.851,2.851,0,0,0,0,2.851,2.851,0,0,0,0,0,11.346,16.504
potr.txt_8397,1.517,0,0,0,0.759,3.035,0,0,2.276,6.828,0,0,2.276,2.276,0.759,0.759,0,0,0,0,7.616,8.463
potr.txt_1355,0,2.248,0,0,0,6.745,0,3.373,2.248,3.373,1.124,1.124,0,0,0,1.124,0,2.248,0,0,6.107,7.634
potr.txt_3047,0,0,0.702,0.702,1.404,0.702,0.702,1.404,2.105,0.702,0,0,0,1.404,0.702,0,0,1.404,0.702,0,11.669,13.887
potr.txt_8237,2.502,0,0.625,1.251,0,0,0.625,1.251,0,1.876,0,0.625,0.625,0.625,2.502,0.625,0.625,0,0,2.502,9.406,10.912
potr.txt_8253,1.401,1.401,0,0.701,0,2.803,0,2.102,2.102,2.102,0,0.701,0,1.401,0.701,0.701,2.102,0,0,0,8.278,9.886
potr.txt_9889,0.924,0,0,0,1.848,3.695,3.695,3.695,0,2.772,0,0,0,0,0.924,0.924,0,2.772,0,0,7.305,8.15
potr.txt_6385,0.811,0.811,0,0,0.811,3.245,0,0,2.434,0.811,0,0,0.811,0,1.623,0,0,0.811,0.811,0,11.811,13.154
potr.txt_2245,0,0,0,0.961,1.922,1.922,0,2.883,1.922,0.961,0,0,0,0,0,0.961,0,0,0.961,0,11.011,14.791
potr.txt_1303,0.339,0.679,0.679,0.679,1.018,3.055,0.339,2.036,2.715,0.679,0.339,0.339,0,0,0.339,0.679,0.339,1.358,0,0,10.373,10.747
potr.txt_9589,0,1.888,0,0,0,0,0,1.888,0,0,0,0,0,0,3.775,0,0,0,3.775,0,8.485,19.518
potr.txt_11843,0,0,0,0,0,0,0,0,4.969,3.727,0,0,2.485,0,0,0,0,3.727,0,2.485,11.008,8.02
potr.txt_7165,0,0,0,0,2.416,2.416,1.208,0,2.416,4.833,2.416,1.208,0,0,0,1.208,1.208,1.208,0,2.416,6.822,7.363
potr.txt_10863,2.923,0,0.487,0.487,0.974,2.436,0.487,0.974,3.41,0.487,0.487,0.974,0,0,0.974,0.974,0.974,3.41,0,0,7.379,8.718
potr.txt_5,1.101,0,1.101,1.101,1.101,1.101,0,4.406,2.203,1.101,0,0,0,0,0,1.101,0,0,0,0,9.073,13.808
potr.txt_3739,0,0,0,0,0,0,0,0,0,0,0,0,0,0,8.85,0,0,0,3.54,0,19.988,5.995
potr.txt_5467,2.102,0,0,0,2.102,1.051,0,0,1.051,2.102,0,0,0,0,1.051,1.051,0,2.102,1.051,0,9.304,14.558
potr.txt_1295,2.14,1.426,1.426,0,0,2.14,0,1.426,2.853,2.853,0.713,0.713,0,0.713,0,4.279,0.713,2.14,0,0,6.405,7.384
potr.txt_1017,0,0,0,0,3.207,0,0,3.207,3.207,1.603,0,0,3.207,0,0,0,3.207,3.207,0,0,5.382,10.401
potr.txt_7105,0,0,0.633,0.633,0,0,0.633,0.633,1.266,2.533,0,0.633,0,0.633,1.9,0,0,0.633,1.266,0,12,15.86
potr.txt_10735,4.237,0,0,0,4.237,2.119,0,0,0,2.119,0,0,6.356,0,2.119,0,2.119,0,0,0,7.478,6.467
potr.txt_6841,0.715,0.715,0,0,0.715,2.145,0,0,2.145,0.715,0,0.715,0.715,0,2.145,0.715,0,0.715,0.715,0,13.743,11.407
potr.txt_9219,1.146,3.056,0.382,0.764,0.764,1.91,1.146,0,1.146,0.764,0,2.292,0,0.382,1.146,0.764,1.528,0,1.146,0.382,8.55,9.118
potr.txt_377,1.248,3.744,0.624,0,0.624,2.496,0.624,1.248,2.496,0.624,0,0.624,0.624,1.248,0.624,1.872,1.248,0.624,0,1.872,7.726,6.811
potr.txt_8449,1.179,0,0,0,0,1.573,0.393,1.573,1.179,1.179,0,0,0,0,2.359,0,0.393,0.786,0,0.393,12.392,16.266
potr.txt_9103,1.727,0,0.345,0.691,0.345,2.419,0,0.691,1.037,1.037,0,0.345,1.037,2.073,1.382,0,0.345,1.382,0.691,0,9.668,11.536
potr.txt_3975,1.703,0,0,0,1.703,0,0,0,1.703,0,1.703,0,0,0,1.703,0,0,1.703,1.703,0,16.244,10.6
potr.txt_11313,2.331,2.331,0,2.331,0,9.322,0,0,0,0,0,4.661,4.661,4.661,0,0,0,2.331,0,0,3.511,5.642
potr.txt_1069,4.451,1.113,0,0,0,4.451,0,1.113,2.226,2.226,0,2.226,0,0,0,0,2.226,1.113,1.113,0,7.823,6.863
potr.txt_4735,0,0,0,0,0,1.308,0,0,5.233,2.616,0,0,0,0,0,0,0,3.925,1.308,0,10.498,12.278
potr.txt_4483,0,0,0,0,9.455,0,0,0,0,9.455,0,0,9.455,0,0,0,0,9.455,0,0,3.575,3.807
potr.txt_2767,1.281,0.854,0,0.427,0.427,2.562,0.427,0.854,0,1.281,0,0,0.854,0,4.27,0,0,0.854,0,0,11.591,11.625
potr.txt_2323,1.963,0,0,0,0.982,1.963,0,1.963,2.945,2.945,0,0.982,0,0,0,1.963,0.982,1.963,0,0,7.585,10.148
potr.txt_2645,1.069,0,0,0,3.209,1.069,0,2.139,3.209,3.209,0,0,1.069,0,0,2.139,0,1.069,0,0,8.196,10.004
potr.txt_6085,0,0,3.549,1.183,1.183,1.183,1.183,0,1.183,3.549,0,1.183,1.183,0,1.183,0,0,0,0,1.183,11.666,6.984
potr.txt_4053,0,0,0,1.425,2.849,0,0,0,2.849,2.849,0,0,0,0,1.425,0,0,0,0,0,11.474,16.387
potr.txt_6699,0,0,0,0,2.026,0,0,0,4.727,1.351,0,0,0,0,1.351,0.675,0,1.351,0,0,11.106,16.587
potr.txt_5691,0,4.173,0,0,0,4.173,0,0,1.391,0,0,0,0,2.782,2.782,2.782,0,0,0,0,10.768,7.533
potr.txt_7087,0,5.817,0,0,0.97,1.939,0,0,0,0.97,0,0,0,0,4.848,0,0,1.939,0,0.97,7.84,11.122
potr.txt_11811,3.727,2.795,0.466,0.932,0.466,2.795,0.466,0,0.466,0.932,0,1.397,0,0,0.466,1.397,0.932,1.397,0.932,0.932,7.801,8.267
potr.txt_4379,0,0,0,0,0,0,1.447,0,2.893,5.786,0,0,0,0,2.893,0,0,0,1.447,0,12.806,9.864
potr.txt_9593,0,1.902,0,0,0,0,0,0,0,1.902,0,0,0,0,3.803,0,0,0,3.803,0,8.356,19.48
potr.txt_2935,0,0,0,1.214,1.214,1.214,4.857,0,3.643,0,0,0,0,0,2.428,1.214,0,0,0,1.214,8.827,10.635
potr.txt_5201,0,0,0,0,0,0,0,0,5.646,2.823,0,0,2.823,0,0,0,0,2.823,0,2.823,14.287,5.243
potr.txt_3755,0,0,0,0,0,0,0,0,0,0,0,0,0,0,8.294,0,0,0,3.318,0,9.8,17.637
potr.txt_5337,1.696,0,0,0,1.696,0,0,0,0,0.848,0,0,0,0,3.392,0,0,0.848,2.544,0,11.881,16.742
potr.txt_21,2.087,0,1.043,0,1.043,3.131,1.043,4.174,2.087,1.043,0,0,0,0,0,1.043,0,1.043,0,0,7.414,11.242
potr.txt_4767,1.738,0,0,1.738,1.738,1.738,1.738,0,1.738,3.476,0,0,1.738,0,0,1.738,0,0,0,1.738,8.668,8.619
potr.txt_2681,0.74,0,0.74,0,0.74,0.74,0,1.48,1.48,0.74,0,0,0,0.74,2.22,0,0,0.74,0,0,13.183,16.896
potr.txt_3999,5.67,0,0,2.835,0,0,0,0,2.835,0,0,0,0,5.67,0,0,0,2.835,0,0,8.2,8.429
potr.txt_3725,0,0,0,0,0,0,0,0,0,0,0,0,0,0,8.563,0,0,0,3.425,0,14.843,11.875
potr.txt_3023,0,0,0,0,1.568,1.568,0.784,0.784,2.352,0.784,0,0,0,0.784,0.784,0,0.784,0.784,0.784,1.568,12.524,11.873
potr.txt_2279,2.728,2.728,0.455,0.455,0,1.364,0.909,0.455,2.274,1.819,0,1.364,0,0,2.274,0.455,0.455,1.819,0,0.455,7.738,8.748
potr.txt_7907,0,8.408,0,0,3.153,3.153,0,0,2.102,0,0,1.051,1.051,1.051,3.153,0,0,1.051,0,0,7.563,5.808
potr.txt_3301,0,0,17.182,0,0,0,0,0,0,0,0,0,0,0,0,0,0,0,0,5.727,5.687,8.531
potr.txt_6129,1.603,0,0,0,0,0,0,0.801,4.808,1.603,0,0.801,0,0,0.801,0,0,0,1.603,0,12.714,13.943
potr.txt_5191,0,0,0,0,0,0,0,0,5.794,2.897,0,0,2.897,0,0,0,0,2.897,0,2.897,14.144,4.894
potr.txt_8839,0.997,0,1.496,1.496,0,0.997,0,0.499,1.496,1.496,1.496,0.499,0.499,2.993,1.995,0,0.499,0,0,0.499,8.919,10.589
potr.txt_3703,0,0,0,0,0,0,0,0,0,0,0,0,0,0,5.052,0,0,0,3.789,0,17.847,16.063
potr.txt_10101,2.576,2.576,0,0,0,0,0,2.576,5.151,7.727,0,0,0,0,2.576,0,0,0,0,0,5.794,8.236
potr.txt_3393,0,0,0,0,0,0,0,1.988,3.975,0,0,0,0,0,0,0,0,0,3.975,0,12.447,18.616
potr.txt_11103,0,0,0,0,0,2.376,0,0,5.544,6.336,0,0,0,0,0,0,0,0,0,0,9.586,13.384
potr.txt_11367,1.29,3.441,2.151,0.43,0.86,1.72,0,0.86,2.151,0.43,0.43,0.43,1.72,1.29,0.43,0,1.29,0.86,0.43,1.29,7.424,7.831
potr.txt_11429,1.462,2.923,0,0,4.385,0,0,0,2.923,8.769,0,0,4.385,0,0,2.923,0,1.462,0,0,4.224,6.374
potr.txt_6881,8.722,0,0,0,1.744,1.744,1.744,1.744,1.744,3.489,0,0,1.744,1.744,0,0,5.233,1.744,0,0,5.475,4.17
potr.txt_1165,0.659,0.659,0.659,0.659,0.33,2.637,0,2.966,2.637,0.659,0.33,0.659,0,0,0.659,0.33,0.33,0.989,0,0,10.585,11.125
potr.txt_7255,0,0,0,4.774,0,7.162,0,0,0,0,0,0,0,9.549,0,0,0,0,0,2.387,8.449,5.117
potr.txt_8257,1.289,0.644,0,0,0,4.511,0.644,2.578,0.644,0.644,0,0.644,0,0.644,1.289,0,0,2.578,0.644,0,12.064,7.673
potr.txt_5455,1.463,0,1.463,1.463,2.926,1.463,0,1.463,2.926,1.463,0,0,0,0,0,1.463,0,0,0,0,10.813,9.708
potr.txt_2639,5.163,2.581,0,0,2.581,0,0,0,0,5.163,0,0,0,0,0,0,0,7.744,2.581,0,5.214,7.159
potr.txt_7605,3.192,0,0.798,0,1.596,1.596,0,0.798,3.99,0.798,0,1.596,0,0,0,0,0,1.596,0.798,0,9.644,10.093
potr.txt_12065,0,0,0,0,0,1.531,0,1.531,3.062,3.062,0,0,0,0,1.531,0,1.531,0,0,0,12.145,14.092
potr.txt_1087,1.305,0,0,0.652,0.652,4.568,0,0.652,2.61,2.61,1.305,0,0.652,0.652,0.652,0.652,0.652,0.652,0,0,8.545,9.565
potr.txt_1039,0.765,0,0,0,1.531,0.765,0.765,0.765,2.296,3.062,0.765,0,0.765,0.765,3.062,0.765,1.531,0.765,0,0.765,8.508,8.765
potr.txt_7587,1.099,1.099,0,0,0,6.594,1.099,2.198,1.099,5.495,0,0,0,0,1.099,2.198,0,1.099,0,0,5.927,8.173
potr.txt_2271,0,0,0,0,1.392,1.392,0,4.177,0,5.569,0,0,1.392,0,2.785,0,0,1.392,0,0,6.014,12.27
potr.txt_10027,1.385,0,0,0,1.385,2.077,0,0,0.692,2.077,0.692,0,0.692,0.692,2.077,2.077,0,0,0,0.692,14.829,7.732
potr.txt_3371,0,0,0,0,0,0,0,0,0,0,0,0,0,0,0,0,0,0,95.238,0,0,0
potr.txt_1111,0,2.608,0,0.435,1.304,1.304,0,0.869,0,0.435,0,0.869,0,0,3.912,1.739,0.435,0,0,0.435,11.628,11.215
potr.txt_6351,0.925,0,0.925,0,0.925,2.775,0,1.85,0,1.85,0,0,0,0,1.85,0.925,0,2.775,0,0,8.169,14.031
potr.txt_4215,0,3.014,0,0,0,1.507,0,0,1.507,0,0,1.507,0,0,3.014,0,0,3.014,0,0,9.688,14.33
potr.txt_8143,2.281,0,0,0,1.52,1.52,3.041,3.041,1.52,1.52,0,0,1.52,0,2.281,0,0,0,0.76,0,7.728,9.669
potr.txt_5481,2.515,0,0,0,2.515,1.257,0,0,2.515,2.515,0,1.257,0,0,0,0,0,2.515,1.257,0,6.917,13.296
potr.txt_9239,5.654,0,0,0,0,0.628,0,0,3.769,3.769,0,0.628,0,0,0,0,0.628,1.885,0.628,0,7.899,10.915
potr.txt_2397,0,1.071,0,0,0,2.142,0,0,2.142,2.142,1.071,1.071,1.071,1.071,1.071,0,0,0,2.142,1.071,12.158,8.401
potr.txt_7319,0.993,0,0,0,0.993,2.978,0,1.985,3.971,4.963,0,0.993,0,0,0,1.985,0,0,0,0,7.315,10.218
potr.txt_6555,0,0,0,0,0,0.64,0,1.279,1.919,1.279,0,0.64,0,0,1.279,0,0,0.64,2.558,0,15.476,14.891
potr.txt_11983,0,0,0,0,0,0,0,5.945,1.982,0,0,0,0,0,3.963,0,0,0,0,0,25.694,1.206
potr.txt_7829,2.106,0.702,0.702,0,0.702,2.808,0,0,2.106,1.404,0,0,0,0,0.702,1.404,0,1.404,0.702,1.404,9.887,10.568
potr.txt_2303,0,0,0.514,1.028,1.542,1.028,0,1.542,3.084,1.028,0,0,0,0.514,1.542,0.514,0,0.514,0,0,10.803,14.383
potr.txt_8769,1.066,1.066,1.066,0.533,0.533,1.599,0,1.599,3.198,1.599,0,1.066,0.533,0,0.533,1.066,0.533,2.132,0.533,0,9.411,8.321
potr.txt_5431,1.498,0,0,0,2.247,0,0,0,2.247,0.749,0,0,0.749,0,1.498,0,0,0,0.749,0,14.192,17.361
potr.txt_8001,1.457,0,0,0.728,0.728,0.728,1.457,2.185,2.914,2.185,0,2.185,0,1.457,0,0,0,1.457,0,0,8.127,10.803
potr.txt_487,0,1.887,0,0,0.944,5.662,0,0.944,2.831,3.775,0.944,0,0,0,0,0.944,0,1.887,0,0,7.189,9.464
potr.txt_8463,0.438,0.876,0,0,3.065,0,0,0.438,3.065,0,0,0,1.314,0,1.314,0.876,0.438,0,0.438,0,10.588,15.628
potr.txt_1693,0.788,3.939,2.363,0,0,0,0,1.576,1.576,3.151,0.788,0.788,1.576,1.576,0.788,0.788,0.788,2.363,0,0,6.945,7.318
potr.txt_6269,0,0,0,0.937,0,0,0,0,1.875,0,0,0,0.937,0.937,2.812,0,0,6.562,0,0,11.423,11.837
potr.txt_5047,0,0,0,1.324,1.324,0,1.324,1.324,1.324,1.324,0,0,0,1.324,2.649,2.649,0,1.324,0,0,9.841,10.926
potr.txt_1359,0,1.763,0,0,0,5.29,0,1.763,1.763,3.527,0.882,0,0,0,0.882,0.882,0,1.763,0,0,8.139,9.729
potr.txt_3507,0,0,0,0,0,0,0,0,0,0,0,0,0,0,8.4,0,0,0,4.2,0,18.079,7.535
potr.txt_11455,0.935,0,0.935,0,1.87,0,0,3.74,4.675,0.935,0,1.87,0,0,0,0.935,0,0,0,0,8.268,12.496
potr.txt_4999,0,0,0,0,0,0,0,0.99,0.99,0.99,0,0,1.98,0,2.969,0,0,0,3.959,0,13.534,13.391
potr.txt_2873,0,0,0,0,0,3.522,1.761,0,6.164,0,0,2.642,0,0,0,0,0,0,3.522,0,10.545,8.247
potr.txt_4817,0,0,0,0,2.282,1.141,0,0,5.704,3.422,0,0,0,0,0,0,0,0,0,0,9.978,15.725
potr.txt_1719,0,0,0,1.491,1.491,0,1.491,1.491,0,2.982,0,0,0,1.491,2.982,2.982,0,1.491,0,0,9.401,9.099
potr.txt_11465,3.206,0,0.801,0,0.801,3.206,0,3.206,1.603,1.603,0,2.404,1.603,0.801,0,3.206,2.404,1.603,0,0.801,6.114,5.469
potr.txt_10287,0.675,1.35,0,0,0.675,0.675,0,0.675,0.675,0,0,0,0,0,3.374,0.675,0,0.675,0.675,1.35,14.92,12.791
potr.txt_3597,0,6.371,0,0,0,0,0,0,6.371,0,0,0,0,0,6.371,0,0,0,0,0,7.382,9.912
potr.txt_8607,1.334,0,0,0,1.334,0.667,1.334,2,2,0.667,0,1.334,1.334,2.667,2.667,1.334,0,1.334,0,0,6.43,10.059
potr.txt_9479,7.649,0,0,0.765,0,3.06,0,1.53,3.06,2.295,0,0,0,1.53,0,0.765,0.765,0,0.765,0,7.094,7.648
potr.txt_9717,1.378,0,0,0,0,1.378,1.378,4.134,4.134,2.756,0,1.378,0,0,0,0,0,0,0,0,7.541,12.449
potr.txt_6753,0,4.084,0,0,0.681,1.361,0,0,0,0,0,0,0,0,3.404,0,0.681,2.042,0,0,10.542,15.687
potr.txt_265,0,3.919,0,0,1.96,0,0,3.919,0,0,1.96,0,3.919,0,1.96,0,1.96,0,0,1.96,6.991,8.224
potr.txt_7659,4.778,0,0,0,0,2.389,0,0.796,3.982,2.389,0,0.796,0,0,0,0,0,0.796,0.796,0,8.773,11.003
potr.txt_6973,0,0,0,0,0.613,0.613,0,1.226,4.29,1.839,0,0.613,0,0,0,0,0,0,1.839,0,10.791,17.816
potr.txt_6393,0.792,0,0.792,0,0,1.584,0,0,0,2.377,0,0,0,0,3.961,0,0,1.584,0.792,0.792,12.944,12.538
potr.txt_839,6.25,0,1.25,0,0,2.5,0,3.75,2.5,1.25,0,0,0,0,0,0,0,0,0,0,8.806,10.104
potr.txt_11943,0,0,0,0,1.319,3.958,0,1.319,2.638,5.277,1.319,0,0,0,0,0,0,1.319,0,0,8.305,10.988
potr.txt_10661,1.739,0,1.739,0,0.87,5.217,0,2.609,1.739,1.739,0,0,0.87,0.87,0,0.87,0,2.609,0,0,6.815,8.946
potr.txt_7697,1.894,1.894,0,0,1.894,0.947,0,0.947,2.841,3.788,0,0,0,0,0.947,0,1.894,1.894,0,0.947,7.052,9.538
potr.txt_3615,7.14,0,0,0,0,0,0,0,0,0,0,7.14,0,0,0,0,7.14,14.281,0,0,4.078,3.972
potr.txt_10535,5.119,0,0,0,1.024,0,0,0,6.143,3.072,0,0,0,0,0,0,0,0,0,0,8.574,12.875
potr.txt_6535,0,0,0,0,0,1.321,0,1.321,2.641,0.66,0,0.66,0,0,1.321,0,0.66,0.66,1.321,0,13.116,16.498
potr.txt_3005,0,0,0,0,0,0,0,0,0,5.419,0,0,0,0,5.419,0,2.71,0,1.355,0,8.558,13.5
potr.txt_7951,0.661,0,0,0,0.661,0.661,0.661,1.983,3.965,2.644,0,0.661,0,0,0.661,0.661,0,0,0,0.661,11.065,12.468
potr.txt_7493,0,0,0,0,0,1.925,0,0,0,0,0,0,0.642,0,3.849,0,0,0,2.566,0.642,14.182,17.654
potr.txt_7835,1.161,0,0,0,0.581,0.581,0,1.742,0.581,0.581,0,0.581,0.581,0,2.323,0,0.581,2.323,0.581,1.161,11.022,13.329
potr.txt_7163,0,0,0,0.819,1.637,1.637,0,2.456,2.456,3.275,0,0,0,1.637,0.819,0,0,0,0,0.819,9.331,11.864
potr.txt_927,1.629,0,0.814,0,3.258,2.443,2.443,0,2.443,1.629,0,0,1.629,0.814,0,2.443,2.443,0.814,0,0.814,8.139,5.594
potr.txt_5595,1.193,0,0,0,0,1.193,0,0,1.193,0,1.193,1.193,0,1.193,5.964,0,1.193,0,0,1.193,10.784,10.473
potr.txt_4503,0,0,0,0,0,1.431,0,1.431,2.862,5.724,0,0,0,0,0,0,1.431,0,1.431,0,10.02,12.873
potr.txt_4057,0,0,0,0,0,0,0,0,8.271,0,0,0,0,0,6.203,0,0,0,2.068,0,9.07,10.914
potr.txt_10271,0.712,2.85,0,0,0.712,0.712,0,0.712,0.712,0,0,0,0,0,3.562,0,0,0.712,0,1.425,12.832,13.655
potr.txt_3747,0,0,0,0,0,0,0,0,0,0,0,0,0,0,5.052,0,0,0,3.789,0,17.847,16.063
potr.txt_1377,1.618,1.618,0.809,0,2.427,2.427,0,0,2.427,0.809,0,0,0.809,0,0.809,0,0,0,0,0,9.923,13.805
potr.txt_10095,1.725,0,0.863,6.039,0,0,0,1.725,0.863,1.725,0.863,0,1.725,0,1.725,1.725,0.863,0.863,0,0,9.087,6.808
potr.txt_4405,1.936,1.936,0,1.936,1.936,1.936,1.936,0,3.871,1.936,0,0,0,0,0,1.936,0,0,0,0,10.039,7.029
potr.txt_1841,0.515,3.092,0,0,0.515,3.092,1.031,1.546,1.546,0.515,0,1.031,0.515,1.031,2.061,1.031,1.031,0,0,1.031,7.158,9.706
potr.txt_6457,2.018,0,0,0,0,1.009,0,0,4.036,4.036,2.018,0,0,0,0,0,2.018,0,1.009,0,8.3,12.161
potr.txt_8599,2.023,1.349,1.349,0,1.349,3.371,0,1.349,3.371,2.697,0.674,0.674,0,0,0,0.674,0.674,0.674,0,0,8.031,8.266
potr.txt_8705,1.061,2.121,2.121,0.53,0,0.53,0.53,0.53,1.061,1.061,0,0,0.53,1.591,2.121,1.061,0.53,1.591,0,0.53,10.55,8.36
potr.txt_1807,4.979,0,1.245,0,1.245,2.49,0,2.49,2.49,1.245,0,0,1.245,0,0,0,0,0,0,0,9.353,9.636
potr.txt_253,1.16,3.481,0,2.321,1.16,1.16,1.16,0,2.321,0,0,2.321,2.321,0,1.16,3.481,2.321,0,0,0,7.114,6.133
potr.txt_4631,1.973,0,0,0,0.987,0,0,1.973,0,1.973,0,0,0,0,3.947,0,0,0,0,0,18.967,10.02
potr.txt_6363,0.768,0,0,0,2.305,0,0,0,3.842,1.537,0,0,0.768,0,0.768,1.537,0,0,0.768,0,11.834,14.319
potr.txt_1371,2.848,1.424,1.424,0,0.712,0.712,0,0.712,3.56,2.136,1.424,2.136,0,0,0,0,2.136,1.424,0,0,8.351,7.59
potr.txt_9257,0.745,0,0,0,2.235,0,0.745,0.745,5.214,2.235,0,0,0.745,0,0,0,0,0,0.745,0,11.444,12.822
potr.txt_8741,3.5,0,0,1,0.5,3,0,0,3.5,2.5,0,0.5,0.5,0,0.5,0,0,1.5,0,0,7.817,11.642
potr.txt_10311,0,2.86,0,0,0.715,1.43,0,0.715,0.715,0,0,0,0,0,3.575,0,0,0.715,0.715,0.715,14.55,11.856
potr.txt_4029,0,0,0,0,2.184,0,0,0,2.184,2.184,2.184,0,0,0,2.184,6.553,0,0,0,0,12.05,6.89
potr.txt_6961,2.152,0,0,0,2.152,2.152,0,3.229,0,2.152,0,3.229,0,0,1.076,3.229,0,0,0,0,7.594,9.46
potr.txt_8049,2.788,0,0,0,2.788,0.929,0,0.929,3.717,4.646,0,0,1.858,0,0,2.788,0.929,0.929,0,0,6.538,8.116
potr.txt_7507,0,0,0,0,0,1.708,0,0,0,0,0,0,0.569,0,3.416,0,0,0,2.277,0.569,16.059,18.711
potr.txt_8745,0,0,0.55,0.55,0,1.101,0,3.302,4.403,1.651,0,2.752,0.55,0,1.651,0.55,0.55,1.101,0,0,7.87,9.805
potr.txt_8155,0,1.599,0,0,0.8,2.399,0,0.8,3.998,3.198,0.8,1.599,0,0.8,0,1.599,0,2.399,0,0,8.725,7.778
potr.txt_6279,0,0,0,0,4.48,4.48,0,0,0,4.48,0,0,0,4.48,0,0,0,4.48,0,0,5.608,8.973
potr.txt_1599,0.867,0,0,0,1.734,0,0,2.601,4.335,2.601,0,0,0.867,0,0,0.867,0,0.867,0,0,9.163,13.119
potr.txt_9019,0,0,0.431,1.294,1.294,1.726,0,0.431,0.431,0.863,0,0,3.02,3.02,1.294,0,0.431,0.431,0,3.02,8.979,9.731
potr.txt_3969,0,0,0,0,0,2.409,0,0,0,2.409,0,0,0,2.409,4.818,0,0,0,0,0,22.552,4.058
potr.txt_79,1.805,0,0,0,3.611,1.805,0,1.805,1.805,7.221,0,0,1.805,0,0,0,1.805,1.805,0,0,5.803,8.031
potr.txt_2941,0,0,0,0,1.554,0,0,2.072,0.518,0.518,0,0,5.181,0.518,3.108,1.036,0,0,2.072,0,10.115,9.827
potr.txt_6259,1.139,0,2.277,0,0,0,3.416,0,3.416,6.832,0,0,0,0,0,0,0,0,0,0,7.353,12.018
potr.txt_5075,0,0,1.841,0,0,1.841,0,0,3.683,0,0,0,0,1.841,11.047,0,0,0,0,1.841,7.488,7.318
potr.txt_8953,3.058,2.621,0.874,0,0.437,1.748,0.874,0.437,1.748,0.874,0,0.437,0.437,0,1.748,0.437,0.437,0.874,0.437,0,8.978,9.959
potr.txt_7519,0,0,0,0,0,2.071,0,0,0,0,0,0,0.518,0,3.106,0,0,0,2.588,0.518,15.736,18.286
potr.txt_1533,2.485,2.485,0,0,3.727,1.242,0,2.485,3.727,2.485,0,0,1.242,0,0,0,3.727,0,0,0,5.275,8.466
potr.txt_1149,0,3.351,1.257,0.838,0.838,1.676,0.838,0.419,1.257,1.257,0,2.513,0.838,0,2.095,0.838,1.257,0,0.419,0,8.906,7.861
potr.txt_7655,2.174,0,0.725,0,1.449,1.449,0,1.449,2.899,0.725,0,1.449,0,0,0,0,0,1.449,0.725,0,10.356,12.271
potr.txt_10993,0.996,0,0.332,0,0.332,1.328,0.664,0,1.66,0.996,0,0.996,0,0,1.992,0,0.332,0.996,0.996,0.664,11.374,14.796
potr.txt_1367,2.792,1.396,1.396,0,0.698,0.698,0,0.698,3.489,2.094,1.396,2.094,0,0,0,0,2.094,1.396,0,0,8.016,8.271
potr.txt_6145,2.493,0,0,0,0,1.247,0,0,3.74,4.986,2.493,0,0,0,0,0,2.493,0,0,1.247,6.91,10.779
potr.txt_7707,0.573,0,0.573,0,0,1.146,0,1.719,2.291,0.573,0,0.573,0,0.573,1.146,0,1.146,0.573,1.146,0,11.705,14.936
potr.txt_5857,0,0,0,0,0,0,0,0,5.131,3.849,0,0,2.566,0,0,0,0,3.849,0,2.566,13.941,4.486
potr.txt_11627,0.699,2.796,0,0,0,1.398,0.699,0,1.398,0,0,0,0.699,0,2.796,0,0,0,1.398,1.398,12.602,11.866
potr.txt_5207,0,0,0,0,0,5.846,0,8.769,0,14.615,0,0,2.923,0,0,2.923,0,0,0,0,3.124,5.137
potr.txt_9091,1.055,0,0.527,0,1.055,0.527,1.582,1.055,3.692,1.055,1.582,2.109,1.582,2.109,0.527,3.164,1.582,0,0.527,0,6.549,7.11
potr.txt_11981,0,0,2.429,0,4.857,0,0,0,0,2.429,0,2.429,2.429,0,0,0,0,2.429,0,4.857,6.567,8.417
potr.txt_3465,0,0,0,0,0,0,0,0,0,0,0,0,0,0,5.756,0,0,0,2.878,0,21.229,13.268
potr.txt_8383,5.188,0,0.741,0,0,1.482,0,1.482,0.741,1.482,0.741,2.224,0.741,0,0.741,2.224,0,1.482,0.741,0,7.429,9.053
potr.txt_9881,1.871,0,0,0,0,0.624,0.624,1.247,1.247,1.247,0,0,0,0,2.494,0.624,1.871,0,0.624,1.247,11.864,11.914
potr.txt_10629,3.89,0,0,0,2.917,0,0,0,3.89,2.917,0,0,0,0,0,0,0,0,0,0,10.728,13.212
potr.txt_4885,3.11,0,0,0,1.037,0,0,0,3.11,2.073,0,0,0,0,0,0,0,0,2.073,0,14.322,13.528
potr.txt_5895,1.541,0,0,0,1.541,1.541,0,1.541,3.082,6.164,0,1.541,0,0,0,0,1.541,1.541,0,0,5.86,10.605
potr.txt_8293,6.52,0,0,0,0,0,4.347,0,4.347,8.693,0,0,0,0,0,0,0,0,0,0,6.074,7.47
potr.txt_4185,2.178,0,0,0,0,2.178,0,0,6.535,4.356,0,0,0,0,2.178,0,0,2.178,0,0,7.467,9.376
potr.txt_1159,1.185,3.16,0.395,1.185,0.395,2.37,0.79,0.79,1.975,0.395,0,0.79,1.185,0.395,0.79,1.58,0.395,0.395,0.395,1.185,7.792,8.92
potr.txt_3059,0,0,0.833,0,0.833,0,0.833,1.667,2.5,0.833,0,0,0,1.667,0.833,0,0.833,1.667,0.833,0,11.225,13.157
potr.txt_1499,2.879,1.919,0,0,1.919,0.96,0,2.879,3.839,2.879,0,0.96,1.919,0,0,0,0.96,1.919,0,0,5.976,8.157
potr.txt_11525,0,0,0,0,0,0,0,0,0,0,0,0,0,0,0,0,5.935,0,8.903,5.935,4.477,11.362
potr.txt_9357,0,2.053,0,1.027,0,5.133,0,1.027,3.08,5.133,1.027,0,0,0,0,1.027,0,2.053,0,0,6.431,8.784
potr.txt_1955,0,0,0,0.924,0.924,2.77,0,0,3.694,0.924,0,0,0.924,0,0,0.924,0,1.847,0,3.694,10.687,9.205
potr.txt_11689,1.666,4.165,0.833,0,0.416,3.749,0,0,0.833,0.416,0,0.416,0.416,1.666,1.666,1.25,0,0.416,0,0.833,9.063,8.581
potr.txt_10291,0.721,2.882,0,0,0.721,0.721,0,0.721,0.721,0,0,0,0,0,2.882,0,0,0.721,0.721,1.441,15.439,10.796
potr.txt_10315,2.114,2.819,0,0,0,0.705,0,0,0.705,0,0,0,0,0,3.524,0,0,0.705,0.705,0.705,13.643,13.086
potr.txt_12101,0,0,0,0,0,1.289,0,0,1.289,1.289,0,0,0,0,2.578,0,0,1.289,0,2.578,12.807,17.383
potr.txt_695,1.738,1.158,1.158,0,1.158,2.896,0,1.158,3.475,2.896,0,0.579,0,0,0,0.579,1.158,0.579,0,0,8.864,8.983
potr.txt_9685,0,0,0,0,0,2.134,1.067,2.134,2.134,2.134,1.067,0,0,0,1.067,0,0,0,1.067,0,10.056,15.206
potr.txt_5033,0,0,0,1.24,1.24,0,0,1.24,0,2.479,0,0,0,1.24,3.719,2.479,0,1.24,0,0,11.888,10.206
potr.txt_2437,0,0,0,0,0,0,0,1.299,0,1.299,0,0,0,0,2.598,0,0,0,5.197,0,10.105,19.894
potr.txt_11635,2.649,0,0.441,0.441,0,2.207,0,1.766,2.207,0.441,0,0.883,0,1.766,0.883,0,1.324,2.207,0.441,0,8.634,10.108
potr.txt_10003,0,1.83,0,0,0,1.83,0,1.83,2.745,0,0.915,0.915,1.83,0.915,2.745,1.83,0,0.915,0,0.915,6.802,10.396
potr.txt_5057,1.971,0,0,0,0,0.985,0,0,1.971,0,0,0,0,0,1.971,0,0.985,1.971,1.971,0,13.653,13.372
potr.txt_8325,2.523,0,0.631,0,0.631,3.784,0,0,1.261,3.784,0.631,0,0,0,2.523,0,0,0,0.631,0,9.952,10.204
potr.txt_2883,3.553,0,0,0,0,4.737,5.921,0,7.106,0,0,2.369,0,0,0,0,0,0,0,0,8.502,5.187
potr.txt_11069,0,0,0,0,2.468,0.411,0,0.823,4.936,0.411,0,0,0.823,0,1.645,0.411,0.411,1.645,0,0,10.464,12.908
potr.txt_935,0.387,3.095,0.387,0.387,0,2.321,0.387,0.774,1.935,1.161,0.774,0.387,0,0.387,1.548,0.387,1.935,0,0.387,1.161,8.718,9.878
potr.txt_6309,1.196,2.392,0,0,2.392,0,0,2.392,5.98,1.196,0,0,1.196,0,0,0,1.196,0,0,0,6.732,11.715
potr.txt_3215,0,0,0,0,0,0,0,0,0,0,0,0,0,0,0,0,0,0,95.238,0,0,0
potr.txt_5007,0,0,0,1.706,0,5.118,0,0,0,0,0,0,5.118,1.706,0,0,0,1.706,0,5.118,9.91,6.18
potr.txt_3183,0,0,0,0,0,0,0,0,8.34,0,0,0,0,0,0,0,0,0,4.17,0,25.772,0
potr.txt_10349,0,0,0,0,0,0,0,0,0,0,0,0,0,0,4.707,0,0,0,5.884,0,21.404,8.154
potr.txt_2567,0,0.686,0,0,0.686,0.686,0,0.686,0,2.058,0,0,0,0,3.431,2.058,0,0,0.686,0,10.503,18.219
potr.txt_5235,0,0,0,0,2.066,0,1.033,1.033,3.099,4.132,0,0,0,0,1.033,0,0,0,0,0,11.189,14.786
potr.txt_4323,1.204,0,0,0,1.204,0,0,0,3.613,0,0,0,0,0,2.409,0,0,0,2.409,0,20.439,8.578
potr.txt_4009,1.379,0,0,0,0,0,0,1.379,0,1.379,0,0,0,0,4.136,0,0,2.757,0,0,24.1,4.515
potr.txt_5495,0,0,0,0,3.893,0,0,7.785,0,0,0,0,0,0,0,15.57,0,11.678,0,0,3.462,3.597
potr.txt_2149,0,0,0,1.214,1.214,1.214,0.607,0,1.821,1.821,0.607,0.607,0,0,1.821,0.607,0,1.214,0,1.214,9.428,13.985
potr.txt_5971,0.996,0,0,0,0,0.996,0,0,4.981,6.974,0,0,0,0,0,0,0,0,0,0,9.977,13.453
potr.txt_3749,0,0,0,0,0,0,0,0,0,0,0,0,0,0,3.881,0,0,0,5.175,0,22.512,10.806
potr.txt_1615,0,0,0,0,0,17.071,0,0,0,8.535,0,0,8.535,0,0,0,0,0,0,0,3.469,5.119
potr.txt_2671,0.726,0,0.726,0,0.726,2.178,0,1.452,1.452,0.726,0,0,0,0.726,2.178,0,0,0.726,0,0,12.004,15.419
potr.txt_8009,1.317,0,0,0.659,0.659,0.659,0.659,1.975,1.975,1.975,0,1.317,0,1.317,0,0,0,1.317,1.975,0,9.403,11.476
potr.txt_8249,1.514,1.514,0,0.757,0,0.757,0,2.27,2.27,2.27,0.757,0.757,0.757,1.514,0.757,0.757,2.27,0,0,0.757,7.835,8.942
potr.txt_11939,0,0,0,0,2.139,3.208,0,1.069,3.208,3.208,1.069,0,0,0,0,0,0,0,0,0,10.645,12.852
potr.txt_11331,2.092,0.418,1.255,0,0.418,2.929,0.418,1.674,0.418,0.418,0.418,1.255,0.837,0.418,1.255,1.674,1.674,1.255,0.418,0,8.254,8.913
potr.txt_10229,3.572,0,0,0,0,0,0,0,3.572,5.954,0,2.382,0,0,0,2.382,1.191,1.191,0,0,6.547,9.736
potr.txt_513,1.849,1.849,0,0,2.774,0.925,0,1.849,3.699,1.849,0,0.925,1.849,0.925,0,1.849,0,2.774,0,0,5.461,8.614
potr.txt_2281,2.252,2.702,0.45,0,0,1.801,0.901,0.45,0.901,1.801,0,0.901,0.45,0,2.702,1.801,1.351,0,0.45,0.45,8.563,8.497
potr.txt_10059,0,0,0,0,0,0,0,0,1.536,1.536,0,0,0,0,4.608,0,0,0,6.144,0,8.784,14.833
potr.txt_1759,0.447,0.447,0.893,1.786,0.893,0,0.893,0.893,1.786,3.126,0,0.447,0.893,0.447,0.893,0.893,0,1.34,0,1.786,7.947,10.583
potr.txt_37,4.615,0,0,0.769,0.769,3.846,0.769,1.538,2.308,3.077,0,0.769,0,0,0,2.308,0,0,0,0,7.423,8.42
potr.txt_10977,0.422,2.53,0.422,0,1.687,1.687,0,0.843,2.109,1.687,0,0,0.422,0,1.687,2.109,0.422,0,0.422,0.422,9.189,10.419
potr.txt_3519,0,0,0,0,0,0,0,0,0,0,0,0,0,0,2.638,0,0,0,13.192,0,12.827,8.018
potr.txt_5965,1.188,0,0,0,0,2.375,0,0,4.751,5.938,0,0,0,0,0,0,0,2.375,0,0,8.144,11.741
potr.txt_8141,2.219,0,0,0,1.479,2.219,2.958,2.958,1.479,1.479,0,0,0.74,0,2.219,0,0,0,0.74,0,7.977,9.918
potr.txt_1617,1.775,0,0,0,1.775,5.326,0,1.775,1.775,8.877,0,0,0,0,0,1.775,0,0,0,0,6.082,8.019
potr.txt_5031,5.268,5.268,0,0,0,0,0,2.634,0,0,0,2.634,5.268,0,0,2.634,2.634,0,0,5.268,3.681,5.879
potr.txt_239,0,0,0,0,3.81,2.858,3.81,1.905,0.953,1.905,0,0.953,0,0,0,0.953,0,3.81,0,0.953,7.668,7.277
potr.txt_7367,0,0,0,0.806,0.806,0,0.806,1.612,5.641,1.612,0,1.612,0,0,0.806,0.806,0.806,0,0,0.806,10.3,10.193
potr.txt_3541,0,0,0,0,0,0,0,0,0,0,0,0,0,0,4.2,0,0,0,8.4,0,18.079,7.535
potr.txt_5385,0,3.417,1.139,0,1.139,1.139,1.139,0,0,0,0,0,0,0,3.417,1.139,0,0,1.139,1.139,9.629,12.559
potr.txt_5247,0,0,0,0,1.132,1.132,0,0,2.263,0,0,0,2.263,0,0,0,2.263,1.132,3.395,0,10.717,13.278
potr.txt_10897,1.475,1.475,2.213,0,0,2.213,0,2.95,3.688,1.475,0.738,0,0,0,0,0,2.95,1.475,0,0,8.141,7.797
potr.txt_1511,0,0.608,0,1.825,1.217,1.825,0,0.608,1.217,1.825,0,0,1.217,0,2.433,2.433,0.608,1.825,0,0,8.128,10.63
potr.txt_5159,1.108,1.108,0,0,1.108,0,0,0,1.108,0,1.108,1.108,0,1.108,3.325,0,0,1.108,1.108,0,12.702,11.738
potr.txt_3319,0,0,0,0,0,0,0,0,0,0,0,0,0,0,6.105,0,0,0,4.07,0,21.117,9.386
potr.txt_10117,2.607,1.303,1.303,0,0,2.607,1.303,1.303,1.303,1.303,0,1.303,0,0,0,0,0,0,0,2.607,10.398,9.126
potr.txt_3785,0,0,0,0,0,0,0,0,0,0,0,0,0,0,3.554,0,0,0,21.322,0,5.877,7.053
potr.txt_11411,1.163,4.651,2.326,0,0.581,1.163,0,2.326,1.744,2.326,0,1.163,2.907,1.744,0.581,1.744,0.581,0.581,0.581,0.581,6.294,5.558
potr.txt_4587,1.187,0,0,0,0,2.374,0,0,4.748,0,0,0,1.187,0,0,0,0,0,2.374,0,16.135,10.805
potr.txt_2711,0,0,0,0,0,0,0,0.99,0.99,0.99,0,0,1.98,0,2.969,0,0,0,3.959,0,13.534,13.391
potr.txt_8485,1.897,1.897,0,0,0,0,0,0,3.794,3.794,0,0,0,0,1.897,0,0,0,0,0,11.975,12.5
potr.txt_9549,3.258,0,1.629,0,0,0,1.629,4.888,1.629,1.629,0,0,1.629,0,0,1.629,0,1.629,0,0,7.534,9.358
potr.txt_1429,2.745,1.83,0,0,2.745,0,0,2.745,3.661,2.745,0,0.915,1.83,0,0,0.915,0.915,0.915,0,0,6.25,8.654
potr.txt_4227,0,0,0,0,0,0,0,0,0.966,0,0,0,0,0,2.897,0,0,0,4.828,0,16.423,17.913
potr.txt_1999,0.833,0,0,0,0.833,3.331,0,2.498,4.164,3.331,0,0.833,0,0,0,1.666,0,0,0,0,8.489,10.435
potr.txt_7157,0.776,0,0,0,0.776,0.776,0,2.327,3.879,3.103,0,0,0,0,0.776,0.776,0,0,0,0.776,10.111,13.293
potr.txt_11385,0,3.832,1.916,1.437,0,1.437,0,2.395,0.958,1.437,0,0.958,1.437,0,1.437,2.395,1.437,1.437,0,0.958,7.203,6.63
potr.txt_12069,0,0,0,0,0,1.966,0,0,3.932,7.865,0,0,0,0,1.966,0,1.966,0,0,0,5.215,13.487
potr.txt_5309,0,0,0,0,2.246,4.493,0,4.493,0,11.233,0,0,2.246,2.246,0,2.246,0,0,0,0,4.233,6.378
potr.txt_7729,0,1.955,0,0,0,1.955,1.955,0.978,0.978,3.911,0,0,0.978,0,0.978,4.889,0,0,0,2.933,7.788,7.462
potr.txt_185,0,2.824,0,0,0.706,0.706,0,0.706,1.412,0,0,0,0,0,2.824,0,0,0.706,0.706,1.412,13.684,13.005
potr.txt_943,0.402,2.414,0.402,0.402,0,1.207,0.402,0.805,0.805,0.402,0,0,0,0.402,2.816,1.207,0.805,0,0.805,0.402,10.365,13.476
potr.txt_367,2.239,3.359,0,0.56,1.12,1.68,0,0.56,0,0.56,0.56,0,0.56,0,2.239,0,0.56,0.56,0.56,1.68,9.432,10.259
potr.txt_2459,1.537,0,0,0,0,0,0,1.537,0,0.768,0,0,0,0,2.305,0,0,0,3.073,0,20.039,12.84
potr.txt_8877,2.881,0,0.412,0,0.412,2.469,0.823,0.412,2.469,0.823,0.412,0,0.412,0.412,1.646,1.235,0,0.823,0,0,10.993,10.093
potr.txt_10619,4.139,0,0,0,2.07,0,0,0,4.139,3.104,0,0,0,0,0,0,0,0,0,0,10.415,13.781
potr.txt_3707,0,0,0,0,0,0,0,0,0,0,0,0,0,0,6.98,0,0,0,2.792,0,9.255,22.212
potr.txt_5707,0,0,0,0,0,8.408,0,0,7.207,0,0,0,0,0,0,0,0,0,0,0,12.227,8.89
potr.txt_9739,5.571,0,0,0,0,1.393,1.393,0,2.786,2.786,0,1.393,0,0,0,0,0,0,1.393,0,9.477,10.308
potr.txt_799,0,3.847,0.641,1.282,1.282,4.488,0,0.641,1.282,1.282,0,0.641,0,0,0,1.282,2.565,0,0.641,1.282,7.843,7.683
potr.txt_3901,0,0,0,0,0,0,0,0,0,0,0,0,0,0,3.318,0,0,0,8.294,0,9.8,17.637
potr.txt_5785,0,0.663,0,0,0,0,0,1.327,2.653,0.663,0,0,0,0,1.99,0,0,1.327,0.663,0,12.087,20.614
potr.txt_3957,0,0,0,0,0,1.831,0,0,0,1.831,0,0,0,0,3.662,0,0,0,0,0,15.462,23.194
potr.txt_6101,0,0,0,0,0,0.752,0,0,6.015,3.008,0,0,0,0,0,0,0,0,1.504,0,11.073,17.026
potr.txt_8959,2.023,3.034,0,0.506,0.506,2.528,0,1.011,1.011,1.011,0,1.517,0.506,0.506,1.517,2.023,1.011,1.011,0.506,0,6.864,9.433
potr.txt_3731,0,0,0,0,0,0,0,0,0,0,0,0,0,0,6.314,0,0,0,2.526,0,17.847,16.063
potr.txt_2811,0,0,0,0,2.333,0,0,0,2.333,2.333,0,0,0,0,2.333,0,0,0,4.665,0,8.423,14.934
potr.txt_2555,0,0,0,0,1.784,1.189,0,1.189,4.162,1.189,0,0,0,0,0.595,0,0,0,0.595,0,10.932,18.379
potr.txt_11179,1.51,4.028,2.014,1.007,1.51,2.014,2.014,0,1.51,0,0,1.007,0,1.007,1.007,1.51,2.014,1.51,0,0,6.377,7.327
potr.txt_11679,0,0,0,1.023,0,0,0,1.023,1.023,1.023,0,0,2.046,0,2.046,0,0,0,5.114,0,14.756,9.69
potr.txt_951,3.333,1.666,0.833,0,0,2.5,0,0.833,2.5,4.999,0,0.833,0,0.833,0,4.999,1.666,2.5,0,0,5.238,6.216
potr.txt_6207,0,0,0,0,0.599,0,0,0,3.596,0,0,0,0,0,1.199,0,0,1.199,2.397,0,14.325,19.17
potr.txt_7225,1.858,0,0,0,0.929,3.716,0,3.716,3.716,1.858,0,0,0,0,0,0.929,0,0,0,0.929,8.88,9.872
potr.txt_2421,0.452,2.711,0,0,0.452,2.259,0.452,1.807,2.259,0.904,0,0.452,1.807,0.904,1.807,0,1.355,0.904,0,1.355,7.944,8.653
potr.txt_10251,0,0,0.812,0.812,0.812,1.624,0,2.436,2.436,2.436,0,0,0,0,1.624,0.812,0,1.624,0,0.812,9.184,11.16
potr.txt_10525,3.999,0,0,0,0.8,0,0,0,5.598,4.799,0,0,0,0,0,0,0,0,0,0,9.287,12.377
potr.txt_10401,3.546,0,0,0,7.091,0,0,0,3.546,0,0,0,0,0,0,0,0,0,0,0,15.442,7.638
potr.txt_2825,0,0,0,0,1.951,0,0,0,3.902,1.951,0,0,0,0,1.951,0,0,0,3.902,0,10.399,13.478
potr.txt_9037,0,2.356,0,0,1.178,1.964,0,0.393,0,1.178,0,0.393,1.178,1.178,2.356,1.571,1.178,0.785,0,1.571,10.543,8.607
potr.txt_4099,0,0,0,0,4.289,1.43,0,1.43,1.43,1.43,0,0,0,0,1.43,1.43,0,0,0,0,10.635,14.52
potr.txt_7755,1.759,1.759,0,0.879,0.879,0,0,0.879,5.277,1.759,0,0.879,0.879,0,0,0.879,0,2.639,0,0.879,8.081,8.993
potr.txt_10505,0,0,0,0,1.098,0,0,1.098,1.098,2.196,0,1.098,0,1.098,4.393,0,0,0,0,0,14.544,12.002
potr.txt_9267,0,0,0,0,1.593,0,0,0,3.981,3.185,0,0,0,0,1.593,0.796,0,0,0,0.796,11.745,15.054
potr.txt_7575,0,0,0,0,0.897,4.485,2.691,0.897,1.794,5.382,0.897,0,0,0.897,0,0,0,0,0.897,0,8.644,8.912
potr.txt_3205,0,0,0,0,0,0,0,0,0,0,0,0,0,0,5.463,0,0,0,5.463,0,28.831,0
potr.txt_3065,0,0,0,0,1.153,0,0,1.153,3.46,1.153,0,0,0,1.153,1.153,0,0,1.153,1.153,0,14.761,12.831
potr.txt_3651,0,0,0,0,0,0,0,0,0,4.79,0,0,0,0,3.593,0,0,0,0,0,16.014,19.217
potr.txt_8781,0.69,4.138,1.379,0,0.69,4.138,0,0.69,0,2.069,0,1.379,2.069,1.379,2.069,0.69,0,2.759,0,0,6.604,6.79
potr.txt_10321,1.916,0,0,0,0,0,0,1.916,3.832,5.748,0,0,0,0,1.916,0,0,0,1.916,0,7.322,11.867
potr.txt_11977,0,0,2.559,0,2.559,0,0,0,0,2.559,0,2.559,2.559,0,0,0,0,0,2.559,2.559,9.514,8.96
potr.txt_4755,0,0,0,0,0,0,0,4.698,0,0,0,0,0,0,5.637,0,0,0,0,0,17.309,12.824
potr.txt_7665,3.506,0,0,0,2.629,0.876,0,2.629,2.629,1.753,0.876,0,0.876,1.753,0,0,0,0,0,0.876,7.993,9.982
potr.txt_9637,0,0,0,0.764,1.527,1.527,0,1.527,5.345,1.527,0,0,0,1.527,0,0,0,0,0,0,10.448,13.292
potr.txt_9811,1.786,0,3.572,2.679,0.893,2.679,0,0.893,0.893,1.786,0.893,1.786,0,0,0,0,0.893,0.893,0,0,7.6,9.205
potr.txt_1819,1.552,0,0,0,4.656,3.104,0,3.104,1.552,4.656,0,0,1.552,0,0,4.656,0,1.552,0,0,5.202,6.847
potr.txt_2119,0,1.244,0.622,0,0.622,4.352,0,0.622,3.109,3.109,0,0.622,0,0.622,0,2.487,0,3.109,0,0,7.933,8.118
potr.txt_6641,4.429,0,0,0,0,0,0,0,4.429,1.772,0,0,0.886,0,1.772,0,0,0.886,0.886,0,11.371,10.476
potr.txt_11801,1.676,2.514,0.838,0.419,0.419,2.514,0.419,0.419,1.257,0.419,0,1.257,0,0,1.257,1.257,0.838,1.257,0.838,0.838,8.423,9.522
potr.txt_867,0,2.33,0,0,1.747,1.747,0,1.747,0.582,1.165,0.582,1.165,1.165,0.582,2.912,0.582,1.165,0,0,0,10.335,8.605
potr.txt_6021,0,0,1.435,1.435,1.435,4.306,0,0,1.435,1.435,0,2.87,1.435,1.435,0,0,1.435,1.435,0,1.435,6.476,8.76
potr.txt_6281,0,0,0,0,0,1.008,0,0,1.008,1.008,0,0,1.008,0,4.031,0,4.031,1.008,0,2.015,13.886,7.885
potr.txt_3273,0,0,0,19.881,0,0,0,0,0,0,0,0,19.881,0,0,0,0,0,0,0,6.825,0
potr.txt_5299,0,0,0,0,0,1.573,0,1.573,1.573,0.786,0,0,0,0,0.786,0,0,0.786,2.359,0,16.8,15.514
potr.txt_9683,0,0,0,1.117,0,2.234,0,3.351,2.234,1.117,0,0,0,0,0,1.117,0,0,1.117,0,11.562,14.607
potr.txt_5285,3.065,0,0,0,1.022,0,0,0,3.065,2.044,0,0,1.022,0,0,0,0,0,2.044,0,12.728,13.488
potr.txt_4613,4.965,0,1.655,1.655,0,0,0,0,4.965,3.31,0,0,0,0,0,0,0,0,0,0,8.075,11.9
potr.txt_6915,1.18,0,0,0,1.18,3.539,0,0,2.359,4.718,1.18,1.18,0,0,0,2.359,0,3.539,0,0,7.54,7.929
potr.txt_5019,0,0,0,0,0,0,0,5.817,5.817,0,0,0,0,0,0,0,0,0,0,0,8.561,18.831
potr.txt_5301,0,0,0,0,2.783,0,0,0,5.565,2.783,0,0,0,0,0,0,0,0,0,0,10.324,18.078
potr.txt_1363,0,2.542,1.271,0,0,1.271,0,0,1.271,1.271,0,1.271,1.271,1.271,1.271,3.813,0,2.542,0,1.271,8.455,7.751
potr.txt_2909,0,0,0,0,4.852,4.852,6.065,0,7.278,0,0,1.213,0,0,0,0,0,0,0,0,8.144,5.171
potr.txt_5445,0,0,0,0,0,0,0,0,0,0,0,0,0,0,95.238,0,0,0,0,0,0,0
potr.txt_5387,2.991,0,0,0,1.496,2.991,0,0,1.496,2.991,0,1.496,0,0,0,1.496,0,2.991,1.496,0,6.981,10.007
potr.txt_7909,3.941,0,0,0,0.788,1.577,0,0.788,3.153,1.577,1.577,0.788,0.788,0.788,0,0,0.788,0,1.577,0,9.237,9.017
potr.txt_10049,0,0,0,0,0,0,0,0,12.724,0,0,0,3.181,0,3.181,0,0,3.181,0,0,5.708,8.971
potr.txt_697,1.322,1.322,1.322,0,0,2.643,0,1.322,3.304,3.304,0.661,0.661,0,0,0,1.322,0.661,0.661,0,0,8.873,9.008
potr.txt_9101,2.14,0,0.357,0.357,0.713,2.497,0,0.713,1.07,0.357,0,0.357,1.07,2.14,1.427,0,0.357,1.783,0.713,0,9.471,11.104
potr.txt_7467,0,0,0,0,0,2.599,0,0,0,0,0,0,0.65,0,4.549,0,0,0,1.3,0.65,16.033,15.495
potr.txt_4399,1.687,1.687,0,1.687,1.687,1.687,1.687,0,1.687,1.687,0,0,0,0,1.687,1.687,0,0,0,0,6.821,12.786
potr.txt_5747,1.122,0,1.122,0,1.122,1.122,3.367,0,3.367,0,0,0,0,0,2.245,1.122,0,0,0,1.122,9.145,11.847
potr.txt_7403,1.168,2.337,0,0,3.505,1.168,0,0,3.505,7.011,0,0,2.337,0,0,1.168,0,1.168,0,0,5.545,8.356
potr.txt_301,0.435,0,0,0,0,2.173,0,2.608,1.304,1.304,0,0,0.869,0,1.739,0.435,0,0.435,0.435,0.435,11.927,14.452
potr.txt_4453,0,0,2.36,0,0,0,0,0,2.36,7.08,0,0,2.36,2.36,0,2.36,0,4.72,0,0,7.396,6.348
potr.txt_3427,0,0,0,0,0,0,0,0,0,0,0,0,0,0,7.439,0,0,0,7.439,0,6.311,15.78
potr.txt_5667,0.937,0,0,0.937,1.874,0,0,0,3.749,1.874,0,0,0,0,0.937,0.937,0,0.937,0,0,10.583,15.774
potr.txt_10901,1.868,5.604,1.868,0.934,0,1.868,0,1.868,1.868,2.802,0,0,1.868,0,0,1.868,1.868,2.802,0.934,0.934,5.182,5.548
potr.txt_10001,0,0,1.137,0,0,0,0,0,4.55,0,1.137,0,0,0,2.275,3.412,0,0,2.275,0,15.16,7.059
potr.txt_7331,1.423,0,0.711,0,0,2.846,0.711,2.134,1.423,2.134,0,0,0,0,1.423,0,0,0.711,0.711,0,9.624,13.388
potr.txt_4769,1.965,0,0,1.965,1.965,1.965,1.965,0,1.965,3.93,0,0,1.965,0,0,1.965,0,0,0,1.965,9.649,5.522
potr.txt_11123,3.524,1.175,0,0.587,0.587,2.35,0,0.587,2.937,4.112,0,1.175,0,1.175,0,1.762,1.175,0.587,0,0,6.883,8.195
potr.txt_7231,0,0,0,0,1.537,1.537,0,0.769,0.769,0,0,0,5.381,0,3.843,0.769,0,0,0,0,13.265,9.206
potr.txt_8715,4.608,0,0,1.152,0.576,1.728,0,1.728,2.304,0,1.152,0.576,0.576,0.576,0,1.728,0.576,1.152,0.576,0,8.339,9.054
potr.txt_8563,4.978,3.982,0,0,0,4.978,0,1.991,0,0.996,0,0,1.991,1.991,0.996,5.974,0,0.996,0,0.996,6.723,3.583
potr.txt_6379,1.143,2.286,0,0,1.143,1.143,0,1.143,1.143,1.143,0,0,4.571,0,1.143,1.143,1.143,0,1.143,0,9.62,8.477
potr.txt_10753,5.401,0,0.675,0,0,2.025,0.675,0.675,2.701,3.376,0.675,0,0,0.675,0,0.675,2.025,0.675,0.675,0,6.697,9.015
potr.txt_5859,0,0,0,0,2.581,0,0,0,5.161,7.742,0,0,2.581,0,0,0,0,0,0,0,13.199,5.121
potr.txt_8943,0.95,1.901,0.475,0.475,0.475,0.95,0.475,0.95,1.426,1.426,0,0.95,0.475,0,1.426,2.851,0.475,0.475,1.426,0.475,8.445,9.882
potr.txt_5395,2.861,0,0,0,2.861,1.431,0,0,1.431,4.292,0,1.431,0,0,0,1.431,0,1.431,1.431,0,6.478,11.308
potr.txt_8437,0.988,0,0,0.494,2.964,1.482,0,0,3.458,0.988,0.494,0.494,0,0,1.482,0.494,0,0,0,0.494,10.267,13.338
potr.txt_10643,5.612,0,0,0,1.403,0,0,0,4.209,5.612,0,0,0,0,0,0,0,0,0,0,8.799,10.848
potr.txt_2481,0,0,0,0,0,0,0,1.568,1.568,0,0,0,0,0,3.92,0,0,0,2.352,0,21.185,11.198
potr.txt_9893,5.758,2.303,0,1.152,1.152,0,2.303,1.152,1.152,0,2.303,0,1.152,0,1.152,2.303,0,4.607,0,1.152,4.918,6.46
potr.txt_9255,1.466,0,0,0,0.733,0.733,0,1.466,4.398,2.932,0,0,0.733,0,0,1.466,2.932,1.466,0.733,0,7.646,9.7
potr.txt_10665,0,0,0,0,0,0,0,0.873,0.873,0.873,0,0,0,0,3.492,0,0,0.873,1.746,0,17.72,16.503
potr.txt_5513,0,0,0,0,1.641,0.82,0,0.82,2.461,1.641,0,0,0,0,0.82,0.82,0,0.82,0.82,0,11.762,17.636
potr.txt_3351,0,0,0,0,0,0,0,0,0,0,0,0,0,0,4.371,0,0,0,6.556,0,28.831,0
potr.txt_567,0.366,0,0.366,0.366,1.097,1.828,0,1.097,2.924,1.462,0,0.731,0.366,0.366,1.462,0.366,0.366,0.366,0,0,10.724,13.358
potr.txt_7283,0,1.475,0,0,0,3.688,0.738,0,0,0.738,0,0,0,0,2.213,2.213,0.738,0,0.738,1.475,11.746,11.585
potr.txt_6887,0,3.071,0,0,1.024,1.024,1.024,0,1.024,2.047,0,1.024,1.024,0,3.071,2.047,0,1.024,0,1.024,10.526,7.429
potr.txt_3591,0,7.501,0,0,0,0,0,0,11.251,0,0,0,0,0,3.75,0,0,0,0,0,7.63,6.878
potr.txt_1717,5.632,0,0,0,0,0,0,2.816,1.408,2.816,0,2.816,0,0,1.408,0,0,0,0,1.408,9.425,8.651
potr.txt_9137,0.667,0.667,0.667,0.667,1,3,0.333,2,2.667,0.667,0.333,0.333,0,0,0.333,0.333,0.333,1.333,0,0,10.235,11.248
potr.txt_3781,0,0,0,0,0,0,0,0,0,0,0,0,0,0,3.425,0,0,0,8.563,0,14.843,11.875
potr.txt_221,0.505,3.031,0,0.505,1.515,2.021,0,0.505,2.021,2.526,0,0.505,0.505,0.505,2.021,1.515,1.515,1.01,0,0,7.23,9.084
potr.txt_12169,0.488,2.93,0.977,0.488,0.977,3.906,0.977,0.488,1.953,0,0,0.977,0.488,0,0.488,0.488,0,0.488,0.488,1.465,9.034,9.283
potr.txt_9237,2.11,2.531,0.844,0.422,0.422,2.11,0.422,0.422,1.266,1.266,0,0.844,0,0,1.688,0.844,0.422,2.11,0,0.422,9.55,8.691
potr.txt_1473,1.182,3.152,0,0,0.394,1.97,0,0.394,1.97,1.576,0,0.788,0.788,0.394,1.97,1.97,0.394,0.394,0,0.394,9.796,8.873
potr.txt_8753,0,3.647,1.216,0.608,0,4.255,0.608,0.608,0.608,0,0,1.824,1.216,1.216,1.216,0.608,0.608,0.608,0.608,1.216,8.361,7.567
potr.txt_4851,0,0,0,0,1.511,0,0,0,3.021,4.532,3.021,0,1.511,0,1.511,0,0,1.511,0,0,9.837,10.061
potr.txt_1637,1.656,0,0,0,1.656,4.968,0,3.312,1.656,4.968,1.656,0,0,0,0,1.656,0,0,0,0,5.594,9.642
potr.txt_6293,0,0,0,0,4.459,0,0,0,1.274,0,0,0,0.637,0,2.548,0,0,0,0.637,0,13.476,18.531
potr.txt_8993,4.915,0,0.492,0.492,0.492,1.966,0,1.475,2.458,0.983,0,0.492,0,1.966,0.983,0,1.966,1.475,0,0,7.477,8.883
potr.txt_2991,0,0,0,0,0,0,0,4.688,0,0,0,0,0,0,4.688,2.344,0,0,1.172,0,10.196,14.917
potr.txt_7011,0,1.844,0,0,0,0.922,0,0,0.922,0.922,0,0,0,0.922,4.61,0,0.922,0.922,0,1.844,12.307,11.302
potr.txt_8721,1.529,1.529,0.764,0,0,2.293,0,2.293,3.057,4.586,0,1.529,0,0,0,4.586,1.529,1.529,0,0,5.586,7.135
potr.txt_3081,0,0,0,0,0,0,0,0.783,1.567,0,0,0,2.35,0,3.134,0,0,0,2.35,0,16.327,14.151
potr.txt_2669,0.731,0,0.731,0,0.731,1.462,0,1.462,1.462,0.731,0,0,0,0.731,2.193,0,0,0.731,0,0,12.597,16.152
potr.txt_7781,0,0,0,0,0,0.927,0,0.927,4.633,1.853,0,0,0,0,0,0,0,0,1.853,0,10.963,19.499
potr.txt_4717,2.208,4.415,0,2.208,0,0,0,0,0,0,0,6.623,0,0,2.208,2.208,2.208,2.208,0,0,6.927,6.372
potr.txt_10579,3.558,0,0,0,0.89,0,0,0,6.226,2.668,0,0,0,0,0,0,0,0,0,0,10.251,14.12
potr.txt_5185,1.041,1.041,0,0,1.041,0,0,0,2.082,0,1.041,1.041,0,0,3.123,0,0,1.041,1.041,0,13.193,12.607
potr.txt_8357,0.551,0.551,0.551,0,1.653,2.756,0.551,0.551,2.205,1.102,0,0,0,0,1.102,0.551,1.102,1.102,0,0.551,9.33,12.758
potr.txt_2387,0.901,0,0.901,0,1.803,0.901,0,1.803,2.705,0.901,0,0.901,0,0,0.901,0,0,2.705,0,0.901,11.596,9.896
potr.txt_8507,0.772,1.545,0.772,0.772,0,3.09,0.772,1.545,3.09,0.772,0,0.772,0.772,1.545,0,3.09,0.772,0.772,0.772,0.772,7.393,7.188
potr.txt_6301,0,0,0,0,0,0.854,0,1.707,4.267,1.707,0,0,0,0,1.707,0,0.854,0.854,0.854,0,12.619,12.645
potr.txt_1455,1.616,4.31,1.616,0.539,0.539,2.693,0.539,1.616,3.232,0.539,1.077,1.077,1.077,0,0,0,1.616,0.539,0,0,7.159,7.261
potr.txt_10301,1.29,1.29,0,0,0.645,0.645,0,0.645,0.645,0,0,0,0,0,3.225,0,0,0.645,0.645,1.29,14.746,14.001
potr.txt_8979,2.268,2.722,0.454,0.907,1.814,2.268,0,0,0.454,0.454,0,0.454,0.907,0,0.907,0.454,0.907,1.361,0.454,1.814,9.89,7.897
potr.txt_9929,2.395,0,0.798,0.798,0,2.395,0,0,3.193,3.991,0.798,0.798,0,0,0,1.596,0.798,2.395,0,0,7.074,9.457
potr.txt_5695,0,2.902,0,1.451,0,2.902,0,0,4.353,0,1.451,0,1.451,1.451,1.451,1.451,0,0,0,0,7.092,10.44
potr.txt_9443,4.03,0,0,0,2.015,4.03,0,2.015,2.015,0,0,0,2.015,0,0,0,0,2.015,0,2.015,11.124,5.24
potr.txt_6871,0,0,0,0,0,0.916,0,0,1.832,0.916,0,0,0,0.916,4.581,0,0.916,0.916,0,1.832,13.587,11.635
potr.txt_6855,0,0,0,0,0,0,0,0,8.942,0,0,0,0,4.471,26.828,0,0,0,0,0,2.967,3.728
potr.txt_1115,0,2.661,0,0.443,0.887,1.33,0,0.887,0,0.443,0,0.887,0,0,3.991,2.217,0.443,0,0,0.443,11.484,10.949
potr.txt_4869,0,0,0,0,0,0,0,0.933,2.8,0.933,0.933,0,0,0,3.733,0,0,0,0,0.933,12.049,18.246
potr.txt_5333,0,0,0,0,1.562,3.123,0,3.123,3.123,1.562,1.562,1.562,0,0,0,1.562,0,3.123,0,0,7.154,9.08
potr.txt_6443,0.955,0,0,0,0,0.955,0,2.864,4.773,2.864,0,0,0,0,0,1.909,0,0,0.955,0,8.581,12.978
potr.txt_2743,0.785,1.57,0,0,0.785,1.57,0.785,0.785,3.926,2.355,0,0.785,1.57,0.785,1.57,2.355,0.785,2.355,0,0,7.973,6.345
potr.txt_3607,2.802,2.802,0,0,0,0,0,0,5.603,0,0,0,0,2.802,0,0,0,0,0,2.802,13.816,5.86
potr.txt_2699,1.639,0,1.639,0,1.639,1.639,0,0,1.639,6.557,0,0,0,0,0,3.279,0,4.918,0,0,6.985,7.204
potr.txt_6277,2.412,0,0.804,0.804,0,1.608,0,0,0.804,2.412,0,0,0,0,2.412,0.804,0,0,0,0,11.342,15.244
potr.txt_10599,4.372,0,0,0,1.093,0,0,0,4.372,4.372,0,0,0,0,0,0,0,0,0,0,9.712,13.329
potr.txt_2721,5.932,0,0,0,1.483,0,2.966,2.966,1.483,5.932,0,0,1.483,0,0,4.449,0,1.483,0,0,4.871,6.236
potr.txt_10257,0,0,0,0,0,0,0,0,3.962,0,0,0,0,0,2.641,3.962,0,0,2.641,0,16.582,8.008
potr.txt_6473,3.283,0,0,0,1.094,1.094,0,2.189,4.378,2.189,0,0,0,0,0,0,0,3.283,0,0,6.975,11.926
potr.txt_2495,0,0,0,0,1.975,0,0,0,3.951,0.988,0,0,0.988,0,1.975,0,0,0,1.975,0.988,13.049,12.151
potr.txt_7053,1.958,0,0,0,0,0.979,0.979,0.979,3.915,3.915,0.979,0,0.979,0,0,0,0,2.936,0,0,9.279,9.506
potr.txt_6439,0.939,0,0,0,0,0.939,0,2.817,4.694,2.817,0,0,0,0,0,1.878,0,0,0.939,0,8.509,13.387
potr.txt_10189,0,0,0,0,2.64,1.32,0,2.64,1.32,2.64,0,1.32,0,0,0,2.64,1.32,0,1.32,0,7.204,12.076
potr.txt_1601,1.43,0,0,0,2.86,5.721,0,4.291,1.43,4.291,1.43,0,1.43,0,0,1.43,0,0,0,0,5.741,7.54
potr.txt_11937,0,0,0,0,1.669,0,0,0,8.347,3.339,0,0,0,1.669,0,0,0,0,0,0,12.942,8.951
potr.txt_11747,0,0,0,0,0,0,0,0,0,4.192,0,0,0,0,4.192,0,0,0,0,0,11.209,24.02
potr.txt_6833,2.527,0,0,0,3.791,2.527,0,3.791,2.527,3.791,0,0,1.264,0,0,2.527,0,0,0,0,6.643,7.693
potr.txt_9363,1.336,1.336,0,0,0,2.673,0,0,1.336,2.673,0,1.336,1.336,0,1.336,0,2.673,0,0,2.673,9.862,7.816
potr.txt_7687,0.666,0,0,0.666,0.666,1.997,0,0.666,1.997,1.331,0.666,0,0.666,0.666,1.997,1.331,0,0.666,0,0,11.362,12.021
potr.txt_2021,1.169,2.337,0,0,0.779,1.558,0.779,0.39,0,0.779,0,0.39,0.39,0,3.896,0.39,0.779,0.39,0,0.39,11.434,11.31
potr.txt_11765,0.402,3.212,2.007,0.803,0.803,1.204,0.803,0,2.007,0.803,0,1.204,0.402,0,1.606,0.803,2.007,0,0.402,0.402,8.895,8.631
potr.txt_2959,1.226,0,0,0,1.226,1.226,3.677,0,3.677,0,0,0,0,0,2.451,0,0,0,0,1.226,9.519,12.808
potr.txt_10099,2.101,1.401,1.401,0,1.401,2.101,0,0.7,3.501,2.101,0.7,1.401,0,0,0,0,1.401,2.101,0,0,7.816,8.411
potr.txt_9679,4.43,0,0,0,0,0,0,1.477,4.43,2.953,0,0,0,0,0,0,0,1.477,0,0,11.022,11.224
potr.txt_7865,1.64,1.64,0,0,0.82,1.64,0,1.64,2.46,3.281,0,0.82,0,0,0.82,2.46,0,1.64,0,0,8,9.53
potr.txt_3449,0,0,0,0,0,0,0,0,0,0,0,0,0,0,6.975,0,0,0,3.487,0,22.737,7.107
potr.txt_2261,4.111,1.37,0.685,0.685,0,1.37,0.685,0.685,3.426,2.741,0,0.685,0,0,0,0.685,2.055,1.37,0,0,7.206,8.814
potr.txt_3561,0,0,0,0,2.473,0,0,0,2.473,2.473,2.473,0,0,0,2.473,2.473,0,0,0,0,15.278,6.87
potr.txt_1369,2.67,1.335,1.335,0.668,0.668,1.335,0,0.668,3.338,2.003,0.668,2.67,0,0,0,0,1.335,0.668,0,0,8.414,8.65
potr.txt_519,0.962,0.962,0.481,0.481,0.481,2.886,0,1.443,3.367,2.886,0.962,0.481,0,0,0,1.443,0,0.962,0,0,9.17,9.427
potr.txt_6613,2.22,2.22,0,0,0,2.22,0,0,7.769,2.22,0,0,1.11,0,0,0,0,1.11,0,0,10.326,7.2
potr.txt_4039,0,0,0,0,0,0,0,0,2.24,0,0,0,0,0,1.12,0,0,0,5.599,0,17.57,16.013
potr.txt_6739,1.065,2.13,0,0,0,2.13,0,1.065,4.259,1.065,0,0,3.195,0,0,1.065,1.065,0,1.065,0,7.992,10.288
potr.txt_2467,0,0,0,0,0,0,0,1.888,0.944,0.944,0,0,0,0.944,3.775,0,0,2.831,0,0,19.564,8.441
potr.txt_2203,4.568,0,0.571,1.142,0,1.142,0,1.713,3.426,0,1.713,0,0,0.571,0,1.142,1.142,0,0.571,0,8.204,10.492
potr.txt_11187,0.423,3.383,1.269,1.269,1.269,1.691,0,0,1.691,0.846,0,0.423,0.423,0,2.114,1.691,1.269,1.269,0,0.423,7.613,9.369
potr.txt_6099,0,0,0,0,0,0.816,0,0,6.525,4.078,0,0,0,0,0,0,0,0,0.816,0,10.146,16.119
potr.txt_6663,0,0,0,0,1.633,1.633,0,0.816,0.816,0,0,0,4.899,0,4.082,0,0,0,0,0,14.54,8.993
potr.txt_5615,1.505,0,0,0,6.02,3.01,0,1.505,1.505,4.515,0,0,1.505,0,0,0,0,0,0,0,6.966,9.912
potr.txt_10853,3.252,0,0.65,0,0.65,1.301,0,1.951,3.252,0.65,0,1.301,0,0.65,0,0,0.65,0.65,0.65,0,8.712,12.415
potr.txt_4269,0,0,0,0,1.856,0,0,0,7.422,0,0,0,0,0,3.711,0,0,0,3.711,0,11.132,8.67
potr.txt_4685,0,0,0,0,0,4.651,0,4.651,2.326,9.303,0,0,0,0,0,2.326,2.326,0,0,0,5.735,6.772
potr.txt_6765,5.078,0,0,0,0,1.693,0,5.078,1.693,6.771,1.693,0,1.693,0,0,5.078,0,1.693,0,0,5.416,4.624
potr.txt_9647,2.048,0,1.365,0,0.683,3.413,0,0.683,2.73,2.73,0,0,0,1.365,0,0,0.683,2.048,0,0,8.159,10.49
potr.txt_5937,0,0,0,0,0,0,0,0,5.957,5.957,1.986,0,0,0,0,0,0,0,0,0,7.78,15.721
potr.txt_11463,0,0,1.725,1.725,0,3.45,0,1.725,1.725,3.45,1.725,3.45,1.725,0,0,3.45,0,3.45,0,0,7.261,4.138
potr.txt_9059,0.929,2.787,0.465,0.929,0.465,2.323,0.465,0.465,1.393,1.393,0,2.323,0,0,0.929,1.393,0.929,1.393,0.929,0.929,7.34,8.778
potr.txt_11537,0,0,0,0,0,0.964,2.891,1.928,0.964,1.928,0,1.928,0,0.964,0.964,0,0.964,3.855,0.964,0.964,8.567,8.576
potr.txt_2391,0,2.655,0,0,0,0,2.655,0,1.328,1.328,0,1.328,3.982,0,3.982,1.328,0,1.328,0,0,7.717,8.852
potr.txt_9263,0.95,0,0,0,0.95,0.95,0,0.95,4.749,2.849,0,0,0,0,0,0,0,1.9,0.95,0,11.352,11.633
potr.txt_10463,1.836,0,0,0,0.918,2.753,0,2.753,3.671,3.671,0,0,0.918,0,0,0.918,1.836,0.918,0.918,0,8.08,7.485
potr.txt_2657,1.35,0,0,1.35,0.45,1.35,0,1.8,3.601,0.45,0,0,0.45,0.45,1.8,0.45,0.9,2.25,0.45,0,8.949,10.396
potr.txt_8659,1.044,3.133,0,0.522,0,1.567,0,1.044,1.044,0,0,1.567,0,0.522,2.089,0.522,2.089,0.522,0.522,0.522,9.313,10.476
potr.txt_9995,0.973,0,0,0,2.919,0.973,0,0.973,3.892,2.919,0,0,0,3.892,0,0,2.919,0.973,0,0.973,8.924,6.409
potr.txt_763,3.566,0,0,0,1.426,2.853,0,0.713,0,0,0.713,1.426,1.426,0,1.426,0.713,0.713,0,0,2.14,9.439,9.89
potr.txt_4541,0,3.703,0,0,3.703,3.703,0,0,1.852,0,0,0,1.852,0,1.852,0,1.852,0,0,0,9.893,7.975
potr.txt_2899,0,0,0,0,0,4.584,5.73,0,6.875,0,0,2.292,0,0,0,0,0,0,2.292,0,8.865,6.184
potr.txt_735,1.194,0,0,0,1.79,1.79,0,1.194,5.371,1.194,0,0,0,0,0,0,0,0.597,0,0,11.018,13.698
potr.txt_215,5.587,0,0,1.117,2.235,2.235,2.235,1.117,1.117,2.235,0,0,1.117,0,0,0,0,4.469,0,0,6.182,7.656
potr.txt_847,1.105,1.105,0.552,0,0.552,3.314,0.552,1.105,3.314,2.209,0.552,0.552,0,1.105,0,1.657,1.105,1.657,0,0,7.474,8.644
potr.txt_8191,1.264,1.264,0,0.632,0.632,0.632,0,0.632,1.896,0,0.632,0.632,1.264,0.632,2.528,0.632,0.632,1.264,0.632,0,10.225,10.661
potr.txt_4197,0,0,0,0,6.114,0,0,0,0,0,0,0,0,0,4.891,0,0,0,0,0,20.755,7.908
potr.txt_4545,0,0,1.908,0,1.908,0,0,0,0,1.908,0,1.908,1.908,0,0,0,0,1.908,3.817,1.908,9.111,10.153
potr.txt_11693,0,0,0,0,0,0,0,0,0,0,0,0,16.077,0,0,0,0,0,0,16.077,9.338,0
potr.txt_3677,0,0,0,0,0,0,0,0,0,0,0,0,0,0,7.17,0,0,0,2.868,0,14.011,16.813
potr.txt_8025,0.682,0,0.682,0.682,0.682,1.364,4.092,0.682,2.728,0.682,0,0,0,0,1.364,1.364,0,0,0,1.364,11.365,8.823
potr.txt_12141,1.503,0,1.503,0,0.752,0.752,0,3.759,3.007,1.503,0.752,0.752,0,0.752,0,0.752,1.503,1.503,0,0,7.577,10.02
potr.txt_11121,0,0,0,0,2.035,1.018,0,0,1.018,1.018,1.018,0,2.035,0,2.035,1.018,1.018,0,2.035,0,10.42,12.568
potr.txt_11953,0,0,0,0,0,0,0,0,4.735,4.735,0,0,4.735,0,0,0,0,0,0,0,5.437,17.607
potr.txt_837,6.253,0,0,0,0,0,0,1.563,4.69,3.127,1.563,1.563,0,0,0,1.563,0,1.563,0,0,6.735,8.227
potr.txt_8569,0.451,0,0,0,1.353,0.451,0,0.451,3.157,2.706,0,0,0.451,0,2.255,0.902,0.451,0.902,0,0,12.107,11.963
potr.txt_2949,1.039,0,0,0,0,6.233,0,1.039,3.116,7.272,0,0,0,0,0,1.039,0,2.078,0,0,6.085,8.932
potr.txt_3643,0,0,0,0,0,0,0,16.993,0,0,0,0,5.665,0,0,5.665,0,11.329,0,0,3.6,3.255
potr.txt_10613,2.903,0,0,0,2.903,0,0,0,3.871,2.903,0,0,0,0,0,0,0,0,0,0,10.183,15.462
potr.txt_7515,0,0,0,0,0,2.071,0,0,0,0,0,0,0.518,0,3.624,0,0,0,2.071,0.518,15.736,18.286
potr.txt_749,1.155,3.851,0.385,1.155,0.385,1.155,0.385,1.155,2.696,0.77,0,0.385,1.54,0.385,0.77,0.385,1.54,0.385,0.385,0,8.19,9.332
potr.txt_8731,3.837,0,0,3.837,0.959,0.959,0.959,0.959,0,0.959,0.959,0.959,4.796,1.919,0,2.878,1.919,3.837,0,1.919,5.274,4.265
potr.txt_9751,1.035,1.035,0.517,0.517,1.035,3.104,0.517,1.035,3.104,2.587,0.517,0.517,0,0.517,0,1.035,1.035,1.035,0,0,8.004,9.262
potr.txt_10067,0,0,0,0,1.44,0,0,1.44,1.44,0,0,0,0,0,2.881,0,0,1.44,4.321,0,10.302,14.69
potr.txt_3191,0,0,0,0,0,0,0,0,0,0,0,0,0,0,4.218,0,0,0,4.218,0,8.769,26.303
potr.txt_6945,0,0,0,0,1.106,0,0,1.106,2.764,2.211,0,0,0,0,1.658,0,0,1.106,0,0,11.452,19.583
potr.txt_6191,0.904,0,0,0,0.904,1.808,0.904,0,0,2.713,0,0,0.904,0.904,2.713,0,0,1.808,0,0,11.838,12.183
potr.txt_5193,0,0,0,0,0,0,0,0,5.763,2.882,0,0,2.882,0,0,0,0,2.882,0,2.882,14.187,4.953
potr.txt_5831,0,0,0,0,1.983,0,0,1.983,4.956,0.991,0,0.991,0,1.983,0,0,0,0,0.991,0,9.826,13.71
potr.txt_10563,4.794,0,0,0,0.959,0,0,0,3.835,4.794,0,0,0,0,0,0,0,0,0,0,10.952,11.836
potr.txt_1263,3.697,1.479,0.739,0,0.739,2.218,0.739,0.739,2.958,3.697,0.739,2.218,0,0,0,1.479,1.479,1.479,0,0,6.66,6.565
potr.txt_2195,2.934,0,0,0,2.934,1.467,1.467,2.934,1.467,5.868,0,0,1.467,0,0,5.868,0,1.467,0,0,5.049,6.212
potr.txt_10919,0.363,0.726,1.089,0.726,1.089,2.541,0,2.178,3.267,0.726,0.363,0.363,0.363,0,0.363,0,1.089,1.452,0,0,9.816,9.985
potr.txt_10551,4.356,0,0,0,1.089,0,0,0,4.356,4.356,0,0,0,0,0,0,0,0,0,0,9.703,13.413
potr.txt_5841,0,0,0,0,1.673,0,0,1.673,4.183,0.837,0,0.837,0,0.837,0.837,0,0,0,0.837,0,10.816,16.425
potr.txt_11873,0.608,0,0,0,2.431,1.216,1.216,0.608,1.823,0,0,1.823,6.078,0.608,1.216,1.216,0,0.608,0,0.608,8.134,8.31
potr.txt_11619,3.654,0,0,0,3.654,0,0,0,3.654,0,0,0,0,0,0,0,0,0,0,0,14.555,14.199
potr.txt_8315,1.482,0,0,0,0.741,0,0.741,0.741,0,0.741,0,1.482,0.741,2.223,3.705,2.964,0.741,2.964,0,0,6.922,10.232
potr.txt_703,1.227,0.409,1.227,0.818,0,1.227,0,1.636,3.68,1.636,0.409,0,0,0.818,0,0,0,1.227,0.409,0.409,10.004,11.749
potr.txt_3113,0,0,0,0,0,0,0,0,0,0,0,0,0,0,95.238,0,0,0,0,0,0,0
potr.txt_11737,0,0,0.476,0,0.476,0,0,0.952,0.476,0.952,0,0,0.952,0,1.903,0,0.476,1.903,2.379,0,13.216,15.577
potr.txt_4799,0,4.173,0,0,0,1.391,0,0,1.391,0,0,1.391,0,0,2.782,0,0,2.782,0,1.391,8.817,12.706
potr.txt_10005,0,0,0,0,1.593,4.78,0,1.593,3.186,3.186,1.593,0,0,0,0,0,0,1.593,0,0,8.16,10.724
potr.txt_1521,1.837,1.225,1.837,0,0,1.837,0,1.837,3.675,2.45,0.612,0,0,0,0.612,1.837,1.837,0.612,0,0,8.348,7.963
potr.txt_3537,0,0,0,0,0,0,0,0,0,0,0,0,0,0,7.439,0,0,0,7.439,0,6.311,15.78
potr.txt_3075,1.185,0,0.592,0,0.592,2.37,0,1.777,2.962,1.777,0,1.185,0,0,0.592,1.777,0,1.777,0.592,0,9.192,10.068
potr.txt_10905,3.218,0,0.804,0,0.402,1.609,0,2.011,2.011,0.804,0,1.609,0.402,0.804,0.402,2.816,0.402,0.804,0.804,0,7.884,9.604
potr.txt_2915,0,0,0,0,0,3.849,1.924,0,6.735,0.962,0,2.887,0,0,0,0,0,0,0.962,0,10.464,8.643
potr.txt_11359,0,2.573,0.429,1.286,0.429,3.431,0.429,0,2.144,0,1.715,1.286,1.286,0.858,0.858,2.144,0.858,0.429,0,1.286,6.907,8.398
potr.txt_6559,0,0,0,0,0,0,0,1.263,2.526,1.895,0,0.632,0,0,1.263,0,0,0.632,1.895,0,13.884,16.782
potr.txt_3691,0,0,0,0,0,0,0,0,0,0,0,0,0,0,12.259,0,0,0,2.043,0,10.412,12.493
potr.txt_2239,1.305,0,0.87,0,0.87,0.87,0.435,0.435,1.74,0.87,0.435,0.435,0,0.87,3.045,1.305,0.435,0.87,0,1.74,9.872,10.124
potr.txt_8301,0.667,0,0,0.667,0.667,2.669,0,1.334,4.003,2.669,0,0,0,0.667,0,0,1.334,2.001,0.667,0,9.82,9.258
potr.txt_11523,0,0,0,2.477,0,0,0,2.477,0,0,0,0,0,0,0,0,2.477,0,7.429,0,14.692,7.426
potr.txt_2673,0.674,0,0,0,0.674,2.022,0,1.348,2.696,0.674,0,0,0,0,2.022,0,0,0.674,0,0,12.146,16.99
potr.txt_6675,1.583,0,0,0,4.75,1.583,0,1.583,1.583,9.5,0,0,3.167,0,0,1.583,1.583,0,0,0,4.849,6.909
potr.txt_4879,3.67,0,0,0,1.835,1.835,0,1.835,3.67,3.67,0,0,1.835,0,0,0,0,1.835,0,0,7.2,9.132
potr.txt_5029,1.477,4.431,0,0,1.477,1.477,0,0,4.431,0,0,0,0,1.477,0,0,1.477,0,0,1.477,8.877,9.796
potr.txt_11387,1.422,3.792,1.422,0.948,0,1.896,0.474,1.896,0.948,0,0.474,1.422,1.896,0.474,0.948,1.896,0.948,0.948,0,1.896,6.466,7.212
potr.txt_2791,0.807,0,0.807,0.807,0.807,0.807,0,0.807,4.035,2.421,0,0.807,0,0.807,0.807,1.614,0,0,0.807,0,10.312,10.153
potr.txt_623,0.628,0,0.628,0.628,0.628,1.256,4.395,0,2.511,0,0,0,0,0,2.511,1.256,0,0,0,1.256,9.403,11.611
potr.txt_1901,1.179,1.179,0,0.59,2.359,1.179,0.59,0,2.948,2.948,0,0.59,0,0,0,0,0,1.179,1.179,0,10.578,10.154
potr.txt_3581,0,0,0,0,0,4.589,0,0,0,4.589,0,4.589,0,0,0,0,0,4.589,4.589,0,6.037,8.156
potr.txt_801,0.498,0.996,1.493,0.498,1.493,0.996,0,0.498,2.489,1.493,0,0.996,1.991,0,0.996,1.991,0,0.996,0.498,0,10.436,8.035
potr.txt_439,0,2.101,0,0,0,2.101,0,0,0,0,0,0,0.525,0.525,3.151,0,0,0,1.575,0.525,13.256,16.497
potr.txt_2833,1.671,0,0,0,3.343,3.343,0,1.671,1.671,5.015,1.671,0,0,0,0,1.671,0,1.671,0,0,6.127,8.955
potr.txt_6107,0.802,0,0,0,0,1.604,0,0,0,2.407,0,0,0,0,4.011,0,0,0.802,0.802,1.604,12.432,14.2
potr.txt_10787,2.685,5.37,1.343,0,2.685,5.37,0,0,0,1.343,0,1.343,0,0,0,1.343,0,4.028,1.343,1.343,5.774,5.325
potr.txt_643,1.856,1.237,0,0.618,1.237,3.093,0.618,0.618,3.093,2.474,0,1.237,0,0.618,0,1.237,0.618,1.856,0,0,7.82,8.319
potr.txt_9915,7.716,0,0,0,0,0,0,0,0,0,7.716,0,0,0,0,15.432,0,7.716,0,0,3.189,3.969
potr.txt_5647,1.477,0,0,0,1.477,2.954,0,0,4.431,4.431,1.477,0,0,0,0,0,0,1.477,0,0,11.211,7.462
potr.txt_6545,0,0,0,0,0,1.244,0,1.244,1.244,0.622,0,0.622,0,0,1.244,0,0,0.622,3.109,0,17.926,13.113
potr.txt_11375,0.825,3.298,1.237,0.412,0.825,0.825,0,0,2.474,1.649,0.825,1.237,0.825,0.825,1.237,1.237,1.649,0.412,0.412,0.412,7.685,8.285
potr.txt_6189,0,0,0,0,0.852,0.852,0,0.852,3.408,3.408,0,0,0.852,0,0.852,0,0,0.852,0.852,0,12.736,12.564
potr.txt_11579,0,0,0,0,0,2.051,0.513,0.513,2.051,0.513,0,0.513,1.025,0.513,4.101,2.051,1.025,0,1.025,0.513,10.01,10.137
potr.txt_2717,0,2.149,1.612,0.537,1.075,1.075,0.537,1.075,2.149,0.537,0,0,0,1.075,1.075,2.149,1.075,0.537,0.537,0.537,7.898,10.765
potr.txt_4429,0,0,0,0,1.166,1.166,0,1.166,2.333,4.665,0,0,0,0,1.166,0,0,0,0,0,10.264,17.072
potr.txt_8579,0.665,0.665,0.665,0.665,1.33,2.66,0,1.33,1.995,3.325,0,1.33,0,0,0.665,0,3.325,1.33,0,0,8.213,8.322
potr.txt_3187,0,0,0,0,0,0,0,0,0,0,0,0,0,0,9.613,0,0,0,3.204,0,10.096,15.143
potr.txt_8605,1.202,0,0.601,2.404,1.202,0.601,1.202,1.803,1.803,0.601,0,0.601,1.202,0,2.404,1.202,0,1.202,0,0,7.079,11.275
potr.txt_1969,1.471,0,0,1.177,0.294,1.471,0.294,0.588,1.471,2.06,0.294,0.588,0,0.294,0.883,0.883,0.294,0.588,1.471,0.588,11.353,10.968
potr.txt_7115,0.75,0,0.75,0,0,1.501,0,2.251,1.501,1.501,0,0,0,0,2.251,0.75,0.75,0,0,1.501,11.831,12.279
potr.txt_7383,0,0,0,0,0,5.418,6.502,0,7.586,0,0,2.167,0,0,0,0,0,0,0,0,9.582,5.542
potr.txt_7885,1.456,0,0,0,2.183,3.639,0.728,0.728,2.911,1.456,0,0,0.728,0.728,0.728,0.728,0,0.728,0,0,9.12,10.636
potr.txt_631,0,5.943,0,0,1.486,1.486,0,0,0,0.743,0.743,0,0.743,0,3.714,0,0,0,0,0,13.395,8.726
potr.txt_9781,0.716,1.431,2.862,0,0,0.716,0.716,0.716,0,0.716,0,0.716,0,1.431,2.147,0.716,0.716,2.862,0.716,1.431,8.403,9.377
potr.txt_5839,0,0,0,0,1.671,0,0,1.671,4.178,0.836,0,0,0,1.671,0.836,0,0,0,0.836,0,10.731,16.539
potr.txt_9243,2.048,0,0,0,0,0,0,0,4.095,4.095,0,0,0,0,0,0,1.024,1.024,1.024,0,9.643,14.782
potr.txt_7945,2.704,1.803,0,0,0.902,0,0,4.507,2.704,1.803,0,0,1.803,0,0.902,1.803,0.902,1.803,0,0,6.639,8.514
potr.txt_11845,0,0,0,0,0,0,0,0,3.974,1.987,0,0,3.974,0,0,0,0,1.987,0,3.974,11.739,9.025
potr.txt_9311,0,0,0,0,3.032,0,0,0,7.579,0,0,0,0,0,0,0,0,4.548,0,0,13.598,8.114
potr.txt_9177,1.334,1.779,0,0.889,0.445,1.334,0.889,0.445,0.445,0.889,0.889,1.779,0.889,0.445,1.334,2.223,2.223,0.445,0.445,1.334,7.786,8.318
potr.txt_2577,0.796,0,0,0,0,0,0,1.592,0,0.796,0,0,0,0,3.184,0,0,2.388,0.796,0,15.459,16.557
potr.txt_6441,0.874,0,0,0,0,0.874,0,1.748,5.245,2.622,0,0,0,0,0,1.748,0,0,0.874,0,10.119,13.253
potr.txt_8649,2.279,0,0,0,0.456,1.368,0.912,0.912,3.191,0.912,0,0,0,0.456,0.456,0.456,0,0.456,0.912,1.823,10.401,12.095
potr.txt_5391,1.399,0,0,0,2.797,1.399,0,0,1.399,4.196,0,1.399,0,0,0,1.399,0,2.797,1.399,0,6.581,11.62
potr.txt_8789,0.514,3.081,0,0,0,2.054,0,1.541,1.541,0,0.514,1.541,1.541,0.514,2.054,0.514,0.514,2.568,0,0,9.11,8.785
potr.txt_7621,1.615,0,0,0,0.807,2.422,0.807,3.229,0.807,1.615,0,0,0,0,4.843,0.807,0,0,0,0,7.288,12.226
potr.txt_11603,0,2.697,0,0,0.674,1.348,0.674,0,0,0,0,2.023,0,0,2.697,0,0,2.697,1.348,0.674,10.953,11.202
potr.txt_5607,1.585,0,1.585,0,4.755,0,0,1.585,1.585,3.17,1.585,0,1.585,0,0,1.585,0,1.585,0,0,6.457,9.52
potr.txt_8545,1.117,0,1.117,1.117,0,1.117,0.559,1.117,1.117,4.469,0,0.559,0,1.676,1.676,0.559,0.559,0,0,0,9.343,10.39
potr.txt_381,3.701,1.851,0,0,2.776,1.851,0,2.776,3.701,1.851,0,0,1.851,0,0,0.925,0,0.925,0,0,5.841,8.882
potr.txt_7571,0.837,0,0.837,0.837,0.837,1.674,4.185,0,2.511,0,0,0,0,0,1.674,1.674,0,0,0,1.674,8.787,10.969
potr.txt_3895,0,0,0,0,0,0,0,0,0,0,0,0,0,0,2.868,0,0,0,7.17,0,14.011,16.813
potr.txt_4643,0,0,0,0,1.081,0,0,1.081,4.324,3.243,0,0,0,0,0,0,0,1.081,1.081,0,11.689,15.209
potr.txt_5671,0,0,0,0,3.348,3.348,0,1.674,1.674,8.37,0,0,1.674,0,0,1.674,0,0,0,0,6.498,8.558
potr.txt_1731,0,0,0,0,0,0,0,0,1.959,6.858,0,0,0.98,1.959,2.939,0,0,0,0,0,11.637,10.709
potr.txt_9291,3.23,0,0,0,3.23,1.615,0,3.23,1.615,3.23,1.615,0,0,0,0,3.23,0,0,0,0,6.288,9.37
potr.txt_9537,1.955,0,0,0,3.911,1.955,0,1.955,1.955,7.821,0,0,1.955,0,0,1.955,0,1.955,0,0,4.632,7.971
potr.txt_7185,0,0.738,0,1.477,0.738,0.738,0,0,2.215,2.215,0,1.477,0,0.738,2.215,0,0,0,1.477,0,12.774,10.53
potr.txt_7327,1.92,0,2.88,0,0,0.96,0,0,2.88,1.92,0,0,1.92,0,0.96,0.96,1.92,1.92,0,0.96,9.794,7.418
potr.txt_8931,0.452,2.714,1.357,1.357,0,1.81,1.357,0.452,0.452,0,0.452,0,0.905,0.452,1.81,1.357,0,1.357,0,1.81,10.132,8.155
potr.txt_7855,1.504,0,2.257,0.752,0,0,0.752,1.504,2.257,1.504,0,2.257,0,0.752,1.504,0.752,0,0.752,0,0.752,10.801,8.326
potr.txt_5283,0,0,0,0,0.843,0,0,0,3.373,0.843,0.843,0,0,0,2.53,0,0,0.843,0.843,0,13.547,17.088
potr.txt_3555,1.786,0,0,0,1.786,0,0,0,0,1.786,0,0,0,0,3.572,1.786,0,0,0,0,18.716,10.565
potr.txt_4095,0,0,0,0,2.532,0,2.532,5.063,2.532,2.532,0,0,2.532,0,0,2.532,2.532,0,0,0,9.799,4.507
potr.txt_677,2.856,1.904,0,0,2.856,0,0,0.952,3.808,4.76,0,0.952,1.904,0,0,0.952,0.952,0.952,0,0,6.276,7.986
potr.txt_8841,0.973,0.973,0.487,0.487,0.973,2.919,0.487,0.973,2.432,2.432,0.487,0.487,0,0.487,0.487,0.973,0.973,0.973,0,0,8.553,9.834
potr.txt_5757,3.907,0,0,0,0,1.302,0,2.605,5.209,2.605,0,0,1.302,0,1.302,0,0,0,0,0,6.18,11.971
potr.txt_77,1.556,3.113,0.778,1.167,1.167,1.556,0.778,0.389,1.556,0,0,0.389,0,1.556,1.556,0.389,0.389,0.778,0.389,0,10.47,8.43
potr.txt_5217,0,0,0,2.562,0,1.281,0,0,1.281,1.281,0,1.281,0,0,2.562,1.281,0,1.281,0,2.562,9.24,12.19
potr.txt_459,4.037,1.346,0,0,0,2.691,2.691,0,1.346,6.728,0,2.691,0,0,0,0,0,1.346,1.346,0,6.153,7.188
potr.txt_11475,1.049,0,0,0,1.049,1.049,0,4.196,4.196,4.196,0,1.049,1.049,0,0,1.049,1.049,0,0,1.049,6.506,9.166
potr.txt_10009,4.681,0,0,0,0,0,0,3.121,3.121,4.681,0,0,0,0,0,1.56,1.56,3.121,0,0,6.456,8.539
potr.txt_6737,0,0,0,0.642,0,0.642,0.642,0.642,1.285,2.569,0,0,0,0.642,1.927,0,0,0.642,1.285,0,12.637,16.209
potr.txt_6979,1.104,0,0,0,0,3.312,0,1.104,3.312,6.624,0,1.104,1.104,0,0,1.104,0,1.104,0,0,6.693,9.912
potr.txt_10187,1.235,0,0,0,2.47,2.47,0,3.705,1.235,1.235,0,0,0,0,0,2.47,0,0,1.235,0,7.927,12.641
potr.txt_765,0.364,2.186,0.364,0,1.822,1.822,0,0.364,0,0.364,0,0.364,0.364,0,2.915,1.822,0.364,0.729,0,1.457,10.053,11.469
potr.txt_11641,0.836,0,0.418,0,0.836,0.418,1.254,0.836,0,0.836,1.254,1.672,1.254,1.672,3.344,2.508,1.254,0,0.418,0,8.662,8.918
potr.txt_6223,0,0,0,0,0,0,0,0,3.948,0,0,0,0,0,1.316,0,0,1.316,3.29,0,18.266,12.963
potr.txt_5323,0,0,0,0,0,0,0,0,7.207,4.118,0,0,1.03,0,0,0,0,0,1.03,0,11.495,12.808
potr.txt_7287,0,2.946,0,0,0,3.683,0.736,0,0,0.736,0,0,0,0,2.209,0.736,0.736,0,0.736,1.473,11.73,11.63
potr.txt_661,2.129,0,0,0.532,0,3.725,1.597,2.661,3.725,0.532,0,0.532,0.532,0,0.532,0.532,0.532,2.129,0,0.532,7.818,8.483
potr.txt_5603,4.946,3.297,0,0,1.649,0,0,1.649,1.649,1.649,0,0,3.297,0,1.649,0,0,1.649,0,0,9.066,6.246
potr.txt_9709,1.05,0,0,0,2.1,1.05,0,3.15,2.1,1.05,0,0,0,0,0,2.1,0,0,1.05,0,9.389,14.496
potr.txt_1851,0,4.978,0,0,7.466,4.978,0,0,2.489,0,0,0,2.489,0,0,0,2.489,0,0,0,6.735,6.187
potr.txt_5711,0,3.55,0,0,0,0,3.55,0,0,0,0,0,0,0,5.917,2.367,0,0,0,0,11.061,10.354
potr.txt_1993,0,0,0,0,2.906,2.906,0,0,0,2.906,0,0,2.906,8.719,0,2.906,0,2.906,0,0,6.113,6.064
potr.txt_4629,1.959,0,0,0,1.959,0,0,1.959,0,0.979,0,0,0,0,3.918,0,0,0,0,0,19.163,9.996
potr.txt_3761,0,0,0,0,0,0,0,0,0,0,0,0,0,0,3.246,0,0,0,4.328,0,12.599,25.198
potr.txt_3327,0,0,0,0,0,0,0,0,0,0,0,0,0,0,4.789,0,0,0,3.193,0,19.306,17.158
potr.txt_6493,0,0,0,0,0,0,0,0,6.442,6.442,0,0,0,0,0,0,0,0,0,0,7.993,17.132
potr.txt_11239,2.155,0,0,0,0.308,2.77,0.308,0,1.539,0.923,0,0.308,0.616,0.616,2.463,0.923,0.616,1.231,0,0.308,12.217,9.597
potr.txt_3251,0,0,0,0,0,0,0,0,17.832,0,0,0,0,8.916,8.916,0,0,0,0,0,4.496,3.567
potr.txt_2189,0.993,1.985,0.496,0,0.496,0.496,0,0.993,0.993,0.993,0,1.489,0.993,1.489,2.978,0.993,0.993,0.993,0,0.496,9.036,9.488
potr.txt_7695,2.072,2.072,0,0,2.072,1.036,0,1.036,3.108,4.144,0,0,1.036,0,1.036,0,2.072,2.072,0,0,8.435,6.625
potr.txt_9413,1.436,0,0,0,1.436,1.436,0,2.872,2.872,4.308,1.436,2.872,0,0,0,0,1.436,0,0,0,6.429,9.973
potr.txt_4313,0,0,0,0,1.374,0,0,1.374,2.747,0,0,0,0,0,2.747,0,0,0,4.121,0,10.352,15.681
potr.txt_7795,0.72,0,0,0,0,4.32,2.16,2.88,0,2.16,0,0,0,0,1.44,0,0,1.44,0.72,0,11.487,9.346
potr.txt_1573,4.81,0,0,0,0,0,0,0,0,0,0,0,0,4.81,0,0,9.62,4.81,0,4.81,5.96,4.814
potr.txt_6795,3.005,4.508,0,0,1.503,3.005,0,0,1.503,0,0,0,0,1.503,0,6.011,1.503,1.503,0,3.005,4.667,7.021
potr.txt_1219,0.49,3.916,0,0,0.979,1.958,1.958,0,0.979,1.469,0,0.49,0.49,0,1.958,1.469,1.469,0.49,0,1.469,7.956,8.908
potr.txt_8367,2.851,0,0,0.713,0,3.564,0,1.426,2.851,2.851,0,0.713,0,0,0,0.713,1.426,1.426,0,0.713,7.658,9.513
potr.txt_789,0,6.129,1.021,1.021,1.021,5.107,0,1.021,0,1.021,0,1.021,3.064,0,1.021,1.021,5.107,1.021,1.021,0,5.326,5.093
potr.txt_877,2.757,1.379,1.379,0,0.689,0.689,0,1.379,3.447,1.379,0.689,2.068,0,0,0,0,2.068,2.068,0,0,8.016,8.484
potr.txt_1469,0,2.988,5.976,11.951,0,0,0,0,0,0,0,0,0,2.988,5.976,0,0,0,0,0,4.996,5.306
potr.txt_12093,0,0,0,0,0,0,0,0,5.307,7.961,0,0,0,0,0,0,0,0,0,0,9.873,14.618
potr.txt_5521,0,0,0,0,2.297,0.766,0,0.766,0.766,1.532,0,0,0,0,1.532,0.766,0,0.766,0.766,0,13.137,17.886
potr.txt_5717,1.674,0,0,6.695,0,1.674,0,0,1.674,3.347,0,0,0,1.674,0,3.347,0,0,0,1.674,9.585,5.474
potr.txt_11333,2.203,0.441,1.322,0,0.441,3.083,0.441,1.762,0.881,0.441,0.441,1.322,0.881,0.441,0.881,1.762,1.762,1.322,0.441,0,7.9,8.365
potr.txt_141,0,3.191,0,0,1.596,0.532,0,1.064,0,0.532,0,0.532,0.532,0.532,3.723,0,2.659,0.532,0,1.064,9.043,11.005
potr.txt_2349,0.401,0.801,0.401,0,0.801,2.404,0.801,1.602,0.801,1.202,0,0.401,0.401,0,2.003,0,0,0,0.401,0,12.14,13.792
potr.txt_4389,0,2.046,0,0,2.046,0,4.092,0,0,2.046,0,0,0,2.046,4.092,4.092,0,0,0,0,8.512,7.589
potr.txt_2251,2.582,1.291,0.645,0.645,0,1.291,0.645,0.645,2.582,2.582,0,0.645,0,0,0.645,0.645,2.582,1.936,0,0,7.597,9.463
potr.txt_5917,0,0,0,0,0,0,0,0,6.571,4.694,0,0,0.939,0,0,0,0,0,0.939,0,10.143,14.553
potr.txt_9935,0.541,3.247,0,0,0,2.706,0,1.082,4.329,0.541,1.623,1.623,1.623,1.082,1.082,1.082,0.541,1.623,0,0,7.075,7.272
potr.txt_7859,1.291,0,0,0,0,0.646,0.646,1.937,1.291,1.291,0,0,0.646,1.291,1.937,0,0.646,0.646,1.291,1.291,11.455,10.676
potr.txt_10829,0,0,0,0,1.273,1.273,0,0,2.545,1.273,0,0,2.545,0,0,0,2.545,1.273,2.545,0,11.009,10.554
potr.txt_3369,0,0,0,0,0,0,0,0,0,0,0,0,0,0,3.462,0,0,0,13.848,0,8.193,10.923
potr.txt_4519,0,0,0,0,1.226,0,0,1.226,4.906,4.906,0,0,0,0,0,0,0,0,0,0,10.216,15.994
potr.txt_4359,0,0,0,0,0,1.628,0,3.256,4.884,0,0,0,1.628,0,0,3.256,0,1.628,0,0,6.93,13.363
potr.txt_7315,0,0,0,0,0,8.205,0,0,0,0,0,16.411,0,0,0,0,0,0,0,4.103,6.058,4.783
potr.txt_6943,0,1.742,0,0.871,0,0.871,0,0,1.742,0.871,0,0,0,0.871,4.355,0,0.871,0.871,0,1.742,11.173,11.018
potr.txt_10969,7.176,0,0,1.104,0,1.656,0,0.552,3.312,1.104,0,0.552,0,0,0,1.104,0,1.104,0.552,0,8.58,9.587
potr.txt_8917,1.062,0,0,0,0.354,2.479,0.354,0,1.771,1.062,0,0.354,0.354,0.708,2.479,1.062,0.354,1.062,0,0.354,13.459,10.179
potr.txt_3959,0,0,0,0,0,2.327,0,0,0,2.327,0,0,2.327,0,4.655,0,0,0,0,0,24.631,2.756
potr.txt_7891,2.243,0,0,0,0.748,2.991,0.748,1.496,3.739,2.243,0,0,0,0,0,1.496,0,1.496,0,0,7.737,11.501
potr.txt_5463,1.406,0,1.406,1.406,1.406,1.406,0,2.812,2.812,1.406,0,0,0,0,0,1.406,0,0,0,0,9.636,11.67
potr.txt_5225,3.874,0,0,0,0,0,0,0,3.874,1.937,0,0,0,0,1.937,0,0,0,0,0,10.902,16.513
potr.txt_8867,0.601,3.603,1.201,1.201,0,1.201,0.601,1.801,0.601,0.601,0,0,1.201,1.801,1.201,1.801,1.201,1.201,0,2.402,7.654,7.062
potr.txt_495,1.431,0,0,0,1.431,1.431,0,1.431,2.862,5.723,0,2.862,0,0,0,0,1.431,1.431,0,0,6.198,10.266
potr.txt_7959,1.954,0,0.651,0.651,0,0,0.651,1.303,0,1.954,0,0.651,0,0.651,2.605,0.651,1.303,0,0,2.605,9.555,11.54
potr.txt_3735,0,0,0,0,0,0,0,0,0,0,0,0,0,0,4.418,0,0,0,3.314,0,16.94,20.331
potr.txt_4143,0,0,0,0,0,0,0,0.92,0.92,0,0,0,0,0,2.76,0,0,0,3.679,0,17.052,18.492
potr.txt_11615,0,0,0,0,0,0,0,0,6.259,6.259,0,0,0,0,0,0,0,0,0,0,8.768,16.987
potr.txt_7427,0,0,2.917,0,0,4.376,0,2.917,0,8.751,0,1.459,1.459,0,0,1.459,1.459,4.376,0,0,4.411,6.216
potr.txt_1237,6.22,2.488,0,1.244,1.244,1.244,1.244,0,2.488,1.244,2.488,0,1.244,1.244,0,1.244,0,3.732,0,1.244,4.558,6.335
potr.txt_9323,1.305,0,0,0,0,6.524,0,3.914,2.61,6.524,0,0,1.305,0,0,1.305,0,2.61,0,0,5.061,7.15
potr.txt_557,0.589,1.178,0,0,0,0.589,0,0.589,0,0.589,0,0,0,0,3.533,0,0,2.355,1.178,1.766,15.208,10.822
potr.txt_11139,0,3.405,0,0.567,0.567,0.567,0.567,0,2.27,0.567,0.567,1.702,0,1.135,1.702,2.837,2.27,1.135,0.567,0.567,8.531,7.127
potr.txt_5167,1.007,1.007,0,0,1.007,0,0,0,1.007,0,1.007,0,0,2.014,3.02,0,0,1.007,1.007,0,13.233,13.31
potr.txt_11933,2.29,0,0,0,0,1.145,0,1.145,3.435,1.145,0,1.145,0,0,1.145,0,0,0,0,2.29,9.811,13.932
potr.txt_3379,0,0,0,0,0,0,0,0,0,3.232,0,0,3.232,0,3.232,0,0,3.232,0,3.232,7.765,12.674
potr.txt_11837,0,0,0.856,1.284,0.428,1.712,4.279,0,1.284,0.428,0,0.856,0,0,2.14,0.856,0,0,0,1.712,9.982,10.86
potr.txt_7981,0.702,0,0.702,0.702,0.702,1.404,5.615,0,2.106,0,0,0,0,0,2.106,1.404,0,0,0,1.404,8.688,10.946
potr.txt_397,4.139,2.069,0,0,3.104,0,0,4.139,3.104,1.035,0,1.035,1.035,0,0,3.104,0,2.069,0,0,5.331,7.625
potr.txt_5475,0,0,0,0,3.575,1.788,0,1.788,1.788,7.151,0,0,1.788,0,0,3.575,0,1.788,0,0,5.35,8.64
potr.txt_9613,1.614,0,0,0,4.843,3.229,0,3.229,1.614,6.457,0,0,3.229,0,0,1.614,0,1.614,0,0,4.82,6.661
potr.txt_277,0,0,0.72,1.08,1.441,0.72,0,1.08,2.161,1.441,0,0.36,0.36,0.36,1.801,0.72,0.36,0.72,0,0,10.38,14.02
potr.txt_4293,0,0,0,0,3.122,9.366,0,0,0,15.61,0,0,0,0,0,0,0,0,0,0,3.767,7.379
potr.txt_481,1.309,2.618,0,0,3.928,1.309,0,0,3.928,10.474,0,0,2.618,0,0,0,0,0,0,0,5.977,6.184
potr.txt_6563,0,0,0,0,0,0,0,1.166,1.749,0.583,0,0.583,0,0,1.166,0,0,0.583,3.498,0,15.763,16.828
potr.txt_4441,3.274,3.274,0,0,0,0,0,0,6.549,0,3.274,0,0,0,0,13.098,0,3.274,0,0,4.699,4.408
potr.txt_6803,0.913,0,0.913,0,0,2.739,0,1.826,0.913,2.739,0,0,0,0,0.913,0.913,0,2.739,0.913,0.913,8.24,11.875
potr.txt_9845,3.683,0,0,0,1.842,3.683,0,3.683,1.842,5.525,1.842,0,1.842,0,0,0,0,0,0,0,5.353,8.168
potr.txt_8527,3.389,0,0,0,0,1.356,0,2.034,5.423,2.711,0.678,0,0.678,0,0,1.356,1.356,0.678,0,0,8.183,8.612
potr.txt_5901,0,4.499,0,0,0,0,0,0,1.125,1.125,0,0,0,1.125,3.374,0,1.125,1.125,0,2.249,9.47,11.482
potr.txt_9471,1.026,1.026,0.513,0.513,1.026,1.539,0,1.539,1.539,1.539,0,1.539,0,0.513,1.539,0.513,0.513,0.513,0.513,0,10.433,10.322
potr.txt_1387,0,0,0,0,0,1.194,1.194,1.194,3.581,3.581,1.194,0,0,0,0,1.194,0,0,1.194,0,9.575,13.297
potr.txt_10601,3.476,0,0,0,1.159,0,0,0,4.635,4.635,0,0,0,0,0,0,0,0,0,0,10.439,13.056
potr.txt_9903,4.969,0,0,0,2.484,2.484,0,4.969,2.484,2.484,0,0,1.242,0,0,1.242,1.242,1.242,0,0,6.442,6.507
potr.txt_6003,2.96,0,2.96,0,0,0,4.439,2.96,0,4.439,0,0,0,1.48,0,0,0,0,1.48,0,7.987,7.898
potr.txt_1379,0.919,0,0,0,0,7.042,0.306,0.306,0,0,0,0,0,0,3.674,1.837,0,0.306,0,0.306,10.286,12.056
potr.txt_3775,0,0,0,0,0,0,0,0,0,0,0,0,0,0,4.422,0,0,0,5.896,0,18.857,11.316
potr.txt_4019,0,0,0,0,1.238,0,0,1.238,1.238,0,0,0,0,0,2.477,0,0,0,3.715,0,14.323,16.816
potr.txt_6059,1.229,0,0,0,1.229,1.229,3.687,0,2.458,3.687,0,1.229,0,0,1.229,0,0,0,1.229,1.229,7.877,10.072
potr.txt_5257,0,0,0,1.203,0,1.203,0,1.203,0,1.203,0,0,0,1.203,2.407,1.203,2.407,0,1.203,0,10.255,14.288
potr.txt_10097,0,0,0,1.201,2.401,0,0,0,1.201,1.201,0,0,3.602,0,1.201,1.201,3.602,0,1.201,0,8.667,11.012
potr.txt_11399,0.747,2.988,1.494,0.374,0.374,1.494,0,0.374,0.747,1.494,0.747,0,1.494,1.121,2.241,1.494,0.374,0.747,0,0.374,8.587,9.122
potr.txt_11877,2.563,0,0,0,0.854,4.271,0,1.709,4.271,0.854,0.854,0,5.126,0,0,1.709,0.854,3.417,0,0,5.06,6.935
potr.txt_2109,0,0,0,0,2.684,0.537,0.537,1.074,6.441,0.537,0,0,1.074,0,0,1.074,0,2.147,0,0,8.669,11.84
potr.txt_2765,1.317,1.755,0,0.439,0.439,1.755,0.439,0.878,0,1.317,0,0,0.878,0,4.389,0,0,0.878,0,0,11.321,11.325
potr.txt_5611,2.297,2.297,0,0,1.148,0,0,2.297,1.148,0,0,0,2.297,0,2.297,0,0,1.148,0,0,12.25,9.774
potr.txt_10755,5.802,0,0.645,0,0,2.578,0.645,0.645,2.578,3.223,0.645,0,0,0.645,0,0.645,1.934,0.645,0.645,0,6.638,8.799
potr.txt_4511,0,0,0,0,0,1.422,0,1.422,4.266,5.687,0,0,0,0,0,0,0,0,1.422,0,10.988,12.039
potr.txt_4091,0,0,0,0,2.741,0,0,0,5.482,2.741,0,0,0,0,0,0,0,0,0,0,10.766,17.987
potr.txt_2013,0,2.686,0,0,1.343,1.343,0,2.686,4.029,5.372,1.343,0,2.686,0,0,0,1.343,4.029,0,0,4.896,6.894
potr.txt_4667,0,0,2.908,0,0,0,0,0,0,0,0,0,4.362,0,5.815,0,0,2.908,0,0,6.245,14.399
potr.txt_10691,1.38,1.38,0,0,0.69,0,0.69,0,0,0,0,2.07,0,0,2.76,0,0,4.14,0.69,0.69,10.561,12.073
potr.txt_1885,1.199,3.596,1.199,0,1.798,0.599,0,1.199,0,0,0,1.199,0,2.398,1.798,1.798,1.798,1.199,0.599,0.599,8.521,7.151
potr.txt_2703,0,0,0,0,1.345,2.69,0,2.69,2.69,6.725,0,0,0,0,0,1.345,0,0,0,0,8.095,10.831
potr.txt_1607,0.728,3.638,0,0,0.728,2.183,0,1.455,2.183,0.728,0,1.455,0,0.728,0.728,2.91,3.638,1.455,0.728,0,7.206,6.754
potr.txt_1249,4.899,6.124,0,1.225,1.225,1.225,0,0,2.449,1.225,1.225,0,1.225,2.449,0,1.225,0,3.674,0,1.225,4.559,5.964
potr.txt_11283,1.636,0,0,0,0,1.636,0,1.636,0,0,0,0,0,0,1.636,0,3.272,1.636,1.636,0,13.569,11.215
potr.txt_3421,0,0,0,0,0,0,0,0,6.255,0,0,0,0,0,0,0,0,0,6.255,0,25.772,0
potr.txt_5899,0,0,0,0,2.327,0,0,0,4.653,0.776,0,0,0,0,1.551,0.776,0,0.776,0,0,11.9,17.077
potr.txt_8219,1.159,0,0.579,0,0.579,2.897,0.579,0,2.897,1.738,0,0,0,0,0.579,0.579,0.579,1.738,0.579,0.579,9.297,12.544
potr.txt_4785,0,0,0,0,0,0,0,0,4.784,3.189,0,0,3.189,0,0,0,0,3.189,0,3.189,13.342,5.525
potr.txt_7993,3.148,0,0,0,0.787,3.934,0,3.148,3.148,1.574,0,0,0,0,0,1.574,0,0,0.787,0.787,9.4,8.109
potr.txt_7313,0.777,0,0,0.777,0.777,1.554,0,1.554,3.886,3.108,0,0.777,0,0,0.777,0,0,0,0,0,12.491,10.878
potr.txt_9753,0.871,0,0,0,0,0.871,0,1.742,4.354,0.871,0,0.871,0,0,0,0,0,2.612,0.871,0,11.355,13.474
potr.txt_8205,0.707,4.245,0.707,0,0,2.83,0,0,2.83,0.707,0.707,0,0,0,1.415,2.122,0.707,0,0,0.707,10.202,8.511
potr.txt_6073,0,1.305,0,0,1.305,1.305,1.305,0,3.915,3.915,0,1.305,2.61,0,0,0,0,1.305,0,1.305,10.666,6.202
potr.txt_1813,4.244,0,0,0,2.83,1.415,0,4.244,0,4.244,0,1.415,1.415,0,1.415,4.244,0,1.415,0,0,5.682,6.096
potr.txt_4609,0,0,0,0,0,9.459,0,0,0,18.918,0,0,9.459,0,0,0,0,0,0,0,2.103,5.275
potr.txt_375,0,0,0,1.058,1.058,1.058,1.058,0,1.058,0,1.058,0,1.058,0,1.058,2.117,0,1.058,1.058,1.058,13.254,10.466
potr.txt_3391,0,0,0,0,0,0,8.471,0,0,8.471,0,0,16.942,0,0,0,0,8.471,0,0,3.824,2.327
potr.txt_2563,0,0,0,0,1.707,0.853,0,1.707,4.267,0.853,0,0,0,0,0.853,0,0,0,0,0,11.987,18.363
potr.txt_3037,0,0,0.604,0.604,1.811,1.207,0.604,1.207,1.811,0.604,0,0,0,1.207,0.604,0,0.604,1.207,0.604,1.207,11.196,12.331
potr.txt_7975,0.645,0,0.645,0.645,0.645,1.289,4.512,0,1.289,0,0,0,0,0,3.223,1.289,0,0,0,1.289,9.373,11.93
potr.txt_2623,6.238,1.559,0,0,0,3.119,0,3.119,0,3.119,0,0,0,3.119,0,0,0,3.119,1.559,0,5.693,7.191
potr.txt_6721,1.634,0,0,0,0.817,1.634,0.817,0,1.634,2.451,0,0,0.817,0,2.451,0,0,1.634,0,0,11.419,12.096
potr.txt_9603,0,1.75,0,0,0,0,0,0,0,0,0,0,0,0,3.5,1.75,0,0,3.5,0,8.151,21.612
potr.txt_5919,0,0,0,0,1.139,1.139,0,0,0,1.139,0,0,7.971,0,4.555,0,0,0,0,0,12.988,7.719
potr.txt_6577,3.187,0,0,0,1.593,3.187,1.593,6.373,1.593,3.187,0,0,3.187,0,0,3.187,0,0,0,0,6.064,5.605
potr.txt_807,1.449,2.414,0.483,0.483,0.483,2.897,0.483,0.483,1.449,0.483,0,2.414,0,0,0.966,1.449,0.483,1.449,0.966,0.966,7.775,8.895
potr.txt_9515,0.39,0.78,0.39,0.78,0.78,3.898,0,2.728,2.728,0.78,0.39,1.949,0.39,0,0,0.39,0.78,1.559,0,0,8.088,9.59
potr.txt_11613,1.896,0,0,0,1.896,0,0,0,0,0,0,0,0,0,3.792,0,0,0,0,0,14.24,23.523
potr.txt_4201,0,0,0,0,0,0,0,5.785,0,0,0,0,0,0,4.628,0,0,0,0,0,21.692,8.265
potr.txt_2947,0,0,0,0,0.81,0.405,0,1.619,0.405,0.405,0,0,4.453,0,4.453,0,0,0,0.405,0,14.511,10.499
potr.txt_7289,3.625,0,0,0,3.625,1.812,3.625,5.437,0,5.437,0,0,1.812,0,0,5.437,0,3.625,0,0,3.894,4.59
potr.txt_8081,0.722,0.722,1.443,0.722,0,2.887,0,0,0,0,0,0.722,0,0,2.165,1.443,1.443,3.608,0,2.165,6.728,11.616
potr.txt_2943,0.944,0,0,0,3.778,0.944,0,0.944,0,0,0,0,5.666,0.944,2.833,0,0,0,1.889,0,11.997,6.447
potr.txt_9229,0.694,0,1.736,1.041,0.694,2.43,1.389,1.041,0.694,3.124,0,0.347,0.694,0.694,1.389,0,0,0.694,0,0.347,8.881,10.568
potr.txt_11225,0.847,3.389,0.847,1.271,1.271,0.847,1.271,0,1.271,0,0,1.271,0.424,1.694,2.118,1.694,1.271,0.847,0,0.424,7.733,8.12
potr.txt_3819,0,0,0,0,0,0,0,0,0,0,0,0,0,0,10.628,0,0,0,4.251,0,15.78,6.311
potr.txt_11649,0,0,0.479,0.479,0,1.916,0,2.874,3.353,1.916,0,1.437,0.958,0,1.437,0,0.958,0.479,0.479,0,8.605,11.122
potr.txt_2319,1.312,3.498,0.437,0.875,1.312,2.187,0.875,0,1.312,0,0,0.437,0,1.312,1.749,1.749,1.312,1.312,0,0.437,8.821,7.571
potr.txt_6353,1.161,0,0,1.161,1.161,3.484,0,2.323,2.323,2.323,0,0,0,0,0,1.161,0,3.484,0,0,6.802,11.002
potr.txt_10143,0,0,0,0,0,1.065,0,0,0,0,0,0,1.065,0,7.453,1.065,1.065,2.129,0,0,10.449,13.142
potr.txt_4523,0,0,0,0,1.473,0,0,1.473,1.473,5.893,0,0,0,0,1.473,2.946,0,0,0,0,7.394,14.9
potr.txt_7553,1.413,0,0,0,0.707,2.12,0,0.707,4.24,2.12,0,0,0,0,0.707,0,0,2.12,0,0,9.456,13.695
potr.txt_10659,0,0,0,0,3.407,0,0,0,4.088,0,0,0,0,0,1.363,0,0,1.363,0,0,12.424,17.975
potr.txt_12089,0.644,0,0,0,1.288,0,0.644,0.644,4.509,3.221,0,0,0,0,0,2.577,1.932,0.644,0.644,0,9.137,10.61
potr.txt_8207,2.873,0,0,0,1.437,2.873,0,0,2.873,2.155,0,0,0.718,2.155,0,1.437,0,0.718,0,0.718,7.786,10.645
potr.txt_9623,3.981,1.99,0,0,1.99,0.995,0,1.99,3.981,2.985,0,0,1.99,0,0,0,0.995,2.985,0,0,5.939,7.62
potr.txt_5699,1.541,3.081,0,0,3.081,0,0,3.081,4.622,1.541,0,0,1.541,0,0,0,1.541,0,0,0,6.123,10.345
potr.txt_7551,1.502,0,0,0,0.751,2.253,0,0.751,1.502,2.253,0,0,0,0,0.751,0,0.751,2.253,2.253,0,11.219,10.684
potr.txt_11783,1.134,6.802,0,1.134,0,3.401,0,2.267,0,2.267,0,0,3.401,0,1.134,1.134,3.401,2.267,0,2.267,5.482,4.497
potr.txt_10137,2.009,0,0,0,4.019,2.009,0,2.009,2.009,6.028,0,0,2.009,0,0,2.009,0,4.019,0,0,4.469,7.727
potr.txt_11727,0,0,0,0,0,1.292,0,2.584,5.168,1.292,0,0,0,0,1.292,1.292,1.292,0,0,0,8.943,14.092
potr.txt_10331,3.002,1.501,1.501,0,0,1.501,0,1.501,3.002,3.002,0.75,1.501,0,0.75,0,0.75,1.501,0.75,0,0,7.027,8.617
potr.txt_6075,0,0,0,0,0,1.016,0,3.048,4.064,2.032,0,1.016,0,0,0,0,0,3.048,1.016,0,9.886,11.717
potr.txt_9961,0.448,2.685,1.343,1.79,0.895,2.685,0,0,0.448,0,0,0.895,0.895,0,1.343,0.895,1.343,0.448,0,2.238,9.053,8.98
potr.txt_9093,0.445,0,0,0.891,0,2.227,0,1.336,2.672,1.336,0,0.445,0.445,0.891,3.117,0.891,0.891,0.891,0,0.891,9.993,9.062
potr.txt_11253,0.913,5.478,0,1.826,1.826,1.826,0,2.739,1.826,0.913,0.913,1.826,0,0,0,4.565,0.913,1.826,0,0.913,6.254,4.79
potr.txt_2483,0,0,0,0,0,0,0,3.684,0,0,0,0,0,0,3.684,0,0,0,5.526,0,9.388,15.72
potr.txt_2727,4.035,0,0,0,1.009,0,0,2.018,4.035,4.035,0,0,1.009,0,0,2.018,0,1.009,0,0,7.403,9.84
potr.txt_1711,4.123,0,0,0,0,0,0,2.748,4.123,5.497,0,1.374,1.374,0,0,0,0,0,0,0,7.856,9.322
potr.txt_3927,0,0,0,0,0,0,0,0,2.451,0,0,0,0,0,1.225,0,0,0,4.901,0,15.754,18.906
potr.txt_11155,0,0,0,0,0.415,7.476,0,0,1.246,1.246,1.246,1.246,0.415,0.415,0,0.415,0,0,0.415,3.738,9.504,8.603
potr.txt_4579,0,0,2.008,2.008,0,0,0,2.008,2.008,4.016,0,0,2.008,0,0,2.008,0,4.016,0,0,8.483,7.94
potr.txt_5501,0,0,0,1.979,0,3.958,0,3.958,0,0,0,0,0,0,0,5.936,0,0,1.979,0,11.052,7.531
potr.txt_8429,4.132,0,0,0.689,0,2.066,0,0,2.755,2.755,0.689,2.066,0,0.689,0,0.689,0,1.377,0.689,0,8.739,9.051
potr.txt_8491,0,0,0.761,1.523,0.761,0.761,0,0.761,2.284,0.761,0,0.761,4.567,2.284,3.045,0.761,0.761,0,0,2.284,6.32,8.501
potr.txt_6239,0,0,0,0,0,0,0,0,6.393,5.479,0,0,0.913,0,0,0,0,0,0.913,0,12.019,11.79
potr.txt_9625,3.338,1.335,0.668,0,0.668,2.67,0,0,2.67,4.673,0,0,0,0.668,0,2.67,2.003,0.668,0,0,7.148,7.706
potr.txt_1541,1.598,0,1.598,0,1.065,1.598,1.598,1.065,2.13,1.065,0,0.533,0.533,1.598,0.533,0,0,1.598,0.533,0,7.559,11.854
potr.txt_597,2.245,0,0,0,0.561,1.684,1.122,0,2.806,1.122,0,0,0,0,0.561,0,1.122,1.122,1.122,0.561,10.063,13.242
potr.txt_323,1.294,0,0,0,0,1.941,0,2.588,3.882,1.294,0.647,0,0.647,0.647,0.647,0.647,0.647,1.294,0.647,0,9.207,10.452
potr.txt_9169,1.291,3.443,0.43,0.861,1.291,2.582,0.861,0,1.291,0,0,0.43,0,1.291,1.721,1.721,1.291,1.291,0,0.43,8.638,7.659
potr.txt_4955,0,0,0,1.376,1.376,1.376,5.502,0,4.127,0,0,0,0,0,1.376,0,0,0,0,1.376,8.253,11.772
potr.txt_7853,1.439,0,1.439,0,0.72,0,0,0.72,1.439,0.72,0.72,0.72,0,0.72,1.439,2.159,1.439,1.439,0.72,0.72,9.607,10.367
potr.txt_3089,1.407,0,0,0,1.407,2.111,0,0,2.111,0,0.704,2.111,0,0.704,1.407,1.407,2.111,2.815,0,1.407,10.069,6.685
potr.txt_2199,2.893,0,0,0,2.893,1.447,2.893,2.893,1.447,4.34,0,0,1.447,0,0,4.34,0,2.893,0,0,4.525,6.933
potr.txt_9493,3.324,0,0,0,0.665,2.659,0.665,1.994,3.989,0,0,1.33,0,0,0,1.33,0.665,1.994,0,0,8.992,8.778
potr.txt_1561,1.544,3.089,0.772,0,0,0,0,3.089,4.633,0.772,0,0.772,2.317,0,0.772,0,0,1.544,0,0,8.927,8.189
potr.txt_10611,3.549,0,0,0,1.183,0,0,0,4.732,4.732,0,0,0,0,0,0,0,0,0,0,10.499,12.561
potr.txt_12071,1.923,0,0.641,0.641,0,0,0.641,1.282,0,1.923,0,1.282,0.641,0.641,2.565,0.641,0.641,0,0,2.565,9.262,11.338
potr.txt_10995,0.953,0,0.318,0,0.318,1.589,0.635,0,1.589,0.953,0,0.953,0,0,1.906,0,0.318,0.953,0.953,0.635,11.773,14.784
potr.txt_3039,0,0,0.626,0.626,1.878,1.252,0.626,1.252,1.878,0.626,0,0,0,1.252,0.626,0,0.626,1.252,0.626,0.626,10.858,12.841
potr.txt_3685,0,0,0,0,0,0,0,0,0,0,0,0,0,0,5.736,0,0,0,4.302,0,14.011,16.813
potr.txt_7595,0.682,0,0.682,0.682,0.682,0,0.682,0.682,0.682,1.364,0,0,0,2.047,4.776,0.682,0,0,0.682,0,10.409,12.46
potr.txt_10119,0.89,0,0,0,0.89,0,0,1.78,0.89,0,0,0,0.89,0,2.67,0,0.89,3.56,0.89,0,11.074,13.283
potr.txt_11797,3.78,2.835,0.473,0.945,0.473,2.835,0.473,0,0.945,0,0,1.417,0,0,0.945,1.417,0.945,1.417,0.945,0.945,7.412,8.413
potr.txt_1665,2.906,0,0,0,2.18,2.18,0,0.727,3.633,0,1.453,2.18,0,0.727,0,0.727,0,1.453,0,0,7.884,10.333
potr.txt_11277,0,0,0,0,0,0,0,0,8.577,0,0,0,0,4.288,25.73,0,0,0,0,0,3.134,4.02
potr.txt_8339,4.608,0,0,0.768,0.768,3.84,0.768,1.536,2.304,3.072,0,0.768,0,0,0,2.304,0,0,0,0,7.403,8.468
potr.txt_10435,0,0,0,0,0,0,0,0,8.887,8.887,0,0,0,0,0,0,0,0,0,0,18.62,0
potr.txt_7401,1.457,2.915,0,0,4.372,0,0,0,2.915,10.201,0,0,2.915,0,0,2.915,0,1.457,0,0,4.321,6.318
potr.txt_4341,2.786,5.571,5.571,0,2.786,5.571,0,0,0,5.571,0,0,0,0,0,0,0,0,0,0,3.594,7.675
potr.txt_9289,2.437,1.625,0,0,2.437,0,0,2.437,2.437,1.625,0,0,1.625,0,0.812,1.625,0.812,1.625,0,0,7.318,9.622
potr.txt_7849,4.747,0,0.791,0.791,0,1.583,0.791,0.791,2.374,1.583,0,0,0.791,0,0.791,0,1.583,1.583,0,0,7.691,10.493
potr.txt_3381,0,0,0,0,0,0,0,7.718,0,3.859,0,0,3.859,0,3.859,0,0,0,0,0,5.524,11.602
potr.txt_4607,2.039,0,0,0,1.019,0,0,0,3.058,0,0,0,0,0,2.039,0,0,0,2.039,0,20.643,9.819
potr.txt_7113,0,0,0,0,0,0,0.592,0.592,1.184,2.96,0,0.592,0,0.592,2.368,0,0,0.592,1.184,0,13.365,16.051
potr.txt_10921,1.094,0.729,0.365,1.094,0.365,2.553,0,2.553,3.647,1.824,0,0.365,0,0,0.365,0.729,0.729,0.365,0,0,9.839,9.875
potr.txt_6601,0.731,0,0,0,0,0,0.731,0.731,4.387,1.462,0,0,0,0,2.924,0,0,0.731,0,0.731,11.376,14.539
potr.txt_1183,2.104,0,0,0.702,0.702,3.507,0,0.702,2.806,2.806,0,0.702,0,0,0,0.702,2.104,1.403,0,0.702,7.536,9.922
potr.txt_5797,0,0,0,0,0,0.843,0,5.898,5.055,0,0,0,0,0,0,0,0,0,0,0,9.217,17.865
potr.txt_8907,2.557,0,0.426,0.426,0.426,2.131,0,2.131,2.131,0.426,0.426,0.426,0.852,0.426,1.278,0.426,0.852,1.278,0,0,9.268,10.626
potr.txt_1847,1.64,0,0,0,1.64,3.281,0,0.82,3.281,2.461,0.82,0.82,0.82,0,0,3.281,0,0.82,0.82,0,7.479,8.583
potr.txt_1975,3.793,1.896,0,0,1.896,0.948,0,2.845,3.793,2.845,0.948,0,1.896,0,0,0,0.948,0.948,0,0,6.524,7.801
potr.txt_8333,1.711,1.711,0,0.856,0,1.711,0,2.567,2.567,0.856,0,0,3.423,0.856,0.856,1.711,0.856,2.567,0,0,7.712,6.982
potr.txt_4407,1.535,1.535,0,1.535,1.535,1.535,1.535,0,1.535,1.535,0,0,0,0,1.535,1.535,0,0,0,0,9.204,12.259
potr.txt_9971,0.822,0,0,0,2.467,0,0.822,0.822,4.934,1.645,0,0,0.822,0,0,0,0,0,0.822,0,10.06,14.613
potr.txt_1507,2.891,1.157,0.578,0.578,0.578,1.735,0,1.157,2.313,2.891,0,0.578,0,0.578,0.578,1.735,1.735,0.578,0,0,8.142,8.65
potr.txt_3083,2.359,0,0,0,1.18,0,0.59,1.769,1.769,1.769,0,0,0.59,0,1.769,0.59,0,1.769,0,0.59,10.05,12.226
potr.txt_2457,1.607,0,0,0,0,0,0,1.607,0,0,0,0,0,0,3.214,0,0,0,3.214,0,24.246,7.541
potr.txt_1223,0,6.958,3.479,0,0,0,3.479,0,0,6.958,3.479,3.479,3.479,0,0,3.479,3.479,0,0,0,4.127,3.121
potr.txt_3345,0,0,0,0,0,0,0,0,0,0,0,0,0,0,4.789,0,0,0,3.193,0,19.306,17.158
potr.txt_3411,0,0,0,0,2.823,0,0,0,2.823,0,0,0,0,0,2.823,0,2.823,0,5.645,0,6.373,13.16
potr.txt_5705,0,0,0,0,0,4.88,0,0,0,0,0,0,0,0,4.183,0,0,0,0,0,19.277,14.021
potr.txt_2611,0,3.273,0,0,1.637,2.455,0.818,0,0,0,0,0,0,0,4.091,0,1.637,0,0,0,11.175,12.311
potr.txt_4297,0,1.489,0,0,0,0,0,0,5.956,5.956,0,0,0,0,0,0,0,0,0,0,7.864,16.413
potr.txt_6437,0.923,0,0,0,0,0.923,0,2.77,4.617,2.77,0,0,0,0,0,1.847,0,0,0.923,0,8.904,13.329
potr.txt_10019,1.714,0,0,0,1.714,5.142,0,3.428,1.714,5.142,1.714,0,0,0,0,0,1.714,0,0,0,5.551,9.118
potr.txt_5499,0,0,0,0,0,0.87,0,0.87,1.74,1.74,0,0.87,0,0,1.74,1.74,0,0,1.74,0,11.636,16.403
potr.txt_5271,0,0,0.949,0,0,0,0,0,0,0,0,0,1.899,0,3.797,0,0,0,3.797,0,20.476,9.412
potr.txt_2821,0,0,0,0,1.806,0,0,0,3.612,0,0,0,0,0,1.806,0,0,0,5.418,0,10.596,14.944
potr.txt_385,3.665,1.832,0,0,2.748,0.916,0,4.581,3.665,0.916,0,0,1.832,0,0,0.916,0,0.916,0,0,6.324,8.562
potr.txt_11717,0.921,5.528,0,1.843,1.843,1.843,0,2.764,1.843,0.921,0,1.843,0,0,0,4.607,0.921,1.843,0,0.921,6.345,5.034
potr.txt_12097,1.227,1.227,1.841,0.614,0,0.614,0,1.227,2.455,1.841,0,1.227,0.614,1.227,1.841,1.227,0.614,0.614,0,0,6.866,11.107
potr.txt_3499,0,0,0,0,0,0,0,0,0,0,0,0,0,0,5.561,0,0,0,2.781,0,15.712,19.643
potr.txt_5561,1.49,0,0,0,1.49,1.49,0,2.98,0,5.96,0,0,1.49,0,1.49,1.49,0,1.49,0,0,7.535,9.522
potr.txt_9281,0.748,0,0,0,0.748,1.497,0.748,0,0.748,2.245,0,0,0.748,0.748,2.994,0,0,1.497,0,0,12.051,13.349
potr.txt_7459,0.68,0,0,0,0,2.04,0.68,2.04,2.04,1.36,0,0,0.68,0,1.36,0,0.68,1.36,0,0.68,10.458,13.507
potr.txt_11949,1.18,0,0,0,2.359,1.18,0,0,2.359,2.359,0,0,0,0,0,0,0,0,3.539,0,16.037,8.936
potr.txt_10213,0,0,0,0,0,0,0,1.075,2.15,0,0,0,0,0,2.15,0,0,0,4.3,0,15.338,16.372
potr.txt_4561,0,0,0,0,2.832,0,0,0,0,0,0,0,0,0,8.496,0,0,0,2.832,0,7.212,15.9
potr.txt_499,2.684,0.671,0.671,0,0,2.013,0,0,1.342,2.013,0,0,0,0,1.342,1.342,0,1.342,0.671,1.342,10.645,10.708
potr.txt_8805,0,0,0,0,0,13.343,0,0,1.977,0,0,0,0,0,0.494,0,0,0,1.482,0.494,8.368,10.236
potr.txt_2461,0,0,0,0,0,0,0,1.928,0,0.964,0,0,0,0,3.857,0,0,0,3.857,0,20.483,9.042
potr.txt_3387,0,0,5.538,0,2.769,0,0,0,0,0,0,0,0,0,5.538,0,0,0,0,0,13.48,10.106
potr.txt_1811,2.817,0,0,0,2.817,1.409,0,4.226,0,4.226,0,1.409,1.409,0,1.409,4.226,0,2.817,0,0,5.589,6.251
potr.txt_4271,0,0,0,0,0,0,0,0.894,0.894,0.894,0,0,0,0,2.683,0,0,0.894,1.788,0,16.488,19.767
potr.txt_9789,0.59,0,0,0.59,1.769,2.949,0.59,1.179,3.538,1.179,0,1.179,0,0,0,0.59,0,0.59,0,0,9,13.279
potr.txt_1173,1.033,2.065,0,0,2.065,5.163,0,2.065,2.065,2.065,0,0,0,0,0,1.033,2.065,2.065,0,0,6.875,8.242
potr.txt_7299,2.803,0,0,0,2.803,1.402,1.402,4.205,1.402,2.803,1.402,1.402,1.402,0,0,2.803,1.402,1.402,0,0,5.215,6.699
potr.txt_10351,0.794,0,0,0,0,0,0,0,4.764,1.588,0,0,0,0,0.794,0,0,0,2.382,0,12.647,17.518
potr.txt_8755,4.228,0,0.604,3.624,0,0.604,0.604,1.208,0.604,1.208,0,0,1.812,0,1.812,3.02,0,0.604,0,0.604,8.921,7.116
potr.txt_8575,0.568,0.568,1.704,1.704,0,0.568,0,0,0.568,1.704,0,0,0,3.977,2.841,1.136,0,0.568,0,1.136,8.853,10.557
potr.txt_8039,3.179,0,0,0.795,0,1.589,1.589,1.589,2.384,2.384,0,2.384,0,1.589,0,0,0,1.589,0,0,7.415,9.916
potr.txt_6329,0,0,0,0,1.569,4.708,0,1.569,1.569,7.846,0,0,1.569,0,0,4.708,0,1.569,0,0,5.725,7.064
potr.txt_4899,0,0,0,0,0,2.038,0,6.114,2.038,8.152,0,0,0,0,0,4.076,2.038,0,0,0,5.278,7.913
potr.txt_10831,0,0,0,0,1.2,1.2,0,0,2.399,0,0,0,2.399,0,1.2,0,2.399,1.2,2.399,0,11.526,11.245
potr.txt_2613,0.745,2.981,0,0.745,1.491,1.491,1.118,0,0.745,0,0,0.373,0.373,0.745,3.354,1.491,1.491,0.373,0,0,9.148,9.749
potr.txt_10081,0.858,1.716,0.858,0.858,0,1.716,0,0.858,1.716,0.858,0,0,0,0,3.432,0,0.858,0,0,0.858,13.605,8.893
potr.txt_9667,1.735,0,0,0,3.47,1.735,0,3.47,1.735,5.205,0,0,0,0,0,3.47,0,1.735,0,0,5.919,8.553
potr.txt_7861,3.562,0,0.594,0,0,0,0,1.781,0.594,1.187,0.594,0.594,0,1.187,1.781,0,0,0,1.187,0.594,11.81,12.069
potr.txt_6909,1.647,0,0,0.824,0.824,0.824,0.824,2.471,3.295,1.647,0,0.824,0,0.824,0,0,0,0.824,0,0,8.613,13.551
potr.txt_10023,2.416,1.611,0.805,0,0.805,2.416,0,0.805,2.416,2.416,1.611,2.416,0,0,0.805,0,3.222,0.805,0,0,8.48,5.991
potr.txt_4127,0,0,0,0,0,0,0,0.959,1.918,0,0,0,0,0,1.918,0,0,0,3.836,0,16.918,17.586
potr.txt_11111,0.346,0,0.692,1.384,1.384,0.692,0,1.038,1.384,1.384,0,0.346,0.346,0.346,2.077,0.346,0.346,0.692,0,0,11.05,14.208
potr.txt_463,0.464,2.785,1.392,0.464,0.928,3.713,0.928,0.464,2.321,0,0.464,0.928,0.464,0.464,0,0.464,0,0.464,0.464,1.392,8.88,8.937
potr.txt_6357,0.807,0,0,0,0,2.42,0,1.614,0.807,1.614,0,0,0,0,1.614,0.807,0,2.42,0.807,0,9.597,15.489
potr.txt_6179,1.385,2.769,0,1.385,0,1.385,1.385,2.769,1.385,1.385,1.385,0,0,0,1.385,1.385,2.769,0,0,0,9.501,6.341
potr.txt_1779,1.735,1.735,0,0,1.735,2.603,0,3.471,2.603,1.735,0,0,0.868,0,0.868,1.735,0.868,0.868,0,0,7.027,8.77
potr.txt_4421,3.228,0,0,0,0,1.614,0,1.614,0,0,0,1.614,0,0,3.228,1.614,1.614,1.614,0,0,10.614,9.847
potr.txt_1919,1.735,0,0.867,0,1.735,3.47,0,0.867,2.602,2.602,0,0,0,0,0,0.867,0,3.47,0,0,8.732,9.435
potr.txt_11761,1.56,0,0.78,0,0,0,0,3.119,4.678,0.78,0,0.78,2.339,0,0.78,0,0,1.56,0,0,10.504,9.678
potr.txt_11739,0,0,0,0,1.388,0,0,0,8.329,2.776,0,0,0,1.388,0,0,0,0,0,0,11.264,12.266
potr.txt_363,0.455,2.73,0,0.455,0.91,1.365,0.455,0.91,0,0.455,0,0.455,0,0,4.096,0.455,0.91,0.455,0,0.91,9.411,12.492
potr.txt_6067,0,0,0,0,1.755,0,0,0,5.265,2.633,0,0.878,0,0,0,0.878,0,0,1.755,0,12.427,12.235
potr.txt_2005,0,0,0,0,1.836,0,0,0,3.673,3.673,0,0,0,0,1.836,0.918,0,0,0,0.918,10.161,15.014
potr.txt_8055,0,0,0,0,0.575,0.575,0,0.575,0,1.15,0,0,5.749,0,5.174,0,0,0,0,0,14.207,9.451
potr.txt_9313,0,0,95.238,0,0,0,0,0,0,0,0,0,0,0,0,0,0,0,0,0,0,0
potr.txt_5505,0,0,0,2.361,2.361,4.721,0,4.721,0,0,0,0,0,0,0,7.082,0,2.361,0,0,7.759,5.982
potr.txt_4897,0,0,0,0,0,5.437,0,0,0,3.625,0,0,0,0,1.812,5.437,3.625,1.812,0,0,8.183,6.884
potr.txt_12165,0.556,3.338,1.113,0.556,1.113,3.338,1.113,0.556,1.669,0,0,1.113,0.556,0,0.556,0.556,0,0.556,0.556,1.669,8.896,8.582
potr.txt_275,0.625,0,0,0,0.625,1.251,0.625,0,0.625,1.876,0,0,0.625,0.625,3.126,1.251,0.625,1.251,0,0,12.226,12.49
potr.txt_4865,0,0,0,0,0,0,0,1.312,3.936,1.312,1.312,0,1.312,0,2.624,0,0,1.312,0,1.312,12.663,10.054
potr.txt_827,4.744,0,0,0,1.186,1.186,0,0,3.558,4.744,0,0,0,1.186,0,1.186,0,0,0,0,8.697,9.906
potr.txt_551,0,4.48,0,0,1.493,1.493,0,1.493,0,0,0,0,0,0,2.986,0,1.493,0,0,0,11.178,13.039
potr.txt_1689,3.676,0,0,0,3.676,0,0,14.706,3.676,3.676,0,0,0,0,0,0,0,0,0,0,5.244,5.271
potr.txt_1971,2.123,0,0,0,0.303,2.729,0.303,0,1.516,0.91,0,0.303,0.607,0.607,2.426,0.91,0.607,1.213,0,0.607,12.128,9.579
potr.txt_11379,2.056,3.29,0.411,1.645,1.234,0.823,0,0.411,1.645,0.411,0,1.645,0.411,0.823,0,0,0.823,1.234,0.823,1.234,8.772,8.706
potr.txt_9959,0.695,0,0,0,2.084,1.389,0.695,1.389,4.862,1.389,0,0,0,0,0,0.695,0,0,0.695,0,11.484,12.031
potr.txt_5037,0,0,0,0,1.58,0,1.58,1.58,0,3.16,0,0,0,3.16,3.16,3.16,0,1.58,0,0,8.644,8.797
potr.txt_3435,0,0,0,0,0,0,0,0,0,0,0,0,0,0,13.192,0,0,0,2.638,0,12.827,8.018
potr.txt_11107,0,0,0,0,0,0.805,0,0,5.636,6.442,0,0,0,0,0,0,0,0,0,0,10.561,14.566
potr.txt_6631,1.188,0,1.188,1.188,1.188,1.188,0,1.188,1.188,1.188,1.188,1.188,1.188,1.188,1.188,1.188,1.188,0,1.188,1.188,7.233,9.095
potr.txt_263,0,8.741,0,0,2.185,3.278,0,0,0,0,1.093,2.185,1.093,0,2.185,1.093,0,1.093,0,0,7.667,6.526
potr.txt_925,4.013,0,0,0,1.338,2.675,0,4.013,2.675,6.689,0,1.338,1.338,0,0,0,0,0,0,0,5.973,7.458
potr.txt_6271,0,0,0,0,0,0,0,0,1.911,0,0,0,0.956,1.911,2.867,0,0,6.69,0,0,11.861,10.997
potr.txt_5939,0,2.002,0,0,0,0,0,0,6.007,6.007,0,0,0,0,0,0,0,0,0,0,7.69,15.637
potr.txt_11647,0,0,0.752,0.376,0.752,1.127,0,0.752,2.255,1.503,0,0.752,0.752,0.376,1.879,0.376,0.752,0.752,0.376,0,11.321,12.752
potr.txt_2259,2.379,0,0,1.189,2.379,1.189,1.189,0,2.379,2.379,0,1.189,1.189,1.189,0,1.189,1.189,0,0,0,8.246,9.126
potr.txt_1271,2.227,1.485,1.485,0,0,2.969,0,1.485,2.969,3.712,0,0.742,0,0.742,0,2.969,2.227,1.485,0,0,6.252,6.912
potr.txt_2835,1.671,0,0,0,3.343,3.343,0,1.671,1.671,5.015,1.671,0,0,0,0,1.671,0,1.671,0,0,6.127,8.955
potr.txt_3773,0,0,0,0,0,0,0,0,0,0,0,0,0,0,3.7,0,0,0,4.933,0,13.268,21.229
potr.txt_10215,0,0,0,0,0,0,0,0.988,1.976,0,0,0,0,0,1.976,0,0,0,3.951,0,18.915,14.855
potr.txt_10253,1.101,0,1.101,1.101,0,0,0,2.202,2.202,6.607,0,0,0,0,1.101,1.101,1.101,1.101,0,0,7.414,10.254
potr.txt_10139,0,0,0,0,0,0,0,0,5.475,0,0,0,0,0,5.475,0,0,0,2.737,0,7.693,16.133
potr.txt_3107,0,0,0,0,0,4.539,4.539,0,4.539,0,0,0,0,0,0,0,0,0,0,0,8.215,15.719
potr.txt_4357,3.663,0,0,0,0,3.663,0,3.663,1.832,0,0,0,0,0,1.832,0,1.832,1.832,0,0,9.418,8.648
potr.txt_9539,1.3,0,0,0,0,1.95,0,2.6,3.25,1.3,0.65,0,0.65,0.65,0.65,0.65,0.65,1.3,0.65,0,9.509,10.819
potr.txt_10217,0,0,0,0,0,0,0,0.915,0.915,0.915,0,0,0,0,2.744,0,0,0,2.744,0,14.439,21.244
potr.txt_5891,1.463,0,0,0,1.463,1.463,1.463,1.463,4.389,4.389,0,1.463,0,0,0,0,1.463,1.463,0,0,7.515,8.564
potr.txt_10655,0,0,0,0,2.768,0,0,0.923,4.613,0,0,0,1.845,0,1.845,0,0,0,0,0,11.46,15.245
potr.txt_10275,0.675,2.701,0,0,0,0.675,0,0.675,0.675,0,0,0,0,0,3.377,0,0,0.675,0.675,1.351,13.644,14.049
potr.txt_7425,0,0,0,0,0,5.265,0,3.948,1.316,6.581,0,2.632,1.316,0,0,1.316,1.316,2.632,0,0,4.853,7.231
potr.txt_187,0,2.774,0,0,0.693,0.693,0,0.693,0.693,0,0,0,0,0,3.467,0,0,0.693,0.693,1.387,14.023,13.072
potr.txt_6195,0,0,0,0,1.938,0,0.969,2.907,3.876,0.969,0,0,0.969,0,0.969,0.969,0,0,0.969,0,12.896,9.675
potr.txt_29,0,0,0,0,1.379,0,0,0,0,0,0,0,0,0,4.136,0,0,0,2.757,0,15.438,20.129
potr.txt_6839,5.377,0,0,0,0,0,0,0,4.481,6.273,0,0,0,0,0,0,0,0,0,0,10.784,9.69
potr.txt_12175,4.871,0,0.609,0.609,0.609,0.609,0,3.653,1.218,2.435,1.218,0,1.218,0,1.218,0,0.609,0.609,0,0.609,7.924,8.488
potr.txt_12153,0,0,0,0,1.532,1.532,0,1.532,0,2.299,0,0,0,0.766,2.299,0,0,0,0,0,13.384,17.627
potr.txt_1043,0,2.367,0,0,0,7.102,0,2.367,2.367,4.735,1.184,0,0,0,0,2.367,0,2.367,0,0,5.702,7.239
potr.txt_10445,2.308,0,1.154,1.154,0,1.154,3.462,0,2.308,2.308,0,1.154,0,0,0,0,1.154,2.308,1.154,1.154,7.591,8.248
potr.txt_7893,3.055,0,0,0,0.764,3.055,0.764,1.528,3.819,2.291,0,0,0,0,0,1.528,0,0.764,0,0,7.751,11.087
potr.txt_4401,1.68,1.68,0,1.68,1.68,1.68,0,0,3.36,1.68,0,0,0,0,1.68,1.68,0,0,0,0,6.064,13.625
potr.txt_1463,0,2.914,0,0,2.914,0,0,4.371,4.371,4.371,0,0,2.914,0,0,0,1.457,1.457,0,0,4.807,8.187
potr.txt_971,2.9,1.933,0,0,1.933,0.967,0,1.933,3.867,3.867,0,0,1.933,0,0,0.967,0.967,1.933,0,0,5.877,8.138
potr.txt_2849,2.688,3.226,0.538,0.538,1.075,1.613,1.075,1.075,2.151,2.688,0,1.613,0,0,1.613,2.688,0.538,1.075,0,0,6.425,6.932
potr.txt_9711,1.273,0,0,0,0,1.273,1.273,3.82,2.547,2.547,0,1.273,0,0,0,0,0,0,1.273,0,8.637,12.916
potr.txt_1089,1.084,0,1.084,0,0,1.084,0,2.167,2.167,3.251,1.084,1.084,0,0,0,0,0,1.084,1.084,0,10.422,11.276
potr.txt_4417,2.385,0,0,4.771,0,0,0,0,0,0,0,0,2.385,2.385,0,0,2.385,2.385,0,4.771,7.485,7.798
potr.txt_10855,2.616,0,0.654,0.654,0.654,1.308,0,1.962,3.27,0.654,0,0.654,0,0,0,1.308,0.654,0.654,0.654,0,8.59,12.421
potr.txt_5593,0,0,0,0,0.928,0.928,0.928,0,0.928,1.855,0,0,0.928,0.928,2.783,0,0,1.855,0,0,12.517,14.067
potr.txt_657,2.357,0,0.471,0.471,0.471,1.885,1.414,1.885,3.299,0,0,1.414,0,0,0.943,0.943,0.471,1.885,0,0.471,9,9
potr.txt_3077,0.421,3.365,0.421,0.421,1.262,1.262,0.421,0.421,2.524,0,0.421,0.841,1.682,0,1.262,2.103,2.103,0.841,0,1.262,8.273,7.357
potr.txt_3093,0.624,1.248,0,0,0.624,0,0,1.248,1.873,2.497,0.624,0,0,0,2.497,0,1.873,1.248,0,0.624,10.486,11.465
potr.txt_9301,0,0,0,0,0,0,0.755,5.287,2.266,0,0,0,0,0,2.266,0,0,0,0,0,10.511,19.083
potr.txt_3133,0,0,0,0,0,0,0,0,38.987,0,0,0,0,0,19.493,0,0,0,0,0,3.195,0
potr.txt_3067,0,0,0,0,0,0,0,1.411,4.233,1.411,0,0,0,1.411,1.411,0,0,0,1.411,0,12.507,15.574
potr.txt_11051,0.511,3.069,0,0,0,2.046,0,2.557,2.046,0,0,0.511,2.046,0.511,1.534,2.046,0.511,2.046,0,1.023,7.723,8.377
potr.txt_9785,0.655,0.655,0.983,0.655,0.983,2.947,0.328,1.965,2.62,0.655,0.328,0,0,0,0.328,0.328,0.328,1.31,0,0,10.29,11.548
potr.txt_11271,3.169,1.056,0,0,0,1.056,0,1.056,1.056,0,0,0,2.112,0,1.056,0,1.056,1.056,1.056,2.112,11.674,9.156
potr.txt_5255,0,0,0,0,3.642,3.642,3.642,0,0,10.925,0,0,10.925,0,0,0,0,3.642,0,0,4.01,3.807
potr.txt_8427,0.745,1.49,0.745,0,0,3.724,0,0,2.979,0.745,0.745,0,0,0,1.49,2.979,0.745,0,0,0.745,10.896,8.419
potr.txt_8621,0,2.616,2.616,0.654,0,0.654,1.962,0,0.654,0,0.654,0,0.654,3.924,4.578,1.308,0,0,0,0,7.612,8.646
potr.txt_8981,0.422,2.53,1.686,0.843,0,2.951,1.265,0,1.265,0,0,0.843,0.422,0,0.843,0.843,0.422,0.843,0.843,1.265,8.854,10.289
potr.txt_1475,1.239,3.304,0.413,0,0.413,1.239,0,0,2.478,2.065,0,1.239,0.826,0.413,1.652,1.652,0.826,0.413,0,0.413,9.219,8.578
potr.txt_9171,0.868,3.474,0.434,0.868,1.303,2.605,1.303,0,1.303,0,0,0.434,0,1.303,1.737,1.737,1.303,1.303,0,0.434,8.461,7.681
potr.txt_2351,8.521,0,0,1.704,0,0,3.408,1.704,3.408,1.704,0,0,0,0,0,0,1.704,1.704,0,1.704,5.927,6.592
potr.txt_7779,0,1.727,0,0.864,3.455,1.727,0.864,2.591,2.591,0,0,0,0.864,0,0,2.591,0.864,0.864,0,0,8.223,9.177
potr.txt_8433,2.552,0,0,0,0.638,2.552,1.276,0.638,2.552,1.914,0,0.638,0,0,1.276,0.638,1.276,0,0.638,0.638,9.04,10.171
potr.txt_565,0.756,0,0.378,1.134,1.512,0.756,0.378,1.512,1.89,1.134,0,0.378,0.378,0.756,1.89,0.378,0.378,0.378,0,0,10.315,13.054
potr.txt_493,0,0,0,0,1.778,3.556,0,3.556,1.778,8.891,0,0,1.778,0,0,1.778,0,0,0,0,5.675,8.399
potr.txt_4433,0,0,0,0,0,1.192,0,2.385,2.385,4.77,0,0,0,0,1.192,0,0,0,0,0,10.001,16.835
potr.txt_523,2.439,0,0.813,0,2.439,1.626,0,0.813,3.251,3.251,0,0,0.813,0,0,3.251,0,0,0.813,0,7.422,9.507
potr.txt_9297,2.539,1.27,0.635,0,0,2.539,0,0.635,3.174,3.809,0.635,1.27,0,1.27,0,1.904,1.27,0,0,0,7.145,8.553
potr.txt_2823,0,0,0,0,2.068,0,0,0,4.137,0,0,0,0,0,2.068,0,0,0,4.137,2.068,9.27,13.381
potr.txt_11745,0,0,0,0,0,0,0,0,0,4.224,0,0,0,0,4.224,0,0,0,0,0,10.949,24.091
potr.txt_7931,1.549,0,0,0,1.549,3.873,3.099,3.099,0.775,1.549,0.775,0.775,0,0.775,0.775,0,0,0,0,0,7.678,10.116
potr.txt_8539,0.647,1.295,0,0.647,0,1.295,0,0.647,3.885,1.942,0,1.942,0,0,0.647,0.647,0,5.179,0,0,7.308,10.306
potr.txt_4737,4,0,0,0,0,11.999,4,0,0,0,0,0,11.999,0,0,4,4,4,0,0,2.474,3.289
potr.txt_1785,2.835,1.89,0,0,1.89,0,0,3.78,3.78,2.835,0,0.945,1.89,0,0,0.945,0.945,0.945,0,0,5.968,8.412
potr.txt_8933,0,2.231,0,0,0.892,2.231,0,0.446,0,0.892,0,0.446,1.785,1.339,2.231,1.785,0.892,0.892,0,1.785,10.166,8.378
potr.txt_8637,1.608,1.072,0.536,0.536,0.536,3.217,0,1.608,2.681,2.144,0,1.072,0,0,0.536,0,0.536,0,0.536,0,9.088,10.806
potr.txt_9621,6.597,6.597,0,0,3.298,0,0,0,3.298,0,0,0,0,0,0,0,0,0,0,0,8.903,7.774
potr.txt_11079,1.189,3.172,0,0,0.396,1.189,0,0,1.982,1.982,0,1.189,0.793,0.396,1.982,1.982,0.793,0.396,0,0.396,9.815,8.735
potr.txt_3243,4.764,0,0,0,0,0,0,0,2.382,0,0,0,0,0,2.382,0,0,0,0,0,12.831,19.246
potr.txt_179,6.222,0,0,0,0,2.667,0,1.778,3.556,1.778,0.889,0,0,0,0,0.889,0,0.889,0,0,8.607,9.113
potr.txt_12051,0,1.692,0,1.692,0,1.692,0,0.846,4.231,0.846,0,0,0.846,0.846,3.385,1.692,0.846,0,0,0,8.609,9.16
potr.txt_2525,0.401,3.209,0.401,1.203,1.604,1.203,0.802,0,2.006,0.401,0.401,0.802,0.401,0.802,1.604,2.407,1.203,0.802,0,0.401,7.374,9.07
potr.txt_6611,1.522,0,0,0,0,7.61,0,4.566,1.522,7.61,0,0,1.522,0,0,0,0,1.522,0,0,5.505,6.833
potr.txt_10561,2.911,0,0,0,1.455,0,0,0,4.366,4.366,0,0,0,0,0,0,0,0,0,0,9.683,15.084
potr.txt_3787,0,0,0,0,0,0,0,0,0,0,0,0,0,0,21.322,0,0,0,3.554,0,5.877,7.053
potr.txt_4577,0,0,1.796,0,0,0,0,0,0,0,0,0,0,0,7.183,0,0,0,7.183,0,7.388,13.048
potr.txt_10073,0,0,0,0,0,0,0,0,2.631,1.316,0,0,0,0,2.631,0,0,1.316,2.631,1.316,24.358,2.636
potr.txt_4619,2.047,0,0,0,1.023,0,0,2.047,0,1.023,0,0,1.023,0,4.093,0,0,0,0,0,17.166,10.979
potr.txt_7915,2.774,1.849,0,0,2.774,0.925,0,0.925,3.699,4.623,0.925,0.925,1.849,0,0,0,0.925,0,0,0,6.105,8.629
potr.txt_3403,0,0,0,0,0,0,0,0,1.765,0,0,0,0,0,1.765,0,0,0,7.061,0,16.308,13.247
potr.txt_4205,0,0,0,0,0,0,0,2.07,2.07,0,0,0,0,0,6.211,0,0,2.07,0,0,18.056,7.87
potr.txt_1081,0,2.803,0,0.934,0.934,0.934,0,0.934,3.271,2.336,0.467,1.402,0.934,0.934,1.402,0.934,0.467,0,0.467,0.467,8.8,8.026
potr.txt_3715,0,0,0,0,0,0,0,0,0,0,0,0,0,0,5.584,0,0,0,4.188,0,9.255,22.212
potr.txt_455,2.964,0,1.482,0,0,2.223,0.741,1.482,2.964,2.223,0.741,0.741,0,0,0,0.741,0,2.223,0,0,7.738,10.12
potr.txt_7389,0,0,0,0,2.286,2.286,0,0.762,1.524,2.286,0,0.762,0,0.762,0.762,0,0.762,1.524,0,1.524,9.576,12.026
potr.txt_3649,0,0,0,0,6.76,0,2.253,0,2.253,2.253,0,0,0,0,2.253,0,0,0,0,0,18.363,2.554
potr.txt_4181,0,0,0,0,0,2.988,2.988,0,14.938,0,0,0,0,0,0,2.988,0,0,0,0,6.052,7.495
potr.txt_8231,2.103,0,0.701,0,2.103,0.701,0,1.402,3.505,0,0,1.402,0,0.701,0.701,0,0.701,2.804,0,1.402,9.6,8.557
potr.txt_7645,0.744,0,0.744,0,0.744,2.231,0,2.231,2.974,0.744,0.744,0.744,0,0.744,0,0.744,0.744,0.744,0.744,0,10.476,10.641
potr.txt_4777,0,0,0,4.784,3.189,0,0,0,0,0,0,0,0,6.379,1.595,0,0,0,1.595,0,14.296,4.572
potr.txt_9853,8.013,0,0,0,2.671,1.335,1.335,4.006,1.335,2.671,0,1.335,1.335,0,0,1.335,0,1.335,0,0,4.887,6.984
potr.txt_1683,1.777,0,0,0.592,1.185,1.185,0,2.37,2.962,1.777,0,0.592,0.592,0.592,0.592,1.777,0,1.185,0,0,7.917,11.34
potr.txt_8083,0,0,0.848,0,1.696,1.696,0,1.696,0,0,0,1.696,5.935,1.696,3.391,0.848,0.848,0,0,0.848,7.157,8.34
potr.txt_953,1.074,1.074,0,1.074,0.537,3.223,0,1.611,2.686,3.223,0.537,0.537,0,1.074,0,0,2.686,0.537,0,0,7.397,9.207
potr.txt_3619,0,0,0,0,0,0,0,0,0,5.361,5.361,0,5.361,0,0,0,10.721,0,5.361,0,3.763,5.571
potr.txt_10759,1.829,0,0,0,0.914,3.658,0,0.914,0,0.914,0.914,0,0,0,0.914,5.487,3.658,1.829,0.914,0.914,6.877,7.374
potr.txt_6999,0,0,0,0,0,0,0,0,6.414,5.702,0,0,0,0,0,0,0,0,0,0.713,9.976,15.244
potr.txt_7335,5.388,1.347,0,0,4.041,1.347,0,1.347,0,0,0,4.041,2.694,0,0,0,2.694,2.694,1.347,0,5.803,5.944
potr.txt_1347,0,2.38,0,0,0,7.139,0,2.38,2.38,5.95,0,0,0,0,0,2.38,0,2.38,0,0,5.237,7.625
potr.txt_1227,1.321,3.523,0,0.881,0.44,2.643,0.881,0.44,0.881,0.44,0,1.321,0.881,0.881,1.321,2.643,0.44,0.881,0.44,1.762,6.981,7.88
potr.txt_9427,2.525,1.683,0.841,0,0,2.525,0,0.841,2.525,5.049,0,0.841,0,0.841,0,5.049,2.525,2.525,0,0,5.153,6.159
potr.txt_10913,0.357,0,0.715,1.072,1.072,1.787,0.357,1.43,1.072,0.357,0,0,0.715,0.357,2.502,0.715,0.715,0.715,0.715,0.357,10.847,11.062
potr.txt_8845,3.611,1.032,0,0.516,1.032,2.064,0.516,1.032,3.095,2.579,0,1.548,0,1.032,0,0,0.516,0.516,0,0,7.499,9.819
potr.txt_8069,3.563,3.563,0,0,5.344,8.907,0,3.563,0,5.344,0,0,0,0,0,0,0,0,0,0,4.678,5.442
potr.txt_4487,0,0,0,0,8.547,0,0,0,0,2.849,0,2.849,2.849,2.849,0,0,0,2.849,0,2.849,5.269,7.204
potr.txt_6789,0,0,0,0,1.166,0,0,1.749,4.08,1.166,0,0,0,0,1.749,0,0,0,0,0.583,11.562,18.216
potr.txt_505,0,0,0.648,0.648,0.648,0,0,1.295,1.295,1.295,0,0.648,0.648,0.648,2.59,0.648,0.648,1.295,0,0,11.042,13.973
potr.txt_9857,7.112,0,0,0,1.422,1.422,1.422,7.112,1.422,1.422,0,2.845,1.422,0,0,0,1.422,1.422,0,0,4.763,6.21
potr.txt_4621,1.937,0,0,0,0.968,0,0,2.905,0,0.968,0,0,0,0,3.873,0,0,0,0,0,19.447,9.976
potr.txt_639,1.512,0,0,0,4.537,0,0,0,0,7.562,0,0,1.512,0,1.512,3.025,0,0,0,0,6.886,9.906
potr.txt_8827,0.856,2.569,0.428,0.856,0,1.285,0,0.856,1.285,0.856,0,0.428,0.428,0.428,2.997,0.428,0.856,0,0,1.285,11.939,8.891
potr.txt_12177,0.451,0,0.902,1.353,1.353,6.313,0.451,0,1.353,0.451,2.255,0.451,0.451,0.451,0.451,1.353,0,0.902,0,0,8.849,8.609
potr.txt_4327,0,0,0,0,0,4.454,0,0,0,0,0,0,0,0,3.563,0,0,0,0,0,15.33,21.023
potr.txt_7307,1.321,0,2.641,5.283,6.604,0,0,1.321,1.321,0,0,1.321,0,1.321,1.321,2.641,0,0,0,0,6.497,6.3
potr.txt_7713,0.795,0,0,0,0,1.589,0.795,0,0.795,1.589,0,0.795,1.589,0.795,2.384,1.589,1.589,1.589,0.795,0.795,10.049,8.881
potr.txt_671,0,5.047,0,0,0.841,1.682,0,1.682,0,1.682,0,0,0,0,2.524,0,0.841,0.841,0,0,9.838,11.896
potr.txt_6451,0,0,0,0,0,0.668,0,1.335,2.003,1.335,0,0.668,0,0,1.335,0,0,0.668,2.67,0,14.601,14.76
potr.txt_7153,0.764,0,0.764,0,0,1.528,0,0,1.528,1.528,0,0,0,0,2.293,3.057,0,1.528,0,1.528,11.565,11.027
potr.txt_4881,2.975,0,0,0,1.487,0,0,1.487,4.462,2.975,0,0,1.487,0,0,0,0,1.487,0,0,8.826,11.372
potr.txt_6183,0,2.913,0,0,0,1.457,1.457,2.913,2.913,1.457,1.457,0,1.457,0,1.457,1.457,2.913,0,0,0,8.497,6.495
potr.txt_7971,3.444,2.296,0,0,3.444,1.148,0,4.593,3.444,3.444,0,0,2.296,0,0,1.148,1.148,1.148,0,0,4.575,6.847
potr.txt_2027,1.577,0,0,0,0,7.887,0,3.155,1.577,7.887,0,0,1.577,0,0,0,0,3.155,0,0,5.34,6.473
potr.txt_10399,0,0,0,0,0,0,0,0,6.251,6.251,0,0,0,0,0,0,0,0,0,0,8.806,16.98
potr.txt_1789,4.038,1.346,0.673,0,0,1.346,0,0.673,3.365,4.038,0,0,0,1.346,0,1.346,1.346,0,0,0,7.469,9.454
potr.txt_6763,0,4.085,0,0,0.681,1.362,0,0,0,0,0,0,0,0,3.405,0,0.681,2.043,0,0,10.543,15.681
potr.txt_5441,0,0,1.027,0,1.027,2.054,0,1.027,1.027,2.054,0,0,0,1.027,0,0,1.027,1.027,2.054,0,10.015,14.342
potr.txt_6569,0,2.954,0,0,1.477,2.954,1.477,4.431,1.477,4.431,1.477,0,0,0,1.477,1.477,1.477,0,0,0,5.512,7.278
potr.txt_4403,1.681,1.681,0,1.681,1.681,1.681,1.681,0,3.361,0,0,0,0,0,1.681,1.681,0,0,0,0,6.695,12.984
potr.txt_6205,1.942,0,0,0,0,3.884,0,0,4.855,0,0,0,0,0.971,1.942,0,0,0.971,0,0,17.37,5.156
potr.txt_3857,0,0,0,0,0,0,0,0,0,0,0,0,0,0,4.188,0,0,0,5.584,0,9.255,22.212
potr.txt_8459,0.435,0.87,0,0,3.045,0,0,0.435,3.045,0,0,0,1.305,0,1.305,0.87,0.435,0,0.435,0,10.796,15.564
potr.txt_9265,2.631,0,0,0,0,0,0,0.877,0.877,0.877,0,0,0,0,1.754,0,0,0,4.385,0,15.403,12.452
potr.txt_3407,0,0,11.857,7.904,0,0,0,0,0,3.952,0,0,0,0,0,0,0,0,0,0,6.306,7.364
potr.txt_8511,2.672,1.336,1.336,0,0,0.668,0,1.336,3.34,2.004,0.668,1.336,0,0.668,0,1.336,1.336,1.336,0,0,7.1,9.954
potr.txt_4963,0,0,0,0,0,0.94,0,0.94,4.699,2.819,0.94,0,0,0,0,0,0,0,0.94,0,11.413,16.691
potr.txt_6125,0.772,0,0,0,0.772,0,0,0.772,4.63,1.543,0,0.772,0,0,0.772,0,0,0,1.543,0,12.864,14.644
potr.txt_9879,1.339,0,0,0,0,5.356,0,4.017,1.339,6.695,0,2.678,1.339,0,0,1.339,1.339,1.339,0,0,5.017,6.815
potr.txt_1255,3.725,2.483,0,0,2.483,0,1.242,1.242,1.242,4.966,0,0,2.483,0,1.242,0,3.725,4.966,0,0,3.699,6.639
potr.txt_3917,1.987,0,0,0,0,0,0,3.974,1.987,1.987,0,1.987,0,0,0,0,0,0,1.987,0,12.135,11.351
potr.txt_1095,2.45,1.225,0,0,1.837,3.062,0,1.225,3.062,2.45,0,0.612,0,0.612,0,0.612,0.612,0.612,0,0,8.466,9.544
potr.txt_1795,1.347,0,0,0.673,2.02,3.367,0.673,2.02,2.693,0.673,0.673,0,0,0,0,1.347,0,0,0,0,9.911,11.371
potr.txt_1809,0.751,0,0,0,0.751,3.005,0.751,0.751,2.254,5.259,0,0,2.254,1.502,0.751,0.751,0,1.502,0,0,7.785,8.463
potr.txt_5035,0,0,1.486,0,1.486,0,1.486,1.486,0,2.973,0,0,0,1.486,2.973,2.973,0,1.486,0,0,9.333,9.223
potr.txt_3011,0,0,0.591,0,1.773,1.182,0.591,1.182,2.364,0.591,0,0,0,1.182,0.591,0,0.591,1.182,0.591,1.182,11.351,12.624
potr.txt_10421,3.655,0,0,0,3.655,0,0,0,3.655,0,0,0,0,0,0,0,0,0,0,0,14.602,14.15
potr.txt_9461,2.448,1.224,0.612,0.612,0.612,3.06,0,0,3.06,3.06,1.224,0.612,0,0.612,0,0.612,0,0.612,0,0,8.952,9.067
potr.txt_11559,1.433,2.866,0,0,0.716,0.716,0,0,0,0,0,0,0,0,3.582,0,0,0.716,0.716,1.433,13.475,12.89
potr.txt_8105,1.888,0,0.629,1.259,0,0,0.629,1.259,0,1.888,0,0.629,0.629,0.629,2.518,0.629,0.629,0,0,2.518,9.397,11.567
potr.txt_11357,0,3.275,1.637,1.092,0,3.275,1.092,1.637,2.183,1.092,1.092,2.729,1.092,1.637,0,0.546,0.546,0.546,0,2.729,5.846,6.307
potr.txt_6307,0,1.576,0,0,0,0,0,1.576,3.153,4.729,0,1.576,0,1.576,1.576,0,3.153,1.576,1.576,0,8.138,6.686
potr.txt_10827,0,0,0,0,0.898,1.797,0,0,1.797,0,0,0,0.898,0,0,0,0.898,0.898,4.493,0,13.994,13.307
potr.txt_4117,2.4,0,0,0,1.2,1.2,0,0,0,0,0,0,0,0,5.999,0,0,0,0,0,20.074,9.032
potr.txt_5621,0,0,0,0,0,0,0,0,5.463,4.097,0,0,2.732,0,0,0,0,2.732,0,2.732,14.311,4.328
potr.txt_11181,0.976,3.906,2.441,0.488,1.465,1.953,1.953,0.976,1.953,0,0,0.976,0,0.488,0.976,1.465,1.465,0.488,0,0,8.055,6.842
potr.txt_8111,1.868,0,0.623,0.623,0,0,0.623,1.246,0.623,1.868,0,0.623,0.623,0.623,2.491,0.623,0.623,0,0,2.491,9.483,11.694
potr.txt_11677,0,0,0,0,4.582,0,0,1.527,1.527,1.527,0,0,4.582,0,3.055,0,0,0,0,1.527,10.338,7.715
potr.txt_3813,0,0,0,0,0,0,0,0,0,0,0,0,0,0,3.314,0,0,0,4.418,0,16.94,20.331
potr.txt_969,4.67,1.868,0,0.934,1.868,0.934,0,3.736,3.736,0.934,0,0,0.934,0,0,0.934,0,1.868,0,0,5.608,8.962
potr.txt_5471,1.764,0,0.882,0,0,0.882,0,0,0,2.646,0,0,0,0,2.646,0,0,0.882,0.882,0.882,14.355,13.365
potr.txt_11383,0,3.627,3.174,0.907,0,1.814,1.36,0.453,1.36,1.36,0,0.453,1.814,0,0.907,0,3.174,0,0.453,1.36,8.038,6.678
potr.txt_1935,0.419,2.513,1.257,0.838,0,2.932,1.257,0,1.257,0,0,0.838,0.419,0,0.838,1.257,0.419,0.838,0.838,1.257,8.437,10.83
potr.txt_5675,3.198,0,1.599,0,0,1.599,0,1.599,1.599,0,0,0,0,3.198,1.599,3.198,1.599,1.599,0,0,5.286,10.542
potr.txt_2945,0,0,0,0,1.214,0.405,0,1.214,0.405,0.405,0,0,4.452,0,4.452,0,0,0,0.405,0,14.697,10.318
potr.txt_10965,1.14,1.14,1.14,0,0.57,2.281,0,1.71,2.851,1.71,0,0,0,0.57,0.57,0.57,0.57,1.14,0.57,0,9.297,10.697
potr.txt_11315,2.368,0,3.552,0,1.184,2.368,0,2.368,0,1.184,0,1.184,1.184,0,1.184,0,0,1.184,0,0,9.447,9.186
potr.txt_93,0.879,1.757,0,0,0,2.636,0,0.879,3.514,4.393,0.879,1.757,0,0.879,0,1.757,0,2.636,0,0,7.191,7.714
potr.txt_4693,0,0,0,0,0,0,0,0,4.376,5.47,0,0,0,0,0,0,0,0,2.188,0,11.761,14.872
potr.txt_5921,0,0,0,1.144,1.144,0,0,2.289,5.722,2.289,0,0,0,1.144,0,1.144,0,0,0,1.144,13.881,6.728
potr.txt_10279,0.677,2.706,0,0,0.677,0.677,0,0.677,0.677,0,0,0,0,0,3.383,0,0,0,0.677,1.353,13.876,13.775
potr.txt_9023,3.966,2.266,0.567,0.567,0.567,2.266,1.133,1.133,1.7,1.7,0,1.7,0,0.567,1.133,1.7,0.567,2.833,0,0,6.489,6.762
potr.txt_2701,0,0,0,0,1.523,4.569,0,3.046,1.523,7.615,0,0,1.523,0,0,3.046,0,1.523,0,0,5.665,7.582
potr.txt_2187,0.909,1.818,0.455,0.455,0.455,0.455,0,1.818,1.818,0.455,0,0.455,0.455,0.455,3.182,1.364,0,0.909,0,0.909,10.702,9.493
potr.txt_6175,1.948,0,0.974,0,0,0.974,0,1.948,3.897,0.974,0,0,0.974,0.974,0.974,0,0,0.974,0,0,9.619,12.841
potr.txt_3659,0,0,0,0,0,0,10.966,0,0,10.966,0,0,0,0,0,0,0,0,3.656,0,5.683,6.82
potr.txt_8389,2.657,0,0,0,0.531,1.063,1.063,0.531,2.126,1.063,0,0,0.531,0.531,2.126,1.063,0,1.063,0,0,12.354,10.483
potr.txt_11077,0.806,3.222,0,0,0.403,2.014,0,0,2.014,1.611,0,0.806,0.806,0.403,2.014,1.611,1.208,0.806,0,0.403,9.65,8.608
potr.txt_2137,2.269,0,0,0.454,0,3.176,0.908,0.908,2.269,0.908,0,2.269,0.454,0.454,1.361,0,0.454,2.723,0,0.454,8.567,8.778
potr.txt_55,1.301,0,0,0,0,5.206,0,3.904,2.603,6.507,0,0,1.301,0,0,2.603,0,2.603,0,0,5.006,7.244
potr.txt_8119,3.255,0,0,0,0.814,2.442,2.442,4.069,0.814,0.814,0,0,0,0,4.883,0.814,0,0,0,0,6.181,10.015
potr.txt_2651,1.471,2.941,0,0,0.735,0,0.735,0,0,0,0,2.206,0,0,2.941,0,0,2.941,0.735,0.735,9.805,11.535
potr.txt_11291,0.729,2.917,0.729,0.365,0.365,2.917,0,0.365,1.094,0.729,1.094,0.729,0,1.823,1.459,0.365,0,1.094,0.729,0,8.969,9.938
potr.txt_1151,0.746,2.984,0,0.746,0,2.238,0,0.746,1.492,0.746,0,2.984,0.746,1.492,1.492,1.492,0.746,0.746,0.746,0,7.096,9.275
potr.txt_11329,2.337,0.935,1.402,0,0,2.804,0.467,1.87,0.467,0.467,0.467,1.87,1.87,0.467,0.935,0.935,2.337,0.935,0.467,0.467,7.572,7.686
potr.txt_781,0.656,0,0.656,0.656,1.311,1.311,0,0.656,4.59,1.311,0.656,0,0,1.311,0,0.656,0.656,0,0.656,0.656,11.378,9.583
potr.txt_9557,1.641,0,0,0,0.821,0.821,0.821,3.282,3.282,1.641,0.821,0,1.641,0,0,0.821,0,0.821,0,0.821,8.649,10.552
potr.txt_3283,0,0,0,10.198,0,0,0,10.198,0,0,0,0,0,0,0,0,0,0,0,0,16.153,0
potr.txt_11135,2.062,4.81,0.687,0,0,4.81,0,0.687,0,0,0,2.749,1.374,2.749,0,2.749,2.062,0,1.374,1.374,5.693,5.764
potr.txt_7903,0,1.361,0,0,0.68,2.041,0.68,0.68,1.361,0,0,0,1.361,0.68,2.721,1.361,1.361,0.68,0.68,0,10.773,10.303
potr.txt_4221,0,0,0,0,0,0,0,0,1.082,0,0,0,0,0,3.247,0,0,0,5.411,0,12.873,18.674
potr.txt_11563,2.023,0,0,0,2.023,2.023,0,0,0,2.023,0,0,0,0,2.023,0,0,0,0,2.023,11.184,15.259
potr.txt_6775,1.627,0,0,0,2.44,0.813,0,1.627,4.066,3.253,0,0,0.813,0,0,0,0,0,0,0,10.663,11.761
potr.txt_3321,0,0,0,0,0,0,0,0,0,0,0,0,0,0,4.544,0,0,0,3.03,0,12.599,25.198
potr.txt_5233,1.991,0,0,0,0.995,0,0,1.991,3.982,1.991,0,0,0,0,0.995,0,0,0,0,0,10.256,16.54
potr.txt_7013,0,1.764,0,0,0,0.882,0,0,0.882,0.882,0,0,0,1.764,4.41,0,0.882,0.882,0,1.764,12.072,11.112
potr.txt_7969,3.238,2.158,0,0,3.238,1.079,0,3.238,3.238,4.317,0,1.079,2.158,0,0,1.079,0,1.079,0,0,4.809,7.514
potr.txt_1437,2.749,0,0.687,0,1.375,2.062,0,1.375,3.437,1.375,0.687,0,1.375,0,0,1.375,1.375,2.062,0,0,7.327,9.225
potr.txt_9343,0.68,2.039,0,0.34,0.34,1.699,0,1.359,1.02,0.68,0,0.34,0.34,0.68,3.059,0.34,1.359,0.68,0,0.34,10.891,10.644
potr.txt_6203,0,0,0,0,0,0,0,0,5.312,3.187,0,0,2.125,0,0,0,0,3.187,0,2.125,13.677,7.037
potr.txt_5525,0,0,0,0,3.248,1.083,0,1.083,2.165,2.165,0,0,0,1.083,0,1.083,0,1.083,1.083,0,9.135,14.105
potr.txt_4651,0,0,0,0,1.074,0,0,1.074,6.442,3.221,0,0,0,0,0,0,0,0,0,0,9.1,17.952
potr.txt_9511,1.427,1.427,0.714,0,1.427,2.855,0,0.714,2.141,1.427,0,1.427,0,0,0.714,1.427,3.568,2.855,0,0,7.486,7.299
potr.txt_6477,0,0,0,0,1.938,0,0,0.969,0,0,0,0,7.753,0,3.877,0,0,0,0,0.969,9.701,11.556
potr.txt_2761,0,2.202,0,0,0,2.202,0,2.202,3.304,0,0,1.101,2.202,0,2.202,1.101,1.101,1.101,0,1.101,6.076,10.573
potr.txt_6035,0.775,0,0,0,0,0,0,0.775,4.651,0.775,0,0,0,0,1.55,0.775,0,0,1.55,0.775,14.123,13.281
potr.txt_115,0,0,0,0,1.891,0,0,0,0,0.946,0,0,1.891,0,3.782,0,0,0.946,2.837,0,10.873,15.285
potr.txt_10507,0,3.102,0,0,1.551,0,0,1.551,0,3.102,0,0,0,1.551,3.102,3.102,0,1.551,0,0,7.717,10.056
potr.txt_5887,0,0,0,0,1.594,1.594,1.594,1.594,4.782,6.376,0,1.594,0,0,0,0,1.594,1.594,0,0,5.864,8.779
potr.txt_2107,3.393,2.262,0,0,1.131,1.131,0,3.393,3.393,5.655,0,1.131,2.262,0,0,1.131,1.131,1.131,0,0,4.661,6.976
potr.txt_11795,2.74,2.74,0.457,0.457,0.457,3.197,0.457,0,0.913,0,0,1.827,0,0,1.37,1.37,0.913,1.37,0.913,0.913,8.162,8.25
potr.txt_3759,0,0,0,0,0,0,0,0,0,0,0,0,0,0,4.418,0,0,0,3.314,0,16.94,20.331
potr.txt_5989,3.292,0,0,0,0,4.939,0,0,3.292,0,1.646,1.646,0,3.292,0,4.939,0,0,0,0,5.874,8.249
potr.txt_9687,0,0,0,0,0,2.085,1.043,2.085,2.085,2.085,0,0,0,0,1.043,1.043,0,0,1.043,0,12.552,13.217
potr.txt_2709,1.772,0,0.886,0.886,0.886,1.772,1.772,1.772,1.772,2.657,0,0.886,0,0,0,1.772,0,3.543,0,0,7.151,9.02
potr.txt_923,0.775,3.1,0,0.775,1.55,1.937,1.162,0,0.775,0,0,0.775,0,1.162,2.712,1.162,1.55,0.775,0,0,8.703,9.468
potr.txt_11851,1.228,0,0,0,1.228,1.228,1.228,0,4.912,3.684,0,0,1.228,0,0,1.228,0,1.228,0,0,8.475,10.769
potr.txt_1579,1.654,1.654,0,0,0.827,0.827,0,0,1.654,2.481,0.827,0,0.827,0,1.654,0.827,0.827,0,0.827,0.827,11.282,9.71
potr.txt_2235,1.433,0.955,0,0.478,0,1.433,0.478,1.91,5.731,1.433,0,0.478,0.478,0.955,0,0.478,0.478,1.91,0,0,10.527,7.233
potr.txt_3835,0,0,0,0,0,0,0,0,0,0,0,0,0,0,5.736,0,0,0,4.302,0,14.011,16.813
potr.txt_7985,0,0,0,0,0,0,10.407,0,20.814,0,0,0,0,0,0,0,0,0,0,0,4.753,4.965
potr.txt_10483,0,0,0,0,0,0,17.768,13.326,0,0,0,0,0,0,0,0,0,0,0,0,4.065,5.707
potr.txt_9353,0.989,0,0,0,0,1.978,0,1.978,2.967,0.989,0,0.989,2.967,0,1.978,0,0.989,1.978,0,1.978,7.89,8.798
potr.txt_9567,0,0,0,0,0,1.073,0,1.073,0,2.145,0,0,0,0,5.363,0,0,0,0,0,20.205,11.556
potr.txt_4047,0,0,0,0,5.71,0,0,1.904,0,1.904,0,0,0,0,1.904,1.904,0,0,0,0,9.359,15.041
potr.txt_10515,3.465,3.465,0,0,0,0,0,0,6.93,0,3.465,0,0,0,0,6.93,6.93,3.465,0,0,3.796,4.612
potr.txt_11109,0,0,2.908,2.908,0,0,0,0,0,11.633,0,0,0,0,0,0,0,2.908,0,0,7.271,8.914
potr.txt_5253,0,3.467,0,0,1.734,0,0,1.734,3.467,0,0,0,5.201,0,0,1.734,1.734,0,1.734,0,7.29,8.524
potr.txt_3723,0,0,0,0,0,0,0,0,0,0,0,0,0,0,15.959,0,0,0,2.66,0,11.106,6.661
potr.txt_10243,6.75,3.375,0,0,0,6.75,3.375,3.375,0,6.75,0,0,0,0,0,0,3.375,0,0,0,4.687,4.043
potr.txt_2745,0,0,0,0,0,0,0,0,3.964,0,0,0,0,0,0,0,0,0,4.757,0,11.415,22.83
potr.txt_10365,1.343,0,0,0,1.343,0,2.686,0,1.343,8.057,0,0,0,0,2.686,4.029,1.343,1.343,0,0,6.9,6.471
potr.txt_4937,0,0,0,0,0,0,0,1.723,0.862,0.862,0,0,0,0,4.308,0,0,2.585,0,0,22.644,7.477
potr.txt_8263,1.552,0.776,0,0,1.552,4.655,0,1.552,0.776,2.328,0,0.776,0,0,1.552,0,1.552,3.104,0,0,6.028,10.315
potr.txt_7663,4.579,0,0,0,0,1.527,0,0.763,4.579,1.527,0,0.763,0,0,0,0,0,0.763,1.527,0,9.933,10.667
potr.txt_75,0,1.822,0,0,0,1.822,0,1.822,2.733,0,0.911,0.911,1.822,0.911,2.733,0.911,0.911,0.911,0,0.911,6.862,10.419
potr.txt_9127,1.617,4.043,0.809,0.404,0.404,3.639,0,0,0.809,0.404,0,0.404,0.404,1.617,1.617,1.213,0,0,0,0.809,9.429,8.758
potr.txt_7183,1.404,0,0,0,0.702,1.404,1.404,0.702,0.702,1.404,0,0,0.702,0.702,2.807,0.702,0,0.702,0,0,12.095,12.288
potr.txt_9505,0,0,0,0,1.808,3.616,0,3.616,1.808,7.231,0,0,1.808,0,0,1.808,0,1.808,0,0,5.607,8.205
potr.txt_7837,1.273,0,0,0,0.637,0.637,0,1.273,1.909,0.637,0,0.637,0.637,0,1.909,0,0.637,2.546,0.637,1.273,9.728,12.695
potr.txt_6135,0,0,0,0,1.658,0,0,0.829,6.633,3.317,0,0,0,0,0,0,0,0,0,0,11.697,14.202
potr.txt_9347,0.577,0,0,0,0,2.306,0.577,0.577,1.73,1.153,0,0,0,0,2.306,0,0,0.577,0,0.577,12.216,17.817
potr.txt_10817,2.601,1.734,0,0,0.867,0,0,1.734,1.734,2.601,0,0,1.734,0,1.734,1.734,0,3.468,0,0,7.511,9.034
potr.txt_10781,0,5.92,0,0.987,0,4.933,0,0,0,0.987,0,1.973,2.96,0,0.987,0.987,4.933,2.96,0.987,0,5.177,5.716
potr.txt_3253,0,0,0,0,0,0,0,4.08,2.04,0,0,0,0,0,2.04,0,0,0,0,0,14.363,21.545
potr.txt_6851,1.244,2.487,2.487,0,1.244,0,0,0,7.46,0,0,3.73,1.244,0,0,0,2.487,0,0,0,7.204,7.392
potr.txt_297,5.39,0,0.539,0,1.617,1.078,0.539,0.539,0.539,1.617,0.539,2.695,1.078,1.078,1.617,1.078,1.078,0.539,0,0,7.478,7.733
potr.txt_1441,3.697,0,0.739,0,0.739,1.479,0,2.218,3.697,1.479,0,0,0.739,0.739,0,0.739,1.479,2.958,0,0,7.17,8.726
potr.txt_6861,0,3.082,0,0,0,1.541,0,0,0.77,0.77,0,0,0,0.77,3.852,0,0.77,0.77,0,1.541,11.876,11.674
potr.txt_7227,4.13,0,0,0,0,2.065,3.098,0,4.13,2.065,0,0,0,0,0,0,1.033,2.065,0,1.033,6.608,10.222
potr.txt_3423,0,0,0,0,0,0,0,0,0,0,0,0,0,0,5.463,0,0,0,5.463,0,28.831,0
potr.txt_1435,2.6,0,0.65,0.65,0,1.3,0,1.95,4.55,1.95,0.65,0.65,0.65,0,0,0.65,0.65,1.95,0,0,8.526,9.017
potr.txt_305,2.412,0,0.402,1.206,0,0.804,0,0.804,3.216,1.608,0,1.608,0.804,0,0,1.206,1.206,1.206,1.206,0,8.552,10.157
potr.txt_10255,0,3.886,0,0,0,0,0,0,3.886,0,0,0,0,0,2.591,0,0,0,2.591,0,17.668,7.342
potr.txt_8345,0.912,3.649,0,0.912,0,2.737,0,0.912,1.824,0.912,0,3.649,0.912,1.824,1.824,1.824,0.912,0.912,0,0,6.082,7.584
potr.txt_6051,0,0,0,0,0,1.208,0,2.416,6.04,0,0,1.208,0,0,0,4.832,0,2.416,0,0,9.154,9.109
potr.txt_4383,0,0,0,0,0,1.388,0,0,4.165,0,0,0,0,0,5.553,0,0,0,0,2.777,11.177,12.35
potr.txt_9607,0,1.855,0,0,0,0,0,0,0,0,0,0,0,0,3.71,0,0,1.855,3.71,0,8.248,20.158
potr.txt_8989,2.99,0,0.498,0,0.498,2.492,1.993,2.492,4.984,0.997,0,0.498,0.498,0,0,0.997,0.498,0.498,0,0.498,8.04,8.082
potr.txt_5343,1.9,0,0,0,1.9,1.9,0,1.9,1.9,9.499,0,0,0,0,0,1.9,0,1.9,0,1.9,5.587,7.452
potr.txt_733,0,0,0,1.259,0.84,0.42,0,1.259,1.259,1.259,0,0,0.42,0,2.519,0,0,0.84,0,0,12.775,17.963
potr.txt_6297,0,0,0,0,4.053,0,0,0,1.351,0,0,0,1.351,0,2.702,0,0,0,0.676,0,13.436,17.166
potr.txt_7437,4.421,0,0,0,0,0.737,0,1.474,4.421,2.947,0,0,0,0,0,0,0,0.737,0,0,11.206,11.082
potr.txt_485,1.466,1.466,0,0.733,0,0,0,2.199,2.199,1.466,0.733,0.733,0.733,1.466,0.733,1.466,2.199,0,0.733,0.733,8.695,8.65
potr.txt_5291,0,0,0,0,0,1.646,0,1.646,3.291,0.823,0,0,0,0,0.823,0,0,0.823,0.823,0,12.491,18.729
potr.txt_8677,1.01,0,1.01,0.505,0.505,0.505,0.505,1.515,3.031,0.505,1.01,0,1.515,0,1.01,0.505,0.505,2.02,0,0.505,9.691,10.745
potr.txt_2631,5.792,1.931,0,0,0,1.931,0,0,0,3.861,0,0,0,3.861,0,0,0,1.931,1.931,0,7.24,8.225
potr.txt_8643,0.415,0,0,1.245,2.905,0.415,0,1.245,1.245,0.415,0,0.415,0,0.415,2.49,0,0.83,0.415,0,0.415,12.548,12.608
potr.txt_6193,0,0,0,0,0.868,1.736,0.868,0,0.868,2.605,0,0,0.868,0.868,2.605,0,0,1.736,0,0,11.867,13.027
potr.txt_9925,2.937,0,0,0,0,2.937,0,1.469,2.937,8.811,0,0,0,0,0,2.937,1.469,0,0,0,6.192,7.623
potr.txt_5329,1.304,0,0,0,0,1.304,0,3.912,3.912,0,0,0,1.304,1.304,1.304,0,0,2.608,0,0,12.013,7.501
potr.txt_11445,0.4,3.197,0.799,0.799,0,1.998,0.799,0.4,1.199,0.799,0,0,0.4,0.4,1.998,1.998,0.4,0.799,0.799,0.4,9.189,9.636
potr.txt_3897,0,0,0,0,0,0,0,0,0,0,0,0,0,0,2.043,0,0,0,12.259,0,10.412,12.493
potr.txt_10227,1.196,0,0,0,0,3.588,0,0,1.196,5.98,0,3.588,0,0,1.196,1.196,1.196,1.196,0,0,8.007,8.199
potr.txt_7215,0,0,0,0,1.849,0.924,0.924,0,1.849,2.773,0.924,0.924,1.849,1.849,0.924,0,0,0,1.849,0.924,9.065,9.779
potr.txt_5349,2.667,0,0,0,1.333,1.333,0,0,2.667,2.667,0,1.333,0,0,0,1.333,0,2.667,1.333,0,7.816,11.275
potr.txt_3333,0,0,0,0,0,0,0,0,0,0,0,0,0,0,4.544,0,0,0,3.03,0,12.599,25.198
potr.txt_8261,1.44,0,0,0,0,6.48,0.72,2.88,0.72,0.72,0,0.72,0,0.72,1.44,0,0,2.88,0,0,10.329,7.34
potr.txt_4509,0,0,0,0,0,1.393,0,1.393,5.573,5.573,0,0,0,0,0,0,0,0,0,0,8.975,14.475
potr.txt_10565,4.632,0,0,0,1.158,0,0,0,4.632,4.632,0,0,0,0,0,0,0,0,0,0,12.359,9.495
potr.txt_11401,0,3.808,1.428,1.428,0.952,2.38,0.952,0.952,1.428,1.428,0.476,1.428,0.952,0,0.476,1.904,0.952,2.38,0,0,6.451,7.479
potr.txt_6315,1.104,2.207,0,0,2.207,0,0,1.104,4.414,1.104,0,0,1.104,0,0,0,1.104,0,2.207,0,9.719,10.252
potr.txt_5581,1.463,0,0,0,0,2.926,0,2.926,0,5.852,0,0,1.463,0,1.463,1.463,0,1.463,0,0,7.935,9.447
potr.txt_10761,2.998,2.998,0.999,0,0.5,2.499,0.5,0.5,0.999,0.999,0,1.499,0,0,1.999,0.999,0.5,1.499,0,0.5,7.711,8.792
potr.txt_9565,0,0,0,0,0,1.074,0,1.074,0,2.149,0,0,0,0,4.298,0,0,0,0,1.074,14.885,16.835
potr.txt_9823,4.878,0,0,0,0,3.902,0,2.927,2.927,1.951,0.976,0,0,0,0,1.951,0,0.976,0,0,7.767,8.309
potr.txt_10793,1.304,2.607,0,0,1.304,2.607,0,2.607,0,0,0,0,2.607,2.607,1.304,2.607,0,0,1.304,0,7.817,7.951
potr.txt_3385,0,9.052,0,0,0,0,0,0,13.578,0,0,0,0,0,0,0,0,0,0,0,6.179,8.237
potr.txt_11513,4.058,0,0,0,0,1.353,0,4.058,2.705,5.411,1.353,0,0,0,0,2.705,1.353,1.353,0,0,7.217,6.042
potr.txt_8329,0,5.916,0,0,1.479,1.479,0.739,0,1.479,1.479,0,1.479,0,0.739,1.479,1.479,0,0,0.739,0.739,9.176,8.012
potr.txt_1907,0.816,0.816,0,0,0,1.632,0,0.816,1.632,2.448,0,0,0,0,2.448,0.816,0.816,0,0,0,12.928,13.326
potr.txt_5227,2.796,0,0,0,1.398,0,0,1.398,5.593,4.195,0,0,0,0,0,0,0,1.398,0,0,6.724,12.987
potr.txt_1849,2.571,3.085,0.514,1.542,1.028,2.056,0.514,1.028,0.514,1.542,0.514,0.514,1.028,0.514,0.514,1.542,0,1.028,0.514,0.514,7.504,8.086
potr.txt_11443,0.568,1.136,1.136,0,0.568,0,0,0.568,5.111,1.136,0.568,0,0,0,0,0.568,0.568,1.704,1.136,0,11.667,10.578
potr.txt_7415,0.985,0,0,0,0.985,0,0,4.926,3.941,2.956,0,0.985,1.97,0,0,0.985,0.985,0,0,0.985,7.255,9.498
potr.txt_5487,1.176,0,0,0,2.352,1.176,0,0,1.176,2.352,0,1.176,0,0,0,1.176,0,2.352,2.352,0,8.089,13.455
potr.txt_8053,0.757,0,0.757,0.757,0.757,1.514,5.299,0,3.028,0,0,0,0,0,2.271,1.514,1.514,0,0,0,7.475,10.739
potr.txt_1987,1.222,3.258,0.407,0.815,0.815,1.629,0.815,0,1.222,0,0.407,0.815,1.629,0.407,2.444,1.222,1.222,0.815,0,0.407,8.161,8.731
potr.txt_1961,1,3.001,0,2.001,0,3.001,1,0,2.001,0,0,2.001,0,0,0,2.001,2.001,1,1,0,7.328,9.157
potr.txt_10337,0.704,0,0,0,0.704,3.518,0,2.111,1.407,0.704,0,0.704,0,0,1.407,0,0,1.407,0,0,14.595,10.903
potr.txt_6069,0,0.874,0,0,0.874,0.874,0,0,2.621,0.874,1.747,0,0,0.874,2.621,0,0,0,1.747,0,14.036,10.725
potr.txt_5043,0,0,0,1.217,1.217,0,1.217,0,0,2.434,0,0,0,1.217,3.651,2.434,0,1.217,0,0,14.226,8.245
potr.txt_895,1.3,1.949,0.65,0.65,0,3.899,1.3,1.3,1.949,3.899,0,0.65,0.65,0.65,0.65,3.249,0,1.3,0,0.65,5.852,7.191
potr.txt_9523,0,0,1.58,1.58,3.16,3.16,0,0,3.16,1.58,0,3.16,0,0,0,1.58,3.16,0,0,0,7.503,7.286
potr.txt_2225,4.654,0,0,0,3.103,4.654,0,3.103,1.551,6.205,0,0,1.551,0,0,0,0,0,0,0,5.579,7.385
potr.txt_5703,0,0,0,0,0,4.104,0,0,0,1.026,0,0,0,0,4.104,4.104,0,0,0,0,11.381,12.999
potr.txt_4605,0,0,0,0,0,0,0,0,4.148,1.383,0,0,2.765,0,2.765,0,0,0,1.383,1.383,13.353,10.259
potr.txt_2221,1.979,1.979,0,0,1.979,0.99,0,0.99,2.969,3.958,0,0,0.99,0,0.99,0,1.979,1.979,0,0,6.59,9.242
potr.txt_4413,0,0,0,4.717,0,0,0,2.359,0,0,0,0,2.359,2.359,0,0,2.359,2.359,0,4.717,7.523,7.95
potr.txt_6783,0,0,0,0,1.331,0,0,1.331,3.328,1.331,0,1.331,0,0,1.997,0,0.666,0,0,0.666,10.675,16.06
potr.txt_12029,0,0,0,0,1.292,0,0,1.292,5.168,3.876,0,0,0,0,0,0,0,0,0,1.292,10.704,14.361
potr.txt_11361,0,3.246,1.623,1.217,0,1.623,0.811,0.406,1.217,0.406,0,0.811,0.406,0,1.623,1.217,2.029,1.217,0.406,1.217,7.436,9.525
potr.txt_3925,0,0,0,0,0,0,0,0,1.365,0,0,0,0,0,1.365,0,0,0,6.827,0,17.05,14.953
potr.txt_6123,0,0,0,0,1.518,0,0,0.759,4.555,1.518,0,0.759,0,0,0.759,0,0,0,1.518,0,13.198,14.68
potr.txt_2101,2.197,2.197,0,0,3.295,0,0,3.295,4.394,3.295,0,0,1.098,0,0,1.098,0,1.098,0,0,5.808,9.093
potr.txt_8483,1.925,1.925,0,0,0,0,0,0,3.85,3.85,0,0,0,0,1.925,0,0,0,0,0,12.817,11.345
potr.txt_3623,0,0,0,0,0,0,0,1.537,1.537,0,0,0,0,0,3.074,0,0,0,3.074,0,12.98,19.891
potr.txt_10107,0.608,1.823,0,0,0.608,3.039,0,0.608,3.039,0,0,0,0,0.608,0.608,0,0.608,0,0,1.823,11.699,12.626
potr.txt_2837,1.574,0,0,0,3.148,1.574,0,1.574,3.148,4.721,1.574,0,0,0,0,1.574,0,1.574,0,0,5.659,10.441
potr.txt_647,0.846,1.692,0,0,0.846,2.538,0,0.846,3.384,2.538,0.846,1.692,0,0.846,0,1.692,0,3.384,0,0,7.564,7.969
potr.txt_8597,0.526,0,0,0,2.628,0.526,0,1.051,5.256,0.526,0,0.526,1.051,0,1.051,1.051,0,1.577,0,0,9.912,11.011
potr.txt_9303,2.47,2.964,0.988,0,0.494,2.964,0.494,0.494,0.988,0.988,0,1.482,0,0,1.482,1.482,0.494,1.482,0,0.494,8.113,8.588
potr.txt_11709,2.237,0,0,0,0,3.356,0,3.356,1.119,4.474,0,0,1.119,2.237,2.237,1.119,2.237,2.237,1.119,0,5.76,6.037
potr.txt_2379,0.646,0,0,0,0,0.646,0,0,1.939,3.232,0.646,0,0.646,0.646,2.586,0,0,0,0,0,12.67,16.029
potr.txt_1199,0,1.37,0,0,1.37,0,0,1.37,3.426,1.37,0,0,0.685,0,2.055,1.37,0,0,0.685,0,16.241,7.562
potr.txt_6591,0,0,0,1.931,1.931,1.931,0,0,3.863,0.966,0,0,0.966,0,0,0,0,2.897,0.966,0,10.365,10.963
potr.txt_8913,0.571,3.426,0.571,0.571,1.142,1.142,0.571,1.142,0.571,1.713,0.571,1.142,1.713,0.571,2.284,0.571,1.142,2.284,0,0.571,7.35,7.329
potr.txt_8951,0.864,3.023,0.432,0.432,0,0.864,0,1.727,1.727,0.432,0,1.296,0.432,0,1.727,1.296,1.727,0.432,0.432,0.432,8.375,10.781
potr.txt_6705,1.094,2.188,0,0,0,2.188,0,0,4.377,0,0,0,4.377,0,0,1.094,1.094,0,1.094,1.094,7.909,9.874
potr.txt_10071,0,0,0,0,0,0,0,1.742,0.871,0.871,0,0,0,0,3.485,0,0,2.614,0.871,0,15.129,14.733
potr.txt_7339,1.383,0,0,0,0,5.531,0,1.383,1.383,9.679,0,2.765,1.383,0,0,1.383,0,2.765,0,0,4.768,6.603
potr.txt_11531,0,0,0,0,9.874,4.937,0,0,0,0,0,0,4.937,0,0,0,0,0,0,4.937,8.787,4.261
potr.txt_4449,0,1.113,0,0,0,3.339,0,1.113,2.226,0,0,0,0,0,1.113,0,0,0,0,2.226,15.089,13.317
potr.txt_8925,1.312,0,0,1.312,0.874,1.749,0.437,0.437,2.623,0.437,0,0,0.437,0.437,2.186,0.437,0.874,3.06,0.437,0,8.438,10.965
potr.txt_4697,0,0,0,0,0,0,0,0,4.208,2.525,0,0,0,0,0,0,0,0,2.525,0,13.857,18.922
potr.txt_11519,0.626,3.754,1.877,0,0,4.379,0,1.251,1.877,0.626,0,0.626,1.251,0,1.877,1.877,0,0.626,0,0.626,7.188,8.249
potr.txt_2357,0,0,0,0,0,0,0,0,0,1.312,0,0,5.25,0,7.874,0,0,0,0,0,16.911,5.801
potr.txt_9733,0,0,0,0,0,1.016,1.016,3.048,4.064,1.016,0,1.016,0,0,0,0,0,0,1.016,0,11.553,14.79
potr.txt_5911,0,0,0,0,0,1.312,0,0,3.936,3.936,0,0,2.624,0,0,0,0,3.936,0,2.624,11.929,6.083
potr.txt_6515,0,0.906,0.906,0,0.906,6.341,0,0,0.906,0.906,0,0.906,0,0,0.906,0,0,0.906,0.906,0,11.997,10.631
potr.txt_4591,1.007,0,0,0,0,2.014,0,0,4.028,0,0,0,0,0,0,0,0,0,3.021,0,15.568,15.18
potr.txt_2857,0,0,0,0,0,4.8,6,0,7.2,2.4,0,2.4,0,0,0,0,0,0,0,0,8.802,5.494
potr.txt_3931,0,0,0,0,0,0,0,1.799,0,0,0,0,3.597,0,7.195,0,0,0,0,0,18.783,6.846
potr.txt_2597,0,0,0,0,0,0,0,2.513,0,0,0,0,0,0,3.769,0,0,1.256,2.513,0,18.931,11.862
potr.txt_4005,0,0,0,0,1.512,0,0,0,3.025,1.512,0,0,0,1.512,1.512,0,0,0,3.025,0,12.207,14.305
potr.txt_7653,3.209,0,0.802,0,1.604,1.604,0,1.604,3.209,0.802,0,1.604,0,0,0,0,0,1.604,0,0,8.982,11.599
potr.txt_12129,0.762,6.095,0,0,0,3.048,0,0.762,1.524,0.762,0,0.762,0.762,0.762,0.762,2.286,0.762,0.762,0.762,1.524,6.522,8.285
potr.txt_7723,0,0,0,0,2.086,0,0.695,0,0,0,0,0.695,5.563,0,3.477,0,0,0,1.391,0,11.071,12.421
potr.txt_5775,0,2.927,0,1.463,0,1.463,0,0,8.78,0,0,1.463,0,0,0,0,1.463,0,0,2.927,7.268,8.808
potr.txt_2367,0,0,0,1.364,0.909,2.273,0,1.364,3.637,1.818,0,0.455,0.909,1.818,0.455,0,0,0.455,0,0,8.686,12.636
potr.txt_6317,0,0,0,0,1.737,0,0,0,0,0.579,0,0,0,0,4.633,0.579,0,1.158,0,0,13.821,20.521
potr.txt_2439,1.585,0,4.756,0,0,1.585,1.585,0,1.585,1.585,0,0,0,0,0,1.585,0,4.756,0,0,7.42,9.956
potr.txt_1843,2.114,0,0,0,0,2.114,0,1.057,0,0,3.171,3.171,13.741,5.285,0,1.057,3.171,0,0,2.114,4.35,3.284
potr.txt_10361,1.32,0,0,0,0,2.64,0,2.64,3.96,5.279,0,0,0,0,0,0,0,2.64,0,0,7.742,10.163
potr.txt_4571,0,0,0,0,1.028,0,0,0,0,4.112,1.028,0,0,0,3.084,0,0,0,1.028,0,17.798,12.459
potr.txt_2285,1.365,0,1.365,0,0.683,2.048,0,0.683,2.73,2.73,0,1.365,0,0,0,0,2.048,2.73,0,0,8.416,10.234
potr.txt_2019,1.832,1.222,0,0.611,0,1.832,0,1.222,3.665,2.443,0,1.832,0,0,0.611,0.611,0.611,3.054,0,0,8.348,8.547
potr.txt_1575,5.463,0,0,2.732,0,2.732,0,0,0,2.732,0,0,5.463,5.463,0,0,0,5.463,0,0,5.49,4.736
potr.txt_3967,0,0,0,0,0,2.655,0,0,0,2.655,0,0,0,0,5.31,0,2.655,0,0,0,22.596,1.884
potr.txt_4997,0,0,0,0,0,5.59,0,3.727,1.863,9.317,0,0,0,0,0,0,1.863,0,0,0,6.549,8.061
potr.txt_9703,1.073,0,0,0,0,0,0,1.073,4.291,3.218,0,0,0,0,0,2.145,0,2.145,1.073,0,11.348,10.555
potr.txt_5679,0,0,0,0,0,0,0,0,0,0,0,0,0,0,0,0,11.762,58.809,0,0,1.11,0.692
potr.txt_6583,1.649,0,0,0,3.299,3.299,0,3.299,1.649,4.949,0,0,1.649,0,0,6.598,0,1.649,0,0,5.076,6.098
potr.txt_5269,1.842,0,0,0,0,0,1.842,0,5.526,9.21,0,0,0,0,0,0,1.842,1.842,0,0,7.417,7.383
potr.txt_7783,0,1.693,0,1.693,0,1.693,0,0.846,3.385,0.846,0,0,0.846,0.846,4.231,1.693,0.846,0,0,0,8.741,9.025
potr.txt_5905,0,0,0,0,1.396,0,0,0,4.187,4.187,0,0,2.791,0,0,0,0,4.187,0,2.791,11.725,5.177
potr.txt_7107,0,0,0.646,0.646,0,0.646,0.646,0,1.291,2.582,0,0.646,0,0.646,1.937,0,0,0.646,1.291,0,13.351,14.066
potr.txt_9945,0,0,0,0,0,0,0,0,6.015,5.347,0,0,0,0,0,0,0,0,0.668,0,10.865,15.773
potr.txt_5537,0,0,0,0,0,1.057,0,0,1.057,7.403,0,0,0,1.057,1.057,1.057,0,0,1.057,0,10.113,13.621
potr.txt_9035,3.448,0.493,0.493,0,0,3.448,0,0.493,0,1.478,0.493,0.985,1.97,0.493,1.478,0.493,1.97,2.463,0.985,0.493,7.371,7.753
potr.txt_9331,3.253,0,0,0,1.084,0,0,0,4.337,5.422,0,0,0,0,0,0,0,0,0,0,9.603,13.604
potr.txt_8241,2.547,0,0.637,0.637,0,0,0.637,1.274,0,1.91,0,1.274,0.637,0.637,2.547,0.637,0.637,0,0,2.547,9.188,10.78
potr.txt_4367,7.112,3.556,0,0,0,0,0,0,3.556,0,3.556,0,0,0,0,7.112,7.112,3.556,0,0,5.84,2.256
potr.txt_7473,0,0,0,0,0,1.931,0,0,0,0,0,0,0.644,0,4.505,0,0,0,1.931,0.644,14.197,17.567
potr.txt_3765,0,0,0,0,0,0,0,0,0,0,0,0,0,0,3.881,0,0,0,5.175,0,22.512,10.806
potr.txt_10577,5.034,0,0,0,1.007,0,0,0,5.034,3.021,0,0,0,0,0,0,0,0,0,0,8.946,14.26
potr.txt_2571,1.657,0,0,0,0,0.828,0,1.657,0,0,0,0,0,0,3.313,0,0,2.485,0,0,14.871,16.188
potr.txt_3087,1.339,0,0.67,2.009,0,0.67,0,3.349,3.349,2.009,0,0,1.339,0,0.67,0.67,0,1.339,0,0.67,10.605,7.696
potr.txt_11919,0,0,0,0,0,8.691,0,2.897,2.897,5.794,0,0,0,0,0,0,0,0,0,0,10.117,6.135
potr.txt_8803,0.378,0,0.757,0.378,0.757,1.135,0,0.757,2.27,1.513,0,0.757,0.757,0.378,1.891,0.378,0.757,0.378,0.378,0,11.269,12.665
potr.txt_11171,0.75,4.502,0,0,0,2.251,0,0,1.501,0.75,0.75,0.75,2.251,0.75,2.251,1.501,1.501,1.501,0,0,7.963,7.685
potr.txt_11243,0,1.295,0,1.942,0,1.942,0,0.647,1.295,1.295,0,0.647,1.942,0,2.589,1.295,0.647,2.589,0,0.647,7.229,10.388
potr.txt_4595,1.316,0,0,0,0,1.316,0,0,5.266,0,0,0,1.316,0,0,0,0,0,3.949,0,10.57,14.089
potr.txt_8589,2.058,1.372,0.686,1.372,0.686,0.686,0.686,2.058,4.117,1.372,0.686,0.686,0.686,0,1.372,0,2.058,0,0,0,8.237,7.758
potr.txt_4249,0,0,0,0,1.33,0,0,1.33,1.33,2.66,0,0,0,0,2.66,0,0,0,2.66,0,11.683,15.067
potr.txt_1131,1.641,0,1.641,1.641,1.641,3.283,1.641,1.094,1.094,1.094,0.547,0.547,0,0.547,0.547,1.094,0,3.283,0,0.547,7.254,7.709
potr.txt_8635,0.969,3.392,0,0,0.485,0.969,0,0,0.485,0,0,0,0,0,3.876,1.938,0,0.969,0,1.938,13.269,8.63
potr.txt_8547,2.465,0.616,0.616,0.616,0.616,2.465,0,0.616,0,0.616,0,1.848,1.232,0.616,1.848,0.616,1.232,1.232,0.616,0.616,8.448,9.45
potr.txt_9581,0,1.658,0,1.658,0,0,0,0,0,0,0,0,0,0,3.315,0,0,0,3.315,0,9.247,21.797
potr.txt_8795,1.048,2.621,0,0.524,0,2.096,0.524,0.524,1.572,1.048,0,2.096,0.524,1.572,1.572,1.572,0.524,0.524,0.524,0,8.507,9.019
potr.txt_6949,2.232,0,0,1.116,0,1.116,0,0,8.93,0,0,0,0,1.116,3.349,0,1.116,1.116,0,0,8.238,8.175
potr.txt_7151,1.51,6.041,0,1.51,0,3.02,0,3.02,0,1.51,0,0,0,0,0,3.02,4.531,3.02,1.51,0,5.763,5.09
potr.txt_8723,2.406,1.203,1.203,0,0.602,1.805,0,0,3.008,1.805,0.602,1.805,0,0,0.602,0,1.805,3.008,0,0,8.109,8.513
potr.txt_11209,0.384,3.075,0.769,0.769,1.537,1.922,0.384,0,0.769,0,0,1.537,0.384,0.769,2.69,1.153,1.153,0.769,0,0,8.842,9.479
potr.txt_5009,0,0,0,0,0,7.159,0,0,4.091,0,0,0,0,0,0,0,0,0,1.023,0,11.695,14.499
potr.txt_6349,1.806,0,1.806,0,1.806,5.418,0,3.612,0,3.612,0,0,0,0,0,1.806,0,5.418,0,0,5.248,7.435
potr.txt_4111,0,0,0,0,0,1.231,2.462,1.231,1.231,1.231,0,0,0,0,2.462,0,0,1.231,0,0,13.375,15.137
potr.txt_3361,0,0,0,0,0,0,0,0,0,0,0,0,0,0,4.07,0,0,0,6.105,0,21.117,9.386
potr.txt_1671,0,0,0,0,2.637,1.318,0,0,2.637,6.592,0,0,1.318,0,1.318,0,0,0,0,0,11.341,9.517
potr.txt_5657,2.326,0,0,0,0,0,0,1.163,1.163,1.163,0,0,3.49,0,2.326,0,0,0,3.49,0,13.277,8.485
potr.txt_3383,0,0,0,0,0,2.749,0,0,2.749,5.498,0,0,0,0,2.749,0,0,0,0,0,6.494,17.246
potr.txt_1241,5.447,2.179,1.089,1.089,1.089,1.089,1.089,1.089,2.179,0,2.179,0,1.089,1.089,0,1.089,0,3.268,0,1.089,5.181,7.003
potr.txt_3431,0,0,0,0,0,0,0,0,0,0,0,0,0,0,95.238,0,0,0,0,0,0,0
potr.txt_2569,1.654,0,0,0,0,0,0,1.654,0,0.827,0,0,0,0,3.308,0,0,2.481,0,0,15.015,16.079
potr.txt_9179,3.424,0,0.381,0.381,0.381,1.141,0.381,0.381,1.522,0.761,0,0.381,0.381,3.044,1.522,0,0.761,1.902,0.381,0.761,8.345,10.162
potr.txt_155,0.695,4.171,0,0.695,1.39,1.39,1.39,0.695,0,0.695,0.695,0.695,0,0,2.086,2.086,2.781,0.695,0,2.086,7.699,6.995
potr.txt_1563,0,2.408,2.007,2.007,0.401,0.401,0,1.204,2.007,1.204,0.401,0,0.401,0.401,2.007,0.803,0.803,0,0,0.803,8.265,10.908
potr.txt_901,0,1.963,0.982,0,0,2.945,0.982,3.926,0,0,0,0,0,0.982,1.963,0.982,0,0,0.982,0,9.456,11.546
potr.txt_5739,1.364,0,0,0,2.046,0,0,0,2.046,0.682,0,0,0.682,0,1.364,0,0,0,1.364,0,13.01,19.016
potr.txt_7767,2.829,0,0,0,1.414,2.829,1.414,0,2.829,0.707,0,0,0,0,0,0.707,0.707,1.414,0.707,0,9.276,11.916
potr.txt_4691,0,0,0,0,0,0,0,0,4.954,7.43,0,0,0,0,0,0,0,0,1.238,0,10.448,13.48
potr.txt_10671,1.969,0,0.656,0.656,0.656,1.312,3.281,0,2.625,0,0,0,0,0,1.969,1.312,0,0,0,1.312,9.186,11.759
potr.txt_1985,0.417,3.336,0.417,1.251,1.251,1.251,1.251,0,2.085,0.834,0.417,1.251,0.417,0.417,1.668,2.502,0.417,1.251,0,0,8.019,8.103
potr.txt_10543,3.19,0,0,0,1.063,0,0,0,5.316,3.19,0,0,0,0,0,0,0,0,0,0,10.187,15.152
potr.txt_11095,0,0,0,0,0,0,0,0,7.413,5.559,0,0,0,0,0,0,0,0,0,0,9.243,15.736
potr.txt_10205,0,0,0,0,0,0,0,0,3.388,0,0,0,0,0,3.388,0,0,0,8.47,0,8.264,13.333
potr.txt_9737,1.351,0,0,0,0,1.351,1.351,0,2.703,2.703,0,1.351,0,0,0,0,0,4.054,1.351,0,9.293,11.077
potr.txt_6891,0,0,1.415,0,1.415,1.415,0,0,1.415,2.83,0,2.83,2.83,0,1.415,2.83,2.83,4.245,0,0,6.168,6.404
potr.txt_6345,2.684,0,0,0,0,0,1.342,0,4.025,6.709,0,0,0,0,0,1.342,1.342,4.025,0,0,7.311,7.972
potr.txt_5077,0,0,0,0,0,0,0.927,5.563,1.854,0,0,0,0,0,2.781,0,0,0,0,0,9.943,18.469
potr.txt_8101,1.059,0,0,0,0.53,0.53,0,1.589,1.589,0.53,0,0.53,0.53,0,2.118,0,0.53,2.118,0.53,1.059,10.893,13.644
potr.txt_10123,1.725,0,0,0,0,0.862,0,1.725,2.587,0.862,0,0.862,0,0,1.725,0,0.862,1.725,0,1.725,10.182,12.215
potr.txt_9649,2.084,0,1.389,0,0.695,3.473,0,0.695,2.779,2.084,0,0,0,1.389,0,0,0.695,2.084,0,0,8.443,10.612
potr.txt_1397,1.124,1.124,0.562,0.562,0.562,2.247,0,2.247,2.809,1.685,0,1.124,0,0,0.562,0.562,1.124,0.562,0.562,0,9.744,9.258
potr.txt_3935,11.303,0,5.652,0,0,0,0,0,0,0,0,0,0,0,0,16.955,0,0,0,0,5.589,3.082
potr.txt_9435,0,0,0,0,4.098,4.098,0,0,0,10.246,0,4.098,2.049,0,0,0,0,2.049,0,0,4.849,7.06
potr.txt_10669,1.946,0,0.649,0.649,0.649,1.297,3.243,0,2.595,0,0,0,0,0,1.946,1.297,0,0,0,1.297,9.187,11.989
potr.txt_8623,0,3.515,0.586,0.586,0,0.586,0,2.343,2.343,0,0.586,0,0.586,1.172,1.758,1.758,0.586,0,0,1.758,10.59,7.63
potr.txt_11923,0,0,0.472,0.472,0.944,2.361,0.472,0.472,0,0.944,0,0.944,3.777,1.888,2.833,1.416,0.472,0,0.472,0,10.186,8.261
potr.txt_4731,0,0,0,0,0.982,1.964,0,0.982,1.964,0.982,0,0,0,0,0.982,0,0.982,0,0.982,0.982,11.429,17.669
potr.txt_4739,0,5.255,0,0,0,5.255,2.627,0,7.882,0,0,5.255,0,0,0,2.627,0,0,0,0,5.667,5.087
potr.txt_6359,1.276,0,1.276,0,0,3.829,0,2.553,2.553,2.553,0,0,0,0,0,1.276,0,3.829,0,0,6.962,10.301
potr.txt_6413,3.859,0,0,0,0,1.286,1.286,3.859,3.859,2.573,2.573,0,0,0,0,1.286,0,0,0,0,6.342,9.656
potr.txt_5371,0,0,0,1.096,1.096,1.096,0,3.289,2.193,2.193,0,0,1.096,0,0,1.096,0,0,1.096,0,9.755,13.221
potr.txt_2175,0,2.631,1.503,0.752,0.376,0.376,0.376,1.128,0.752,1.503,0,1.128,0.376,0.752,3.007,0,0,1.503,0,0,10.546,9.89
potr.txt_9773,1.841,1.841,0.92,0,0,2.761,0.92,1.841,2.761,1.841,1.841,1.841,0,0,0,0,3.682,3.682,0,0,6.29,6.106
potr.txt_11819,0,4.225,0,0,1.056,1.056,0,0,0,0,0,0,0,0,5.282,0,0,2.113,0,1.056,9.614,12.601
potr.txt_219,0.63,3.153,0.63,0,2.522,1.892,0.63,0.63,1.892,3.153,0,0.63,0.63,0,1.261,1.892,0.63,0,0,0.63,7.404,8.406
potr.txt_11945,0,0,0,0,1.088,3.265,0,1.088,3.265,4.354,1.088,0,0,0,0,0,0,0,0,0,10.543,12.584
potr.txt_5637,2.567,0,0,0,1.283,1.283,0,0,3.851,5.134,1.283,0,0,0,0,0,0,1.283,0,0,9.754,10.063
potr.txt_11127,18.911,0,0,2.101,0,2.101,0,0,0,2.101,0,0,4.202,4.202,0,0,0,4.202,0,0,3.543,3.839
potr.txt_8869,3.182,0,0.795,0.795,0.795,1.591,0,0,0.795,1.193,0.398,0,1.193,0.398,3.182,0.398,0,0,0,0,12.126,10.192
potr.txt_7363,0,0,1.405,5.62,0,0,0,0,0,0,0,0,2.81,7.025,5.62,0,0,0,0,1.405,5.835,7.724
potr.txt_6527,3.771,0,1.257,1.257,0,1.257,1.257,0,1.257,3.771,0,0,0,5.028,1.257,0,0,0,0,0,7.6,8.795
potr.txt_2521,0.822,0,0.822,0.822,0.822,0,0,0.822,4.934,1.645,0,0.822,0,0.822,0.822,1.645,0,0.822,0,0,9.041,12.063
potr.txt_10041,5.42,0,0,0,1.355,0,0,2.71,4.065,4.065,0,1.355,0,0,0,0,0,0,0,0,7.919,9.508
potr.txt_3413,0,0,0,0,2.549,0,2.549,0,2.549,0,0,0,0,0,2.549,0,0,0,5.098,0,9.216,12.319
potr.txt_9175,0.704,2.818,0.352,0.352,1.409,1.761,0.704,0,1.057,0.352,0,0.704,0.352,0.704,2.465,1.057,0.352,0.704,0.352,0.352,9.595,10.376
potr.txt_5519,0,0,0,0,4.217,1.406,0,1.406,1.406,2.812,0,0,1.406,0,0,1.406,0,1.406,1.406,0,7.42,12.187
potr.txt_9983,0.936,0,0,0,1.871,0,0.936,0.936,4.678,2.807,0,0,0.936,0,0,0,0,0,0.936,0,11.47,11.831
potr.txt_3017,0,0,0,0,1.345,1.345,0.673,1.345,2.691,0.673,0,0,0,0.673,0.673,0,0.673,1.345,0.673,1.345,11.689,12.504
potr.txt_137,0,0,0.852,0,1.704,1.704,1.704,1.704,0,0,0,1.704,5.963,1.704,2.555,0.852,0.852,0,0,0.852,7.594,7.172
potr.txt_6683,1.78,0,0,0,0,3.559,0,0,4.449,0,0,0,0,0.89,2.669,0,0.89,0.89,0,0,16.944,4.812
potr.txt_8815,1.102,3.306,0.551,0,0.551,3.856,0,0.551,0.551,0,0,1.653,0.551,1.653,2.755,0.551,0,0.551,0.551,1.102,8.782,7.857
potr.txt_2455,1.635,0,0,0,0.818,0,0,1.635,0,0,0,0,0,0,3.27,0,0,0,2.453,0,24.177,7.196
potr.txt_4611,0,1.937,0,0,0,0,7.747,0,0,0,0,1.937,0,0,7.747,0,0,0,0,0,9.086,7.971
potr.txt_11639,1.925,0,0,0,1.444,0,0.481,1.925,3.851,0.963,0.481,2.407,1.925,1.925,0,1.444,1.444,0,0.963,0.481,7.825,7.311
potr.txt_8213,2.669,0,0,0,1.335,2.669,0,0,2.669,2.002,0,0,0,2.002,0.667,1.335,0,0.667,0,0.667,8.531,11.289
potr.txt_4361,0,0,0,0,1.424,2.848,0,0,0,0,1.424,0,0,0,4.272,1.424,1.424,1.424,0,0,11.292,11.704
potr.txt_4175,0,0,0,0,1.49,0,0,0,4.471,7.451,0,0,0,0,0,0,0,0,0,0,8.892,15.368
potr.txt_9205,1.255,0,0.941,0.627,0.627,0.627,0.627,0.314,1.882,1.882,0,0.941,0.627,0,1.568,1.882,0.314,0.314,0.314,0.314,9.624,12.226
potr.txt_8601,0,0,1.279,1.918,1.279,0,0,1.279,0,1.279,0,0.639,1.279,2.558,3.197,1.279,0.639,2.558,0,0,7.892,9.337
potr.txt_9071,1.512,0,0.378,0.378,0.378,2.268,0,1.134,1.512,0.756,0,0.378,1.134,1.89,1.134,0.378,0.756,1.89,0.756,0,9.186,10.692
potr.txt_4863,0,0,0,0,0,0,0,0,0,3.759,0,0,0,0,4.51,0,0,0,0,0,14.335,21.238
potr.txt_2451,2.032,0,0,0,0,0,0,2.032,0,1.016,0,0,0,1.016,4.064,0,0,2.032,0,0,19.343,6.998
potr.txt_6903,1.071,0,0,1.071,1.071,1.071,0,0,0,0,0,0,0,0,3.214,3.214,4.285,1.071,0,3.214,8.688,8.448
potr.txt_6057,3.992,1.331,0,0,0,2.661,2.661,0,2.661,2.661,0,1.331,0,0,1.331,0,0,1.331,0,0,7.287,9.24
potr.txt_11273,1.054,2.812,1.054,0.351,0.351,1.406,0,0.703,4.218,0,0,0.703,0.351,0.351,0.351,0.703,0.703,0.351,0,2.109,9.468,9.363
potr.txt_3219,0,0,0,0,0,0,0,2.718,5.437,2.718,0,0,0,0,0,0,0,0,0,0,11.603,17.341
potr.txt_8233,0,3.26,2.444,0.815,0,0,2.444,0,0.815,0,0.815,0,0.815,4.074,4.889,0.815,0,0,0,0,6.523,8.982
potr.txt_11223,0.415,3.319,0,0.415,1.245,1.66,2.074,0.415,0.83,0.415,0.415,1.245,0,0.415,2.489,1.66,1.245,0.415,0,0.83,8.153,8.784
potr.txt_10471,0,0,0,0,0,0,26.436,10.574,0,0,0,0,0,0,0,0,0,0,0,0,3.469,4.161
potr.txt_7629,0,0,0,2.235,0,0,0,0,3.724,0,0,0,0.745,0.745,0.745,0.745,2.235,0.745,3.724,0,8.42,12.662
potr.txt_2687,1.232,0,0,0,0,1.232,0,1.232,3.695,6.159,0,2.464,0,0,0,1.232,0,1.232,0,0,7.869,10.036
potr.txt_1145,1.295,3.454,0,0.864,0.864,2.159,0.864,0.864,1.295,0.864,0,2.159,0.864,0.864,0.864,1.727,0.432,0.864,0.432,0.864,7.073,8.116
potr.txt_4223,0,0,0,0,0,0,0,1.143,3.43,0,0,0,0,0,1.143,0,0,0,4.573,0,15.166,15.072
potr.txt_9985,0,0,0,0,1.936,0,0.968,0.968,4.841,2.904,0,0,0.968,0,0,0,0,0,0.968,0,11.98,12.056
potr.txt_4967,0.951,0.951,0,0,0.951,0,0,0,1.903,0,0.951,0,0,0.951,2.855,0,0,0.951,0.951,0,13.704,14.115
potr.txt_1221,2.681,0,0,0,1.341,2.681,0,4.022,2.681,4.022,0,0,1.341,0,0,2.681,1.341,1.341,1.341,0,5.77,6.802
potr.txt_9381,3.84,1.28,0.64,0.64,0,1.28,0.64,0.64,2.56,2.56,0,0.64,0,0,0.64,0.64,1.92,1.28,0,0,7.604,9.611
potr.txt_4255,0,0,0,0,0,0,0,1.81,0,0.905,0,0,0,0,3.621,0,0,0,1.81,0,20.302,15.645
potr.txt_3881,0,0,0,0,0,0,0,0,0,0,0,0,0,0,2.043,0,0,0,12.259,0,10.412,12.493
potr.txt_6587,0,0,0,0,0,2.524,0,1.683,0.841,0.841,0,0.841,0,0.841,2.524,0.841,0.841,0.841,0,1.683,11.961,10.944
potr.txt_2729,3.491,0,0,0,0.873,0,0,1.746,4.364,3.491,0,0,0.873,0,0,0.873,0,0.873,0,0,8.775,11.161
potr.txt_5845,0,0,0,0,1.726,0,0,0,2.588,2.588,0.863,0,0,0,2.588,0.863,0,0,0,0.863,10.07,16.479
potr.txt_11493,0,0.528,0.528,0,0.528,1.056,0,2.112,3.168,1.584,0.528,0,1.056,0,1.584,0.528,0.528,0.528,0,0,8.55,14.423
potr.txt_11833,2.171,0,0,0,0,3.256,0,1.085,3.256,6.512,0,0,1.085,0,0,1.085,0,1.085,0,0,7.786,9.12
potr.txt_8007,1.38,0,0,0.69,0.69,0.69,1.38,2.07,2.07,2.07,0,1.38,0,1.38,0,0,0,1.38,1.38,0,8.563,11.405
potr.txt_329,0.691,2.073,0.345,0,0.345,1.727,0.345,1.036,0.691,1.382,0,0.345,2.418,0,2.073,1.036,0.345,1.382,0,1.036,9.709,9.447
potr.txt_8773,0,0.445,0,0,0.445,1.779,0,1.779,3.113,1.779,0,0,1.334,0,2.669,0.445,0.445,0.889,0.445,0,11.271,9.908
potr.txt_9705,5.523,0,0,0,0,0,0,2.762,4.142,5.523,0,1.381,0,0,0,0,0,0,0,0,7.918,9.174
potr.txt_4171,0,0,0,0,0,0,0,0.861,0.861,0,0,0,0,0,2.583,0,0,0.861,2.583,0,17.438,19.777
potr.txt_11381,0.493,3.945,1.479,0,0.493,1.479,0.986,1.479,1.479,2.959,0,1.972,0,2.465,0.986,0.493,2.465,0.493,0,0.986,5.699,7.368
potr.txt_1631,4.372,2.914,0,0,0,0,1.457,1.457,0,0,1.457,1.457,1.457,0,1.457,0,4.372,1.457,1.457,0,6.196,7.741
potr.txt_9135,1.649,3.298,0.825,0,0.412,1.649,0,0.825,2.061,0.412,0,0.825,1.649,0,1.649,1.649,0.825,0.412,0,0.825,7.869,9.565
potr.txt_6185,0,3.232,0,0,0,1.616,1.616,3.232,3.232,0,1.616,1.616,1.616,0,1.616,1.616,3.232,0,0,0,6.678,6.648
potr.txt_2995,0,0,0,0,0,0,0,0,0,5.011,0,0,0,0,5.011,2.505,0,0,1.253,0,9.196,14.488
potr.txt_10395,0,0,0,0,0,0,0,0,6.224,6.224,0,0,0,0,0,0,0,0,0,0,8.924,16.958
potr.txt_11435,0.55,0,0,0,3.298,0.55,0,0.55,6.047,0.55,0,0.55,1.099,0,0.55,0.55,0.55,1.649,0,0,9.355,10.69
potr.txt_2777,0,0,0,0,0,14.297,7.148,0,0,0,0,0,0,0,0,0,0,0,0,0,7.369,7.932
potr.txt_9671,2.144,0,0,0,1.429,2.858,2.858,2.858,1.429,1.429,0,0,0,0,2.144,0,0,0,0.715,0,8.404,10.123
potr.txt_3057,0,0,0.762,0,1.523,0,0.762,1.523,2.285,0.762,0,0,0,1.523,0.762,0,0.762,1.523,0.762,0.762,10.894,12.902
potr.txt_3227,0,0,0,0,0,9.647,0,0,9.647,0,0,0,0,0,0,0,0,0,0,0,17.126,0
potr.txt_8135,0,0,0,0,1.906,2.859,4.765,4.765,0.953,1.906,0,0,0,0,3.812,1.906,0,0.953,0,0,4.921,8.675
potr.txt_1055,0,2.292,0.764,0,1.91,2.674,0.382,0.764,0,0.764,1.91,0,1.528,0.764,2.292,0.382,0.764,0.382,0,0.382,9.242,9.189
potr.txt_973,3.242,2.161,0,0,2.161,1.081,0,3.242,3.242,4.322,0,1.081,2.161,0,0,1.081,1.081,1.081,0,0,5.043,7.261
potr.txt_5005,3.468,0,3.468,0,1.734,0,0,0,0,1.734,0,0,1.734,0,1.734,1.734,1.734,1.734,0,1.734,6.382,9.429
potr.txt_11849,1.172,0,0,0,1.172,1.172,1.172,1.172,4.688,3.516,0,0,1.172,0,0,1.172,0,1.172,0,0,7.728,11.097
potr.txt_9231,1.127,3.006,0,0.752,0.752,1.879,0.752,0.752,0.752,0.752,0,1.503,1.127,0.376,1.879,1.127,0.376,0.752,0.376,0.752,8.397,9.204
potr.txt_6761,0,4.027,0,0,1.342,1.342,0,0,0,0,0,0,0,0,3.356,0,0.671,1.342,0,0,10.912,15.635
potr.txt_9993,0,0,0,0,1.43,2.86,0,2.86,0,5.719,0,0,1.43,0,1.43,1.43,0,1.43,0,0,7.526,10.271
potr.txt_9411,1.36,0,0,0.68,2.039,3.399,0.68,1.36,2.719,0.68,0.68,0,0,0,0,1.36,0,0.68,0,0,9.883,11.209
potr.txt_6261,0.824,0,1.648,0,0,0,2.472,0,0,4.944,0,0,0,0,2.472,0,0,0,0,0,10.007,16.028
potr.txt_3689,0,0,0,0,0,0,0,0,0,0,0,0,0,0,7.597,0,0,0,10.13,0,5.49,13.18
potr.txt_4131,1.322,0,0,0,0,0,0,0,1.322,2.644,0,0,0,0,3.966,0,0,0,2.644,0,11.884,15.003
potr.txt_11195,0,0,0,0,2.148,0.358,0,1.79,0,0.358,0,0,7.161,0,3.222,0,0,0,0,0.358,11.051,10.348
potr.txt_603,1.291,0,0,0.645,0,1.291,0.645,0,3.226,3.872,0,0,0,0,0.645,0,0.645,1.291,0.645,0.645,11.418,10.725
potr.txt_2365,0.389,0,0,1.168,0.779,1.947,0,1.557,3.115,1.947,0,0.389,0.779,1.168,0.779,0.389,0,0.389,0,0,9.09,13.116
potr.txt_11323,1.16,1.16,0,1.16,2.321,5.802,0,2.321,1.16,1.16,0,2.321,0,0,0,0,2.321,1.16,0,0,7.089,7.754
potr.txt_2969,1.666,0,0,0,1.666,1.666,4.997,0,4.997,0,0,0,0,3.331,0,0,0,0,0,1.666,9.544,6.959
potr.txt_1595,0,0,0,0,2.954,1.477,0,1.477,0,5.908,0,0,1.477,0,1.477,2.954,0,1.477,0,0,6.983,10.228
potr.txt_4603,1.171,0,0,0,0,1.171,0,0,0,3.512,0,0,1.171,0,4.682,0,0,0,0,0,14.2,13.054
potr.txt_8759,3.405,0,0.486,1.459,0,1.459,0,2.919,1.459,0.486,0,0,0.486,1.459,1.459,0.486,0.486,0.486,0,0,8.985,11.002
potr.txt_419,0.692,0,0.692,0.692,0.692,1.383,4.842,0,2.767,0,0,0,0,0,2.075,1.383,0,0,0,1.383,9.009,10.907
potr.txt_3281,0,0,0,11.206,0,0,0,0,0,11.206,0,0,0,0,0,0,0,0,0,0,14.574,0
potr.txt_371,1.274,1.274,1.274,2.548,1.274,2.548,3.822,0,2.548,0,1.274,0,0,6.369,0,1.274,0,0,0,0,5.648,6.92
potr.txt_8015,0.825,0,0,0.825,0,1.651,1.651,2.476,2.476,2.476,0,2.476,0,1.651,0,1.651,0,1.651,0,0,7.546,9.113
potr.txt_8559,4.14,0,0.828,0.828,2.484,2.484,0,0.828,0.828,1.656,0,2.484,1.656,0.828,0,2.484,0,1.656,0.828,0,6.113,7.359
potr.txt_11607,0.722,0,0,0,0,0,0,0,2.889,1.445,0,0,0,0,1.445,0.722,0,0.722,2.889,0,12.104,16.923
potr.txt_2997,2.31,0,0,0,0,0,0,0,0,4.62,0,0,0,0,4.62,0,0,0,1.155,0,8.493,16.938
potr.txt_5959,1.154,0,1.154,0,1.154,2.308,0,1.154,3.462,2.308,0,0,0,0,0,0,0,3.462,0,0,8.154,12.291
potr.txt_11663,11.614,0,0,0,0,0,0,0,11.614,0,0,0,0,0,0,0,0,11.614,0,0,2.539,5.802
potr.txt_8045,1.235,0,0,0,0.618,1.235,1.235,1.853,3.706,1.853,0,1.235,0,0.618,0,0,0,1.235,0,0,9.484,12.68
potr.txt_1097,0.9,0,0,0.9,1.8,1.8,0,0.9,1.8,6.299,0,0.9,0,0,0.9,0.9,0,0.9,0,0,9.814,8.573
potr.txt_11479,1.012,0,0,0,1.012,1.012,0,4.048,4.048,3.036,0,1.012,2.024,0,0,1.012,1.012,0,0,1.012,6.86,9.426
potr.txt_881,0,1.68,0,0,0.84,5.039,0,1.68,2.52,2.52,0,0,0,0,0,0.84,0,1.68,0.84,0,8.643,10.122
potr.txt_6941,0,1.702,0.851,0,0,0.851,0,0,0.851,0.851,0,0,0,0.851,4.255,0,0.851,0.851,0,1.702,15.152,8.785
potr.txt_67,3.314,2.209,0,0,2.209,1.105,0,3.314,2.209,5.523,0,1.105,2.209,0,0,1.105,1.105,0,0,1.105,5.994,5.985
potr.txt_10583,1.69,0,0,0,1.127,0,0,0,6.761,2.817,0,0,0,0,0,0,0.563,0,0,0,10.144,14.857
potr.txt_11931,2.715,0.543,0.543,0,0.543,2.715,0.543,0,1.629,0.543,0,0.543,0,0,2.172,0.543,0.543,1.629,0,0,9.48,12.175
potr.txt_3855,0,0,0,0,0,0,0,0,0,0,0,0,0,0,5.736,0,0,0,4.302,0,14.011,16.813
potr.txt_5509,0,0,0,1.977,0,3.955,0,1.977,0,0,0,0,0,0,0,5.932,0,1.977,1.977,0,10.517,8.079
potr.txt_5359,1.894,0,0,0,1.894,0,0,0,3.787,1.894,0,0,0,0,0,0,0,1.894,0.947,0,10.346,15.783
potr.txt_6905,1.739,0,0,0.869,0.869,0.869,0.869,2.608,2.608,2.608,0,0.869,0,0.869,0,0,0,0.869,0,0,8.603,12.47
potr.txt_7229,2.27,0,0,0,1.513,3.027,1.513,0,3.027,0,0,0,0,0,0,0.757,0,1.513,0.757,0,10.272,12.523
potr.txt_4895,5.156,0,0,1.718,0,3.437,0,0,0,1.718,0,0,1.718,0,1.718,0,0,3.437,0,1.718,6.635,9.328
potr.txt_4055,0,0,0,0,0,0,0,0,0,2.182,0,0,0,0,4.364,0,0,0,0,2.182,13.145,21.083
potr.txt_2305,0,0,0.458,1.373,0.916,0.458,0,1.373,2.289,0.916,0,0.458,0.458,0.458,1.831,0.916,0.458,0.916,0,0,10.705,13.772
potr.txt_8133,1.889,0,0,0,1.889,2.833,3.777,4.721,0.944,1.889,0,0,0,0,3.777,1.889,0,0,0,0,4.99,8.751
potr.txt_399,0,0,0,0,2.189,2.189,2.919,2.189,0.73,0.73,0,0,0,0,1.46,0,1.46,2.189,0,0,8.496,12.07
potr.txt_2891,0,0,0,0,0,4.89,6.112,0,7.335,0,0,2.445,0,0,0,0,0,0,0,3.667,8.247,4.948
potr.txt_4779,0,0,0,0,2.969,0,0,0,8.907,0,0,0,0,0,0,0,0,4.453,0,0,12.471,7.765
potr.txt_1763,1.101,0,0.734,1.836,0.367,1.836,0,1.101,2.57,1.101,0.367,0.367,0.367,0.367,0.734,1.468,0.734,1.836,0,0.734,10.063,8.719
potr.txt_1973,1.631,0,0,0,0.408,2.447,0.408,0,1.631,1.223,0,0,0.408,0.408,2.855,1.223,0.816,0.816,0,0,14.07,8.877
potr.txt_7919,2.895,1.93,0,0.965,2.895,0.965,0,0.965,2.895,4.825,0.965,0.965,1.93,0,0,0,0.965,0,0,0,5.815,8.23
potr.txt_3745,0,0,0,0,0,0,0,0,0,0,0,0,0,0,4.549,0,0,0,6.065,0,23.798,5.71
potr.txt_4141,0,0,0,0,0,0,0,0,0,0,0,0,0,0,4.003,0,0,2.001,3.002,0,24.433,9.02
potr.txt_3221,0,0,0,0,0,0,0,0,95.238,0,0,0,0,0,0,0,0,0,0,0,0,0
potr.txt_7743,3.023,0,0,0,0,0.605,0.605,0.605,0,1.209,0,0,0.605,0,2.418,0.605,0.605,3.023,0,0,11.278,13.159
potr.txt_737,0,0,0,0,0,0,0,6.157,1.759,0,0,0,0.88,1.759,2.639,0,0,0,0,0,12.624,11.987
potr.txt_11865,0,0,0,0,0,1.336,0,2.671,6.678,0,0,1.336,0,0,0,0,0,2.671,0,0,12.882,9.469
potr.txt_4075,0,0,0,0,3.253,0,0,0,0,0,0,0,0,0,6.506,0,0,0,3.253,0,9.06,15.851
potr.txt_8243,2.384,0,0.596,0.596,0,0,0.596,1.192,0,1.788,0,0.596,0.596,0.596,2.98,0.596,0.596,0,0,2.384,9.975,11.294
potr.txt_7201,0.69,0,0.69,0,0.69,3.449,0,2.759,2.069,0.69,0,0.69,0,0,1.38,0,0,0,0,0,13.837,10.918
potr.txt_4085,0,0,0,0,1.43,0,0,0,4.29,0,0,0,0,0,2.86,0,0,0,2.86,0,22.375,5.402
potr.txt_10265,0,0,0,0,0,0,0,0,2.98,8.939,0,0,0,0,2.98,0,0,0,0,0,15.579,6.484
potr.txt_4217,0,5.752,0,0,0,1.917,0,0,1.917,0,0,1.917,0,0,1.917,0,0,3.835,0,0,7.884,11.291
potr.txt_4081,5.92,0,0,0,0,0,0,5.92,2.96,2.96,0,0,2.96,0,0,0,2.96,0,0,0,7.107,6.585
potr.txt_1305,0.651,0.651,0.976,0.325,0.976,2.928,0.325,1.952,2.602,0.651,0.325,0,0,0,0.325,0.325,0,1.952,0,0,10.209,11.766
potr.txt_6251,0.803,0.803,0,0,0.803,0.803,0,0,2.409,0.803,0,0,0,0.803,1.606,0,0,0,3.212,0,16.788,9.823
potr.txt_1555,3.355,0,0,0,0,1.678,0,5.032,1.678,8.387,1.678,0,1.678,0,0,6.71,0,0,0,0,5.548,4.613
potr.txt_8183,1.527,0,0,0,1.018,1.018,1.527,0,2.036,0.509,0,0,0,0,2.545,0.509,0.509,0.509,0.509,0.509,12.424,12.977
potr.txt_5907,0,0,0,0,0,0,0,0,4.209,4.209,0,0,2.806,0,0,0,0,4.209,0,4.209,12.233,4.576
potr.txt_4733,0,0,0,0,0,1.012,0,1.012,3.037,0,0,0,0,0,1.012,0,1.012,3.037,1.012,0,12.31,16.08
potr.txt_7649,1.546,0,0,0,0.773,2.318,0,2.318,3.091,0.773,0.773,0.773,0,0.773,0,0.773,0.773,0.773,0.773,0,9.119,11.238
potr.txt_10677,3.614,0,1.205,0,0,1.205,1.205,0,2.41,0,0,0,0,0,2.41,1.205,0,0,0,1.205,9.062,13.62
potr.txt_6665,4.071,0,0,0,0.814,0,0,0,4.886,4.071,0,0,0,0,0,0,0,0,0,0,9.834,13.754
potr.txt_1309,0.666,0.666,0.666,0.333,0.998,2.995,0.333,1.997,2.662,0.666,0.333,0.333,0,0,0.333,0.333,0,1.997,0,0,10.219,11.294
potr.txt_8739,0,3.4,0,1.133,0.567,1.133,0,1.133,3.967,2.267,0,1.133,0.567,0,1.133,1.133,0.567,0,0.567,0.567,9.147,8.003
potr.txt_8285,0,0,0,0,1.279,0,0.64,0.64,5.117,3.838,0,0,0,0,0,2.559,1.919,0,0.64,0,10.031,9.851
potr.txt_11565,0,0,0,0,0,0,95.238,0,0,0,0,0,0,0,0,0,0,0,0,0,0,0
potr.txt_2033,0,0,0,0,1.67,0,0,0,10.022,1.67,0,0,0,0,0,0,3.341,0,0,0,7.547,12.251
potr.txt_3425,0,0,0,0,0,0,0,0,0,0,0,0,0,0,5.463,0,0,0,5.463,0,28.831,0
potr.txt_5041,0,0,0,0,1.521,0,1.521,1.521,0,3.042,0,0,0,1.521,3.042,3.042,0,1.521,0,0,8.713,11.052
potr.txt_10201,0,0,0,0,0,0,0,0,0.959,0,0,0,0,0,2.876,0,0,0,4.793,0,16.106,18.408
potr.txt_3147,0,0,0,0,0,0,0,2.48,0,0,0,0,0,0,4.961,0,0,0,0,0,12.751,25.499
potr.txt_11657,0,0,0,0,10.171,0,0,0,10.171,0,0,0,0,0,0,0,0,0,0,0,4.63,11.569
potr.txt_2377,1.192,0,0,0,0,0.596,0,0.596,1.788,2.979,0.596,0,0.596,0.596,2.383,0,0,0,0,0,11.795,16.219
potr.txt_415,0.522,4.173,1.043,0.522,0,4.173,0,0,1.565,1.043,0,2.087,1.043,2.087,0.522,3.13,0,0,0.522,1.043,6.364,7.467
potr.txt_793,1.753,5.259,0,0.876,0,2.63,0,3.506,1.753,0,0,0.876,1.753,0,0.876,3.506,0,1.753,0.876,0.876,6.553,5.547
potr.txt_1155,0.734,2.938,0,1.469,0,2.204,0,0.734,2.204,1.469,0,3.673,0.734,1.469,0.734,1.469,0.734,0.734,0.734,0,6.318,8.532
potr.txt_2031,3.118,0,0,1.559,0,0.779,0,0.779,2.339,3.118,0,3.118,0,0,0,0,0,1.559,0.779,0,7.635,11.658
potr.txt_10309,0,2.644,0,0,0,1.322,0,0.661,0.661,0,0,0,0,0,3.305,0,0,0.661,0.661,1.322,13.731,14.456
potr.txt_2191,2.584,0,0.646,0,0.646,1.292,0,0.646,2.584,1.292,0.646,1.938,0,0.646,0,1.292,0.646,2.584,0.646,0,8.232,10.062
potr.txt_1003,0,3.391,1.695,1.13,0,1.13,0.565,1.13,1.13,1.13,0.565,0.565,0,0,2.825,0.565,0,0,0.565,0,10.167,9.999
potr.txt_3821,0,0,0,0,0,0,0,0,0,0,0,0,0,0,5.896,0,0,0,4.422,0,18.857,11.316
potr.txt_1981,0.833,0,0,0,0.833,3.331,3.331,2.498,0.833,4.164,0,0,0,0,1.666,0,0,1.666,0,0,7.505,9.751
potr.txt_8393,2.701,1.35,0,0,0,2.025,0,1.35,5.401,2.701,0,0,1.35,0,0.675,0,0,0.675,0,0,8.77,9.384
potr.txt_869,1.7,1.7,0,0,0.85,1.7,0,0.85,3.4,0.85,0,0,2.55,0,0.85,0.85,0.85,0,0.85,0,8.066,11.393
potr.txt_4601,0.995,0,0,0,0,0.995,0,0,0,0,0,0,0,0,3.979,0,0,0,3.979,0,14.799,16.24
potr.txt_4219,0,0,0,0,0,0,0,0,1.496,0,0,0,0,0,4.488,0,0,0,7.48,0,11.283,12.894
potr.txt_3035,0,0,0.571,0.571,1.713,1.142,0.571,1.142,2.283,0.571,0,0,0,1.142,0.571,0,0.571,1.142,0.571,1.142,11.36,12.446
potr.txt_6231,0.814,0,0,0.814,1.628,0,0,0.814,4.069,1.628,0,0,0,0,0.814,0.814,0,0.814,0,0,10.958,15.353
potr.txt_10377,2.747,0,0,0,2.747,0,0,0,5.494,0,0,0,0,0,0,0,0,0,0,0,11.775,16.926
potr.txt_10711,0,0,0.813,0,0.813,0,0,1.626,1.626,1.626,0,0,0,0.813,2.44,0,0,0.813,0,0,12.637,16.963
potr.txt_7991,1.923,0,0.641,0.641,0,0,0.641,1.282,0,2.565,0,0.641,0,0.641,2.565,0.641,0.641,0,0,2.565,9.584,11.828
potr.txt_8365,2.019,1.346,2.019,0,0,2.019,0,1.346,2.692,2.019,0.673,0.673,0,0.673,0.673,0,1.346,0.673,0,0,9.234,8.98
potr.txt_7051,0,0,0,0,0,0.878,0,0,0,0.878,0,0,0.878,0.878,4.389,0,4.389,0.878,0,1.756,11.692,10.339
potr.txt_8093,3.457,0,0,1.383,0.691,2.074,0,0.691,2.765,0.691,1.383,0.691,0,0,0,0.691,0.691,1.383,0.691,0,8.914,10.232
potr.txt_6015,3.766,3.766,1.255,0,0,2.51,0,1.255,2.51,0,0,0,0,0,1.255,1.255,0,0,0,1.255,9.674,7.889
potr.txt_12105,0,0,0,0,0,1.218,0,0,2.132,1.218,0,0,0,0,2.437,0,0,1.218,0,2.437,13.494,15.912
potr.txt_5885,1.413,0,0,0,1.413,1.413,1.413,1.413,4.238,4.238,0,1.413,0,0,0,0,1.413,1.413,0,0,6.623,10.064
potr.txt_9849,0,0,4.013,0,0,4.013,0,2.675,0,8.026,0,0,1.338,0,0,1.338,1.338,4.013,0,0,4.791,7.057
potr.txt_2561,0,0,0,0,1.2,0,0,1.2,3.599,1.2,0,0,0,0,1.2,0,0,0,1.2,0,12.207,19.694
potr.txt_1177,4.816,1.204,0,0.602,1.204,3.01,0.602,0.602,2.408,3.01,0.602,1.204,0,0.602,0,0.602,1.204,0.602,0,0,6.638,8.038
potr.txt_4969,2.936,0,0,0,0,0,0,0,4.404,2.936,0,0,0,1.468,1.468,2.936,1.468,0,0,0,7.467,11.321
potr.txt_2787,0.665,0,1.331,1.331,0.665,1.331,0,0.665,3.993,1.996,0,0.665,0,0.665,0.665,1.996,0,0.665,0.665,0,9.826,9.3
potr.txt_3343,0,0,0,0,0,0,0,0,0,0,0,0,0,0,5.713,0,0,0,3.809,0,13.755,18.338
potr.txt_7609,1.47,0,0,0,0,0.735,0,1.47,2.205,0.735,0,0.735,0.735,0,1.47,0,0.735,2.94,0.735,1.47,9.19,12.159
potr.txt_10449,2.99,0,0,0,0,0,2.99,0,1.993,2.99,0,0,0,0,1.993,2.99,0,0.997,0,0,10.229,9.295
potr.txt_6809,0.784,0,0,0,0.784,0.784,0,1.567,0.784,0,0,0.784,0.784,0,2.35,0,0.784,3.134,0.784,0.784,10.752,12.446
potr.txt_7203,5.415,0,0,0,1.805,1.805,3.61,3.61,0,7.22,0,1.805,1.805,0,0,3.61,0,3.61,0,0,3.471,5.063
potr.txt_9801,0,2.629,0,0,0,7.888,0,2.629,1.315,6.574,1.315,0,0,0,0,2.629,0,2.629,0,0,5.068,6.326
potr.txt_981,1.628,0,0,0,4.885,1.628,0,3.257,1.628,3.257,0,0,0,0,0,3.257,1.628,0,0,0,5.964,9.555
potr.txt_1195,2.145,0,0.429,0.429,0.429,1.716,0,1.716,2.574,0,0,0.429,0.429,0.429,1.287,0,0.429,3.003,0.429,0,9.838,10.951
potr.txt_9375,0,0,0,0,0,3.966,0,3.966,1.983,9.916,0,0,0,0,0,1.983,1.983,0,0,0,5.619,7.995
potr.txt_4873,0,0,0,0,0,0,0,0.875,1.75,0.875,0.875,0,0,0,3.501,0,0,0,0.875,0.875,11.163,20.663
potr.txt_11061,1.305,3.481,0,0.87,0.87,1.741,0.87,0.87,1.741,0.87,0,2.611,1.305,0.435,0.87,1.305,0.435,0.87,0.435,0.87,6.825,8.235
potr.txt_12167,0.488,2.928,0.976,0.488,0.976,2.928,0.976,0.488,1.952,0.488,0,1.464,0.488,0,0.488,0.488,0,0.488,0.488,1.464,9.715,8.612
potr.txt_7913,0,0,0,0.723,0,3.614,0,0,0,0,0,0,0,0.723,4.336,7.227,0,0,0,0,9.329,10.562
potr.txt_9783,2.936,1.468,0.734,0.734,0.734,1.468,0,0,2.202,5.139,0,2.202,0,0,0,3.671,1.468,1.468,0,0,6.296,7.041
potr.txt_4745,2.466,0,0,0,0,0,0,2.466,2.466,4.931,0,2.466,2.466,2.466,0,4.931,0,2.466,0,0,5.425,6.224
potr.txt_8159,0.822,1.644,0,0,0.822,2.467,0,0.822,4.111,3.289,0.822,1.644,0,0,0,1.644,0,2.467,0,0,7.831,8.188
potr.txt_497,0.737,0,0.737,0,0.737,2.212,0,2.212,2.212,1.475,0.737,0.737,0,0.737,0,0.737,0.737,0.737,0.737,0,9.607,11.681
potr.txt_8631,1.269,1.269,1.269,0.634,0,3.171,0,0.634,3.171,3.806,0,0,0,0.634,0,1.269,1.269,1.269,0,0,7.743,9.049
potr.txt_3453,0,0,0,0,0,0,0,0,0,0,0,0,0,0,5.379,0,0,0,2.69,0,10.34,25.849
potr.txt_4337,3.669,0,1.223,1.223,0,2.446,0,0,0,0,0,1.223,0,0,2.446,0,0,0,0,0,12.843,13.429
potr.txt_9181,0.278,1.669,0.278,0.278,0.278,1.391,0.278,0.278,0.556,1.391,0,0.556,0.834,0,2.503,0.556,0.556,0,0.556,0.834,13.023,11.789
potr.txt_10303,2.365,0,0,0,0.591,0.591,0,0.591,0.591,0,0,0,0,0,2.957,0,0,0.591,0.591,1.183,16.022,14.766
potr.txt_465,1.321,3.522,0.44,0.44,0,1.321,0,0.881,1.761,0.44,0,1.321,2.201,0,1.761,0.44,2.201,1.321,0,0.881,7.669,8.607
potr.txt_675,1.405,0,0,0,1.405,2.108,0,0,0.703,1.405,0.703,0,1.405,0.703,2.108,2.108,0,0,0,0.703,14.498,7.762
potr.txt_5531,0,0,0,0,2.908,0.969,0,0.969,0.969,2.908,0,0,0.969,0,0.969,0.969,0,0,0.969,0,10.608,15.001
potr.txt_2805,2.528,0,0,0,2.528,0,0,0,5.056,0,0,0,0,0,2.528,0,0,0,2.528,0,6.213,15.488
potr.txt_11921,1.85,0.617,0,0,1.85,3.084,1.85,0.617,2.467,0.617,0,0,0,0.617,0.617,1.85,0.617,1.234,0,0,8.362,10.142
potr.txt_2763,0,1.098,0,0.549,0.549,1.648,0,1.098,2.746,0,1.098,0.549,0,0.549,2.197,0.549,0.549,0,0.549,0.549,10.719,12.218
potr.txt_8235,1.657,0,0.829,0,1.657,4.144,0,1.657,3.315,3.315,0,0,0,0,0,2.486,0.829,0.829,0.829,0,7.138,8.084
potr.txt_8879,1.337,0,0,1.783,0.891,1.783,0,1.337,2.674,0.446,0,0,0.446,0.446,1.783,0.446,0.891,2.229,0.446,0,8.699,10.831
potr.txt_10131,2.244,0,0,0,0,1.122,0,1.122,3.365,1.122,0,1.122,0,0,1.122,0,0,1.122,0,2.244,9.284,13.217
potr.txt_2051,1.728,0,0.864,0,2.592,1.728,0,2.592,1.728,3.456,0,0.864,0.864,0,2.592,3.456,0,0,0,0,6.982,7.555
potr.txt_10931,1.854,0,0.618,0.618,0,4.327,0,1.854,3.09,1.854,0,1.236,0,0,0,0.618,0.618,2.472,0,0,7.923,9.326
potr.txt_3217,0,0,0,0,3.379,0,0,0,0,3.379,0,0,0,0,3.379,3.379,0,0,0,0,14.786,9.31
potr.txt_4105,0,0,0,0,1.893,1.893,1.893,0,1.893,0,0,1.893,0,1.893,1.893,0,0,1.893,0,1.893,12.377,7.043
potr.txt_8497,0,1.238,0.619,0.619,1.856,0.619,0,0,2.475,2.475,0,1.238,0,1.238,0.619,0.619,0.619,2.475,0.619,0.619,9.253,9.191
potr.txt_4653,0,0,0,0,1.021,0,0,1.021,5.107,3.064,0,0,0,0,0,0,0,0,1.021,0,11.451,16.736
potr.txt_5669,0,0,0,0,0,0,0,0,7.289,4.165,0,0,1.041,0,0,0,0,0,1.041,0,9.633,14.428
potr.txt_3695,0,0,0,0,0,0,0,0,0,0,0,0,0,0,6.314,0,0,0,2.526,0,17.847,16.063
potr.txt_5287,0,0,0,0,0,2.414,0,2.414,4.829,2.414,0,0,0,0,0,0,0,2.414,0,0,11.063,11.577
potr.txt_2653,1.346,1.346,0,0,0.673,1.346,0.673,0,0,0,0,2.018,0,0,2.691,0,0,2.691,0.673,0.673,11.249,11.91
potr.txt_11557,1.488,2.977,0,0,0.744,0.744,0,0.744,0,0,0,0,0,0,3.721,0,0,0.744,0.744,0.744,14.24,11.283
potr.txt_10221,5.069,0,0,0,3.379,5.069,0,1.689,1.689,1.689,1.689,0,0,0,0,1.689,0,0,0,0,6.808,8.097
potr.txt_10605,3.19,0,0,0,1.063,0,0,0,5.316,3.19,0,0,0,0,0,0,0,0,0,0,10.187,15.152
potr.txt_2035,1.881,1.254,0.627,0,0,2.508,0,1.254,3.136,3.763,0,1.254,0,0.627,0,1.881,1.881,0.627,0,0,7.291,8.612
potr.txt_907,1.298,2.595,0,0,0,7.785,1.298,3.893,1.298,6.488,0,0,0,0,0,2.595,0,0,0,0,4.562,7.02
potr.txt_11173,0,5.643,0,0,1.411,1.411,0,0.705,0,0,0.705,0,0.705,0,4.232,0,0,0,0,0,13.836,8.346
potr.txt_7089,0,1.499,0,0,0.749,2.248,0,0,0,0.749,0,0,0,0,4.497,0,0,1.499,0,0.749,11.913,14.797
potr.txt_2115,1.035,0,0.345,0.345,1.035,1.035,0.345,1.035,1.035,0.345,0,0,0,0,2.76,0.345,0.345,0.69,0.69,0,13.316,14.567
potr.txt_2981,0,0,0,0,0,1.475,2.95,0,2.95,0,0,0,0,0,2.95,0,0,0,1.475,1.475,10.702,13.775
potr.txt_11989,0,0,0,0,0,0,0,0,3.221,0,0,0,0,0,3.221,0,0,6.442,0,0,23.889,1.235
potr.txt_5645,1.266,0,0,0,1.266,2.531,0,0,3.797,5.062,1.266,0,0,0,0,0,0,1.266,0,0,10.097,9.993
potr.txt_10851,3.352,0,0,0.479,1.436,1.436,0,0.479,3.831,0.958,0,0.479,0,1.436,0,0.479,0.958,0.958,0,0.479,8.075,11.659
potr.txt_10911,2.369,0,0.395,1.185,0.395,0.79,0,0.79,3.159,1.185,0,1.579,0.79,0,0,1.185,1.185,1.185,1.185,0,8.678,10.37
potr.txt_9003,1.381,0.921,0,0.921,0,3.684,0,1.842,0.921,0.46,0.46,2.302,0,0,0.921,1.381,0.46,1.381,1.381,0.921,9.361,7.724
potr.txt_5195,0,0,0,0,2.862,0,0,0,5.724,2.862,0,0,2.862,0,0,0,0,2.862,0,0,14.463,4.804
potr.txt_2053,2.992,0,0,0,4.489,1.496,0,4.489,1.496,4.489,0,1.496,1.496,0,0,4.489,0,0,0,0,5.851,5.899
potr.txt_1209,2.883,1.442,1.442,0,0.721,2.162,0,0.721,3.604,2.162,0.721,1.442,0,0,0,0,2.162,1.442,0,0,7.576,8.157
potr.txt_6709,0.774,0,0,0.774,1.548,0,0,0.774,3.871,1.548,0,0.774,0,0.774,0.774,0.774,0,0.774,0,0,10.336,14.332
potr.txt_10819,3.539,1.77,0,0,1.77,0,0,0.885,2.654,3.539,0,0,1.77,0,0.885,0.885,0.885,2.654,0,0,6.978,8.487
potr.txt_11327,1.688,0,1.688,1.688,0,1.688,0,0,1.688,1.688,1.688,0,0,0,0,5.065,1.688,0,0,3.377,7.19,7.726
potr.txt_9551,0.902,0,0.902,0,0.902,1.804,0.902,3.609,2.707,1.804,0.902,0,1.804,0,0,0.902,0,0.902,0,0.902,8.214,9.237
potr.txt_11093,0,0,0,0,0,0,0,0,6.524,6.524,0,0,0,0,0,0,0,0,0,0,9.379,15.473
potr.txt_9415,0,0,0,0,1.803,1.803,1.803,5.41,1.803,9.016,0,1.803,1.803,0,0,0,0,0,0,0,4.915,7.791
potr.txt_1413,1.515,0,0,0,6.061,1.515,1.515,0,1.515,7.577,0,0,3.031,0,0,3.031,0,0,0,0,5.212,7.192
potr.txt_2127,0.511,2.044,0.511,0.511,0.511,1.022,0.511,0.511,1.022,1.533,0.511,0.511,0.511,0,2.044,2.044,1.022,0.511,1.022,0.511,8.743,10.302
potr.txt_10791,0,14.129,0,0,7.065,0,0,0,0,0,0,0,7.065,0,0,0,0,7.065,0,0,3.655,4.522
potr.txt_6045,0,0,0,0,0,0.967,0,0.967,4.832,0.967,0,0.967,0,0,0,1.933,0,2.899,0.967,0,10.84,11.784
potr.txt_10429,0,0,0,0,0,0,0,0,8.887,8.887,0,0,0,0,0,0,0,0,0,0,18.62,0
potr.txt_9279,1.638,0,0,0,0.819,2.457,0,2.457,2.457,1.638,0.819,0.819,0,0.819,0,0.819,0.819,0.819,0.819,0,8.379,10.859
potr.txt_9389,0,0,3.789,0.947,2.842,1.894,0,0,2.842,0.947,0,0.947,0.947,0.947,0,0,0,0,0.947,0,9.688,9.716
potr.txt_11245,0,1.466,0,2.932,0.733,1.466,0,0.733,1.466,2.199,0,0.733,2.199,0,2.199,2.932,0.733,1.466,0,0,6.777,8.671
potr.txt_2275,1.279,0,0.426,0.426,0.426,2.131,0,1.279,2.984,0.426,0,0,0.426,0.426,1.279,0.426,0.426,2.557,0.426,0.426,10.154,10.767
potr.txt_3293,0,0,6.227,0,0,0,0,0,0,0,0,0,0,0,0,0,6.227,0,0,6.227,11.863,5.843
potr.txt_10075,0,0,0,0,0,0,0,3.344,3.344,0,0,0,0,0,1.672,0,1.672,1.672,3.344,0,10.431,11.431
potr.txt_10725,0,0,1.559,0,1.559,1.559,0,3.119,1.559,4.678,0,3.119,0,0,0,1.559,0,1.559,0,0,6.934,9.325
potr.txt_8335,1.368,0,0,0,0,8.205,5.47,0,0,0,0,0,0,4.103,0,13.675,1.368,0,0,0,4.526,4.046
potr.txt_5923,3.68,0,0,0,1.227,1.227,0,1.227,1.227,6.133,0,0,1.227,0,1.227,0,0,0,0,0,8.231,11.036
potr.txt_2853,0,0,0,0,0,5.463,6.829,0,8.195,0,0,2.732,0,0,0,0,0,0,0,0,9.515,4.489
potr.txt_2581,1.538,0,0,0,0,0,0,1.538,0,0.769,0,0,0,0,3.075,0,0,1.538,0.769,0,16.334,16.529
potr.txt_11433,1.604,0.535,1.604,3.209,1.604,1.069,0.535,1.069,1.069,1.604,0,1.604,1.069,0,1.069,0.535,1.069,1.604,0,0,6.625,9.147
potr.txt_4757,0,0,0,0,0,0,0,3.406,0,0,0,0,0,0,4.087,0,0,0,0,0,15.342,22.73
potr.txt_1063,0,0,1.274,0,0,2.548,1.274,2.548,2.548,1.274,0,0,1.274,0,0,1.274,0,0,0,1.274,10.153,11.385
potr.txt_5693,0,2.218,0,1.109,0,2.218,0,0,3.328,0,1.109,0,1.109,0,2.218,1.109,0,0,0,0,9.28,13.456
potr.txt_5237,3.65,0,0,0,0,0,1.217,0,3.65,4.867,0,0,0,0,1.217,0,0,0,0,0,13.295,9.183
potr.txt_1439,3.879,0,0.776,0,0,1.552,0,1.552,3.879,2.328,0,0,0.776,0.776,0,0.776,1.552,3.879,0,0,6.7,8.385
potr.txt_7293,1.75,1.75,0,0,0.875,1.75,0,1.75,1.75,0,0,0,0.875,0.875,2.625,0,1.75,0,0,0.875,13.071,6.814
potr.txt_2829,0,0,0,0,2.511,0,0,0,5.021,0,0,0,0,2.511,2.511,0,0,0,5.021,0,7.451,11.38
potr.txt_7407,0,0,0,0,1.953,0.977,0,2.93,5.859,0.977,0.977,0,1.953,0,0.977,0,0.977,1.953,0,0,7.491,9.418
potr.txt_11015,0.73,0,0.365,1.096,0.365,1.461,2.557,0.73,3.653,0.365,0,0.73,0,0,0.365,1.096,0.73,2.922,0,0,8.723,10.551
potr.txt_9599,0,1.812,0,0,0,0,0,0,0,0,0,0,1.812,0,3.624,0,0,0,3.624,0,8.09,20.855
potr.txt_2009,2.258,0,0,0,0,1.129,1.129,1.129,3.388,4.517,1.129,0,1.129,0,0,1.129,0,3.388,0,0,7.855,8.358
potr.txt_3279,0,0,0,0,0,0,0,0,4.85,0,0,0,0,0,0,0,0,0,4.85,0,7.912,23.733
potr.txt_8047,1.169,0,0,0,0.585,1.169,1.169,1.754,4.093,1.754,0,0.585,0,0.585,0,0,0,1.169,0,0,9.729,13.572
potr.txt_4679,0,0,0,0,0.99,0,0,0.99,1.981,0,0,0,0,0,2.971,0,0,0.99,2.971,0,18.048,10.853
potr.txt_3515,0,0,0,0,0,0,0,0,0,0,0,0,0,0,2.878,0,0,0,5.756,0,21.229,13.268
potr.txt_7311,0.775,0,0.775,0,0.775,1.55,0,1.55,3.876,3.101,0,0.775,0,0,0.775,0,0,0,0,0,12.475,10.947
potr.txt_4265,0,0,0,0,0,0,0,0,2.454,1.227,0,1.227,0,0,3.682,0,0,0,1.227,1.227,10.977,17.605
potr.txt_4289,4.482,4.482,0,0,0,0,0,0,4.482,0,4.482,0,0,0,0,8.964,8.964,4.482,0,0,4.354,2.315
potr.txt_1929,2.777,0,0.397,0.793,0.397,1.19,0,1.19,2.777,0.793,0,1.19,0.793,0.397,0,1.19,0.793,1.19,1.19,0,8.604,10.793
potr.txt_6341,0,0,0,0,0.968,0.968,0,0,0.968,0,0.968,0.968,1.936,1.936,2.905,0.968,0,1.936,0.968,0,11.293,9.982
potr.txt_8177,0.75,1.5,0,0,0.75,2.25,0,0.75,2.25,3,0.75,1.5,0,0.75,0.75,1.5,0,2.25,0,0,8.631,9.01
potr.txt_3049,0,0,0.719,0.719,1.437,0.719,0,1.437,2.156,0.719,0,0,0,1.437,0.719,0,0,1.437,0.719,0,11.948,14.347
potr.txt_425,0,0,0,0,0,14.979,6.307,0,0,0,0,0,0,0,0,0,0,0,0,0.788,8.296,6.525
potr.txt_10051,0,0,0,0,0,0,0,0,0,0,0,0,0,1.914,5.741,0,0,0,3.827,0,16.678,11.013
potr.txt_11261,4.298,1.719,2.579,0,0,2.579,1.719,1.719,0,0,0.859,0.859,0.859,2.579,0.859,2.579,0.859,0.859,0,0.859,5.756,6.632
potr.txt_4567,4.575,0,0,0,0,0,0,0,0,0,0,0,0,0,3.431,0,0,1.144,2.288,0,10.306,17.474
potr.txt_5151,0,0,0,0,3.206,4.81,0,3.206,1.603,4.81,0,0,0,0,0,0,1.603,0,0,0,8.332,8.845
potr.txt_6521,0,3.54,0,0,1.77,1.77,0.885,0,0,0,0,0,0,0,4.424,0,1.77,0,0,0,11.979,11.137
potr.txt_6013,1.321,0,0,0,1.321,0,1.321,2.642,1.321,0,0,2.642,2.642,0,1.321,0,3.963,0,1.321,0,9.305,7.351
potr.txt_9843,2.509,0,0,0,2.509,1.254,0,3.763,2.509,5.018,0,0,2.509,0,0,1.254,0,0,0,0,7.069,8.325
potr.txt_1259,3.571,1.428,0.714,0,0.714,1.428,0,0.714,2.857,3.571,0.714,2.143,0,0,0,2.857,1.428,1.428,0,0,6.571,7.196
potr.txt_8471,0.684,0,4.107,2.738,0,0.684,0.684,2.053,0.684,1.369,0,0,0,0.684,1.369,1.369,1.369,1.369,0,0,7.841,9.405
potr.txt_6095,0,0,0,0,0,0,0,2.104,8.418,12.626,0,2.104,2.104,0,0,2.104,0,2.104,0,0,3.839,5.737
potr.txt_6077,1.523,0,0,0,0,0,0,1.523,4.568,9.137,0,1.523,1.523,0,0,1.523,0,1.523,0,0,5.358,8.908
potr.txt_7371,0,0,0,0.604,0.604,0.604,0,0.604,3.018,1.811,0,0.604,0,0,1.811,0.604,0,0,1.207,0.604,12.579,13.986
potr.txt_2513,0.682,0,0,0.682,1.364,0,0,0.682,4.092,1.364,0,0.682,0,0.682,0.682,0.682,0,0.682,0.682,0,11.433,13.571
potr.txt_531,0,0,0.389,1.554,0.777,1.554,0,1.942,2.331,1.165,0,0.389,0.389,1.165,1.942,0.389,0.777,0,0,0,10.111,12.14
potr.txt_6273,7.643,0,0,1.529,0,0,3.057,1.529,3.057,1.529,0,0,0,0,0,0,1.529,1.529,0,1.529,6.409,7.795
potr.txt_5933,0,3.838,0,0,1.279,1.279,0,1.279,3.838,1.279,0,1.279,0,0,1.279,0,1.279,1.279,0,0,6.632,11.845
potr.txt_6001,0,0,0,1.012,0,3.037,0,0,0,0,0,0,0,1.012,5.061,4.049,0,0,0,0,11.132,11.966
potr.txt_3867,0,0,0,0,0,0,0,0,0,0,0,0,0,0,6.85,0,0,0,5.137,0,14.843,11.875
potr.txt_1101,0,2.691,0.897,0.449,0.897,2.243,0.897,0.449,4.037,0.449,0.449,0,1.346,0.449,0.897,1.346,0,0,0.897,0.449,9.799,7.754
potr.txt_9937,0,0,0,0,0,0,0,0,0.706,0.706,0,0,0,0,2.824,0,0,0.706,2.824,0,16.263,20.897
potr.txt_571,1.613,0,0.538,2.151,0,0.538,0.538,0.538,0.538,2.151,0,1.076,2.151,0.538,2.151,1.076,0.538,0.538,0,2.689,8.484,8.58
potr.txt_10079,0,0,0,0,0,0,0,3.048,6.096,1.016,0,0,0,0,0,1.016,0,2.032,0,0,10.358,14.23
potr.txt_2339,13.18,0,0,0,0,4.393,0,4.393,0,0,0,0,4.393,4.393,0,4.393,0,4.393,0,0,2.975,3.911
potr.txt_9439,2.722,1.815,0.907,0,1.815,2.722,0,0,2.722,1.815,1.815,1.815,0,0,0,1.815,3.629,2.722,0,0,6.224,5.868
potr.txt_11889,1.057,0,0,0,0,0,0,0,0,1.057,0,2.113,1.057,0,2.113,2.113,1.057,1.057,1.057,1.057,12.52,11.231
potr.txt_8407,0.92,0.92,1.84,0.92,0,1.84,1.84,1.84,0.92,3.68,0,0,0.92,1.84,1.84,2.76,0.92,1.84,0,0,6.907,6.045
potr.txt_5953,0,0,0.977,0,0.977,0.977,0,0.977,3.908,3.908,0,0,0,0,0,0,0,1.954,0,0,9.935,13.903
potr.txt_6655,0,3.342,0,0,0,0.836,0,0,0.836,0.836,0,0,0,0.836,4.178,0,0.836,0.836,0,1.671,12.489,10.558
potr.txt_10293,0.654,2.616,0,0,0.654,0.654,0,0.654,0.654,0,0,0,0,0,2.616,0,0,0.654,0.654,1.308,14.307,14.124
potr.txt_939,3.807,3.263,0.544,0,0.544,3.263,1.631,0.544,0.544,1.088,0,0.544,0,0,1.631,1.088,1.088,1.088,0,1.088,7.517,7.547
potr.txt_10893,2.204,1.469,1.469,0,0,3.673,0,1.469,3.673,3.673,0,0.734,0,0,0,0,2.204,1.469,0,0,7.263,7.587
potr.txt_7127,0,0,0,0,2.064,2.064,0,2.064,4.127,2.064,0,0,0,0,0,0,0,0,0,0,11.141,14.859
potr.txt_5777,0,3.152,0,0,0,1.576,0,0,11.033,0,0,1.576,0,0,0,0,3.152,0,0,1.576,6.592,8.236
potr.txt_10345,2.182,4.365,0,0,2.182,0,0,4.365,2.182,4.365,0,0,2.182,0,0,2.182,2.182,2.182,0,0,4.4,6.612
potr.txt_7325,4.043,0,5.391,0,0,2.695,0,0,1.348,0,0,0,0,0,0,0,4.043,8.086,0,1.348,5.225,6.514
potr.txt_5759,0,0,0,0,2.671,0,0,0,6.232,0,0,0,0,0,0.89,0.89,0,1.781,0,0,10.559,15.293
potr.txt_7273,2.475,0,0.825,0,1.65,0.825,0,0,4.125,3.3,0,0,0,0,0,0,0.825,1.65,0,0,8.394,12.646
potr.txt_2731,0.977,0,0.977,0,0,1.954,0.977,0,1.954,0.977,0,0.977,1.954,1.954,0,0.977,0,1.954,0.977,1.954,9.155,8.666
potr.txt_6981,2.135,0,0,0,0,3.203,0,1.068,3.203,6.406,0,1.068,1.068,0,0,0,0,1.068,0,0,7.68,9.514
potr.txt_10917,1.759,0,0,0.879,0.879,1.759,1.759,0.879,2.638,4.397,0,0,1.759,0,0,0.879,0,4.397,0,0,6.251,8.639
potr.txt_5021,0,0,0,0,3.783,1.891,0,1.891,1.891,7.565,0,0,1.891,0,0,1.891,0,1.891,0,0,6.14,8.229
potr.txt_4843,0,1.793,0,0,0,1.793,0,1.793,3.587,0,0,0,5.38,0,0,1.793,1.793,0,1.793,0,7.656,9.076
potr.txt_5373,0,0,0,0.918,0.918,1.835,0,1.835,1.835,1.835,0,0,0,0,0,0.918,0,0,1.835,0,10.727,16.101
potr.txt_1311,3.462,2.308,0,0,3.462,0,1.154,1.154,2.308,0,0,1.154,1.154,0,1.154,0,1.154,1.154,0,0,10.983,5.847
potr.txt_8765,0,1.615,2.154,2.154,0.538,0.538,0,0.538,1.077,0.538,1.077,0.538,0,2.692,1.615,1.615,0.538,0.538,0.538,0.538,8.893,8.654
potr.txt_5263,0,0,0,2.538,0,2.538,0,0,0,2.538,0,5.076,0,0,0,5.076,0,0,2.538,0,6.651,9.579
potr.txt_4813,0,0,0,0,2.2,0,0,1.1,6.6,2.2,0,0,0,0,0,0,0,0,0,0,9.903,16.605
potr.txt_2957,1.253,0,0,0,1.253,1.253,2.506,0,3.759,0,0,0,0,0,2.506,0,0,0,0,1.253,9.876,13.803
potr.txt_9151,1.059,4.236,1.059,0,0.529,4.236,0.529,0.529,2.647,0.529,0,0,3.177,0.529,0,2.118,0.529,1.059,0,1.588,6.259,6.996
potr.txt_9831,1.166,2.333,0,0,1.166,3.499,0,0,2.333,1.166,0,0,3.499,0,1.166,2.333,1.166,1.166,0,1.166,7.318,7.438
potr.txt_6955,2.863,0,0,0,0.716,0,0,0,6.442,2.863,0,0,0,0,0,0,0,0,0,0,9.692,15.435
potr.txt_1353,3.239,1.08,1.08,0,1.08,2.159,0,1.08,2.159,3.239,0,1.08,1.08,0,0,0,2.159,1.08,0,1.08,7.765,7.421
potr.txt_4369,0,1.193,0,0,1.193,0,0,0,1.193,0,1.193,0,0,1.193,3.58,0,0,0,2.386,0,17.23,9.594
potr.txt_9559,1.522,0,0,0,0.761,0.761,0.761,3.045,3.806,1.522,0.761,0,1.522,0,0,0,0,0.761,0,0.761,8.835,11.819
potr.txt_8151,3.131,0.783,0,0,0.783,3.914,0,3.131,3.914,1.566,0,0,0,0,0,1.566,0,0,0.783,0,8.932,7.943
potr.txt_8129,0,0,0,0,1.474,2.211,2.948,3.685,0.737,1.474,0,0,0,0,4.422,0.737,0,0.737,0,0,6.711,11.248
potr.txt_3061,0,0,0.871,0,0.871,0,0.871,1.742,2.613,0.871,0,0,0,0.871,0.871,0,0,1.742,0.871,0,12.232,14.103
potr.txt_5555,0,0,0,0,0,8.314,0,0,0,0,0,0,0,0,0,0,0,0,0,4.157,8.614,17.227
potr.txt_6335,2.176,0,0,0,0,4.352,2.176,6.529,0,10.881,0,0,2.176,0,0,4.352,0,2.176,0,0,3.304,5.045
potr.txt_9021,3.901,2.229,0.557,0.557,0.557,2.229,1.115,1.115,1.672,1.672,0,1.672,0,0.557,1.115,1.672,0.557,2.786,0,0,6.747,6.76
potr.txt_6553,0,0,0,0,0,0,0,1.123,2.246,0.561,0,0.561,0,0,1.123,0,0,0.561,2.807,0,15.548,17.965
potr.txt_7159,0.741,0,0,0,0.741,0.741,0,2.224,3.706,2.965,0,0,0,0,0.741,0.741,0,0,0,0.741,11.564,12.808
potr.txt_6029,1.019,0,1.019,0,0,2.037,0,2.037,1.019,2.037,0,0,0,0,1.019,1.019,0,3.056,1.019,0,8.731,12.822
potr.txt_2039,1.036,0,0,0,2.072,2.072,1.036,1.036,2.59,1.036,0.518,0.518,0,0,2.072,1.036,0,0,0,0,9.224,12.672
potr.txt_9271,0.78,3.121,0.78,0.39,0,0.78,0,1.561,1.95,0.39,0,1.17,1.17,0,1.561,1.561,1.561,0.39,0.39,0.78,8.47,9.576
potr.txt_9931,3.164,0,0,0,0.791,3.164,0.791,1.582,3.164,2.373,0,0,0,0,0,1.582,0,1.582,0,0,7.829,10.361
potr.txt_8663,0,0,0,0,1.231,0.41,0,1.641,0,0.41,0,0,4.923,0,4.103,0,0,0,0,0.41,13.381,11.337
potr.txt_5849,0.984,0,0,0,0.984,1.967,0.984,0,0,1.967,0,0,0.984,0.984,2.951,0,0,1.967,0,0,12.803,10.896
potr.txt_4687,0,6.009,0,0,0,3.004,3.004,0,3.004,3.004,0,3.004,0,3.004,0,3.004,6.009,0,0,0,5.356,3.636
potr.txt_10529,4.856,0,0,0,0.971,0,0,0,4.856,4.856,0,0,0,0,0,0,0,0,0,0,8.804,12.409
potr.txt_599,1.21,0,0.605,0,0.605,2.42,0.605,0,3.025,1.815,0,0,0,0,0.605,0.605,0.605,1.815,0.605,0.605,9.44,12.316
potr.txt_4151,0,0,0,0,0,1.304,0,1.304,3.912,3.912,0,0,0,0,0,0,0,0,1.304,0,11.456,15.74
potr.txt_7757,0,3.312,1.104,0,0,3.312,0,3.312,1.104,1.104,0,3.312,2.208,0,1.104,2.208,2.208,0,0,0,7.235,6.061
potr.txt_6525,2.266,0,2.266,2.266,1.133,5.664,0,0,0,1.133,0,0,0,0,1.133,1.133,0,1.133,0,0,9.486,8.771
potr.txt_11019,1.662,4.433,0,0,0.554,1.662,2.77,0,1.108,1.108,0.554,0,0.554,0,1.108,2.216,1.662,1.108,0.554,1.108,6.564,8.192
potr.txt_5081,1.672,0,0,0,0,0,0,1.672,0,0.836,0,0,0.836,0,3.343,0,0,1.672,0,0,15.501,15.342
potr.txt_5171,1.341,1.341,0,0,1.341,0,0,0,1.341,0,1.341,1.341,0,2.683,2.683,0,0,1.341,1.341,0,12.133,8.385
potr.txt_687,1.962,0.654,1.308,0,0,3.27,0,0.654,3.27,4.577,0,0,0,0.654,0,3.27,0.654,1.308,0,0,6.733,8.463
potr.txt_11211,1.422,3.793,0,0.948,0.948,1.897,0,0,1.422,0.948,0,0.948,0.948,0.948,1.422,4.267,0.474,0.474,0,0.474,7.987,7.399
potr.txt_717,0.848,4.242,0,0.424,0,2.545,0,0,0,0.424,0,1.697,0,2.97,2.545,1.273,0.848,0,0,1.273,7.371,9.943
potr.txt_3303,0,0,0,1.905,0,0,0,0,0,0,0,1.905,0,0,1.905,0,0,0,3.81,0,17.431,14.653
potr.txt_9855,8.501,0,0,0,1.417,1.417,1.417,4.25,1.417,2.834,0,1.417,1.417,0,0,1.417,0,2.834,0,0,4.511,6.517
potr.txt_605,0,0,0,0,1.677,4.193,2.516,0.839,1.677,5.87,0,0,0,0,0,0,0,0,0.839,0,9.659,9.136
potr.txt_7499,0,0,0,0,0,2.341,0,0,0,0,0,0,0.585,0,3.511,0,0,0,2.341,0.585,16.365,16.136
potr.txt_1033,2.238,0,0,1.119,0,1.679,0,2.238,3.357,1.119,0,0.56,0,0,1.119,2.798,0.56,0,0.56,0,8.897,10.18
potr.txt_2209,1.388,0,0,0.694,2.777,3.471,0.694,1.388,2.083,1.388,0,0.694,0,0.694,0,0.694,0,0,0,0,9.221,11.454
potr.txt_2987,1.535,4.094,2.047,0.512,1.535,1.024,2.047,0.512,1.535,1.024,0,2.047,0,0.512,0.512,1.024,2.559,0.512,0,0.512,6.548,7.238
potr.txt_7841,1.479,0,0,0,1.479,2.218,2.218,3.697,0.739,1.479,0,0,0,0,2.958,0.739,0,0,0,0,7.269,12.183
potr.txt_10569,2.278,0,0,0,0.57,0,0,0,6.266,2.848,0,0,0,0,0,0,0,0,0.57,0,11.047,14.686
potr.txt_9833,0.888,1.776,0,0,0.888,1.776,0,0,1.776,0.888,0,0,2.664,0,0.888,1.776,0.888,0.888,1.776,0,9.065,10.536
potr.txt_9905,0.843,0,0,0,1.686,0.843,0,2.529,4.215,2.529,0.843,0,0.843,0,0,0,0,0,0,0,9.484,13.379
potr.txt_11473,1.027,0,0,0,2.054,1.027,0,4.108,4.108,3.081,0,1.027,1.027,0,0,1.027,1.027,0,0,1.027,6.68,9.35
potr.txt_11129,0,2.949,0.492,1.966,0.492,0.983,0,0.492,0,0.983,0.492,0.983,0.492,6.389,1.966,1.966,0,0.983,0,0,7.776,7.385
potr.txt_10939,1.191,1.191,1.191,0,0,2.381,0.595,0.595,3.571,2.976,0.595,0.595,0,0,0,2.381,0,2.381,0,0,7.778,9.03
potr.txt_11813,1.655,2.483,0.828,0.414,0.414,2.483,0.414,0.414,0.828,1.241,0,1.241,0,0,0.828,1.241,0.828,1.241,0.828,0.828,8.796,9.377
potr.txt_1699,3.378,0,0,0,0,1.126,0,2.252,3.378,2.252,1.126,1.126,0,0,0,0,0,0,1.126,0,9.484,11.445
potr.txt_3951,0,0,0,0,3.503,1.751,0,0,3.503,3.503,0,0,0,0,0,0,0,0,0,0,15.015,11.204
potr.txt_5649,1.296,0,0,0,1.296,2.593,0,0,3.889,3.889,1.296,0,0,0,0,0,0,1.296,0,0,10.332,10.86
potr.txt_1107,2.212,3.318,0,0.553,1.106,1.659,0,0.553,0,1.106,0,0,0.553,0,2.212,0,0.553,0.553,0.553,1.659,9.408,10.521
potr.txt_5851,0,0,0,0,0.906,0.906,0.906,0,0.906,2.718,0,0,0.906,0.906,2.718,0,0,1.812,0,0,12.231,13.237
potr.txt_267,2.347,4.695,0,0,2.347,0,2.347,4.695,0,2.347,0,0,4.695,0,2.347,0,0,2.347,0,0,6.973,4.138
potr.txt_4155,0,0,2.177,4.355,2.177,2.177,0,0,0,0,0,0,2.177,0,2.177,2.177,2.177,0,0,0,10.061,6.789
potr.txt_6117,6.024,0,3.012,0,0,1.506,0,3.012,1.506,1.506,0,1.506,0,1.506,1.506,1.506,0,0,0,0,7.499,6.947
potr.txt_6339,0,0,2.729,4.093,0,0,0,0,2.729,0,0,0,2.729,1.364,2.729,2.729,0,0,0,2.729,7.305,7.7
potr.txt_713,0,2.178,0,0,0,2.178,0,0,0,0,0,0,0.544,0.544,2.722,0,0,0.544,1.633,0.544,13.902,15.007
potr.txt_7703,1.892,1.892,0,0,0,0,0,0,3.783,3.783,0,0,0,0,1.892,0,0,0,0,0,11.765,12.769
potr.txt_11551,0,2.761,0,0,0,0.69,0,0.69,0.69,0,0,0,0,0,3.451,0.69,0,0.69,0.69,1.381,13.046,14.153
potr.txt_10709,0,0,0.887,0,1.775,0,0,1.775,1.775,1.775,0,0,0,0.887,1.775,0,0,0.887,0,0,10.945,16.644
potr.txt_8843,0.555,1.11,0.555,0,0.555,3.331,0.555,1.11,3.331,3.331,0,0.555,0,1.11,0,1.666,1.11,1.666,0,0,7.717,8.313
potr.txt_9005,0.307,0,0.614,0.614,1.535,0.921,0.921,0.921,2.762,0.921,0,0.307,0,0.307,1.841,0.307,0,0.307,0,0.307,10.439,14.677
potr.txt_9469,3.426,0.979,0,0.489,1.958,2.447,0.979,0.489,2.937,1.958,0,0.489,0,0.979,0,0.489,0.489,0,0,0,7.674,10.6
potr.txt_1109,2.18,3.27,0,0.545,1.09,1.09,0,0.545,0,0.545,0,0,0.545,0,3.27,0,0.545,0.545,0.545,1.635,8.681,11.533
potr.txt_5909,0,0,0,0,0,0,0,0,4.291,4.291,0,1.43,2.861,0,0,0,0,4.291,0,2.861,12.337,4.135
potr.txt_8577,0.673,0,0.673,0.673,1.346,1.346,0,1.346,2.019,3.365,0,1.346,2.019,0,0.673,0,3.365,1.346,0,0,8.217,8.112
potr.txt_10527,3.922,0,0,0,0,0,0,0,5.883,4.576,0,0,0,0,0,0,0,0.654,0,0,8.867,13.011
potr.txt_3069,1.178,1.178,0.589,0,0.589,2.356,0,1.767,2.945,1.767,0,1.178,0,0,0.589,0.589,0,1.767,0.589,0,9.51,9.861
potr.txt_6825,1.196,0,0,0,1.196,2.392,1.196,0,4.784,3.588,0,0,0,0,0,5.98,0,0,0,0,7.177,9.029
potr.txt_3941,0,0,0,0,0,1.071,0,0,0,2.143,0,0,0,0,2.143,0,0,0,2.143,0,20.911,17.141
potr.txt_5781,0.715,0,0,0,1.43,0,0,0,2.145,1.43,0,0,0,0,2.145,0.715,0,1.43,0,0,11.192,19.699
potr.txt_25,1.056,0,1.056,0,1.056,2.113,1.056,4.226,2.113,1.056,0,0,0,0,0,2.113,0,2.113,0,0,7.289,11.139
potr.txt_9119,1.094,0,1.094,0.547,1.094,0,1.094,1.094,2.736,1.094,1.094,1.642,1.642,2.189,0.547,3.831,2.189,0.547,0.547,0.547,6.001,7.084
potr.txt_4773,0,0,0,0,0,0,1.019,6.114,2.038,0,0,0,0,0,2.038,0,0,0,0,0,10.964,17.279
potr.txt_2353,0,3.056,0,0.509,0.509,2.038,2.547,0.509,0.509,1.019,0,2.038,0,1.528,2.038,1.019,0.509,0,0.509,1.019,8.09,8.977
potr.txt_3963,0,0,0,0,0,1.713,0,0,0,3.426,0,0,0,0,3.426,0,0,0,0,1.713,22.525,7.737
potr.txt_8443,1.766,0,0,0,0.589,2.355,0.589,0,2.944,1.766,0,0,1.766,0.589,1.766,0.589,0.589,0.589,0,0.589,9.918,10.134
potr.txt_269,2.141,4.281,0,0,0,0,0,4.281,0,2.141,0,0,4.281,0,2.141,0,0,2.141,0,4.281,7.652,4.794
potr.txt_8189,0.65,1.3,0,0.65,0.65,0.65,0,0.65,1.951,0,0.65,0.65,1.3,1.3,2.601,0.65,0.65,1.3,0.65,0,9.872,10.453
potr.txt_9283,2.926,0,0,0,1.463,1.463,0,1.463,2.926,7.314,0,0,1.463,0,0,5.851,0,2.926,0,0,4.639,6.661
potr.txt_1029,1.406,0,0.937,1.406,0.469,2.344,0,0.937,2.813,0.469,0.469,0.937,2.813,0.937,0,1.406,0.937,1.875,0,1.875,7.667,7.186
potr.txt_7489,0,0,0,0,0,2.334,0,0,0,0,0,0,0.584,0,4.085,0,0,0,1.751,0.584,16.453,16.119
potr.txt_10695,0,1.283,0,0,1.283,0,5.134,0,0,0,0,0,0,1.283,5.134,2.567,0,0,0,0,9.245,10.572
potr.txt_3907,0,0,0,0,0,0,0,0,0,0,0,0,0,0,5.065,0,0,0,12.662,0,5.49,13.18
potr.txt_783,0.693,0,0.693,0.693,0.693,0.693,0,0.693,4.851,1.386,0.693,0,0,1.386,0,1.386,0.693,0.693,0.693,0.693,11.141,8.737
potr.txt_1997,0,0,0,0,2.691,2.691,0,0,0,2.691,0,0,2.691,8.073,0,2.691,0,5.382,0,0,5.462,6.3
potr.txt_4935,0.997,0,0,0,0,0,0,1.994,0.997,0.997,0,0,0,0,3.987,0,0,2.99,0,0,18.891,7.876
potr.txt_3893,0,0,0,0,0,0,0,0,0,0,0,0,0,0,3.54,0,0,0,8.85,0,19.988,5.995
potr.txt_10273,0.672,1.345,0,0,0.672,0.672,0,0.672,0.672,0,0,0,0,0,3.361,0.672,0,0.672,0.672,1.345,14.343,13.455
potr.txt_1821,0,0,1.659,3.87,0.553,0.553,0,0.553,5.529,1.106,0,0.553,1.659,1.106,0,1.659,1.659,1.659,0,0,7.686,7.106
potr.txt_6935,0,0,0.89,0,0,0.89,0,0,0.89,0.89,0,0,0,0.89,4.452,1.781,0.89,0.89,0,1.781,12.491,10.497
potr.txt_8647,2.943,0,0.49,0.49,0.49,1.471,0,0.49,2.452,0,0,0,0.981,0.49,1.471,0,0.49,2.943,0.49,0,9.62,11.397
potr.txt_2449,1.418,0,0,0,0,0,0,1.418,0,0.709,0,0,0,0,2.835,0,0,0,2.127,0,17.15,17.716
potr.txt_3533,0,0,0,0,0,0,0,0,0,0,0,0,0,0,2.781,0,0,0,5.561,0,15.712,19.643
potr.txt_12059,3.983,0,0.498,0.498,0.498,0.996,0,0.996,2.987,0.996,0,0,0.498,0.996,0.996,0.498,0.996,2.49,0.498,0,9.143,8.815
potr.txt_311,1.982,0,0.496,0.496,0,1.982,0,0.496,3.965,1.487,0.496,0.496,0.496,0.496,0,0,0.496,0,1.487,0,9.729,12.377
potr.txt_1299,2.72,1.36,1.36,0,0,2.04,0,0.68,3.4,3.4,0.68,0,0,0.68,0,3.4,0.68,2.04,0,0,6.584,7.968
potr.txt_87,2.6,1.3,0.65,0,0,2.6,0,1.95,3.25,2.6,0,0.65,0,0.65,0,1.3,1.3,1.95,0,0,8.065,7.753
potr.txt_7349,0,0,0,1.135,0,5.673,0,3.404,2.269,5.673,0,0,2.269,0,0,0,0,2.269,0,0,5.887,8.486
potr.txt_8799,1.011,1.011,1.011,0.506,0.506,2.022,0,1.516,3.033,1.516,0,1.011,0.506,0,0.506,1.011,0.506,2.022,0.506,0,9.278,8.906
potr.txt_2273,1.43,5.722,0.715,0,0,6.437,0,0,0.715,0.715,0,0.715,2.146,1.43,0,5.007,0.715,0,0.715,1.43,5.356,5.893
potr.txt_7741,1.568,0,0,0,0,3.136,0,0,0.784,0.784,0,2.352,0.784,0,1.568,0,2.352,2.352,1.568,0,10.587,8.595
potr.txt_11053,0,0,0,0,0,0.805,0,0,5.636,6.442,0,0,0,0,0,0,0,0,0,0,10.561,14.566
potr.txt_11157,0,3.651,0,0,1.217,1.217,0,0,0,0,0,0,0,0,3.651,0,0,1.217,0,0,9.847,18.931
potr.txt_2255,0,0,0,0,1.568,0,0,1.045,0,0,0,0,5.225,0,4.18,0,0,0.523,0,0,13.635,12.082
potr.txt_2393,0,0.871,0,0,1.741,0,0,0,2.612,1.741,0,0,0.871,0,1.741,0.871,0,0.871,1.741,0,16.657,8.175
potr.txt_5493,0,0,0,0,1.603,0,0,3.206,0,0,0,0,0,0,0,6.411,0,1.603,3.206,0,10.584,10.016
potr.txt_9583,0,1.947,0,0,1.947,0,0,0,0,0,0,0,0,0,3.894,0,0,0,3.894,0,9.073,18.229
potr.txt_5221,1.76,0,0,0,0,0,0,0,1.76,2.64,0,0,0,0,3.521,0,0,0.88,0,0,11.577,18.045
potr.txt_461,2.039,0,2.039,0,0,0,0,2.039,3.059,3.059,0,0,0,1.02,0,0,0,0,1.02,0,10.553,12.391
potr.txt_3679,0,0,0,0,0,0,0,0,0,0,0,0,0,0,8.85,0,0,0,3.54,0,19.988,5.995
potr.txt_6143,1.992,0,0,0,0,2.989,0,0.996,2.989,2.989,0.996,0.996,0,0,0,0,0,0,0.996,0,9.516,12.487
potr.txt_9217,2.191,2.629,0.876,0.876,0.438,1.314,1.752,0.438,0.438,0,0.876,2.191,1.314,0.438,2.191,0.876,0,1.314,0.438,0.438,8.247,7.382
potr.txt_6327,0,0,0,0,5.592,4.194,0,1.398,1.398,6.989,0,0,1.398,0,0,0,0,1.398,0,0,6.896,7.711
potr.txt_3863,0,0,0,0,0,0,0,0,0,0,0,0,0,0,3.246,0,0,0,4.328,0,12.599,25.198
potr.txt_11807,3.633,2.725,0.454,0.454,0.454,2.725,0.454,0,0.908,0,0,1.363,0,0,1.363,1.363,0.908,1.363,0.908,0.908,7.944,8.562
potr.txt_8225,0.791,0,0,0.791,1.581,3.163,2.372,0.791,1.581,2.372,0.791,0.791,0,0.791,2.372,1.581,0,0.791,0,0,7.029,8.986
potr.txt_6495,3.211,0,0,0,1.07,2.141,0,1.07,2.141,5.352,0,0,1.07,0,1.07,0,0,0,0,0,8.266,11.053
potr.txt_873,2.629,1.314,0.657,0,1.972,1.314,0,0,2.629,3.943,0,1.972,0,0,0,2.629,1.314,1.314,0,0,7.084,8.03
potr.txt_9585,0,1.644,0,0,0,1.644,0,0,0,0,0,0,0,0,3.288,0,0,0,3.288,0,8.361,22.88
potr.txt_437,0.678,2.714,0,0,0,1.357,0.678,0,1.357,0,0,0,0.678,0.678,2.714,0,0,0,1.357,1.357,12.306,11.706
potr.txt_5727,1.267,0,1.267,0,2.535,0,0,2.535,2.535,3.802,0,2.535,0,0,0,0,1.267,0,0,0,7.203,11.45
potr.txt_7391,0,2.084,1.042,0,2.084,3.126,0,1.042,1.042,0,0,0,5.209,0,1.042,1.042,1.042,1.042,0,1.042,7.571,8.215
potr.txt_3637,0,0,0,0,0,41.118,0,0,0,0,0,0,13.706,0,0,0,0,0,0,0,2.128,1.598
potr.txt_9249,0,0,0,0,5.759,0,0,0,0,0,0,0,5.759,0,0,0,0,0,8.639,0,8.339,8.017
potr.txt_7167,0,0,0,0,2.11,2.11,1.055,0,1.055,4.221,2.11,2.11,0,0,1.055,1.055,0,1.055,0,2.11,7.628,8.823
potr.txt_10999,3.918,0,0.49,0.49,0.49,2.938,0.979,1.959,1.959,0.979,0,0.49,0.49,0.979,0.49,0.49,0.49,0.979,0.49,0.49,8.443,8.414
potr.txt_8411,1.054,0,1.054,1.581,2.109,1.054,0,3.163,2.109,1.054,0,0,0,0,0,1.054,0,0,0,0,9.69,13.316
potr.txt_7361,0.824,1.648,0,0,0.824,2.472,0,0,1.648,0.824,0,0,2.472,0,0.824,1.648,0.824,0.824,1.648,0,10.161,9.893
potr.txt_4469,0,0,0,0,0,0,1.158,6.946,1.158,0,0,0,0,0,2.315,0,0,0,0,0,10.218,17.287
potr.txt_2627,6.926,0,0,0,0,1.732,0,3.463,0,3.463,0,0,0,3.463,0,0,0,3.463,1.732,0,5.963,7.363
potr.txt_10773,0.871,5.229,0,0.871,0.871,2.614,0,2.614,1.743,0,0,0.871,1.743,0,0.871,3.486,0.871,2.614,0,0.871,5.866,6.318
potr.txt_4671,0,0,0,0,1.057,0,0,2.114,1.057,0,0,0,1.057,0,3.171,0,0,2.114,1.057,0,12.911,14.497
potr.txt_2043,2.193,0,0,0,4.387,4.387,4.387,4.387,0,6.58,0,0,0,2.193,0,0,0,0,0,0,4.636,6.305
potr.txt_8453,1.938,1.292,1.938,0,0,1.938,0,1.938,3.876,2.584,0.646,0,0,0.646,0,0,1.292,0,0,0,8.967,9.327
potr.txt_11995,0,0,0,0,0,0,0,0,2.782,0,0,0,0,0,2.782,0,0,0,5.564,0,27.227,1.181
potr.txt_6081,2.184,0,0,0,0.728,0.728,0,0,0.728,0,0,0,0,0,4.368,0.728,0.728,0,0.728,0,16.306,12.538
potr.txt_7873,2.133,0,0.711,0.711,0,0,0,2.133,2.133,3.556,0,2.133,0,1.422,0,0,0,0.711,0.711,0,7.872,12.332
potr.txt_855,0.652,0,0,0,1.304,1.304,0,0.652,2.608,3.912,0.652,0,0.652,0,1.304,0.652,0,1.304,0,0,10.683,11.249
potr.txt_9787,0.67,0.67,0.67,0.67,1.006,3.016,0.335,2.011,2.681,0.67,0.335,0.335,0,0,0.335,0.335,0.335,1.341,0,0,10.296,11.075
potr.txt_10873,1.136,0.757,0.757,0.757,0.757,2.272,0,3.03,3.409,0.379,0.379,0.757,0,0,0.379,0.757,1.136,0.757,0,0,9.518,9.478
potr.txt_3271,0,0,0,8.973,0,8.973,0,0,0,0,0,0,8.973,0,0,8.973,0,0,0,0,3.133,4.854
potr.txt_2655,4.012,0,0.669,0,0,1.337,0.669,0,2.675,2.675,0.669,1.337,0,0.669,0,0,1.337,2.006,0.669,0,7.443,10.222
potr.txt_6859,0,0.968,0,0,0,1.937,1.937,0,0,5.81,0,0,1.937,0,1.937,0.968,0,0.968,0.968,0,8.138,10.848
potr.txt_8641,0.464,0.464,0,0.464,0.928,0.928,0,0,3.71,1.391,0.464,0.464,0,0.928,1.855,0.928,0,0,1.391,0,13.26,9.535
potr.txt_11507,4.477,0,0,0,0,2.984,0,5.969,0,4.477,0,0,1.492,1.492,0,1.492,2.984,0,1.492,0,5.359,6.431
potr.txt_6257,0.594,0,1.187,0,0,0,0,0,0,3.561,0,0,0,0,3.561,0,0,0,0,0,11.374,22.361
potr.txt_11353,0.495,3.464,3.464,1.485,0,0.99,2.474,0.495,0.495,1.485,0.495,1.485,0,0.99,0.99,1.979,1.485,0.99,0.495,0,7.871,5.773
potr.txt_11067,0,2.453,1.226,3.066,0,0,0,0,0.613,0,0,0,1.226,6.131,5.518,0,0,0,0,1.226,7.319,7.971
potr.txt_7219,0,0,0,1.474,0,1.474,0,0,0,1.474,0,0,10.317,7.369,0,0,0,1.474,0,4.421,4.671,6.523
potr.txt_6027,0,0,1.062,3.186,0,0,0,0,2.124,2.124,1.062,1.062,0,1.062,2.124,1.062,0,1.062,0,0,9.958,10.762
potr.txt_3179,6.636,0,0,0,0,0,0,0,13.272,0,0,0,0,0,0,0,0,0,0,0,16.573,0
potr.txt_7685,0.66,0,0,0,0.66,1.32,0,0,3.301,3.961,0,0,0.66,0.66,1.981,0,0,0.66,0,0,9.98,13.576
potr.txt_5071,1.173,0,0,0,0,2.347,0,1.173,3.521,2.347,1.173,1.173,0,0,0,0,0,0,1.173,0,9.984,13.243
potr.txt_11073,0.985,2.956,0,0.493,0,1.478,0,1.478,1.971,0.985,0,1.971,1.478,0,1.478,3.448,2.956,0,0,0.985,6.724,7.67
potr.txt_8749,2.87,0.574,0,0.574,0.574,4.018,0,2.87,2.87,2.296,0,0,0,0.574,0,1.148,0.574,0,0.574,0,8.436,8.486
potr.txt_3833,0,0,0,0,0,0,0,0,0,0,0,0,0,0,3.54,0,0,0,8.85,0,19.988,5.995
potr.txt_9029,0.532,4.255,1.596,1.064,0,2.66,0.532,0,1.064,1.064,0,2.128,1.064,2.128,0.532,2.128,0.532,0,1.064,0.532,6.693,7.551
potr.txt_11395,0.884,3.536,0.884,0.884,0.884,1.326,0,1.326,2.21,0.884,0,1.768,0.884,0.884,0.884,0.442,1.326,1.768,0,0.884,7.599,7.54
potr.txt_7277,2.513,0,0.838,0,1.675,1.675,0,0,4.188,3.35,0,0,0,0,0,0,0.838,0.838,0,0,8.465,12.277
potr.txt_3891,0,0,0,0,0,0,0,0,0,0,0,0,0,0,5.137,0,0,0,6.85,0,14.843,11.875
potr.txt_5969,1.163,0,0,0,0,2.326,0,0,4.652,8.141,0,0,0,0,0,0,0,0,0,0,8.282,12.012
potr.txt_10231,4.668,0,0,0,1.556,3.112,0,1.556,1.556,7.779,0,0,0,1.556,0,1.556,1.556,0,0,0,6.196,6.723
potr.txt_9953,0,0,0,1.768,0,0,0,0,1.768,0,0,0,8.838,0,7.071,0,0,0,0,0,15.727,1.262
potr.txt_7171,1.501,0,0,0.751,0.751,0.751,0,0,1.501,4.504,0.751,1.501,0,0,1.501,0,0,0,0,0.751,11.101,11.863
potr.txt_2713,1.194,0,0,0,1.79,1.79,0,1.194,5.371,1.194,0,0,0,0,0,0,0,0.597,0,0,11.018,13.698
potr.txt_2963,0.958,0,0,0,3.83,0.958,0,0,2.873,0,0,0,0,0,1.915,0,0,0,0,0.958,10.455,17.218
potr.txt_2659,0,0,1.605,3.21,0,0,8.024,0,0,1.605,0,0,0,1.605,8.024,0,0,0,0,0,8.258,5.177
potr.txt_2527,0.924,3.698,0.462,0.462,1.387,1.849,0.462,0,2.773,0,0,1.849,1.849,0.462,0.924,2.773,1.387,1.387,0,0.462,6.702,7.376
potr.txt_6173,0,1.667,0,0,0,1.667,1.667,5.001,3.334,0,1.667,1.667,1.667,1.667,0,1.667,3.334,0,0,0,6.253,6.597
potr.txt_10083,0.959,1.918,0.959,0.959,0,1.918,0,0.959,1.918,0.959,0,0,0,0,3.836,0,0.959,0,0,0.959,12.016,8.252
potr.txt_5517,0,0,0,0,2.823,0.941,0,0.941,0.941,1.882,0,0,0,0.941,0.941,0.941,0,0.941,0.941,0,10.817,15.451
potr.txt_619,0,0,1.313,1.313,1.97,1.313,2.626,0,1.313,0.657,0,1.313,0.657,0,1.313,1.313,0,0,0,2.626,8.003,10.667
potr.txt_8627,1.791,1.194,0.597,1.194,0.597,2.388,0,1.791,2.985,1.194,0,1.194,0,0,0,1.194,0.597,1.194,0.597,0,8.475,9.403
potr.txt_11815,3.585,2.688,0.448,0.448,0.448,2.688,0.448,0,0.448,0.896,0,1.344,0,0,0.896,1.344,0.896,1.344,0.896,0.896,8.326,8.417
potr.txt_1657,0.657,0,0,0,0.657,1.971,0,1.971,1.971,2.628,0.657,0,1.971,1.314,0.657,0,0.657,0,0.657,0,9.284,11.637
potr.txt_11875,0.704,2.11,0.704,0,1.407,2.11,0.352,1.407,0,0,1.759,0,1.407,0.352,2.462,0.352,0.704,0.352,0,0.704,9.452,10.14
potr.txt_1265,2.919,1.46,0.73,0.73,0.73,1.46,0,0.73,2.19,4.379,0,2.19,0,0,0,3.649,1.46,1.46,0,0,6.367,7.06
potr.txt_2539,4.979,0,0,0,0,0.622,0,0,0,3.112,0.622,0,0,0,2.489,0.622,0,0,0,0,12.47,13.412
potr.txt_2253,0,0,0,0,0,0,0,1.922,0,1.442,0,0,5.287,0.961,3.364,0,0,0,0.961,0,10.477,12.968
potr.txt_3711,0,0,0,0,0,0,0,0,0,0,0,0,0,0,5.052,0,0,0,3.789,0,17.847,16.063
potr.txt_3145,0,0,0,0,0,0,6.199,0,0,0,0,0,0,0,12.399,0,0,0,0,0,5.928,11.859
potr.txt_7967,3.013,2.008,0,0,3.013,0,0,2.008,4.017,2.008,0,0,2.008,0,0,1.004,1.004,4.017,0,0,5.732,7.684
potr.txt_5599,0,1.048,0,0,1.048,0,0,0,2.096,0,1.048,1.048,0,2.096,3.144,0,0,1.048,1.048,0,11.826,12.096
potr.txt_3509,0,0,0,0,0,0,0,0,0,0,0,0,0,0,4.317,0,0,0,4.317,0,21.229,13.268
potr.txt_2953,1.201,0,0,0,1.201,1.201,3.604,0,3.604,0,0,0,0,0,2.403,0,0,0,0,1.201,9.545,13.196
potr.txt_9727,1.12,0,0,0,0,1.12,0,3.361,3.361,2.24,0,1.12,0,0,0,0,0,0,1.12,0,9.966,14.245
potr.txt_5941,0,0,0,0,1.706,0,0,0,3.412,1.706,0,0,0,0,2.559,0.853,0,0.853,0,0,12.349,16.143
potr.txt_299,0,0,0,0,2.254,1.127,0.564,0.564,3.945,2.818,0,0,1.127,0,1.691,0.564,0,0.564,0,0,10.771,10.865
potr.txt_9099,1.238,3.302,0,0,0.413,1.651,0,0.413,2.064,0.413,0,1.238,1.238,0.413,1.651,1.651,0.825,1.238,0,0.825,8.585,9.226
potr.txt_8331,0,0.673,0.673,2.019,0.673,0.673,0.673,0.673,2.019,4.037,0,0,0.673,0,0.673,0.673,2.019,1.346,0,0,7.918,10.999
potr.txt_6937,0,0,0.866,0,0,0.866,0,0,0.866,0.866,0,0,0,0.866,4.331,1.733,0.866,0.866,0,1.733,15.085,8.477
potr.txt_11009,2.757,0,0.788,0.394,0.394,1.969,0.394,1.182,0.394,0.394,0,0.394,0,1.576,1.969,0,1.182,1.576,0.394,0,10.1,10.839
potr.txt_8625,1.99,1.327,0.663,1.327,0.663,1.99,0,1.99,3.317,1.327,0,1.327,1.327,0,0,1.327,0.663,1.327,0,0,8.466,7.546
potr.txt_2093,0,0,0,0,0.518,1.036,1.036,0.518,1.036,2.073,0,0,0,0.518,3.109,0.518,1.036,1.554,0.518,1.036,10.587,12.023
potr.txt_5381,0,0,0,0,2.82,0,0,0.94,1.88,1.88,0,0,0.94,0,0.94,0.94,0,0.94,0.94,0,9.362,16.925
potr.txt_6171,1.04,0,1.04,1.04,0,1.04,0,2.08,4.161,1.04,0,0,0,1.04,1.04,1.04,0,1.04,0,0,8.833,12.299
potr.txt_5073,3.584,0,0,0,0,1.792,3.584,0,3.584,3.584,0,0,0,0,0,0,1.792,1.792,0,1.792,6.195,9.059
potr.txt_11023,0.386,2.319,0.386,1.159,0.773,0.386,1.159,1.159,1.546,0.386,0,0.773,0.773,0,2.319,1.159,1.546,1.932,0,0.386,8.18,9.654
potr.txt_2113,0,0,0,0,1.392,1.392,0.348,0.348,1.044,0.696,0.348,0,0,0.348,3.481,0.696,0.348,1.044,0,0,14.363,13.318
potr.txt_6421,1.022,0,0,0,0,1.022,0,3.067,5.111,2.044,2.044,0,0,0,0,2.044,0,0,0,0,7.405,12.799
potr.txt_9079,0.441,3.53,0.882,0.441,0,2.206,0.441,1.324,2.206,0.882,0.441,0.882,0,0,0.882,0.441,1.765,0.882,0.441,1.324,8.859,8.157
potr.txt_5731,1.085,2.17,1.085,1.085,0,1.085,0,1.085,1.085,0,1.085,0,0,1.085,2.17,1.085,1.085,0,0,0,10.598,11.068
potr.txt_2317,1.853,3.705,3.705,0,0,1.853,5.558,3.705,0,1.853,0,0,1.853,1.853,0,0,9.263,1.853,0,0,3.372,4.245
potr.txt_1335,1.043,1.043,0,1.564,0.522,3.129,0,1.564,2.607,3.129,0.522,0,0,1.043,0,0,2.607,0.522,0,0,7.575,9.551
potr.txt_10149,0,0,0,0,0,0.866,0,0,0,0,0,0,3.462,0.866,10.387,3.462,0.866,0,0,0,6.954,9.619
potr.txt_2463,1.477,0,0,0,0,0,0,0.738,0,0.738,0,0,0,0,3.693,0,0,0,2.216,0,22.356,11.494
potr.txt_4129,0,0,0,0,1.143,0,0,2.287,0,0,0,0,1.143,0,4.573,0,0,0,1.143,0,19.056,11.18
potr.txt_4655,0,0,0,0,0.999,0,0,0.999,3.997,2.998,0,0,0,0,0,0,0,0,1.999,0,13.007,15.684
potr.txt_6333,3.057,0,0,0,1.528,3.057,1.528,3.057,1.528,6.114,0,0,0,0,0,4.585,0,0,0,0,5.408,7.782
potr.txt_1549,0.784,0,0.784,0,0.784,2.353,0,1.568,3.921,0.784,0.784,0,0.784,0,0,0,0,2.353,0.784,0,11.98,9.05
potr.txt_9329,1.86,0,0,0,0.62,0,0,1.24,5.581,1.24,0,0,0.62,0,0,1.24,1.86,1.86,0.62,0,8.358,11.395
potr.txt_1079,2.672,5.343,0,0,0,6.679,0,0,0.668,0.668,0,0.668,1.336,2.672,0.668,2.004,1.336,0,1.336,0.668,5.993,5.874
potr.txt_5483,1.257,0,0,1.257,2.513,1.257,0,0,1.257,2.513,0,1.257,0,0,0,1.257,0,2.513,1.257,0,8.245,11.982
potr.txt_857,1.468,0,0,0,1.468,1.468,1.468,1.468,2.935,5.87,0,1.468,0,0,0,0,1.468,1.468,0,0,5.857,10.169
potr.txt_5543,0,0,0,0,0,0,0,0,2.209,0,0,0,0,0,2.945,0,0,0,4.417,0,13.358,18.61
potr.txt_6697,0,0,0,0,2.027,0,0,0,5.406,0.676,0,0,0,0,1.352,0.676,0,1.352,0,0,11.09,16.59
potr.txt_6347,0,0,0,0,1.463,1.463,0,1.463,2.925,1.463,0,0,0,0,0.731,0,0,1.463,0.731,0,12.933,14.329
potr.txt_9997,0,0,0,0,3.125,0,0,0,6.249,1.042,0,0,0,0,1.042,0,0,0,0,0,12.335,15.406
potr.txt_6109,0,0,0,0,0,0.801,0,6.41,4.808,0,0,0,0,0,0,0,0,0,0,0,8.61,18.049
potr.txt_5963,1.186,0,0,0,0,2.372,0,0,4.744,4.744,0,0,0,0,0,0,0,3.558,0,0,8.169,11.741
potr.txt_2601,0,0,0,0,0,0,0,1.198,0,0,0,0,0,0,4.791,0,0,1.198,2.395,0,10.586,21.356
potr.txt_11457,0.967,0,0,0,1.934,0,0,3.868,4.835,0.967,0,1.934,0,0,0,0.967,0,0.967,0,0,8.553,11.553
potr.txt_8587,1.733,0,3.465,0.577,1.155,0.577,0.577,1.155,0,3.465,0.577,1.155,0.577,0,1.155,0,0,0,0,1.155,12.179,6.921
potr.txt_7199,2.324,0,0,0,2.324,0,1.162,5.811,2.324,3.486,0,0,1.162,0,0,3.486,0,0,0,0,5.916,8.902
potr.txt_11105,0,0,0,0,0,1.589,0,0,5.563,6.358,0,0,0,0,0,0,0,0,0,0,10.037,14.067
potr.txt_4059,0,0,0,0,0,0,0,0,4.986,0,1.662,1.662,0,0,3.324,0,0,0,1.662,0,13.638,10.808
potr.txt_641,1.297,1.297,0,0,1.297,3.891,0.648,0,3.242,3.242,0,1.297,0,0.648,0,1.297,0.648,1.945,0,0,7.543,8.313
potr.txt_2827,0,0,0,0,2.257,0,0,0,4.514,0,0,0,0,0,2.257,0,2.257,0,4.514,0,8.822,12.061
potr.txt_8267,1.522,0,0,0,1.522,5.326,0,1.522,0.761,2.282,0,0.761,0,0,1.522,0,1.522,3.044,0,0,6.07,10.614
potr.txt_1381,1.657,1.657,0,0,0,1.657,0,0.829,2.486,0.829,0,0,3.315,0,1.657,0.829,0.829,0,0.829,0,8.489,11.459
potr.txt_5627,0,0,0,0,0,0,0,1.546,1.546,1.546,0,0,4.637,0,3.091,0,0,0,0,7.728,8.63,7.782
potr.txt_1695,3.737,4.36,1.869,0.623,0.623,2.492,0.623,1.869,2.492,0.623,0,2.492,2.492,0.623,0,1.246,2.492,0,0,0.623,5.897,4.681
potr.txt_10285,0.696,2.783,0,0,0.696,0.696,0,0,0.696,0,0,0,0,0,3.479,0,0,0.696,0.696,1.391,13.647,13.373
potr.txt_1013,5.298,0,0,0,3.532,5.298,0,0,0,0,1.766,0,0,0,1.766,0,0,0,0,0,8.768,9.971
potr.txt_10871,0.842,0.842,0.421,0.421,0.842,3.789,0,2.526,2.526,0.842,0.421,2.526,0.421,0,0.421,0.421,0.421,1.263,0,0,8.052,9.402
potr.txt_8215,3.426,0,0,0,1.371,3.426,0,0,4.112,2.056,0.685,0.685,0,0,0,0,0,1.371,0,0,8.827,10.485
potr.txt_7793,1.787,0,0,0,1.787,3.574,0,0.893,3.574,2.68,0.893,0.893,0.893,0,0,0.893,0,0.893,0.893,0,7.696,9.102
potr.txt_5267,0,5.232,0,0,1.744,6.976,0,0,1.744,1.744,0,0,0,0,0,1.744,0,0,0,1.744,8.033,7.679
potr.txt_3085,0,0,0,0,0,0,0,2.18,5.088,2.907,0.727,1.454,0,0,0,1.454,2.18,1.454,0,0,10.586,8.386
potr.txt_7369,0,0,0,0.767,0.767,0,0.767,0.767,5.368,1.534,0,1.534,0,0,1.534,0.767,0.767,0,0,0.767,8.732,12.744
potr.txt_10639,1.838,0,0,0,1.225,2.451,0,0.613,3.676,2.451,0,0,0,0,0,0,0,0.613,0.613,0,11.737,12.416
potr.txt_7581,0,1.911,0,0,0.955,5.733,0,1.911,2.866,2.866,0,0,0,0,0,0.955,0,2.866,0,0,6.973,9.464
potr.txt_6299,0,0,0,0,4.053,0,0,0,1.351,0,0,0,1.351,0,2.702,0,0,0,0.676,0,13.436,17.166
potr.txt_8307,0,0,0,0,2.218,2.957,0,2.218,2.218,3.696,0,0,1.478,1.478,0,2.218,0.739,0,0,0,7.767,9.427
potr.txt_9665,0,0,0,0,1.595,3.19,0,3.19,1.595,6.38,0,1.595,0,0,0,3.19,0,0,0,0,6.73,9.141
potr.txt_1257,7.386,2.462,0,1.231,1.231,1.231,1.231,0,2.462,1.231,2.462,0,0,1.231,0,1.231,0,3.693,0,1.231,4.733,6.307
potr.txt_4703,0,0,0,0,0,0,0,0,5.035,1.678,0,0,0,0,0,0,0,0,2.518,0,13.89,18.957
potr.txt_6041,1.368,0,0,0,1.368,5.471,0,2.736,2.736,4.103,1.368,0,0,0,0,1.368,0,0,0,0,6.46,9.591
potr.txt_933,3.476,1.738,0,0,1.738,0.869,0,3.476,3.476,2.607,0,0.869,0.869,0,0,0,1.738,0,0,0,7.05,8.722
potr.txt_617,0,0,1.42,1.42,1.42,1.42,3.314,0,1.42,0.473,0,0.947,0.473,0,1.894,1.42,0,0,0,2.367,7.838,10.559
potr.txt_10369,3.242,0,0,0,4.323,0,0,0,4.863,0,0,0,0,0,0,0,0,0,0,0,11.78,14.135
potr.txt_10765,2.165,0,0.866,0,0.866,1.732,0,0.866,0,0.433,0.433,1.732,0.866,0,2.165,0.433,1.732,0.433,0.866,0.433,10.798,9.809
potr.txt_11437,0,0,0,5.193,0,0,0,1.731,1.731,0,0,0,1.731,0,0,0,1.731,1.731,0,3.462,8.634,10.482
potr.txt_1215,4.386,0,0,1.097,1.097,1.097,0,1.097,3.289,3.289,1.097,0,0,2.193,0,0,1.097,0,0,0,8.665,8.061
potr.txt_9309,1.1,1.1,1.1,0.55,1.1,0.55,0,1.649,5.497,1.649,0.55,0.55,0,0.55,0,1.1,1.649,1.1,0,0,8.207,8.47
potr.txt_5767,0,3.2,0,1.6,0,1.6,0,0,7.999,0,0,1.6,0,0,0,1.6,3.2,0,0,1.6,8.789,5.795
potr.txt_921,5.997,0,0,3.998,0,1.999,0,1.999,1.999,3.998,0,0,1.999,3.998,0,1.999,1.999,0,0,0,4.878,5.376
potr.txt_4501,0,2.958,0,0,0,0,0,0,5.916,5.916,0,0,0,0,0,0,0,0,0,0,7.312,14.9
potr.txt_4961,1.497,0,0,0,1.497,1.497,4.491,0,2.994,2.994,0,0,0,0,1.497,0,0,0,0,1.497,8.039,10.385
potr.txt_11249,1.356,1.356,0,0.678,0,0,0,2.035,1.356,2.035,0.678,0.678,0.678,1.356,1.356,0.678,2.035,0,0.678,0.678,8.777,9.991
potr.txt_7683,2.716,1.811,0,0,1.811,0.905,0,1.811,2.716,3.621,0,0.905,0.905,0,0.905,0,0.905,0,0,0,7.117,10.273
potr.txt_1119,0.387,2.319,0,0.387,0.773,1.546,0.387,0.773,0,1.546,0,0,0,0,3.479,0,0,0.773,0,0.387,12.262,13.08
potr.txt_7205,2.247,0,0,0,0.749,0.749,0,2.247,2.996,2.996,0,0.749,0.749,0,0.749,0,0,0,0,0,10.679,12.327
potr.txt_2473,0,0,0,0,0.886,0,0,1.772,1.772,0,0,0,0,0.886,3.543,0,0,1.772,0,0,19.128,10.343
potr.txt_5179,0,1.167,0,0,1.167,0,0,0,1.167,0,1.167,1.167,0,1.167,3.5,0,0,1.167,1.167,0,13.854,11.36
potr.txt_5295,0,0,0,0,0,1.578,0,1.578,1.578,0.789,0,0,0,0,0.789,0,0,0.789,2.367,0,14.818,17.413
potr.txt_7355,6.846,0,0,0,2.738,1.369,1.369,5.476,1.369,1.369,0,2.738,1.369,0,0,0,1.369,1.369,0,0,4.849,6.663
potr.txt_7601,1.179,1.179,1.179,4.716,1.179,1.179,0,2.358,0,2.358,1.179,2.358,0,0,0,2.358,0,2.358,0,1.179,4.872,8.13
potr.txt_8095,1.571,0,1.571,2.357,2.357,0.786,0.786,0,0,0.786,0.786,0,0,4.713,1.571,2.357,0,0,0,0,8.294,8.518
potr.txt_2903,0,0,0,0,0,4.755,5.944,0,7.133,0,0,2.378,0,0,0,0,0,0,1.189,0,9.355,5.981
potr.txt_11591,0,0,0,0,1.356,0,0,0,0,0,0,0,0,0,5.425,0,0,0,1.356,0,10.593,25.385
potr.txt_11861,0,0,0,0,0,1.057,0,2.115,5.288,1.057,0,1.057,0,0,0,0,0,2.115,1.057,0,13.667,10.067
potr.txt_2843,0,0,0,0,0,0,0,0,0,0,0,0,0,0,95.238,0,0,0,0,0,0,0
potr.txt_3233,0,0,0,0,0,0,0,0,0,95.238,0,0,0,0,0,0,0,0,0,0,0,0
potr.txt_4193,0,0,0,0,0,0,0,0,0,6.362,0,0,0,0,5.09,0,0,0,0,0,20.096,7.655
potr.txt_2399,3.721,1.24,0,0,2.481,0,0,0,1.24,1.24,0,0,0,1.24,3.721,0,2.481,1.24,0,0,9.846,7.934
potr.txt_11257,1.889,0,0,0.945,1.889,1.889,0.945,0.945,2.834,0,0.945,0.945,0,0,0,1.889,0,0.945,0,0,8.984,11.578
potr.txt_3871,0,0,0,0,0,0,0,0,0,0,0,0,0,0,4.549,0,0,0,6.065,0,23.798,5.71
potr.txt_2419,1.9,0,0,0.95,0.95,0,0,0.95,2.851,4.751,0,1.9,0,0,0,0,0.95,0.95,0,1.9,8.11,10.221
potr.txt_11183,0.467,3.738,1.869,0.467,1.402,1.869,0.467,0,1.402,0.934,0,0.467,0.467,0.467,1.869,1.869,1.869,1.402,0,0.467,6.868,8.397
potr.txt_5725,0,0,5.598,3.732,3.732,0,0,0,0,1.866,0,3.732,0,0,0,5.598,0,0,0,1.866,6.932,5.264
potr.txt_3177,0,0,0,6.181,0,6.181,0,0,0,0,0,0,6.181,0,0,0,0,0,0,0,4.371,13.47
potr.txt_8355,4.672,0,0,0.779,0.779,4.672,0.779,0.779,2.336,3.894,0,0,0,0,0,2.336,0,0,0,0,7.104,8.529
potr.txt_9403,0,0,0,2.632,0,3.949,0,2.632,1.316,6.581,0,0,2.632,0,0,1.316,0,2.632,0,0,6.012,7.673
potr.txt_10379,2.769,0,0,0,2.769,0,0,0,5.538,0,0,0,0,0,0,0,0,0,0,0,11.545,16.97
potr.txt_8363,1.693,1.693,1.693,0,0,2.54,0,0.847,4.234,4.234,0.847,1.693,0,0,0,0,2.54,0.847,0,0,7.649,6.603
potr.txt_1251,5.672,2.269,0,2.269,1.134,1.134,1.134,1.134,2.269,1.134,2.269,0,1.134,0,0,1.134,0,3.403,0,1.134,4.814,6.781
potr.txt_2755,0,2.544,0,0,0,1.272,0,0,1.272,0,1.272,1.272,0,1.272,3.816,0,1.272,0,0,1.272,8.984,12.591
potr.txt_5457,0,0,1.361,1.361,2.723,1.361,0,2.723,2.723,1.361,0,0,0,0,0,1.361,0,0,0,0,11.405,10.555
potr.txt_10503,0,0,0,0,0.832,0.832,0,0.832,0.832,0.832,0,1.665,0,2.497,3.329,0,0,0.832,0,0.832,13.946,10.465
potr.txt_5563,1.476,0,0,0,1.476,2.952,0,2.952,0,5.903,0,0,1.476,0,1.476,0,0,1.476,0,0,7.561,9.664
potr.txt_5083,0,0,0,0,2.731,0,0,0,9.558,0,0,0,0,0,0,0,0,4.096,0,0,11.344,8.825
potr.txt_9757,0,0,0,1.996,1.996,3.992,0,0,0,9.98,0,1.996,0,0,0,0,3.992,1.996,0,0,5.161,7.135
potr.txt_1289,0,2.589,0,0,1.295,0,0,1.295,2.589,0,0,0,0,0,3.884,2.589,1.295,0,0,1.295,6.902,12.751
potr.txt_8585,3.217,1.609,0,0,0,3.217,3.217,0,1.609,6.435,0,3.217,0,0,0,0,0,0.804,0.804,0,6.551,6.846
potr.txt_10341,2.306,0,2.306,0,0,4.612,0,0,9.225,0,0,0,32.286,0,0,0,0,0,0,0,1.907,2.495
potr.txt_7139,0.751,0,0.751,0.751,1.502,0,0,0.751,4.507,1.502,0,0.751,0,0.751,0.751,0.751,0,0.751,0,0,9.601,13.346
potr.txt_10499,2.656,0,0,0,1.328,0,0,1.328,0,2.656,0,0,1.328,0,2.656,1.328,0,0,0,1.328,11.223,11.242
potr.txt_1735,1.128,3.385,3.385,0,1.128,0,0,0,0,2.256,0,2.256,0,0,0,2.256,2.256,3.385,2.256,0,7.824,5.861
potr.txt_7155,0,0,0,0,2.64,0,0.528,0,0,0,0,0.528,0.528,0,3.696,0,0,0,1.056,0,13.35,20.185
potr.txt_10125,1.893,0,0,0,0,0.947,0,0.947,2.84,0.947,0,0.947,0,0,1.893,0,0.947,1.893,0,1.893,8.797,12.934
potr.txt_5929,1.91,0,0,0,1.91,3.821,0,1.91,1.91,11.462,0,1.91,1.91,0,0,0,0,0,0,0,4.698,7.153
potr.txt_7539,5.87,0,0,0,3.522,0,0,1.174,4.696,5.87,0,0,0,0,2.348,0,0,0,0,0,4.77,9.057
potr.txt_2815,0,0,0,0,2.705,0,0,0,8.115,0,0,0,0,0,2.705,0,0,0,5.41,0,6.628,10.833
potr.txt_5321,0,0,0,0,2.224,6.672,0,4.448,0,8.895,0,2.224,0,0,0,0,4.448,0,0,0,3.717,7.033
potr.txt_341,0.383,3.062,1.531,0.765,0.765,1.148,0.765,0,1.148,0.765,0,1.531,0.383,0,2.296,0.765,1.914,0,0.383,0.383,9.348,9.05
potr.txt_6637,0,2.291,0,0,0,3.436,0,1.145,1.145,1.145,0,3.436,0,0,1.145,0,2.291,2.291,0,1.145,7.041,9.923
potr.txt_9681,1.405,0,0,0,1.405,2.81,0,4.215,1.405,0,0,1.405,0,0,0,1.405,0,0,1.405,0,8.777,12.545
potr.txt_9161,0.73,2.918,0.73,0.73,0.73,1.459,0.365,0,1.094,0.365,0,0.73,0.365,0,2.918,0.73,1.824,0.365,0.365,0.365,9.362,10.346
potr.txt_6843,0.741,0.741,0,0,0.741,2.223,0,0,2.223,0.741,0,0.741,0.741,0,2.223,0.741,0,0.741,0.741,0,13.087,11.287
potr.txt_6627,0.776,0,0,0,2.328,0,0,1.552,4.656,2.328,0,0,0.776,0,0,0,0,0.776,0,0,10.449,14.165
potr.txt_7033,1.927,1.927,0,0,1.927,0.964,0,1.927,2.891,1.927,0,0.964,0.964,0,0.964,0,0.964,0,0,0,7.971,11.107
potr.txt_5129,0.888,0,0.888,0,0.888,0,0,1.775,1.775,0.888,0,0,0,0,2.663,0,0,0.888,0,0,13.847,15.576
potr.txt_1275,0,0,0,0,3.743,1.248,0,3.743,2.495,1.248,0,2.495,1.248,0,1.248,1.248,0,0,0,0,6.919,10.756
potr.txt_10607,0,0,0,1.518,0.759,0.759,0,1.518,3.035,0.759,1.518,1.518,0.759,0,1.518,0,0,0.759,0,0,11.06,11.678
potr.txt_307,3.406,0,0.486,0,0,2.433,0,0,3.892,0.973,0.973,0,0.486,0.486,0,0,0,0,1.46,0,10.383,12.1
potr.txt_7147,13.109,0,0,0,1.639,1.639,0,1.639,0,3.277,0,0,1.639,4.916,0,1.639,0,1.639,0,0,4.828,4.927
potr.txt_693,3.652,2.434,0,0,1.217,1.217,0,2.434,3.652,8.521,0,0,2.434,0,0,1.217,2.434,0,0,0,4.318,6.289
potr.txt_6505,0,0,0,0,0.898,0.898,0,0,0,1.797,0,0,6.289,0,4.492,0,0,0,0,0,13.047,9.754
potr.txt_1181,1.249,2.498,0,0,1.249,1.249,0,1.249,3.747,7.494,0,0,3.747,0,0,1.249,2.498,3.747,0,0,3.967,6.291
potr.txt_5803,1.624,0,0,0,1.624,0,0,3.248,6.495,1.624,0,0,1.624,3.248,1.624,0,0,0,0,1.624,5.152,9.191
potr.txt_8197,0.605,1.21,0,1.21,0.605,0.605,0,0.605,2.42,0,0.605,0.605,1.21,0.605,2.42,0.605,0,1.21,0.605,0,10.899,10.856
potr.txt_9743,1.336,0,0,0,0,5.343,1.336,0,2.671,2.671,0,1.336,0,0,0,0,0,0,1.336,0,9.977,10.624
potr.txt_8725,2.706,1.353,0,0,0.676,2.029,0,2.706,2.706,2.029,0.676,0.676,0,1.353,0,2.706,1.353,1.353,0,0,7.012,7.627
potr.txt_6229,0,0,1,1,1.999,0,0,1,3.999,1.999,0,1,0,1,1,1,0,0,0,0,9.856,12.077
potr.txt_2117,1.295,0.648,0.648,1.295,0,1.943,0,0.648,1.295,0.648,0,0,0,1.295,1.943,1.295,1.943,0.648,0.648,0,9.727,10.678
potr.txt_2879,0,0,0,0,0,4.854,6.068,0,7.281,2.427,0,2.427,0,0,0,0,0,0,0,0,8.717,5.398
potr.txt_7055,1.977,0,0,0,0,0.989,0.989,0.989,3.954,2.966,0.989,0,0.989,0,0,0.989,0,2.966,0,0,8.905,9.695
potr.txt_8149,3.172,0,1.586,1.586,0.793,0.793,0,3.172,3.172,0,0.793,0.793,1.586,0,0,0.793,1.586,0,0,0,8.619,8.027
potr.txt_127,5.698,0,0,0,0.712,2.849,0.712,0.712,2.137,3.562,1.425,0.712,0,1.425,0,0.712,2.849,0,0.712,0,5.698,7.643
potr.txt_11481,0.952,0,0,0,0.952,0.952,0,3.807,3.807,2.855,0,0.952,0.952,0,0,0.952,0.952,0,0.952,0.952,7.367,10.002
potr.txt_9631,0,0,0.533,0,0.533,0,0,1.066,0.533,1.066,0,0,1.066,0.533,2.664,0,0.533,2.131,1.598,0,13.098,13.131
potr.txt_4743,0,0,0,0,0,0,0,1.015,2.03,2.03,0,1.015,0,0,2.03,1.015,0,0,2.03,0,11.854,16.477
potr.txt_4187,1.984,0,0,0,0,1.984,0,0,3.969,3.969,0,0,1.984,0,1.984,0,0,1.984,0,0,8.795,9.736
potr.txt_2249,0,3.323,0,0,0.554,2.769,0.554,0.554,1.108,1.108,0,1.661,0.554,0.554,1.108,1.661,1.661,1.108,0,2.215,8.254,7.818
potr.txt_3461,0,0,0,0,0,0,0,0,0,0,0,0,0,0,13.192,0,0,0,2.638,0,12.827,8.018
potr.txt_4939,0,0,0,0,0.861,0,0,1.722,1.722,0,0,0,0,0,4.304,0,0,1.722,0,0,20.611,9.532
potr.txt_3349,0,0,0,0,0,0,0,0,0,0,0,0,0,0,6.105,0,0,0,4.07,0,21.117,9.386
potr.txt_125,4.977,0,0.622,0,0,2.488,0.622,0.622,2.488,3.11,1.244,0,0,1.244,0,0.622,2.488,0,0.622,0,6.711,8.823
potr.txt_897,0,0,0,1.198,2.397,0,0,0,1.198,1.198,0,0,3.595,0,1.198,2.397,2.397,0,1.198,0,8.699,11.012
potr.txt_6475,1.003,3.009,0,0,1.003,0,0,1.003,2.006,1.003,1.003,1.003,1.003,1.003,2.006,0,0,0,0,1.003,11.294,9.281
potr.txt_11197,0.79,0,0,0,0,1.581,0.395,1.581,1.186,1.186,0,0,0.395,0,2.371,0,0.395,0.79,0,0.395,12.427,16.111
potr.txt_12021,11.798,0,0,0,0,0,0,11.798,0,11.798,0,0,11.798,0,0,0,0,0,0,0,4.091,0.982
potr.txt_5053,1.9,0,0,0,0,0.95,0,0,1.9,0,0,0,0,0,2.849,0,0.95,1.9,0.95,0,13.984,13.876
potr.txt_8633,0.695,4.862,0,0,0,1.389,0,1.389,2.778,1.389,0,1.389,0.695,1.389,0.695,1.389,0.695,2.084,0,0.695,6.981,8.252
potr.txt_11535,0.447,2.681,0,0.447,0.447,1.788,0,0.447,0,0.894,0,0,0,0,4.022,0.447,0.894,0.447,0,0.894,12.764,10.807
potr.txt_4641,1.707,0,0,0,0.853,0,0,1.707,0,0.853,0,0,0,0,3.413,0,0,0,0.853,0,13.384,19.056
potr.txt_1817,1.047,1.047,1.047,1.047,0.523,1.047,0.523,0.523,1.047,1.047,0,0.523,3.141,0.523,2.618,1.047,2.094,1.047,0,0.523,8.407,7.728
potr.txt_11049,3.159,0,1.053,0,0,0,0,1.053,3.159,3.159,0,1.053,0,0,0,0,0,1.053,1.053,0,9.769,12.513
potr.txt_9979,0.822,0,0,0,1.643,0,0.822,0.822,5.751,2.465,0,0,0.822,0,0,0,0,0,0.822,0,10.977,12.424
potr.txt_1865,2.52,1.68,0,0,3.36,0.84,0,2.52,2.52,1.68,0,0,1.68,0,0.84,1.68,0.84,0,0,0,6.855,9.498
potr.txt_8395,4.018,0,0,0,0,2.009,0,1.339,5.358,2.679,0,0,1.339,0,0.67,0,0,0.67,0,0,9.265,9.036
potr.txt_3531,0,0,0,0,0,0,0,0,0,0,0,0,0,0,3.487,0,0,0,6.975,0,22.737,7.107
potr.txt_4475,0,0,0,0,3.143,0,0,0,7.857,4.714,0,0,0,0,0,0,0,0,0,0,13.506,7.486
potr.txt_6785,0,0,0,0,1.272,0,0,1.272,3.816,1.272,0,1.272,0,0,1.908,0,0,0,0,0.636,10.905,16.854
potr.txt_10093,8.717,1.743,1.743,0,0,1.743,1.743,0,0,3.487,0,0,0,0,1.743,0,0,0,0,0,9.402,6.317
potr.txt_10803,0.423,0,0.846,0.846,0.846,0,0.423,2.539,0.423,0.846,0,0,4.655,0.423,2.116,1.27,0.846,0.423,0.423,0.423,9.88,8.74
potr.txt_6947,1.965,0,0,0,0,2.62,0.655,0.655,1.31,1.31,0,0,0,0,1.965,0,0,0.655,0,0.655,13.605,13.488
potr.txt_7259,0,2.358,0,0,1.179,0.59,0,0,0.59,0,0,0,0,0,4.127,0,0,0.59,0.59,1.179,15.005,13.251
potr.txt_4459,16.149,0,0,0,0,0,0,0,0,8.074,4.037,0,4.037,0,0,8.074,0,0,0,0,3.575,3.085
potr.txt_1337,1.023,1.023,0,1.023,0.512,3.069,0,2.046,3.069,2.558,0.512,0,0,1.023,0,0,2.558,0.512,0,0,7.692,9.78
potr.txt_815,0,0,0,0,2.656,0,2.656,0,2.656,7.969,0,0,2.656,0,0,2.656,2.656,0,0,0,9.022,4.522
potr.txt_9235,1.056,2.112,0,0.352,1.76,2.816,1.056,1.056,0,1.408,0,0.352,0.352,0.704,2.112,1.056,0.352,0.704,0.352,0,9.549,9.253
potr.txt_2549,3.55,0,0,0.71,2.13,1.42,0.71,1.42,2.84,0.71,0.71,0.71,0,0,0,0.71,0,0.71,0,0,8.973,11.263
potr.txt_861,1.484,0,2.227,1.113,0,2.969,0.371,0,2.598,2.969,0,0,0,0,0,1.484,0,2.598,0,0,7.796,10.784
potr.txt_1391,0,0.802,0,0.802,1.604,0.802,0,1.604,2.406,0,0,0,1.604,0.802,0.802,0.802,1.604,0,1.604,0,10.082,11.524
potr.txt_9859,1.969,0,0.985,0.985,0.985,0.985,0.985,3.939,1.969,2.954,0,0.985,0.985,0,0,1.969,0,0.985,0,0,6.483,9.434
potr.txt_5105,0,0,0.948,0,0.948,0,0,1.896,2.843,0.948,0,0,0,0.948,1.896,0,0,0.948,0,0,11.939,15.969
potr.txt_6063,1.119,1.119,0,0,1.119,1.119,3.357,0,3.357,1.119,0,1.119,0,0,1.119,0,0,0,1.119,1.119,10.563,9.142
potr.txt_11503,0.915,0,0,0,0.457,0.457,0,0,0,1.83,0,0,0,0,3.659,0,0,0.457,0.457,0,14.179,21.502
potr.txt_5585,2.014,0,0,0,2.014,0,0,4.029,2.014,10.071,0,0,2.014,0,0,4.029,0,0,0,0,4.559,7.602
potr.txt_9399,1.078,3.233,0,0,0,2.156,1.078,2.156,2.156,1.078,0,2.156,0,0,1.078,1.078,1.078,1.078,1.078,0,10.645,5.438
potr.txt_6879,0,0,0,0,0.751,2.252,0,0,0,0.751,0,0,0,0,4.504,3.003,1.501,0,0,0.751,11.946,12.155
potr.txt_6163,0,0,0,0,0,0,0,0,1.262,4.419,0,0,0,0,3.156,0,0,0,0.631,0,13.568,18.661
potr.txt_3525,0,0,0,0,0,0,0,0,0,0,0,0,0,0,4.171,0,0,0,4.171,0,15.712,19.643
potr.txt_8691,1.729,0,0.432,0.865,0.432,1.297,0,1.729,2.594,0.432,0.432,0.432,0.432,0.432,1.297,0,0,1.297,0.432,0,11.448,11.51
potr.txt_1503,0.989,1.978,0,0,1.978,0,0,0.989,3.957,3.957,0,0.989,0.989,0,0,1.978,2.968,2.968,0,0,5.621,8.03
potr.txt_503,3.662,2.441,0,0,3.662,0,0,1.221,3.662,7.324,0,0,1.221,0,0,1.221,0,0,0,0,5.645,7.572
potr.txt_2325,0.956,0,0.956,0,0.956,1.911,0,1.911,2.867,2.867,0,0.956,0,0,0,1.911,0.956,1.911,0,0,8.292,9.932
potr.txt_1141,0,0,0,0,0,2.948,0,4.422,4.422,5.896,0,0,0,0,0,2.948,1.474,0,0,0,5.807,8.989
potr.txt_6567,0,0,0,0,0,0,0,1.277,1.915,1.915,0,0.638,0,0,1.277,0,0,0.638,2.553,0,14.999,15.416
potr.txt_2347,18.777,0,0,0,0,4.694,0,4.694,0,0,0,0,4.694,4.694,0,0,0,4.694,0,0,2.547,3.631
potr.txt_10165,2.411,0,0,0,0,2.411,0,0,0,0,0,0,2.411,0,2.411,0,2.411,2.411,0,4.823,9.306,7.823
potr.txt_101,2.156,0,0,0.862,0.431,1.725,0,2.156,3.019,0.862,0,0.862,0.431,0,0.862,0,0,1.294,0.431,0,10.909,10.89
potr.txt_5751,1.035,0,0,0,0,1.035,0,2.07,4.14,2.07,1.035,1.035,0,0,0,0,0,1.035,1.035,0,11.512,11.121
potr.txt_5567,1.46,0,0,0,1.46,2.921,0,2.921,0,5.842,0,0,1.46,0,1.46,1.46,0,0,0,0,7.941,9.473
potr.txt_5063,1.93,0,0,0,0,0.965,0,0,0.965,0,0,0,0,0,2.895,0,0.965,1.93,1.93,0,9.762,17.737
potr.txt_4477,0,0,0,0,4.566,0,0,0,7.61,0,0,0,0,0,0,0,0,3.044,0,0,14.432,7.198
potr.txt_2955,0,0,0,0,1.432,1.432,4.296,0,4.296,0,0,0,0,0,2.864,0,0,0,0,1.432,9.174,11.771
potr.txt_12133,0,0,2.042,4.085,4.085,2.042,0,0,0,2.042,2.042,2.042,4.085,0,0,0,0,0,0,0,5.748,8.786
potr.txt_4381,0,0,0,0,0,0,0,0,0,0,0,0,0,0,5.463,0,0,0,5.463,0,28.831,0
potr.txt_431,3.44,2.293,0,0,2.293,2.293,0,1.147,3.44,3.44,1.147,0,1.147,0,0,0,1.147,1.147,0,0,5.405,8.798
potr.txt_9121,0.859,3.435,1.717,0.859,0.859,1.288,0.429,0,1.288,0.429,0,0.859,0.429,0.429,2.147,0.859,2.147,0.429,0.429,0.429,8.46,8.642
potr.txt_9191,0.417,3.333,0.417,1.25,0.833,1.25,0,1.667,2.5,0.833,0,0.417,1.667,0,1.667,1.667,1.667,0,0,0,7.017,9.847
potr.txt_7031,0,0,0,0,0,3.665,0,0,2.444,8.553,0,2.444,0,0,0,2.444,1.222,1.222,0,0,6.643,8.239
potr.txt_3705,0,0,0,0,0,0,0,0,0,0,0,0,0,0,5.137,0,0,0,6.85,0,14.843,11.875
potr.txt_11189,0.465,3.718,1.394,0.93,1.394,1.859,0.465,0,1.394,0.93,0,0.465,0.465,0.93,1.859,1.859,1.394,1.394,0,0.465,6.789,8.562
potr.txt_1883,0,0,0.871,1.742,2.612,1.742,4.354,1.742,0.871,0.871,0,1.742,0.871,0.871,0,0,0,1.742,0,0,8.842,7.626
potr.txt_6023,0,0,1.565,1.565,0,0,0,3.13,1.565,3.13,0,0,1.565,7.825,0,0,1.565,0,0,1.565,8.837,4.994
potr.txt_9113,1.47,0,2.451,4.901,0,1.961,0,0.49,1.47,0.98,0.98,0.98,2.451,1.47,0,0.49,0,0.49,0,1.47,7.124,7.712
potr.txt_5737,0,0,0,0,1.486,0,0,0,2.972,2.229,0,0,0,0,2.229,0.743,0,0.743,0,0,11.164,18.817
potr.txt_1773,2.002,2.002,0,0,1.001,3.003,0,3.003,4.005,3.003,0,0,1.001,0,0,1.001,2.002,2.002,0,0,6.019,7.446
potr.txt_3675,0,0,0,0,0,0,0,0,0,0,0,0,0,0,12.259,0,0,0,2.043,0,10.412,12.493
potr.txt_7901,0.506,0.506,0,0,1.012,0.506,0,0.506,3.541,1.012,0,0,0,0.506,1.012,0,0,0,2.529,0,15.542,11.85
potr.txt_2535,0.983,0,0,0,0.983,0.983,0,0.983,2.948,3.931,0,0,0.983,0,0.983,0,0,0,0,0,9.907,15.404
potr.txt_3485,0,0,0,0,0,0,0,0,0,0,0,0,0,0,3.346,0,0,0,6.692,0,16.813,14.011
potr.txt_8313,1.325,0,1.325,1.325,0.663,0,0.663,0.663,0,0.663,0,0,0.663,0.663,3.313,2.65,0.663,2.65,0,0,7.756,11.452
potr.txt_11369,2.224,2.595,0.741,0.741,0.371,1.854,0,0.371,1.854,1.483,0,0.371,0,0.741,0.741,0.371,1.112,0.371,0.741,0.371,9.531,9.869
potr.txt_5761,4.95,3.3,1.65,0,0,1.65,0,1.65,3.3,1.65,0,0,1.65,1.65,0,0,0,1.65,0,0,8.308,5.778
potr.txt_5119,0,0,1.012,0,1.012,0,0,2.025,3.037,1.012,0,0,0,1.012,3.037,0,0,0,0,0,14.499,11.92
potr.txt_9805,0,1.326,1.326,0,0,1.326,0,0,1.326,0,0,0,1.326,1.326,2.653,3.979,0,2.653,0,1.326,8.864,8.95
potr.txt_843,0.96,1.921,0,0,0,0.96,0,0,2.881,0,0,0,3.841,0,0.96,1.921,0.96,0,0.96,0.96,9.248,10.991
potr.txt_6929,0,0,0,0,0,0.85,0,0,0.85,0.85,0,0,0,0.85,4.252,3.402,0.85,0.85,0,1.701,12.893,9.789
potr.txt_5793,0,0,0,0,2.066,0,0,0,10.331,10.331,0,0,0,0,4.132,0,0,0,0,2.066,4.235,6.507
potr.txt_9955,1.039,0,1.039,3.116,1.039,1.039,0,2.077,0,3.116,0,2.077,0,0,2.077,2.077,1.039,0,0,0,6.612,10.114
potr.txt_2003,0,0,0,0,0,0,0,3.777,0,0,0,0,0,0,0,3.777,3.777,3.777,0,11.332,6.242,5.776
potr.txt_5401,0,0,0,0,0,1.485,0,1.485,1.485,0.742,0,0,0,0,2.228,0.742,0,0,0.742,0.742,13.692,18.072
potr.txt_9203,1.213,0,0.606,0.606,0.606,0.606,0.606,0.303,1.516,1.819,0,1.213,0.606,0,1.819,1.819,0.303,0.303,0.303,0.303,10.197,12.347
potr.txt_9201,0,0,0,0,0,6.362,2.272,0,0,0.455,0,0,0.909,1.818,2.272,6.817,0,0,0,0.455,8.797,6.572
potr.txt_983,3.909,1.564,0,0,1.564,0.782,0,1.564,2.346,2.346,0.782,0,0.782,0.782,0.782,0.782,0,0.782,0,0,7.838,9.786
potr.txt_9115,0.811,3.246,1.217,0.811,1.217,1.623,0.811,0,0.811,1.217,0,1.217,0.406,0,2.029,0.406,1.623,0,0.406,0.406,9.416,8.708
potr.txt_2131,1.429,0,1.429,0,2.143,1.429,0.714,2.143,0.714,0,0.714,0,0,1.429,2.143,0.714,0,0.714,0,0,8.92,12.069
potr.txt_6105,0.823,0,0,0,0,1.645,0,0,0,2.468,0,0,0,0,4.114,0,0,1.645,0.823,0.823,11.954,14.117
potr.txt_1583,0,0,0,0,1.685,0,0,1.685,5.055,3.37,0,0,0,0,0,0,1.685,1.685,0,0,12.864,8.84
potr.txt_7075,0.891,0,0,0,0.445,1.781,0,0,0,0.445,0,0,0,0,3.562,0,0,0.445,0.445,0,15.006,21.354
potr.txt_10055,0,0,0,0,0,0,0,0.905,1.81,0.905,0,0,0.905,0,2.715,0,0,0,4.525,0,17.282,9.858
potr.txt_1399,2.637,1.758,0,0,1.758,1.758,0,4.394,3.516,1.758,0,0,1.758,0,0,0,0.879,0.879,0,0,6.585,8.995
potr.txt_10157,4.181,2.091,0,0,3.136,0,0,2.091,2.091,1.045,0,1.045,1.045,0,1.045,0,0,0,0,0,10.066,8.557
potr.txt_1099,0,0,0,0,2.383,2.383,3.178,2.383,1.589,0.794,0,0,0,0,0.794,0,1.589,2.383,0,0,7.876,11.058
potr.txt_7771,0,0,0,0,0,0.41,0,0.41,0,0.41,0,0,0.41,0.41,3.281,0,0,3.281,0.41,0,14.144,19.262
potr.txt_2501,2.518,0,0,0,0,0,0,1.259,5.035,6.294,0,1.259,0,0,0,0,0,1.259,0,0,7.269,11.509
potr.txt_6133,1.498,0,0,0,0,0,0,0.749,5.242,1.498,0,0,0,0,0.749,0,0,0,1.498,0,13.948,14.246
potr.txt_4177,0,0,0,0,0,1.482,0,1.482,2.965,4.447,0,0,0,0,1.482,0,1.482,0,0,0,10.894,13.477
potr.txt_9367,1.425,1.425,0,0,0,2.85,0,0,1.425,2.85,1.425,1.425,1.425,0,1.425,0,2.85,0,0,1.425,7.896,8.642
potr.txt_6993,0,0,0,0,0,0,0,1.007,5.034,9.061,0,0,2.014,0,0,0,0,0,0,1.007,10.217,8.043
potr.txt_5121,0,0,0.999,0,0.999,0,0,0.999,2.998,0.999,0,0,0,0.999,2.998,0,0,0.999,0,0,12.041,14.669
potr.txt_1557,1.275,0,0,0,0,1.275,1.275,3.824,2.549,2.549,0,1.275,0,0,0,0,0,0,1.275,0,9.581,11.951
potr.txt_6815,1.093,0,0,0,1.093,1.093,1.093,1.093,4.372,3.279,0,0,1.093,0,0,1.093,0,2.186,0,0,7.491,11.432
potr.txt_6533,4.463,0,0,0,2.231,1.116,1.116,2.231,0,2.231,0,0,0,0,3.347,0,0,0,0,1.116,7.531,11.009
potr.txt_7431,1.893,3.785,0,0,0,1.893,0,3.785,0,3.785,0,0,5.678,3.785,0,3.785,3.785,3.785,0,1.893,3.464,3.909
potr.txt_5553,0,1.174,0,0,1.174,0,0,1.174,3.523,1.174,0,0,0,0,2.349,1.174,0,2.349,0,1.174,10.31,11.259
potr.txt_6779,0,0,0,0.845,0.845,0,0.845,1.69,5.071,1.69,0,1.69,0,0,0.845,0,0.845,0,0,0.845,10.692,10.947
potr.txt_3743,0,0,0,0,0,0,0,0,0,0,0,0,0,0,6.244,0,0,0,4.683,0,28.831,0
potr.txt_7399,1.447,2.894,0,0,4.342,1.447,0,0,2.894,10.13,0,0,2.894,0,0,1.447,0,1.447,0,0,4.338,6.396
potr.txt_7047,8.953,0,0,0,0.995,0,0,0,3.979,2.984,0,0,0,0,0,0,0,0.995,0,0,8.796,9.688
potr.txt_3523,0,0,0,0,0,0,0,0,0,0,0,0,0,0,4.823,0,0,0,4.823,0,11.055,20.728
potr.txt_9033,1.345,2.69,0.448,0.896,0.448,2.69,0.448,0.448,1.345,0.448,0,2.241,0,0,0.896,1.345,0.896,1.345,0.896,0.896,7.889,8.847
potr.txt_10697,0.93,0,0,0,0,0,0,0,0,0,0,0,0,1.86,3.72,0,0,0,3.72,0,12.738,17.636
potr.txt_10367,1.77,0,0,0.885,0.885,3.541,0,0,3.541,4.426,0,0,0.885,0,0,0.885,0,0.885,0,0.885,8.705,9.092
potr.txt_7049,0,0,0,0,0,0.823,0,0,0.823,0.823,0,0,0.823,0,4.115,3.292,0.823,0.823,0,1.646,13.687,9.675
potr.txt_8283,0.546,0,0,0.546,1.092,1.092,1.092,0.546,0,0.546,0,0,0,0,3.275,1.092,2.184,0.546,0,1.638,12.198,10.867
potr.txt_9595,0,1.938,0,0,0,0,0,0,0,0,1.938,0,0,0,3.875,0,0,0,3.875,0,8.431,18.979
potr.txt_4831,0,0,0,0,0,0,0,0.911,0,0,0,0,0,1.822,4.556,0,0,0,2.733,0,12.296,18.567
potr.txt_8693,2.271,1.514,0.757,0,0,3.028,0,0.757,3.028,4.542,0,1.514,0,0.757,0,3.028,1.514,2.271,0,0,6.017,6.849
potr.txt_6241,0,0,0,0,0,0,0,0.852,0,0.852,0,0,5.109,0,5.961,0,0,0,0,0,16.379,8.936
potr.txt_5327,0,0,0,0,0,0,0,3.045,6.09,3.045,0,0,0,0,0,1.015,0,0,0,0,10.396,14.215
potr.txt_8985,1.149,0.574,1.723,0.574,0,5.169,0,1.149,2.297,3.446,0,0.574,0.574,1.723,0,1.149,1.723,0.574,0,1.149,6.031,7.751
potr.txt_4505,0,0,0,0,0,1.678,0,1.678,5.033,6.71,0,0,0,0,0,0,1.678,0,0,0,8.615,11.1
potr.txt_2067,2.409,0,0,0,2.409,1.204,0,3.613,2.409,2.409,1.204,1.204,1.204,0,0,2.409,1.204,1.204,0,0,6.291,7.946
potr.txt_1077,2.746,5.493,0,0,0,6.866,0,0,1.373,0.687,0,0.687,1.373,2.746,0,2.06,1.373,0,1.373,0.687,5.741,5.728
potr.txt_2431,0,0,0,0,0,0,0,1.453,1.453,1.453,0,0,0,0,1.453,0,0,0,5.811,0,9.349,18.069
potr.txt_5277,0,0,0,0,0,0,0,1.709,1.709,0.854,0.854,0,0,0,3.418,0,0,0,0.854,0.854,10.724,19.597
potr.txt_1323,2.599,1.039,0,1.039,0.52,2.599,0,2.079,3.118,2.079,0.52,0.52,0,0.52,0,0,2.079,0.52,0,0,7.677,9.507
potr.txt_1205,0.898,3.592,0.449,0.898,1.347,1.796,0.898,1.347,1.347,0,0.449,2.694,0.449,0.898,0.449,1.796,0.449,0.449,0.898,1.347,7.183,7.362
potr.txt_7267,1.615,0,0,0,0,3.229,0,0,3.229,0,0,0,0,0.807,2.422,2.422,0.807,0.807,0,0,15.289,6.184
potr.txt_8033,3.079,0,0,0.77,0.77,1.539,1.539,1.539,2.309,1.539,0,2.309,0,1.539,0,0,0,1.539,0,0,7.433,10.479
potr.txt_1769,0,1.442,0,0,2.885,0.721,0,3.606,6.491,0,0,0,1.442,0.721,0,1.442,0,1.442,0,0,9.48,6.845
potr.txt_6985,1.69,0,0,0,0,2.535,0,0.845,4.225,5.07,0,0,0,0,0,0,0,0.845,0,0,9.423,12.22
potr.txt_6581,1.146,0,0,0,1.146,4.585,0,1.146,2.292,5.731,0,1.146,0,0,0,1.146,1.146,0,0,0,8.803,8.147
potr.txt_7847,3.904,0,0.781,0.781,0,1.562,0.781,0,2.342,3.123,0,0,0,0,0.781,0,2.342,1.562,0,0,7.818,10.612
potr.txt_997,0,0,0,1.477,0,0,0,1.477,1.477,2.954,0,1.477,2.954,1.477,2.954,0,0,0,0,2.954,7.923,9.293
potr.txt_511,0,0,0.567,1.135,1.702,1.135,0,1.135,2.836,1.135,0,0,0,0.567,1.702,0.567,0,0.567,0,0,9.543,15.311
potr.txt_7505,0,0,0,0,0,2.271,0,0,0,0,0,0,0,0,3.406,0,0,0,2.271,0.568,18.215,16.625
potr.txt_11729,10.349,0,0,0,0,0,0,0,0,10.349,0,0,0,0,0,0,0,0,5.175,0,9.091,3.248
potr.txt_8543,2.139,3.209,0,0.535,1.07,1.07,0,0.535,0,1.07,0,0,0.535,0,2.674,0,0.535,0.535,0.535,1.605,9.078,11.5
potr.txt_12073,0,0,0,0,1.208,0,0,0,7.249,3.625,0,0,0,1.208,0,0,0,0,0,0,9.84,14.614
potr.txt_3629,0,0,0,0,0,0,0,1.848,3.695,0,0,0,0,0,3.695,0,0,0,1.848,0,21.201,7.294
potr.txt_8255,1.704,0.852,0,0,0,2.555,0.852,3.408,0.852,0.852,0,0.852,4.259,0.852,1.704,0,0,3.408,0,0,8.873,5.894
potr.txt_7405,1.224,2.449,0,0,3.673,1.224,0,0,3.673,8.57,0,0,2.449,0,0,0,0,1.224,0,0,5.327,7.845
potr.txt_1787,0,2.501,0,1.25,2.501,0,0,3.751,3.751,3.751,0,0,2.501,0,0,0,1.25,0,0,0,6.159,9.292
potr.txt_8409,0.921,0.921,1.842,0,0,1.842,2.763,1.842,0.921,3.684,0,0,0.921,1.842,1.842,2.763,0.921,1.842,0,0,7.052,5.881
potr.txt_11909,0,0,0,0,0,0,0,0,6.559,6.559,0,0,0,0,0,0,0,0,0,0,10.958,13.777
potr.txt_7345,1.378,0,0,0,0,5.513,0,2.756,1.378,8.269,0,2.756,1.378,0,0,1.378,0,2.756,0,0,4.775,6.644
potr.txt_7803,0,0,0,0,0,5.086,0,0,0,0.636,0,0,0,0.636,3.814,3.814,0,0,0,0,11.992,11.379
potr.txt_11881,1.044,0,0.522,0.522,0.522,0.522,0.522,0,1.044,1.566,0.522,1.044,0,0.522,1.566,1.044,0,0.522,2.089,0.522,10.141,13.063
potr.txt_1863,2.721,1.36,1.36,0,1.36,0.68,0.68,0.68,2.721,3.401,0,1.36,0,1.36,0,2.041,2.041,0.68,0,0,6.866,7.682
potr.txt_8619,1.48,2.96,1.48,0,1.48,1.48,4.44,0,0.74,0,0,0,2.22,0.74,1.48,0,1.48,1.48,0,1.48,7.289,6.907
potr.txt_6897,1.334,0,0,0,1.334,0,2.668,0,1.334,8.003,0,0,0,0,1.334,4.002,1.334,2.668,0,0,8.856,4.62
potr.txt_2077,0,3.176,0,1.588,1.059,3.705,1.059,1.059,1.059,1.588,0,0.529,0.529,0.529,1.588,1.059,1.059,0,0,0.529,8.218,8.177
potr.txt_859,0,3.393,0,0.566,0.566,1.131,0.566,1.131,0,1.131,0,1.697,0,0,4.524,2.828,0.566,0,0,0,9.291,8.997
potr.txt_4347,0,0,2.476,0,2.476,2.476,2.476,0,2.476,2.476,2.476,0,0,0,0,2.476,2.476,2.476,0,0,6.164,6.834
potr.txt_2855,0,0,0,0,0,4.949,6.187,0,7.424,1.237,0,2.475,0,0,0,0,0,0,0,0,9.279,5.397
potr.txt_259,0.441,2.643,0.441,0,1.762,1.322,0,0.881,2.203,1.762,0,0,0.441,0,1.762,2.203,0.441,0,0.441,0.441,8.7,10.557
potr.txt_5305,1.904,0,0,0,3.808,0,0,0,1.904,9.52,0,0,1.904,0,0,3.808,0,1.904,0,0,5.007,7.999
potr.txt_11675,0,0,0,0,2.878,0,0,0.959,3.837,0,0,0,2.878,0,1.919,0,0,0,0,0,11.124,14.714
potr.txt_5869,7.656,0,0,0,0,0,0,0,5.104,0,0,0,2.552,0,0,0,0,0,0,2.552,13.541,4.986
potr.txt_243,0,0,0,0,3.355,2.516,3.355,1.677,1.677,2.516,0,0.839,0,0,0,0.839,0,2.516,0,0,8.387,8.743
potr.txt_2159,5.428,0,0,0.776,0,2.326,0,0,2.326,3.102,0.776,2.326,0,0.776,0,0.776,0,1.551,0.776,0,7.637,8.067
potr.txt_10193,0.877,0,0,0.877,0.877,2.632,0,0.877,2.632,1.755,0,0,0,0,0,0,0,0.877,0.877,0,10.686,15.492
potr.txt_1801,4.125,0,0,0,0,4.125,0,2.062,3.094,3.094,1.031,0,0,0,0,2.062,1.031,1.031,0,0,7.438,7.701
potr.txt_2859,0,0,0,0,0,4.754,5.942,0,7.131,3.565,0,2.377,0,0,0,0,0,0,0,0,8.404,5.23
potr.txt_9735,1.103,0,0,0,0,0,1.103,3.31,4.413,1.103,0,1.103,0,0,0,0,0,0,1.103,0,10.244,14.293
potr.txt_10163,3.726,3.726,0,0,1.863,0,1.863,0,1.863,1.863,0,0,0,0,1.863,0,0,1.863,0,0,11.897,5.856
potr.txt_2129,1.116,0,0.558,0,0,2.79,0,0,2.232,0,1.116,1.674,0,2.79,1.116,0,0,0,0.558,1.674,10.477,10.631
potr.txt_2371,0,0,0,0,0,0,0,0,0,4.042,0,0,0,0,4.042,0,0,0,0,0,12.464,23.681
potr.txt_10903,0.995,5.968,0.995,0.995,0.995,2.984,0,1.99,2.984,1.99,0,0.995,1.99,0,0,1.99,1.99,2.984,0,0.995,4.799,5.083
potr.txt_47,2.162,0,0,0.721,0,3.604,0,1.441,2.883,2.883,0,0.721,0,0,0,0.721,2.162,1.441,0,0.721,7.456,9.519
potr.txt_10967,3.258,0,0.652,0,0,1.955,0,0,2.606,2.606,0.652,1.955,0,0.652,0,0.652,0.652,1.955,0.652,0,7.49,10.646
potr.txt_9899,0,0,0,0,0.807,0,0,3.228,2.421,1.614,1.614,0,0,3.228,0.807,0.807,1.614,2.421,0.807,0.807,9.922,6.417
potr.txt_3817,0,0,0,0,0,0,0,0,0,0,0,0,0,0,3.318,0,0,0,8.294,0,9.8,17.637
potr.txt_3539,0,0,0,0,0,0,0,0,0,0,0,0,0,0,3.215,0,0,0,6.43,0,11.055,20.728
potr.txt_3395,0,0,0,0,0,0,0,2.254,4.508,0,0,0,0,0,2.254,0,0,0,2.254,0,24.558,3.562
potr.txt_9081,1.391,2.782,0.927,0.927,0.464,1.391,1.391,0.464,0.464,0,0.464,1.391,1.391,0.927,2.318,0.927,0.927,1.391,0.464,0.464,8.099,7.665
potr.txt_10721,0,0,1.032,0,1.032,1.032,0,3.098,5.163,2.065,0,2.065,0,0,0,1.032,0,1.032,0,0,10.232,8.622
potr.txt_3363,0,0,0,0,0,0,0,0,0,0,0,0,0,0,1.904,0,0,0,7.618,0,13.755,18.338
potr.txt_9251,2.09,0,0,0,0.697,0,0,1.393,4.877,1.393,0,0,0.697,0,0,2.787,2.09,1.393,0.697,0,7.838,10.429
potr.txt_2063,2.352,0,1.176,0,1.176,2.352,0,3.527,2.352,4.704,0,0,1.176,0,0,2.352,0,1.176,0,0,5.938,8.687
potr.txt_3991,8.791,0,0,0,0,4.396,0,0,4.396,0,0,0,4.396,0,0,0,4.396,4.396,0,0,5.153,4.757
potr.txt_11317,1.551,1.034,1.034,0.517,0.517,2.586,0.517,1.034,1.034,1.551,1.034,2.586,1.551,0.517,1.034,1.034,2.069,2.069,0,0.517,6.28,7.342
potr.txt_11583,0,0,0,0,0,0,0,0,0,0,0,0,0,0,3.69,0,0,0,4.612,0,13.069,22.406
potr.txt_349,0.362,2.174,0.725,0,0.725,1.449,0.362,1.449,0.362,0.725,0,0,2.174,0,2.174,1.812,0.725,0.362,0,1.449,9.592,9.834
potr.txt_10549,4.186,0,0,0,0,0,0,0,5.023,4.186,0,0,0,0,0,0,0,0.837,0,0,9.393,13.616
potr.txt_1501,1.139,2.277,0,0,1.139,0,0,2.277,3.415,4.554,0,2.277,1.139,0,0,2.277,3.415,3.415,0,0,4.662,6.882
potr.txt_9653,0,0,0,0,4.121,0,0,0,0,0,0,0,0,0,4.121,0,0,0,0,0,10.697,24.959
potr.txt_2001,0,0,0,0,3.917,0,0,0,0,0,0,0,0,0,0,3.917,3.917,7.834,0,7.834,6.165,5.328
potr.txt_3109,0,0,0,0,0,0,4.774,0,0,0,0,0,0,0,4.774,0,0,0,0,4.774,11.75,11.125
potr.txt_4521,0,0,0,0,1.133,0,0,1.133,3.399,4.533,0,0,0,0,1.133,0,0,0,0,0,11.107,16.886
potr.txt_6523,0,2.973,0.991,0,0,1.982,0,0.991,1.982,0.991,0.991,0,0.991,0,2.973,0.991,0,0,0,0,8.715,12.096
potr.txt_11621,1.353,0,0,0,0,6.765,0,2.706,2.706,6.765,0,0,1.353,0,0,1.353,0,2.706,0,0,5.328,7.106
potr.txt_5877,1.363,0,0,0,0,1.363,1.363,1.363,4.09,5.452,0,1.363,0,0,0,0,1.363,1.363,0,0,7.172,10.149
potr.txt_8921,0.871,1.741,0.435,1.306,0.435,1.306,0,0.871,1.306,0.871,0,0.435,0.435,0.435,3.048,0.435,0.871,0,0,1.306,11.996,8.506
potr.txt_6019,3.651,0,1.826,1.826,0,3.651,0,1.826,0,3.651,0,5.476,0,1.826,0,1.826,1.826,0,0,0,6.437,5.075
potr.txt_1627,1.654,0.827,0,0,1.654,1.654,0,1.654,0.827,2.481,0,0.827,3.309,0,1.654,0,1.654,3.309,0,0,5.839,9.415
potr.txt_5943,0,0,0,0,1.598,0,0,0,2.398,2.398,0,0,0,0,2.398,0.799,0,0.799,0,0,12.549,17.459
potr.txt_3869,0,0,0,0,0,0,0,0,0,0,0,0,0,0,3.789,0,0,0,5.052,0,17.847,16.063
potr.txt_7285,0,1.481,0,0,0,3.703,0.741,0,0,0.741,0,0,0,0,2.222,2.222,0.741,0,0.741,1.481,11.379,11.863
potr.txt_7265,2.368,0,0,0,0,3.157,0,0,3.157,0,0,0,0,0.789,2.368,1.578,0.789,0.789,0,0,15.114,6.819
potr.txt_3559,2.047,0,0,0,2.047,0,0,0,2.047,2.047,0,0,0,0,2.047,2.047,0,0,0,0,17.44,8.74
potr.txt_10631,3.32,0,0,0,3.32,0,0,0,4.427,3.32,0,0,0,0,0,0,0,0,0,0,11.455,11.328
potr.txt_537,0.863,0,0.431,0.431,0.431,0.863,1.294,2.156,1.294,1.725,0.431,0,0.431,1.294,2.588,1.725,0.863,0.431,0,0,8.926,10.256
potr.txt_4583,1.283,0,0,0,0,3.85,0,0,5.133,0,0,0,1.283,0,0,0,0,0,1.283,0,12.075,13.137
potr.txt_6687,1.635,0,0,0,0.817,0.817,0,0.817,4.905,1.635,0,0,0,0,0,0,0,3.27,0,0,9.011,14.496
potr.txt_8017,3.175,0,0,0.794,0,0.794,1.588,2.381,2.381,2.381,0,1.588,0,1.588,0,0.794,0,1.588,0,0,7.624,9.728
potr.txt_1623,1.488,0.744,0,0,0,1.488,0.744,2.977,0.744,0.744,0,0.744,3.721,0.744,1.488,0,0,2.977,0.744,0,10.755,6.319
potr.txt_10859,1.235,1.235,1.235,0.618,1.235,2.47,0,1.853,3.088,2.47,0,1.235,1.235,0,0,0,0.618,0.618,0,0,8.402,8.861
potr.txt_2531,0,3.576,0,0,0.894,0.894,0,0.894,4.471,0,0,0,0,0,0.894,0,0,0.894,0.894,1.788,11.336,10.322
potr.txt_6867,0,0,0,0,0,1.601,0,0,0.8,0.8,0,0,0,0.8,4.002,0,0.8,0.8,0,1.601,14.981,13.27
potr.txt_8851,1.322,0,0.661,0.661,0.661,0,0.661,1.322,2.645,0,1.322,1.322,1.983,2.645,0.661,4.628,1.983,0.661,0.661,0.661,6.012,7.175
potr.txt_6079,2.296,0,1.531,0,0.765,0.765,0,0,0.765,0,0,0,0,0,3.061,0.765,0.765,0,0.765,0,16.207,11.489
potr.txt_11839,2.021,0,1.516,1.516,1.516,3.032,1.011,1.516,1.011,1.011,0.505,0.505,0,0.505,1.011,1.011,0,3.032,0,0.505,7.92,7.556
potr.txt_6367,3.044,0,0,0,1.522,0,0,0,3.044,6.089,0,1.522,0,0,0,1.522,4.566,3.044,0,0,5.161,8.093
potr.txt_10767,2.425,0,1.213,0.606,0.606,1.213,0,0.606,2.425,1.213,0.606,1.819,0,0,0,0.606,0.606,2.425,0.606,0,7.838,11.65
potr.txt_8807,0,1.999,0.999,1.499,0,2.998,0.5,0,0,0,0.5,0,0.5,1.499,3.997,1.999,0,0.999,0.5,0,8.634,9.764
potr.txt_10815,0,0,0,0,1.415,4.245,0,4.245,2.83,5.661,0,0,1.415,0,0,0,1.415,0,0,0,6.678,8.795
potr.txt_1593,0,0,0,0,1.362,1.362,0,2.723,1.362,4.085,0,1.362,0,0,0,2.723,1.362,0,1.362,0,7.094,11.602
potr.txt_1903,0.797,0,0,0,0.797,0.797,1.594,2.391,3.188,1.594,0.797,1.594,0,0,1.594,0.797,1.594,1.594,0,1.594,9.493,6.389
potr.txt_8071,3.668,1.834,0,0,2.751,0.917,0,2.751,3.668,3.668,0,0,1.834,0,0,0,0.917,0,0,0,6.027,8.845
potr.txt_4987,0,0,0,0,1.773,3.546,0,3.546,1.773,7.092,0,0,0,0,0,1.773,1.773,0,0,0,6.051,9.383
potr.txt_609,2.316,0,0,0,0,2.316,0.579,0.579,2.895,1.737,0,0,0,0.579,0.579,0.579,0,0,1.158,0,10.582,13.829
potr.txt_743,0.804,3.215,1.607,0.804,0.804,1.206,0.402,0,1.206,0.402,0,0.804,0.402,0,2.411,0.804,2.009,0.402,0.402,0.402,9.269,9.032
potr.txt_2291,3.173,0,0.635,0,0.635,1.904,0,0,2.539,1.904,0.635,1.904,0,0.635,0,0.635,0.635,1.904,0.635,0,7.662,10.961
potr.txt_1911,0,0,0,0,0.802,0,0.802,0.802,1.603,3.206,0.802,0.802,0,0,1.603,0.802,0.802,0.802,0,0.802,10.366,13.554
potr.txt_6689,1.998,0,0,0,0.999,0.999,0,0.999,3.997,1.998,0,1.998,0,0,0,0,0,3.997,0,0,7.465,12.01
potr.txt_4951,2.001,0,0,0,2.001,2.001,6.004,0,2.001,0,0,0,0,8.005,0,0,0,0,0,2.001,7.139,6.334
potr.txt_7607,0.669,0,0,0,0.669,0.669,0,1.339,0.669,0.669,0,0.669,0.669,0,2.677,0,0.669,2.677,0.669,1.339,10.692,12.576
potr.txt_1035,1.761,0,0,1.174,0,1.761,0,1.761,2.935,2.348,0,0.587,0,0,1.174,2.348,0.587,0.587,0.587,0.587,8.525,9.658
potr.txt_3627,0,0,0,0,0,0,0,1.618,3.237,0,0,0,0,0,3.237,0,0,0,1.618,0,18.626,12.995
potr.txt_5375,0,0,0,0,2.869,0.956,0,0.956,0.956,1.913,0,0,0.956,0,0.956,0.956,0,0.956,0.956,0,10.658,15.252
potr.txt_9199,0.745,0.745,0.745,0.745,0.372,2.978,0,1.861,2.978,2.233,0,0.745,0,0,0.372,0.745,0.372,1.489,0,0,9.399,9.923
potr.txt_411,1.658,1.658,0,0,0,1.658,0,0.829,2.487,0.829,0,0,2.487,0,1.658,1.658,0.829,0,0.829,0,8.498,11.441
potr.txt_7725,2.835,0,0,0,0,0,2.835,2.835,4.725,2.835,0,0,0,0,0,0.945,0,0,0,0,9.497,9.952
potr.txt_3831,0,0,0,0,0,0,0,0,0,0,0,0,0,0,3.881,0,0,0,5.175,0,22.512,10.806
potr.txt_1775,1.889,1.889,0,0,1.889,2.833,0,3.778,3.778,1.889,0,0,0.944,0,0,1.889,0.944,0.944,0,0,6.558,7.833
potr.txt_6087,0.898,0.898,0,0,0.898,0.898,0,0,2.694,0.898,0.898,0,0,0.898,2.694,0,0,0,1.796,0,14.082,10.086
potr.txt_6243,0,0,0,0,0.994,0.994,0,0.994,0,0.994,0,0,7.951,0,2.982,0,0,0,0,0,10.009,12.043
potr.txt_11917,0.807,4.843,0.807,0.807,0,0.807,0,0.807,1.614,1.614,0,0,0,0,3.229,0.807,0.807,0,0,0.807,9.011,9.625
potr.txt_4295,0,0,0,0,3.119,6.239,0,3.119,0,12.477,0,0,0,0,0,3.119,0,0,0,0,3.945,7.214
potr.txt_6039,1.406,0,0,0,1.406,5.625,0,2.812,2.812,4.219,1.406,0,0,0,0,0,1.406,0,0,0,6.429,9.151
potr.txt_10127,2.183,0,0,0,0,1.091,0,1.091,3.274,1.091,0,1.091,0,0,1.091,0,1.091,2.183,0,2.183,8.356,11.832
potr.txt_2025,3.236,0,0,0.809,0.809,4.044,0.809,3.236,2.427,2.427,0,0,0,0,0,2.427,0,0,0,0,7.428,8.872
potr.txt_8791,0.797,2.39,0,0.398,0.398,1.593,0,0.398,0.797,0.797,0,0,0.398,0.797,3.187,0.398,0.797,0.797,0,0.398,11.623,11.226
potr.txt_11365,1.102,4.409,1.102,1.102,0.551,2.205,0.551,1.102,0.551,1.102,1.654,1.102,1.102,1.102,0.551,0.551,1.102,0.551,0.551,0.551,7.576,6.862
potr.txt_229,0,3.894,1.298,0,0.649,1.947,0.649,0,3.245,1.947,0,1.298,1.947,1.947,0.649,2.596,1.298,0,0,0.649,7.069,6.403
potr.txt_6465,0,0,0,0,0,0,0.681,4.769,2.044,0,0,0.681,0,0,2.044,0,0,0,0,0.681,10.667,18.216
potr.txt_1479,0.961,1.923,0,0,0.961,5.768,0,1.923,2.884,3.846,0,0,0,0,0,0.961,0,0.961,0,0,6.748,9.58
potr.txt_5993,0,0,0,0,1.173,0,0,0,0,2.345,0,0,0,0,4.691,3.518,0,0,3.518,1.173,7.032,13.099
potr.txt_9131,1.592,3.183,1.194,1.194,1.194,1.592,0,0.398,1.989,0.398,0,0.398,1.194,0.796,1.194,0.796,0,0.796,0.398,0,8.278,9.802
potr.txt_6511,0.946,0,0,0,0.946,1.893,0,0.946,3.786,3.786,0,0.946,0,0,0,0,0.946,0,0.946,0,9.588,12.147
potr.txt_11691,1.373,0,0.686,0.686,0.686,1.373,4.119,0,2.746,0,0,0,0,0,2.059,1.373,0,0,0,1.373,8.525,11.539
potr.txt_2307,0,0,0,1.849,1.849,0,0,0,0,1.849,0,0,1.849,1.849,1.849,1.849,0,0,1.849,0,10.778,11.428
potr.txt_11295,0.731,2.923,0.731,0.365,0.365,2.558,0.365,0.365,0.731,0.731,0.731,0.731,0,1.462,2.192,0.731,0,1.096,0.365,0,8.61,10.657
potr.txt_7673,1.307,0,0,0,0,1.961,0.654,2.615,1.961,0.654,0,0,0.654,0,1.307,0,0.654,1.307,0,0.654,11.427,12.338
potr.txt_1887,3.745,0,0,0,0,1.248,1.248,2.497,3.745,2.497,2.497,0,0,0,0,2.497,0,0,0,0,6.119,10.398
potr.txt_5549,0,0,0,0,0,0,0.878,5.269,2.635,0,0,0,0,0,2.635,0,0,0,0,0,9.188,18.633
potr.txt_9713,1.197,0,0,0,0,1.197,1.197,3.592,3.592,1.197,0,1.197,0,0,0,0,0,0,1.197,0,9.228,13.582
potr.txt_7895,2.159,0,0,0,0.72,2.879,0.72,1.44,3.599,2.159,0,0,0,0,0,1.44,0,1.44,0,0,9.14,10.828
potr.txt_4211,8.921,0,26.763,0,0,0,0,0,4.46,0,0,0,0,0,0,0,0,0,0,0,4.804,1.917
potr.txt_2695,1.255,0,0,0,0,1.255,0,2.509,3.764,5.018,0,1.255,0,0,0,1.255,1.255,1.255,0,0,7.769,9.805
potr.txt_4465,0,0,0,1.394,1.394,0,0,1.394,0,1.394,0,0,0,1.394,2.789,2.789,0,1.394,0,0,11.102,12.334
potr.txt_8221,1.134,0,0.567,0,0.567,2.834,0.567,0,2.834,1.134,0,0.567,0,0,0.567,0,0.567,1.7,1.134,0.567,9.737,12.551
potr.txt_8697,1.932,1.288,0,0,1.288,3.864,0.644,0,3.22,3.22,0,1.288,0,0.644,0,1.288,0.644,1.932,0,0,7.262,8.192
potr.txt_5995,1.303,2.607,0,0,2.607,0,0,2.607,5.214,1.303,0,0,1.303,0,0,0,1.303,0,0,0,7.278,10.856
potr.txt_10731,1.996,1.996,0,0.998,0,2.994,2.994,0,0.998,0,0.998,0.998,0,0,0.998,0,0,1.996,0.998,0,8.398,10.026
potr.txt_2165,0,3.984,0,0,0.664,1.328,0,0,0,0,0,0,0,0,3.984,0,0,1.992,0,0,9.767,17.019
potr.txt_3289,0,0,0,0,0,9.647,0,0,9.647,0,0,0,0,0,0,0,0,0,0,0,17.126,0
potr.txt_2877,0,0,0,0,0,4.977,6.221,0,7.465,1.244,0,2.488,0,0,0,0,0,0,0,0,9.182,5.403
potr.txt_10035,0,0.791,0,0,0.791,0.791,0,0,2.374,0.791,0.791,0,0.791,0.791,1.583,0,0,0.791,0.791,2.374,11.981,12.216
potr.txt_5353,2.079,0,0,0,2.079,0,0,0,3.119,2.079,0,0,0,0,0,1.039,0,2.079,1.039,0,10.087,14.011
potr.txt_4835,0,0,0,0,0,0,0,0,5.454,0,0,0,0,0,0,0,0,1.364,4.091,0,18.772,10.097
potr.txt_1477,3.851,1.925,0,0,1.925,0,0,1.925,1.925,1.925,0,0.963,1.925,0,0.963,0.963,0.963,3.851,0,0,6.143,7.939
potr.txt_2153,0,4.114,3.086,1.029,0,0,0,0,1.029,2.057,0,0,0,0,0,3.086,2.057,2.057,2.057,0,8.601,7.404
potr.txt_12019,0,0,0,0,4.439,0,0,4.439,0,0,0,0,17.757,0,0,0,0,0,0,4.439,5.792,3.988
potr.txt_9495,0,0,0,0,0.949,0.949,0,2.847,3.796,1.898,0,0,0.949,0,0,0,0,0,0.949,0,10.319,15.76
potr.txt_547,0,0,0,0,0,0,0,2.944,1.472,5.888,0,0,0,0,1.472,2.944,1.472,0,0,0,7.22,13.182
potr.txt_7223,1.795,0,0,0,0.898,3.59,0,3.59,3.59,1.795,0,0,0,0,0,0.898,0,0,0,0.898,8.81,10.591
potr.txt_5061,1.858,0,0,0,0,0.929,0,0,1.858,0,0,0,0,0,2.787,0,0.929,0.929,1.858,0,12.11,16.254
potr.txt_645,0,0,0,0,3.48,0,0,3.48,1.74,3.48,0,0,1.74,0,0,5.22,1.74,3.48,0,0,5.391,7.859
potr.txt_1591,1.27,0,0,0,1.27,2.54,0,3.809,1.27,2.54,0,0,0,0,0,2.54,0,0,1.27,0,7.734,12.292
potr.txt_2241,2.81,1.873,0,0,1.873,0.937,0,1.873,2.81,3.746,0,0.937,1.873,0,0.937,0,0.937,1.873,0,0,6.342,8.184
potr.txt_4107,0,2.395,0,2.395,2.395,2.395,0,0,0,4.789,0,0,2.395,0,0,0,0,2.395,2.395,0,6.549,8.669
potr.txt_11343,2.499,0,1.249,2.499,2.499,1.249,0,1.249,2.499,1.249,0,0,1.249,0,0,1.249,4.998,1.249,0,1.249,6.278,6.583
potr.txt_3589,0,7.091,0,0,0,0,0,0,10.636,0,0,0,0,0,3.545,0,0,0,0,0,6,9.437
potr.txt_5773,0,3.184,0,1.592,0,1.592,0,0,7.959,0,0,1.592,0,0,0,1.592,3.184,0,0,1.592,7.441,7.224
